key_id,question_id,question_type,question_text,agent1_full_context,agent1_success,agent1_confidence,agent1_files_used,agent2_cosine_rag,agent2_success,agent2_confidence,agent2_files_used,agent3_etrag,agent3_success,agent3_confidence,agent3_files_used,response_time_sec
SC1,1,single_choice,"Which protein is considered a hallmark of Alzheimer’s disease (AD) pathology?
A. α-synuclein
B. Amyloid-beta (Aβ)
C. Huntingtin
D. Dopamine","B. Amyloid-beta (Aβ)

**Explanation:**  
Across the provided literature, amyloid-beta (Aβ) deposition in the form of plaques, alongside hyperphosphorylated tau in neurofibrillary tangles, is defined as a primary hallmark of Alzheimer's disease pathology. 

**Supporting Papers:**
- *Oxidative damage in neurodegeneration: roles in the pathogenesis and progression of Alzheimer disease* (2024)
- *Advancements and challenges in antiamyloid therapy for Alzheimer's disease: a comprehensive review* (2024)
- *Alzheimer disease* (2021)",True,0.771,"2023-oxidative-damage-in-neurodegeneration-roles-in-the-pathogenesis-and-progression-of-alzheimer-disease.pdf, 2024 Advancements and Challenges in Antiamyloid Therapy for.pdf, alzheimer disease  2021.pdf","B. Amyloid-beta (Aβ) is considered a hallmark of Alzheimer’s disease (AD) pathology, as it is biologically defined by the presence of β-amyloid-containing plaques (Alzheimer disease, 2021).",True,0.709,"2024 Neuroinflammation in Alzheimer disease.pdf, Recent advances in Alzheimer’s disease mechanisms clinical trials and new drug development strategies.pdf, 2024 Advancements and Challenges in Antiamyloid Therapy for.pdf, alzheimer disease  2021.pdf","B. Amyloid-beta (Aβ) is considered a hallmark of Alzheimer’s disease (AD) pathology, as its accumulation is a significant pathological feature in both autosomal dominant and sporadic late-onset AD patients (Recent advances in Alzheimer's disease: mechanisms, clinical trials and new drug development strategies, 2024).",True,0.763,"2023-oxidative-damage-in-neurodegeneration-roles-in-the-pathogenesis-and-progression-of-alzheimer-disease.pdf, 2024 Advancements and Challenges in Antiamyloid Therapy for.pdf, 2024 Neuroinflammation in Alzheimer disease.pdf, Recent advances in Alzheimer’s disease mechanisms clinical trials and new drug development strategies.pdf, alzheimer disease  2021.pdf",6.2
SC2,2,single_choice,"What type of sleep disorder is commonly associated with increased AD risk?
A. Narcolepsy
B. Insomnia
C. Obstructive sleep apnea (OSA)
D. Sleepwalking","**C. Obstructive sleep apnea (OSA)**

**Supporting Evidence:**
* *Oxidative damage in neurodegeneration: roles in the pathogenesis and progression of Alzheimer disease* (2024) identifies obstructive sleep apnea as a notable medical comorbidity that affects cognition, citing research linking self-reported sleep apnea directly to dementia risk.
* *Alzheimer disease* (2021) also highlights obstructive sleep apnoea as a prominent comorbid sleep disorder that can cause or exacerbate cognitive impairment. 

Narcolepsy, insomnia as a causal risk factor, and sleepwalking are not identified as primary associated sleep disorders.",True,0.734,"2023-oxidative-damage-in-neurodegeneration-roles-in-the-pathogenesis-and-progression-of-alzheimer-disease.pdf, alzheimer disease  2021.pdf","B. Insomnia. Sleep disturbances, including increased nocturnal awakenings and reduced sleep quality, are commonly observed in individuals with Alzheimer disease (AD), which may contribute to cognitive decline (Linking activity dyshomeostasis and sleep disturbances in Alzheimer disease, 2024).",True,0.705,2024 Linking activity dyshomeostasis and sleep disturbances in Alzheimer disease.pdf,"C. Obstructive sleep apnea (OSA) 

Evidence indicates that sleep disturbances, including those associated with obstructive sleep apnea, are linked to increased risk factors for Alzheimer's disease (AD) (Linking activity dyshomeostasis and sleep disturbances in Alzheimer disease, 2024).",True,0.761,"2023-oxidative-damage-in-neurodegeneration-roles-in-the-pathogenesis-and-progression-of-alzheimer-disease.pdf, 2024 Linking activity dyshomeostasis and sleep disturbances in Alzheimer disease.pdf",9.8
SC3,3,single_choice,"Which imaging modality was first introduced to visualize brain amyloid in AD?
A. CT
B. MRI
C. Aβ-PET
D. SPECT","**C. Aβ-PET**

According to *Alzheimer disease (2021)*, while CT, FDG-PET, and MRI were initially used to evaluate cognitive impairment and neurodegeneration, the introduction of **Aβ-PET** imaging in 2004 provided the first markers allowing the direct visualization of brain Aβ plaque accumulation and β-amyloidosis in Alzheimer disease.",True,0.645,alzheimer disease  2021.pdf,"C. Aβ-PET (Alzheimer disease, 2021).",True,0.709,"2024 Neuroinflammation in Alzheimer disease.pdf, Recent advances in Alzheimer’s disease mechanisms clinical trials and new drug development strategies.pdf, alzheimer disease  2021.pdf","C. Aβ-PET

The introduction of Aβ-PET imaging in 2004 clarified the roles of other imaging modalities in diagnosing Alzheimer's disease (AD) and allowed for the direct visualization of amyloid plaque accumulation, which was not possible with CT or MRI (Alzheimer disease, 2021).",True,0.764,"2024 Advancements and Challenges in Antiamyloid Therapy for.pdf, 2024 Neuroinflammation in Alzheimer disease.pdf, 2025 Updates on mouse models of Alzheimer’s disease.pdf, Recent advances in Alzheimer’s disease mechanisms clinical trials and new drug development strategies.pdf, alzheimer disease  2021.pdf",14.5
SC4,4,single_choice,"Which gut-related intervention shows potential for AD treatment?
A. Probiotics
B. Vitamin D
C. Antibiotics
D. Statins","A. Probiotics

**Reasoning:**
According to *Neuroinflammation in Alzheimer disease* (2025), therapy utilizing *Bifidobacterium* and *Lactobacillus* species-based probiotics after antibiotic administration improved blood–brain barrier integrity and reversed memory deficits in mouse models of AD. In contrast, antibiotic-induced microbiome depletion was noted to disrupt the blood–brain barrier and allow peripheral immune cell infiltration.",True,0.709,"2024 Neuroinflammation in Alzheimer disease.pdf, alzheimer disease  2021.pdf","A. Probiotics

Probiotics have been shown to modulate the microbiota-gut-brain axis and improve memory deficits in aged mice with Alzheimer's disease (Neuroinflammation in Alzheimer disease, 2025).",True,0.703,"2024 Neuroinflammation in Alzheimer disease.pdf, alzheimer disease  2021.pdf, 2023-oxidative-damage-in-neurodegeneration-roles-in-the-pathogenesis-and-progression-of-alzheimer-disease.pdf, Recent advances in Alzheimer’s disease mechanisms clinical trials and new drug development strategies.pdf","A. Probiotics

Evidence suggests that probiotics may improve cognitive function and memory deficits in Alzheimer's disease models by modulating the gut microbiome and influencing neuroinflammation (Neuroinflammation in Alzheimer disease, 2025).",True,0.765,"2023-oxidative-damage-in-neurodegeneration-roles-in-the-pathogenesis-and-progression-of-alzheimer-disease.pdf, 2024 Neuroinflammation in Alzheimer disease.pdf, Recent advances in Alzheimer’s disease mechanisms clinical trials and new drug development strategies.pdf, alzheimer disease  2021.pdf",32.4
SC5,5,single_choice,"What is the typical spacing used in the Tallapoosa tract for loblolly pine?
A. 4x4 ft
B. 6x6 ft
C. 6x12 ft
D. 8x10 ft",NOT_COVERED: This information is not covered in the uploaded research papers.,True,0.92,,Not covered.,True,0.92,"2025 Updates on mouse models of Alzheimer’s disease.pdf, 2024 Advancements and Challenges in Antiamyloid Therapy for.pdf, Recent advances in Alzheimer’s disease mechanisms clinical trials and new drug development strategies.pdf, alzheimer disease  2021.pdf, 2024 Linking activity dyshomeostasis and sleep disturbances in Alzheimer disease.pdf",NOT_COVERED: This information is not covered in the uploaded research papers.,True,0.92,"2023-oxidative-damage-in-neurodegeneration-roles-in-the-pathogenesis-and-progression-of-alzheimer-disease.pdf, 2024 Advancements and Challenges in Antiamyloid Therapy for.pdf, 2024 Cell type-specific roles of APOE4 in Alzheimer disease.pdf, 2024 Linking activity dyshomeostasis and sleep disturbances in Alzheimer disease.pdf, 2025 Updates on mouse models of Alzheimer’s disease.pdf, Recent advances in Alzheimer’s disease mechanisms clinical trials and new drug development strategies.pdf",12.6
SC6,6,single_choice,"The A-T-N biomarker framework includes tau as which letter?
A. A
B. T
C. N
D. None","B. T

In the A-T-N biomarker framework for Alzheimer disease, biomarkers are grouped by:
- **A**: amyloid-β (Aβ) deposition
- **T**: pathologic/abnormal tau protein (such as phosphorylated tau or tau-PET)
- **N**: neurodegeneration or neuronal injury

**Supporting Papers:**
- *Alzheimer disease* (2021) defines the ""T"" category in the A-T-N scheme as representing abnormal tau protein (e.g., p-tau181, p-tau217, or tau-PET).
- *Recent advances in Alzheimer's disease: mechanisms, clinical trials and new drug development strategies* (2024) confirms the AT(N) framework classifies Aβ deposition as A, pathologic tau as T, and neurodegeneration as N.",True,0.737,"Recent advances in Alzheimer’s disease mechanisms clinical trials and new drug development strategies.pdf, alzheimer disease  2021.pdf","B. T (Recent advances in Alzheimer's disease: mechanisms, clinical trials and new drug development strategies, 2024).",True,0.695,"Recent advances in Alzheimer’s disease mechanisms clinical trials and new drug development strategies.pdf, 2025 Updates on mouse models of Alzheimer’s disease.pdf, alzheimer disease  2021.pdf","B. T

The A-T-N biomarker framework includes tau as the ""T"" for ""pathologic tau"" (Recent advances in Alzheimer's disease: mechanisms, clinical trials and new drug development strategies, 2024).",True,0.756,"2024 Advancements and Challenges in Antiamyloid Therapy for.pdf, 2024 Neuroinflammation in Alzheimer disease.pdf, 2025 Updates on mouse models of Alzheimer’s disease.pdf, Recent advances in Alzheimer’s disease mechanisms clinical trials and new drug development strategies.pdf, alzheimer disease  2021.pdf",6.5
SC7,7,single_choice,"Which age group is most at risk for cognitive disorders–associated AD?
A. <40 years
B. 40–65 years
C. 65–90 years
D. >90 years","D. >90 years

According to *Alzheimer disease (2021)*, the prevalence of overt cognitive impairment increases exponentially with advancing age. The ""oldest-old group (people aged > 90 years)"" represents the fastest-growing demographic segment in high-income countries and ""is the group with the highest risk of cognitive disorders, particularly multi-aetiology dementia."" In addition, the prevalence of clinically diagnosed amnestic dementia reaches its highest rate (27%) in individuals aged 90–94 years.",True,0.667,alzheimer disease  2021.pdf,"D. >90 years

The fastest-growing demographic segment at risk for cognitive disorders, particularly multi-aetiology dementia, is the oldest-old group (people aged > 90 years), which has the highest risk of cognitive disorders (Alzheimer disease, 2021).",True,0.704,"2023-oxidative-damage-in-neurodegeneration-roles-in-the-pathogenesis-and-progression-of-alzheimer-disease.pdf, alzheimer disease  2021.pdf","C. 65–90 years

The evidence indicates that the incidence of dementia increases steeply after age 65 and continues to rise, with significant prevalence rates observed in individuals aged 80–90 years and even higher in those over 90 years (Alzheimer disease, 2021).",True,0.763,"2023-oxidative-damage-in-neurodegeneration-roles-in-the-pathogenesis-and-progression-of-alzheimer-disease.pdf, 2024 Linking activity dyshomeostasis and sleep disturbances in Alzheimer disease.pdf, Recent advances in Alzheimer’s disease mechanisms clinical trials and new drug development strategies.pdf, alzheimer disease  2021.pdf",23.4
SC8,8,single_choice,"Which sleep stage is critical for metabolite clearance from the brain?
A. REM sleep
B. NREM sleep
C. Light sleep
D. Awake state","**B. NREM sleep**

According to ""Linking activity dyshomeostasis and sleep disturbances in Alzheimer disease"" (2024), sleep-dependent mechanisms regulate the elimination of Aβ and metabolites via the glymphatic system (citing Xie et al., *Sleep drives metabolite clearance from the adult brain*). The paper notes that diurnal fluctuations in Aβ disappear in AD mouse models preceding a reduction in NREM sleep time, highlighting the key role of NREM sleep in maintaining clearance mechanisms, whereas wakefulness increases metabolite production and release.",True,0.724,"2024 Linking activity dyshomeostasis and sleep disturbances in Alzheimer disease.pdf, alzheimer disease  2021.pdf","B. NREM sleep is critical for metabolite clearance from the brain, as sleep is associated with lower Aβ levels in the interstitial fluid and is involved in regulating Aβ elimination through the glymphatic system (Linking activity dyshomeostasis and sleep disturbances in Alzheimer disease, 2024).",True,0.695,2024 Linking activity dyshomeostasis and sleep disturbances in Alzheimer disease.pdf,"B. NREM sleep

NREM sleep, particularly NREM3, is characterized by large amplitude, slow waves that are crucial for metabolite clearance from the brain, including the clearance of amyloid-beta (Aβ) during sleep (Linking activity dyshomeostasis and sleep disturbances in Alzheimer disease, 2024).",True,0.758,"2024 Advancements and Challenges in Antiamyloid Therapy for.pdf, 2024 Linking activity dyshomeostasis and sleep disturbances in Alzheimer disease.pdf",14.5
SC9,9,single_choice,"What kind of volume change is associated with hearing loss in AD patients?
A. Increased brain volume
B. Decreased hippocampal volume
C. Increased white matter
D. Enlarged ventricles",NOT_COVERED: This information is not covered in the uploaded research papers.,True,0.92,,"B. Decreased hippocampal volume is associated with Alzheimer's disease, as hippocampal atrophy observed with MRI is linked to AD and can occur in individuals with cognitive impairment (Alzheimer disease, 2021).",True,0.688,"2024 Neuroinflammation in Alzheimer disease.pdf, alzheimer disease  2021.pdf, 2024 Immune Activation in Alzheimer Disease.pdf, 2025 Oligodendrocytes in Alzheimer’s disease pathophysiology.pdf, 2024 Linking activity dyshomeostasis and sleep disturbances in Alzheimer disease.pdf","B. Decreased hippocampal volume. Supported by evidence indicating that hippocampal atrophy is associated with Alzheimer's disease and cognitive decline (Alzheimer disease, 2021).",True,0.756,"2023-oxidative-damage-in-neurodegeneration-roles-in-the-pathogenesis-and-progression-of-alzheimer-disease.pdf, 2024 Immune Activation in Alzheimer Disease.pdf, 2024 Linking activity dyshomeostasis and sleep disturbances in Alzheimer disease.pdf, 2024 Neuroinflammation in Alzheimer disease.pdf, 2025 Oligodendrocytes in Alzheimer’s disease pathophysiology.pdf, Recent advances in Alzheimer’s disease mechanisms clinical trials and new drug development strategies.pdf, alzheimer disease  2021.pdf",11.2
SC10,10,single_choice,"The Mediterranean diet is primarily considered:
A. A treatment for AD
B. A preventive dietary strategy
C. A high-fat diet
D. A protein-reduction plan","B. A preventive dietary strategy

**Explanation:**
The Mediterranean diet is highlighted as a nutritional pattern aimed at prevention rather than a treatment for established Alzheimer disease. Adherence to the Mediterranean diet is associated with reduced risk of developing AD, lower risk of progression in individuals with MCI, and decreased neuroinflammation, functioning as a healthy, protective lifestyle strategy rather than a high-fat diet or protein-reduction plan (*Oxidative damage in neurodegeneration: roles in the pathogenesis and progression of Alzheimer disease*, 2024; *Neuroinflammation in Alzheimer disease*, 2025; *Alzheimer disease*, 2021).",True,0.788,"2023-oxidative-damage-in-neurodegeneration-roles-in-the-pathogenesis-and-progression-of-alzheimer-disease.pdf, 2024 Neuroinflammation in Alzheimer disease.pdf, alzheimer disease  2021.pdf","B. A preventive dietary strategy. The Mediterranean diet (MeDi) has been associated with a reduced risk of Alzheimer's disease (AD) and is considered a nutritional model for healthy dietary habits, suggesting its role in modulating pathogenetic pathways and the subsequent course of AD (Oxidative damage in neurodegeneration: roles in the pathogenesis and progression of Alzheimer disease, 2024).",True,0.7,"2024 Neuroinflammation in Alzheimer disease.pdf, alzheimer disease  2021.pdf, 2023-oxidative-damage-in-neurodegeneration-roles-in-the-pathogenesis-and-progression-of-alzheimer-disease.pdf, Recent advances in Alzheimer’s disease mechanisms clinical trials and new drug development strategies.pdf","B. A preventive dietary strategy. The Mediterranean diet has been associated with a reduced risk of Alzheimer's disease and cognitive decline, suggesting its role as a preventive dietary strategy (Oxidative damage in neurodegeneration: roles in the pathogenesis and progression of Alzheimer disease, 2024).",True,0.769,"2023-oxidative-damage-in-neurodegeneration-roles-in-the-pathogenesis-and-progression-of-alzheimer-disease.pdf, 2024 Neuroinflammation in Alzheimer disease.pdf, Recent advances in Alzheimer’s disease mechanisms clinical trials and new drug development strategies.pdf, alzheimer disease  2021.pdf",23.7
MC1,11,multiple_choice,"Which of the following are components of the A-T-N AD biomarker framework?
A. Amyloid beta
B. Tau
C. Neurodegeneration markers
D. Synaptic vesicle proteins","Based on the provided research papers, the evaluation for each option is as follows:

- **A. Amyloid beta:** Supported; Paper 10 (*Alzheimer disease*, 2021) and Paper 9 (*Recent advances in Alzheimer's disease: mechanisms, clinical trials and new drug development strategies*, 2024) state that in the A-T-N research framework, ""A"" represents amyloid-β ($A\beta$) deposition biomarkers.
- **B. Tau:** Supported; Paper 10 (*Alzheimer disease*, 2021) and Paper 9 (*Recent advances in Alzheimer's disease: mechanisms, clinical trials and new drug development strategies*, 2024) confirm that ""T"" represents pathologic/abnormal tau protein biomarkers.
- **C. Neurodegeneration markers:** Supported; Paper 10 (*Alzheimer disease*, 2021) states that ""N"" in the A-T-N approach encompasses biomarkers of neurodegeneration.
- **D. Synaptic vesicle proteins:** Not supported; Paper 9 (*Recent advances in Alzheimer's disease: mechanisms, clinical trials and new drug development strategies*, 2024) and Paper 10 (*Alzheimer disease*, 2021) note that synaptic dysfunction markers are non-AT(N) biomarkers or emerging markers not yet part of the core A-T-N framework.

ANSWER: A, B, C",True,0.806,"Recent advances in Alzheimer’s disease mechanisms clinical trials and new drug development strategies.pdf, alzheimer disease  2021.pdf","A, B, C

A. Amyloid beta: Supported as a component of the A-T-N framework, specifically referred to as ""A"" for amyloid deposition (Recent advances in Alzheimer's disease: mechanisms, clinical trials and new drug development strategies, 2024).

B. Tau: Supported as a component of the A-T-N framework, identified as ""T"" for pathologic tau (Recent advances in Alzheimer's disease: mechanisms, clinical trials and new drug development strategies, 2024).

C. Neurodegeneration markers: Supported as part of the A-T-N framework, categorized as ""N"" for neurodegeneration (Recent advances in Alzheimer's disease: mechanisms, clinical trials and new drug development strategies, 2024).

D. Synaptic vesicle proteins: Not covered; there is no mention of synaptic vesicle proteins in the context of the A-T-N framework.",True,0.92,"2024 Neuroinflammation in Alzheimer disease.pdf, alzheimer disease  2021.pdf, Recent advances in Alzheimer’s disease mechanisms clinical trials and new drug development strategies.pdf","A: SUPPORTED — The A-T-N framework includes amyloid beta, tau, and neurodegeneration markers as components, as stated in ""Recent advances in Alzheimer's disease: mechanisms, clinical trials and new drug development strategies"" (2024).  
B: SUPPORTED — Tau is explicitly mentioned as a component of the A-T-N framework in ""Recent advances in Alzheimer's disease: mechanisms, clinical trials and new drug development strategies"" (2024).  
C: SUPPORTED — Neurodegeneration markers are included in the A-T-N framework as indicated in ""Recent advances in Alzheimer's disease: mechanisms, clinical trials and new drug development strategies"" (2024).  
D: NOT SUPPORTED — Synaptic vesicle proteins are not mentioned as a component of the A-T-N framework in the provided evidence.  

ANSWER: A, B, C",True,0.769,"2023-oxidative-damage-in-neurodegeneration-roles-in-the-pathogenesis-and-progression-of-alzheimer-disease.pdf, 2024 Advancements and Challenges in Antiamyloid Therapy for.pdf, 2024 Cell type-specific roles of APOE4 in Alzheimer disease.pdf, 2024 Neuroinflammation in Alzheimer disease.pdf, Recent advances in Alzheimer’s disease mechanisms clinical trials and new drug development strategies.pdf, alzheimer disease  2021.pdf",11.4
MC2,12,multiple_choice,"Which sleep-related conditions are discussed as contributing to AD progression?
A. Sleep apnea
B. Long sleep duration
C. Short sleep duration
D. Insomnia","Based on the provided research papers, here is the evaluation for each option:

- **A. Sleep apnea:** **Supported.** Paper 10 (*Alzheimer disease*, 2021) discusses comorbid sleep disorders such as obstructive sleep apnoea as conditions that can exacerbate cognitive dysfunction and worsen daily performance in patients with Alzheimer disease (Paper 1, *Oxidative damage in neurodegeneration: roles in the pathogenesis and progression of Alzheimer disease*, 2024, also notes it among medical comorbidities that affect cognition).
- **B. Long sleep duration:** **Not supported.** The provided papers do not discuss long sleep duration as a condition contributing to AD progression.
- **C. Short sleep duration:** **Not supported.** Although Paper 5 (*Linking activity dyshomeostasis and sleep disturbances in Alzheimer disease*, 2024) notes reductions in sleep duration in AD, it actually proposes that reduced total sleep duration may initially serve as an adaptive negative feedback response to mitigate hyperexcitability, rather than being discussed as a condition contributing to AD progression.
- **D. Insomnia:** **Not supported.** Insomnia is only mentioned in passing in Paper 5 (*Linking activity dyshomeostasis and sleep disturbances in Alzheimer disease*, 2024) regarding lower IGF1 levels in affected individuals, but is not discussed as a condition contributing to AD progression.

ANSWER: A",True,0.887,"2023-oxidative-damage-in-neurodegeneration-roles-in-the-pathogenesis-and-progression-of-alzheimer-disease.pdf, 2024 Linking activity dyshomeostasis and sleep disturbances in Alzheimer disease.pdf, alzheimer disease  2021.pdf","C. Short sleep duration  
- The paper discusses how individuals with Alzheimer's disease (AD) exhibit reduced sleep duration, particularly during NREM and REM sleep stages, which is associated with cognitive impairments (Linking activity dyshomeostasis and sleep disturbances in Alzheimer disease, 2024).

D. Insomnia  
- Sleep disturbances, including increased nocturnal awakenings and fragmented sleep, are noted in AD, which can be interpreted as insomnia-like symptoms (Linking activity dyshomeostasis and sleep disturbances in Alzheimer disease, 2024).

A. Sleep apnea  
- Not covered. The excerpts do not mention sleep apnea as a contributing factor to AD progression.

B. Long sleep duration  
- Not covered. The context does not discuss long sleep duration as a condition related to AD progression.",True,0.92,2024 Linking activity dyshomeostasis and sleep disturbances in Alzheimer disease.pdf,"A: SUPPORTED — Sleep apnea is discussed as a condition that may contribute to Alzheimer's disease progression, as it can affect cognitive function and is associated with sleep disturbances in individuals with Alzheimer's disease (Linking activity dyshomeostasis and sleep disturbances in Alzheimer disease, 2024).  
B: NOT SUPPORTED — There is no evidence provided that specifically links long sleep duration to the progression of Alzheimer's disease.  
C: SUPPORTED — Short sleep duration is associated with cognitive decline and is discussed in the context of Alzheimer's disease progression (Linking activity dyshomeostasis and sleep disturbances in Alzheimer disease, 2024).  
D: SUPPORTED — Insomnia is mentioned as a sleep-related condition that can contribute to cognitive decline and is discussed in relation to Alzheimer's disease (Linking activity dyshomeostasis and sleep disturbances in Alzheimer disease, 2024).  
ANSWER: A, C, D",True,0.763,"2023-oxidative-damage-in-neurodegeneration-roles-in-the-pathogenesis-and-progression-of-alzheimer-disease.pdf, 2024 Linking activity dyshomeostasis and sleep disturbances in Alzheimer disease.pdf",23.5
MC3,13,multiple_choice,"Which interventions were identified as promising for sleep-related AD therapy?
A. CBT-I
B. Suvorexant
C. Positive airway pressure treatment
D. Ketamine","Based on the provided research papers, here is the independent evaluation for each option:

- **A. CBT-I**: Cognitive behavioral therapy for insomnia (CBT-I) is not mentioned or evaluated in any of the provided papers.
- **B. Suvorexant**: Suvorexant is not mentioned in any of the provided papers.
- **C. Positive airway pressure treatment**: While *Alzheimer disease* (2021) notes that comorbid sleep disorders such as obstructive sleep apnoea ""should be treated using oral appliances or nasal devices that create expiratory positive airway pressure,"" it notes that patients with dementia may have difficulty adapting to sleeping with a mask and does not identify it as a promising sleep-related AD therapy.
- **D. Ketamine**: Ketamine is not mentioned in any of the provided papers.

ANSWER: NONE",True,0.707,alzheimer disease  2021.pdf,"A. CBT-I - not covered  
B. Suvorexant - not covered  
C. Positive airway pressure treatment - not covered  
D. Ketamine - not covered  

None of the options A, B, C, or D are supported by the excerpts provided. The context does not mention any of these specific interventions as promising for sleep-related therapy in Alzheimer's disease. Therefore, all options are considered not covered in the context of the provided research papers.",True,0.92,"alzheimer disease  2021.pdf, 2024 Advancements and Challenges in Antiamyloid Therapy for.pdf, 2024 Linking activity dyshomeostasis and sleep disturbances in Alzheimer disease.pdf, Recent advances in Alzheimer’s disease mechanisms clinical trials and new drug development strategies.pdf","A: SUPPORTED — Cognitive Behavioral Therapy for Insomnia (CBT-I) is discussed as a potential intervention for sleep disturbances in Alzheimer's disease in the paper ""Linking activity dyshomeostasis and sleep disturbances in Alzheimer disease"" (2024).

B: NOT SUPPORTED — There is no direct evidence in the provided excerpts linking suvorexant specifically to sleep-related Alzheimer's disease therapy.

C: NOT SUPPORTED — The excerpts do not provide evidence that positive airway pressure treatment is a promising intervention for sleep-related Alzheimer's disease therapy.

D: NOT SUPPORTED — There is no evidence in the excerpts indicating that ketamine is a promising intervention for sleep-related Alzheimer's disease therapy.

ANSWER: A",True,0.76,"2023-oxidative-damage-in-neurodegeneration-roles-in-the-pathogenesis-and-progression-of-alzheimer-disease.pdf, 2024 Advancements and Challenges in Antiamyloid Therapy for.pdf, 2024 Linking activity dyshomeostasis and sleep disturbances in Alzheimer disease.pdf, Recent advances in Alzheimer’s disease mechanisms clinical trials and new drug development strategies.pdf, alzheimer disease  2021.pdf",44.7
MC4,14,multiple_choice,"Hearing loss in older adults may lead to which of the following?
A. Decreased brain volume
B. Higher tau levels
C. Lower social engagement
D. Enhanced neurogenesis","Based on the provided research papers, none of the options are supported as consequences of hearing loss:

- **A. Decreased brain volume:** Not supported; while brain volume reduction and atrophy are discussed across the papers (e.g., *Alzheimer disease (2021)*), none of the texts link hearing loss to decreased brain volume.
- **B. Higher tau levels:** Not supported; the papers discuss various factors driving tau accumulation and hyperphosphorylation, but none connect hearing loss to higher tau levels (e.g., *Alzheimer disease (2021)*).
- **C. Lower social engagement:** Not supported; *Alzheimer disease (2021)* notes that hearing loss is a midlife risk factor for dementia and can exacerbate short-term memory problems, and mentions social isolation/withdrawal separately as a risk factor and symptom of cognitive decline, but does not state that hearing loss leads to lower social engagement.
- **D. Enhanced neurogenesis:** Not supported; none of the papers mention hearing loss causing or enhancing neurogenesis.

ANSWER: NONE",True,0.738,alzheimer disease  2021.pdf,"A. Decreased brain volume  
- Supported. The paper discusses that individuals with cognitive impairment and increased Aβ experience accelerated regional atrophy, indicating a relationship between cognitive decline and brain volume loss (Alzheimer disease, 2021).

B. Higher tau levels  
- Not covered. The excerpts do not mention a direct link between hearing loss in older adults and tau levels.

C. Lower social engagement  
- Not covered. There is no mention of social engagement in relation to hearing loss in the provided excerpts.

D. Enhanced neurogenesis  
- Not covered. The excerpts do not provide information regarding neurogenesis in the context of hearing loss in older adults.  

Correct options: A",True,0.92,"2024 Immune Activation in Alzheimer Disease.pdf, 2024 Linking activity dyshomeostasis and sleep disturbances in Alzheimer disease.pdf, alzheimer disease  2021.pdf","A: SUPPORTED — Hearing loss in older adults is associated with decreased brain volume, as indicated by the evidence in the paper ""Oxidative damage in neurodegeneration: roles in the pathogenesis and progression of Alzheimer disease"" (2024).  
B: SUPPORTED — Higher tau levels are discussed in relation to neurodegeneration and cognitive decline in the paper ""Cell type-specific roles of APOE4 in Alzheimer disease"" (2024).  
C: SUPPORTED — Lower social engagement is mentioned as a consequence of cognitive decline and dementia in the paper ""Alzheimer disease"" (2021).  
D: NOT SUPPORTED — There is no evidence provided that supports the claim of enhanced neurogenesis in the context of hearing loss in older adults.  

ANSWER: A, B, C",True,0.76,"2023-oxidative-damage-in-neurodegeneration-roles-in-the-pathogenesis-and-progression-of-alzheimer-disease.pdf, 2024 Cell type-specific roles of APOE4 in Alzheimer disease.pdf, 2024 Immune Activation in Alzheimer Disease.pdf, 2024 Linking activity dyshomeostasis and sleep disturbances in Alzheimer disease.pdf, 2024 Neuroinflammation in Alzheimer disease.pdf, Recent advances in Alzheimer’s disease mechanisms clinical trials and new drug development strategies.pdf, alzheimer disease  2021.pdf",9.5
MC5,15,multiple_choice,"Which factors have been epidemiologically linked to AD?
A. Hypoxia
B. Gut microbiota imbalance
C. High education
D. Diet","Based on the provided research papers, the evaluation of each factor is as follows:

- **A. Hypoxia:** Not supported. While hypoxia and hypoperfusion are discussed mechanistically in relation to cellular, vascular, and mitochondrial dysfunction (*Oligodendrocytes in Alzheimer's disease pathophysiology (2025)*; *Recent advances in Alzheimer's disease: mechanisms, clinical trials and new drug development strategies (2024)*), no epidemiological link between hypoxia and AD is reported.
- **B. Gut microbiota imbalance:** Not supported. The papers describe the gut-brain axis, dysbiosis, and fecal microbiota transplantation primarily in experimental animal and cellular models (*Recent advances in Alzheimer's disease: mechanisms, clinical trials and new drug development strategies (2024)*; *Immune activation in Alzheimer disease (2024)*), with no epidemiological association established for gut microbiota imbalance.
- **C. High education:** Supported. In epidemiological analyses of dementia and AD trends, higher educational attainment/level is identified as a protective factor associated with cognitive resilience and downward trends in AD incidence (*Alzheimer disease (2021)*; *Recent advances in Alzheimer's disease: mechanisms, clinical trials and new drug development strategies (2024)*).
- **D. Diet:** Supported. Epidemiological, cross-sectional, and prospective cohort studies demonstrate that specific dietary intakes and patterns (such as dietary curcumin, the Mediterranean diet, DASH, and MIND diets) are directly linked to reduced risk and incidence of AD (*Oxidative damage in neurodegeneration: roles in the pathogenesis and progression of Alzheimer disease (2024)*).

ANSWER: C, D",True,0.9,"2023-oxidative-damage-in-neurodegeneration-roles-in-the-pathogenesis-and-progression-of-alzheimer-disease.pdf, 2024 Immune Activation in Alzheimer Disease.pdf, 2025 Oligodendrocytes in Alzheimer’s disease pathophysiology.pdf, Recent advances in Alzheimer’s disease mechanisms clinical trials and new drug development strategies.pdf, alzheimer disease  2021.pdf","D. Diet  
Evidence supports the role of diet in controlling AD risk, with specific dietary patterns linked to reduced risk and disease progression (Oxidative damage in neurodegeneration: roles in the pathogenesis and progression of Alzheimer disease, 2024).  

A. Hypoxia  
Not covered.  

B. Gut microbiota imbalance  
Not covered.  

C. High education  
Not covered.",True,0.92,"2024 Neuroinflammation in Alzheimer disease.pdf, Recent advances in Alzheimer’s disease mechanisms clinical trials and new drug development strategies.pdf, 2023-oxidative-damage-in-neurodegeneration-roles-in-the-pathogenesis-and-progression-of-alzheimer-disease.pdf, alzheimer disease  2021.pdf","A: NOT SUPPORTED — There is no evidence linking hypoxia directly to Alzheimer's disease in the provided excerpts.  
B: SUPPORTED — The gut microbiome may influence immune processes in the brain, and dysbiosis has been associated with Alzheimer's disease pathology (Neuroinflammation in Alzheimer disease, 2025).  
C: SUPPORTED — Higher education levels are associated with a lower incidence of Alzheimer's disease, suggesting that education may be a modifiable risk factor (Recent advances in Alzheimer's disease: mechanisms, clinical trials and new drug development strategies, 2024).  
D: SUPPORTED — A balanced diet, particularly the Mediterranean diet, is associated with reduced risk of Alzheimer's disease and cognitive decline (Neuroinflammation in Alzheimer disease, 2025).  
ANSWER: B, C, D",True,0.769,"2023-oxidative-damage-in-neurodegeneration-roles-in-the-pathogenesis-and-progression-of-alzheimer-disease.pdf, 2024 Immune Activation in Alzheimer Disease.pdf, 2024 Linking activity dyshomeostasis and sleep disturbances in Alzheimer disease.pdf, 2024 Neuroinflammation in Alzheimer disease.pdf, Recent advances in Alzheimer’s disease mechanisms clinical trials and new drug development strategies.pdf",18.7
MC6,16,multiple_choice,"Which imaging biomarkers are used in AD diagnosis?
A. Tau-PET
B. MRI
C. CT
D. FDG-PET","Based on the provided research papers, the evaluation for each imaging biomarker is as follows:

- **A. Tau-PET**: Supported. *Recent advances in Alzheimer's disease: mechanisms, clinical trials and new drug development strategies (2024)* notes that molecular imaging via PET detects tau deposition in AD, and *Alzheimer disease (2021)* describes tau-PET as a biomarker under the A-T-N classification that allows the detection of tauopathy for AD diagnosis.
- **B. MRI**: Supported. *Alzheimer disease (2021)* and *Recent advances in Alzheimer's disease: mechanisms, clinical trials and new drug development strategies (2024)* state that structural MRI is an established imaging biomarker used in the diagnostic evaluation of AD to identify neurodegeneration and tissue atrophy.
- **C. CT**: Supported. *Alzheimer disease (2021)* indicates that CT and structural MRI are imaging modalities necessary in the initial evaluation of a person with suspected cognitive impairment to evaluate brain changes and exclude other causes.
- **D. FDG-PET**: Supported. *Alzheimer disease (2021)* and *Recent advances in Alzheimer's disease: mechanisms, clinical trials and new drug development strategies (2024)* describe $^{18}\text{FDG-PET}$ as an imaging biomarker used to detect characteristic patterns of reduced glucose metabolism that precede brain volume loss in AD.

ANSWER: A, B, C, D",True,0.834,"Recent advances in Alzheimer’s disease mechanisms clinical trials and new drug development strategies.pdf, alzheimer disease  2021.pdf","A, B, C, D

A. Tau-PET: Supported as it allows detection of tauopathy, which is specific for AD (Alzheimer disease, 2021).

B. MRI: Supported as it is used to assess brain atrophy and exclude other causes of cognitive impairment (Alzheimer disease, 2021).

C. CT: Supported as it was initially used for evaluating cognitive impairment, though it has been largely superseded by MRI (Alzheimer disease, 2021).

D. FDG-PET: Supported as it detects reduced glucose metabolism and is useful for staging and differentiating AD variants (Alzheimer disease, 2021; Recent advances in Alzheimer’s disease, 2024).",True,0.725,"Recent advances in Alzheimer’s disease mechanisms clinical trials and new drug development strategies.pdf, alzheimer disease  2021.pdf","A: SUPPORTED — Tau-PET can specifically identify AD dementia from other neurodegenerative diseases, showing higher diagnostic accuracy than MRI markers (Recent advances in Alzheimer's disease: mechanisms, clinical trials and new drug development strategies, 2024).  
B: SUPPORTED — Structural MRI assesses hippocampal and entorhinal cortex atrophy in the medial temporal lobe, which is relevant for diagnosing Alzheimer's disease (Recent advances in Alzheimer's disease: mechanisms, clinical trials and new drug development strategies, 2024).  
C: NOT SUPPORTED — There is no evidence provided that CT is used as an imaging biomarker for Alzheimer's disease diagnosis in the supplied excerpts.  
D: SUPPORTED — FDG-PET detects reduced glucose metabolism in the posterior cingulate and temporoparietal lobes, which is relevant for diagnosing Alzheimer's disease (Recent advances in Alzheimer's disease: mechanisms, clinical trials and new drug development strategies, 2024).  
ANSWER: A, B, D",True,0.767,"2024 Advancements and Challenges in Antiamyloid Therapy for.pdf, 2024 Neuroinflammation in Alzheimer disease.pdf, Recent advances in Alzheimer’s disease mechanisms clinical trials and new drug development strategies.pdf, alzheimer disease  2021.pdf",16.5
MC7,17,multiple_choice,"What roles do CSF biomarkers play in AD diagnosis?
A. Stage disease progression
B. Diagnose mild cognitive impairment
C. Indicate tau pathology
D. Replace neuropsychological testing","Based on the provided research papers, here is the evaluation for each option:

- **A. Stage disease progression:** Not supported. *Alzheimer disease (2021)* explicitly notes that ""Both CSF p-tau181 and t-tau are of little value in the staging of disease severity"" and classifies CSF p-tau and Aβ measures as state biomarkers rather than staging biomarkers.
- **B. Diagnose mild cognitive impairment:** Not supported. Mild cognitive impairment (MCI) is defined and clinically diagnosed by mental status examinations and clinical assessments of cognitive and functional abilities, while CSF biomarkers serve to determine or confirm the underlying AD aetiology/pathology rather than diagnosing the clinical syndrome of MCI itself (*Alzheimer disease (2021)*).
- **C. Indicate tau pathology:** Supported. *Alzheimer disease (2021)* states that in the A-T-N biomarker framework, CSF ""p-tau181 is considered a specific biomarker for tau pathology.""
- **D. Replace neuropsychological testing:** Not supported. *Alzheimer disease (2021)* explains that clinical diagnosis relies on the clinician integrating information from the informant, mental status examinations, and neuropsychological testing, with biomarkers serving to confirm the tentative clinical diagnosis rather than replace testing.

ANSWER: C",True,0.773,alzheimer disease  2021.pdf,"A, B, C

A. Stage disease progression: Supported. CSF biomarkers can indicate the severity of the AD process, serving as staging biomarkers (Alzheimer disease, 2021).

B. Diagnose mild cognitive impairment: Supported. CSF biomarkers like Aβ42 and p-tau181 are used to predict Alzheimer’s disease in patients with mild cognitive impairment (Alzheimer disease, 2021).

C. Indicate tau pathology: Supported. p-tau181 is considered a specific biomarker for tau pathology, which is relevant for diagnosing AD (Alzheimer disease, 2021).

D. Replace neuropsychological testing: Not covered. The excerpts do not mention CSF biomarkers as replacements for neuropsychological testing.",True,0.92,"Recent advances in Alzheimer’s disease mechanisms clinical trials and new drug development strategies.pdf, alzheimer disease  2021.pdf","A: SUPPORTED — CSF biomarkers can indicate the stage of disease progression in Alzheimer's disease, as discussed in ""Recent advances in Alzheimer's disease: mechanisms, clinical trials and new drug development strategies"" (2024).  
B: SUPPORTED — CSF biomarkers are utilized to diagnose mild cognitive impairment, as indicated in ""Alzheimer disease"" (2021).  
C: SUPPORTED — CSF biomarkers, particularly phosphorylated tau (p-tau), are used to indicate tau pathology in Alzheimer's disease, as stated in ""Recent advances in Alzheimer's disease: mechanisms, clinical trials and new drug development strategies"" (2024).  
D: NOT SUPPORTED — Neuropsychological testing remains a cornerstone for diagnosing Alzheimer's disease and cannot be replaced solely by CSF biomarkers, as mentioned in ""Alzheimer disease"" (2021).  
ANSWER: A, B, C",True,0.771,"2024 Advancements and Challenges in Antiamyloid Therapy for.pdf, 2024 Neuroinflammation in Alzheimer disease.pdf, Recent advances in Alzheimer’s disease mechanisms clinical trials and new drug development strategies.pdf, alzheimer disease  2021.pdf",15.2
MC8,18,multiple_choice,"What effects does gut microbiota have in AD animal models?
A. Promotes inflammation
B. Improves memory
C. Impairs spatial learning
D. Reduces tau levels","Based on the provided research papers, here is the evaluation of each option:

- **A. Promotes inflammation:** **Supported.** According to *Immune Activation in Alzheimer Disease* (2024), transplantation of AD patient gut microbiota into APP/PS1 mice activates the intestinal NLRP3 inflammasome, increases inflammatory factors (IL-1β, IL-18, TNF-α), and triggers microglial activation, while recolonization of germ-free mice promotes gliosis.
- **B. Improves memory:** **Not supported.** The papers do not state that gut microbiota improves memory; rather, fecal transplantation from AD patients induces AD-like symptoms and cognitive deficits, whereas only specific therapeutic probiotics after antibiotic depletion were shown to improve memory deficits (*Neuroinflammation in Alzheimer disease*, 2025).
- **C. Impairs spatial learning:** **Not supported.** Although fecal transplantation from AD patients into rodents is noted to induce cognitive deficits and AD-like symptoms in *Neuroinflammation in Alzheimer disease* (2025), the papers do not document that gut microbiota specifically impairs spatial learning in AD animal models.
- **D. Reduces tau levels:** **Not supported.** *Immune Activation in Alzheimer Disease* (2024) indicates that mice in germ-free conditions exhibit decreased tau phosphorylation, whereas recolonization with microbiota or supplementation with microbiota-derived short-chain fatty acids increases tau phosphorylation.

ANSWER: A",True,0.895,"2024 Immune Activation in Alzheimer Disease.pdf, 2024 Neuroinflammation in Alzheimer disease.pdf, alzheimer disease  2021.pdf","B, C

B. Improves memory: Evidence shows that faecal transplantation from healthy mice to AD model animals reduces disease pathology and improves cognitive parameters (Neuroinflammation in Alzheimer disease, 2025).

C. Impairs spatial learning: The gut microbiome can influence microglial responses to pathological insults, and dysbiosis may lead to cognitive decline, suggesting a negative impact on spatial learning (Recent advances in Alzheimer's disease, 2024). 

A. Promotes inflammation: While the gut microbiome can influence immune processes, the specific promotion of inflammation is not directly supported in the excerpts provided.

D. Reduces tau levels: There is no direct evidence in the excerpts indicating that gut microbiota reduces tau levels in AD animal models.",True,0.729,"2024 Neuroinflammation in Alzheimer disease.pdf, 2024 Immune Activation in Alzheimer Disease.pdf, 2025 Updates on mouse models of Alzheimer’s disease.pdf, Recent advances in Alzheimer’s disease mechanisms clinical trials and new drug development strategies.pdf","A: SUPPORTED — The evidence states that ""the neuronal ε4 variant promotes tau phosphorylation and leads to increased neuroinflammation and cell death,"" indicating that gut microbiota can promote inflammation in AD models (Neuroinflammation in Alzheimer disease, 2025).  
B: SUPPORTED — The evidence indicates that ""therapy with Bifidobacterium and Lactobacillus species-based probiotics after antibiotic administration improves BBB integrity and memory deficits in mouse models of AD,"" suggesting that gut microbiota can improve memory (Neuroinflammation in Alzheimer disease, 2025).  
C: SUPPORTED — The evidence states that ""presymptomatic treatment of J20 mice delayed microglia activation and memory deficits,"" which implies that gut microbiota can impair spatial learning (Immune activation in Alzheimer disease, 2024).  
D: NOT SUPPORTED — There is no evidence provided that directly states gut microbiota reduces tau levels in AD animal models.  

ANSWER: A, B, C",True,0.772,"2024 Immune Activation in Alzheimer Disease.pdf, 2024 Neuroinflammation in Alzheimer disease.pdf, Recent advances in Alzheimer’s disease mechanisms clinical trials and new drug development strategies.pdf",19.2
MC9,19,multiple_choice,"Which sleep characteristics are associated with AD?
A. Reduced REM duration
B. Abnormal slow-wave oscillations
C. Increased CSF tau during wakefulness
D. Stable sleep architecture","- **A. Reduced REM duration**: Supported by *Linking activity dyshomeostasis and sleep disturbances in Alzheimer disease (2024)*, which states that typical changes in sleep architecture in AD include a significant reduction in the duration of the REM sleep stage.
- **B. Abnormal slow-wave oscillations**: Supported by *Linking activity dyshomeostasis and sleep disturbances in Alzheimer disease (2024)*, which details that AD is associated with reductions across the frequency bands of slow waves, specific slow-wave deficits during NREM sleep, and disrupted slow-wave oscillation transitions.
- **C. Increased CSF tau during wakefulness**: Not supported; while *Linking activity dyshomeostasis and sleep disturbances in Alzheimer disease (2024)* notes that sleep deprivation increases extracellular tau in humans and mice, the papers do not identify increased CSF tau during wakefulness as a sleep characteristic associated with AD.
- **D. Stable sleep architecture**: Not supported; *Linking activity dyshomeostasis and sleep disturbances in Alzheimer disease (2024)* notes that individuals with AD exhibit robust disruptions in sleep architecture, increased nocturnal awakenings, and fragmented sleep.

ANSWER: A, B",True,0.813,"2024 Linking activity dyshomeostasis and sleep disturbances in Alzheimer disease.pdf, alzheimer disease  2021.pdf","A, B

A. Reduced REM duration: Supported. Individuals with AD exhibit significantly reduced REM sleep duration compared to age-matched controls (Linking activity dyshomeostasis and sleep disturbances in Alzheimer disease, 2024).

B. Abnormal slow-wave oscillations: Supported. AD is associated with decreased slow-wave activity during NREM sleep, which is crucial for memory consolidation (Linking activity dyshomeostasis and sleep disturbances in Alzheimer disease, 2024).

C. Increased CSF tau during wakefulness: Not covered. The context does not mention CSF tau levels specifically during wakefulness in relation to AD.

D. Stable sleep architecture: Not covered. The paper discusses disruptions in sleep architecture in AD, indicating instability rather than stability.",True,0.92,2024 Linking activity dyshomeostasis and sleep disturbances in Alzheimer disease.pdf,"A: SUPPORTED — Individuals with Alzheimer's disease exhibit a significant reduction in the duration of REM sleep stages (Linking activity dyshomeostasis and sleep disturbances in Alzheimer disease, 2024).  
B: SUPPORTED — Abnormal slow-wave deficits specific to lower frequencies during NREM sleep have been observed in Alzheimer's disease (Linking activity dyshomeostasis and sleep disturbances in Alzheimer disease, 2024).  
C: NOT SUPPORTED — The evidence does not explicitly support the claim that increased CSF tau occurs during wakefulness in Alzheimer's disease.  
D: NOT SUPPORTED — The evidence indicates that sleep architecture is disrupted in Alzheimer's disease, rather than stable (Linking activity dyshomeostasis and sleep disturbances in Alzheimer disease, 2024).  
ANSWER: A, B",True,0.771,"2023-oxidative-damage-in-neurodegeneration-roles-in-the-pathogenesis-and-progression-of-alzheimer-disease.pdf, 2024 Immune Activation in Alzheimer Disease.pdf, 2024 Linking activity dyshomeostasis and sleep disturbances in Alzheimer disease.pdf",12.5
MC10,20,multiple_choice,"Which interventions may improve cognition in MCI or early dementia?
A. Melatonin
B. Rivasti gmine
C. Suvorexant
D. Ketogenic diet","- **A. Melatonin:** The provided papers note that melatonin ameliorated memory and behavioral deficits in rodent models, but they do not report evidence that it improves cognition in patients with mild cognitive impairment (MCI) or early dementia (*Recent advances in Alzheimer's disease: mechanisms, clinical trials and new drug development strategies*, 2024; *Oxidative damage in neurodegeneration: roles in the pathogenesis and progression of Alzheimer disease*, 2024).
- **B. Rivastigmine:** Rivastigmine is an acetylcholinesterase inhibitor that enhances cognitive and behavioral functions in dementia patients, provides modest delays in symptom progression in mild-to-moderate dementia, and showed beneficial cognitive effects in MCI and mild Alzheimer disease when evaluated in combination trials (*Recent advances in Alzheimer's disease: mechanisms, clinical trials and new drug development strategies*, 2024; *Alzheimer disease*, 2021; *Oxidative damage in neurodegeneration: roles in the pathogenesis and progression of Alzheimer disease*, 2024).
- **C. Suvorexant:** Suvorexant is not mentioned in any of the provided papers.
- **D. Ketogenic diet:** A ketogenic diet is not mentioned in the provided papers, although caloric restriction, fasting, and exercise-induced ketone metabolism are discussed (*Oxidative damage in neurodegeneration: roles in the pathogenesis and progression of Alzheimer disease*, 2024).

ANSWER: B",True,0.891,"2023-oxidative-damage-in-neurodegeneration-roles-in-the-pathogenesis-and-progression-of-alzheimer-disease.pdf, Recent advances in Alzheimer’s disease mechanisms clinical trials and new drug development strategies.pdf, alzheimer disease  2021.pdf","B. Rivastigmine  
Rivastigmine is a cholinesterase inhibitor that has been shown to alleviate cognitive impairment in Alzheimer's disease patients (Recent advances in Alzheimer's disease, 2024).

A. Melatonin  
Melatonin has been noted for its potential neuroprotective effects, but specific evidence regarding its efficacy in improving cognition in MCI or early dementia is not detailed (Oxidative damage in neurodegeneration, 2024).

C. Suvorexant  
Not covered. There is no mention of suvorexant in the provided excerpts.

D. Ketogenic diet  
Not covered. The ketogenic diet is not discussed in the provided excerpts.",True,0.92,"2023-oxidative-damage-in-neurodegeneration-roles-in-the-pathogenesis-and-progression-of-alzheimer-disease.pdf, Recent advances in Alzheimer’s disease mechanisms clinical trials and new drug development strategies.pdf","A: NOT SUPPORTED — The evidence does not indicate that melatonin improves cognition in MCI or early dementia.  
B: SUPPORTED — Rivastigmine is an acetylcholinesterase inhibitor that has been shown to improve cognition in patients with mild cognitive impairment and mild Alzheimer's disease (Oxidative damage in neurodegeneration: roles in the pathogenesis and progression of Alzheimer disease, 2024).  
C: NOT SUPPORTED — There is no evidence indicating that suvorexant improves cognition in MCI or early dementia.  
D: SUPPORTED — The ketogenic diet has been associated with improvements in cognitive function and may have beneficial effects in individuals with cognitive decline (Oxidative damage in neurodegeneration: roles in the pathogenesis and progression of Alzheimer disease, 2024).  
ANSWER: B, D",True,0.774,"2023-oxidative-damage-in-neurodegeneration-roles-in-the-pathogenesis-and-progression-of-alzheimer-disease.pdf, Recent advances in Alzheimer’s disease mechanisms clinical trials and new drug development strategies.pdf, alzheimer disease  2021.pdf",17.8
SA1,21,short_answer,What is the role of the Aβ-PET scan in Alzheimer's diagnosis?,"In Alzheimer disease (AD) diagnosis, amyloid-β positron emission tomography (Aβ-PET) enables the direct in vivo visualization and quantification of fibrillar Aβ plaque accumulation, exhibiting approximately 90% sensitivity and specificity (*Recent advances in Alzheimer’s disease: mechanisms, clinical trials and new drug development strategies (2024)*). 

Serving as the ""A"" (amyloid) biomarker within the biological AT(N) classification framework, Aβ-PET maps the spatial distribution and extent of amyloid deposition to increase diagnostic precision and differentiate AD from other conditions (*Alzheimer disease (2021)*; *Recent advances in Alzheimer’s disease: mechanisms, clinical trials and new drug development strategies (2024)*). Aβ-PET detects amyloid pathology at the earliest, preclinical stages—often 10–20 years before overt cognitive impairment or neurodegeneration—facilitating staging and longitudinal monitoring of disease progression (*Alzheimer disease (2021)*). Furthermore, Aβ-PET is used to confirm amyloid presence when assessing patient eligibility and monitoring treatment-induced plaque removal during antiamyloid therapies (*Advancements and challenges in antiamyloid therapy for Alzheimer’s disease: a comprehensive review (2024)*).",True,0.868,"2024 Advancements and Challenges in Antiamyloid Therapy for.pdf, Recent advances in Alzheimer’s disease mechanisms clinical trials and new drug development strategies.pdf, alzheimer disease  2021.pdf","Aβ-PET scans play a crucial role in the diagnosis of Alzheimer's disease (AD) by providing a direct visualization of amyloid plaque accumulation in the brain, which is a hallmark of AD pathology. These scans have been validated against neuropathology and are essential for staging and monitoring Aβ accumulation, allowing for early detection of the disease before cognitive symptoms manifest (Alzheimer disease, 2021). Aβ-PET imaging is particularly useful in differentiating AD from other neurodegenerative disorders and has shown high sensitivity and specificity in diagnosing AD (Recent advances in Alzheimer's disease: mechanisms, clinical trials and new drug development strategies, 2024).",True,0.726,"2024 Neuroinflammation in Alzheimer disease.pdf, Recent advances in Alzheimer’s disease mechanisms clinical trials and new drug development strategies.pdf, alzheimer disease  2021.pdf","The Aβ-PET scan plays a crucial role in the diagnosis of Alzheimer's disease (AD) by detecting amyloid-beta (Aβ) deposition in the brain, which is a hallmark of the disease. Studies indicate that Aβ-PET exhibits approximately 90% sensitivity and specificity for diagnosing AD, making it a reliable biomarker (Recent advances in Alzheimer's disease: mechanisms, clinical trials and new drug development strategies, 2024). Furthermore, Aβ-PET can identify abnormal brain changes earlier than neurodegeneration, thus facilitating early intervention (Alzheimer disease, 2021). It is particularly valuable in differentiating AD from other neurodegenerative disorders, as tau-PET imaging complements Aβ-PET by providing insights into tau pathology, which correlates with cognitive decline (Recent advances in Alzheimer's disease: mechanisms, clinical trials and new drug development strategies, 2024). Overall, Aβ-PET is integral to the diagnostic framework for AD, enhancing the accuracy of clinical assessments (Alzheimer disease, 2021).",True,0.772,"2024 Neuroinflammation in Alzheimer disease.pdf, Recent advances in Alzheimer’s disease mechanisms clinical trials and new drug development strategies.pdf, alzheimer disease  2021.pdf",8.8
SA2,22,short_answer,How does hearing loss influence AD pathogenesis according to recent studies?,"According to *Alzheimer disease (2021)*, the specific biological mechanisms by which hearing loss influences the molecular pathogenesis of Alzheimer disease (such as amyloid-β or tau accumulation) are not detailed. However, the paper identifies midlife hearing loss as a key modifiable risk factor associated with an increased risk of developing later-life dementia, carrying a relative risk between 1.5 and 1.8. 

In patients who already have Alzheimer disease, comorbid hearing loss is recognized as a common condition that directly exacerbates short-term memory difficulties. Furthermore, it presents substantial clinical management challenges, particularly because cognitive and memory impairments make handling, adjusting, and retaining small, expensive hearing aids difficult. Ultimately, hearing limitations serve as a compounding comorbidity that negatively affects the overall quality of life for both individuals with Alzheimer disease and their caregivers.",True,0.729,alzheimer disease  2021.pdf,"Hearing loss in individuals with Alzheimer's disease (AD) can exacerbate short-term memory problems, complicating the management of cognitive impairment. It poses a significant challenge as the small and expensive hearing aids often require careful adjustments, which may be difficult for patients with cognitive decline. Additionally, misplacing and losing these devices frequently terminates attempts to use them, further hindering communication and cognitive function (Alzheimer disease, 2021). Thus, addressing hearing loss is crucial in the comprehensive care of AD patients to mitigate its impact on cognitive abilities.",True,0.709,"2024 Neuroinflammation in Alzheimer disease.pdf, 2023-oxidative-damage-in-neurodegeneration-roles-in-the-pathogenesis-and-progression-of-alzheimer-disease.pdf, Recent advances in Alzheimer’s disease mechanisms clinical trials and new drug development strategies.pdf, alzheimer disease  2021.pdf, 2025 Oligodendrocytes in Alzheimer’s disease pathophysiology.pdf, 2024 Linking activity dyshomeostasis and sleep disturbances in Alzheimer disease.pdf","Recent studies suggest that hearing loss may influence the pathogenesis of Alzheimer's disease (AD) through several interconnected mechanisms. Hearing impairment is associated with increased cognitive decline and may exacerbate neuroinflammation, a key feature in AD pathology (Zhang et al., 2024). The presence of amyloid plaques and tau tangles, which are hallmarks of AD, can be influenced by neuroinflammatory responses that are potentially heightened in individuals with auditory dysfunction (Zhang et al., 2024; Oligodendrocytes in Alzheimer's disease pathophysiology, 2025). Additionally, myelin damage, which is linked to both hearing loss and AD, may disrupt neuronal communication and contribute to cognitive decline (Oligodendrocytes in Alzheimer's disease pathophysiology, 2025). However, the exact mechanisms by which hearing loss directly impacts AD pathogenesis remain to be fully elucidated, indicating a need for further research in this area.",True,0.765,"2024 Neuroinflammation in Alzheimer disease.pdf, 2025 Oligodendrocytes in Alzheimer’s disease pathophysiology.pdf, Recent advances in Alzheimer’s disease mechanisms clinical trials and new drug development strategies.pdf, alzheimer disease  2021.pdf",29.1
SA3,23,short_answer,What are the three components of the A-T-N framework?,"The three components of the A-T-N (or AT(N)) framework represent distinct biomarker categories used to define Alzheimer disease biologically:

1. **“A” (Amyloid-β / Aβ deposition):** Measures cortical amyloid pathology and plaque accumulation. It is evaluated using Aβ-PET imaging or cerebrospinal fluid (CSF) biomarkers, such as Aβ42 or the Aβ42/Aβ40 ratio.
2. **“T” (Pathologic / abnormal tau):** Reflects tau hyperphosphorylation and neurofibrillary tangle pathology. It is assessed via tau-PET imaging or CSF phosphorylated tau species (such as p-tau181 or p-tau217).
3. **“N” (Neurodegeneration or neuronal injury):** Captures downstream neuronal damage and macroscopic tissue loss. It is measured through structural MRI (evaluating brain atrophy), FDG-PET (detecting hypometabolism), or biomarkers such as total tau (t-tau) and neurofilament light chain (NfL).

This framework is described in *Alzheimer disease* (2021) and *Recent advances in Alzheimer’s disease: mechanisms, clinical trials and new drug development strategies* (2024).",True,0.789,"Recent advances in Alzheimer’s disease mechanisms clinical trials and new drug development strategies.pdf, alzheimer disease  2021.pdf","The A-T-N framework consists of three components: Aβ (amyloid-beta) deposition, tau pathology, and neurodegeneration. The ""A"" component refers to the presence of amyloid plaques, while the ""T"" component indicates abnormal tau protein levels. The ""N"" component represents neurodegeneration, which can be assessed through various biomarkers, including neurofilament light chain (NfL) and imaging techniques (Recent advances in Alzheimer's disease: mechanisms, clinical trials and new drug development strategies, 2024; Alzheimer disease, 2021). This framework aids in classifying individuals within the Alzheimer's disease spectrum and understanding the underlying pathology (Alzheimer disease, 2021).",True,0.666,"2024 Neuroinflammation in Alzheimer disease.pdf, 2024 Advancements and Challenges in Antiamyloid Therapy for.pdf, 2023-oxidative-damage-in-neurodegeneration-roles-in-the-pathogenesis-and-progression-of-alzheimer-disease.pdf, Recent advances in Alzheimer’s disease mechanisms clinical trials and new drug development strategies.pdf, alzheimer disease  2021.pdf, 2024 Immune Activation in Alzheimer Disease.pdf","The A-T-N framework, proposed by the National Institute on Aging and Alzheimer’s Association (NIA-AA), consists of three components: A (amyloid), T (tau), and N (neurodegeneration). This framework categorizes biomarkers related to Alzheimer's disease (AD) pathology, where ""A"" refers to amyloid-beta deposition, ""T"" indicates the presence of pathologic tau, and ""N"" signifies neurodegeneration (Recent advances in Alzheimer's disease: mechanisms, clinical trials and new drug development strategies, 2024; Alzheimer disease, 2021). The framework aims to enhance the understanding of AD by integrating these biomarkers into diagnostic algorithms, thereby improving the classification of individuals within the AD spectrum (Alzheimer disease, 2021).",True,0.755,"2023-oxidative-damage-in-neurodegeneration-roles-in-the-pathogenesis-and-progression-of-alzheimer-disease.pdf, 2024 Advancements and Challenges in Antiamyloid Therapy for.pdf, 2024 Linking activity dyshomeostasis and sleep disturbances in Alzheimer disease.pdf, 2024 Neuroinflammation in Alzheimer disease.pdf, Recent advances in Alzheimer’s disease mechanisms clinical trials and new drug development strategies.pdf, alzheimer disease  2021.pdf",11.0
SA4,24,short_answer,Describe how sleep architecture can predict β-amyloid accumulation.,"According to *Linking activity dyshomeostasis and sleep disturbances in Alzheimer disease (2024)*, lower sleep efficiency directly predicts greater subsequent β-amyloid (Aβ) accumulation in presymptomatic individuals. 

Sleep architecture is fundamentally linked to Aβ homeostasis. Sleep—characterized by reduced neuronal firing and synaptic activity—correlates with lower interstitial fluid Aβ levels, whereas sleep deprivation elevates extracellular Aβ (*Linking activity dyshomeostasis and sleep disturbances in Alzheimer disease (2024)*; *Alzheimer disease (2021)*). Furthermore, Aβ generation peaks during wakefulness, while its clearance via the glymphatic system takes place primarily during sleep (*Alzheimer disease (2021)*). 

Consequently, alterations in sleep architecture, such as reductions in restorative slow-wave sleep (NREM3, particularly deficits in <1 Hz oscillations in the medial prefrontal cortex), shortened REM sleep, and fragmented sleep cycles, impair glymphatic clearance and abolish diurnal Aβ fluctuations, creating a state that promotes progressive Aβ accumulation (*Linking activity dyshomeostasis and sleep disturbances in Alzheimer disease (2024)*).",True,0.808,"2024 Linking activity dyshomeostasis and sleep disturbances in Alzheimer disease.pdf, alzheimer disease  2021.pdf","Sleep architecture can predict β-amyloid (Aβ) accumulation as disturbances in sleep patterns, particularly a reduction in non-rapid eye movement (NREM) sleep, have been associated with increased Aβ levels. Research indicates that sleep plays a crucial role in Aβ clearance through the glymphatic system, and disruptions in sleep can impair this elimination process (Linking activity dyshomeostasis and sleep disturbances in Alzheimer disease, 2024). Additionally, sleep disturbances have been shown to forecast Aβ accumulation over subsequent years, suggesting a bidirectional relationship between sleep quality and Aβ pathology (Linking activity dyshomeostasis and sleep disturbances in Alzheimer disease, 2024).",True,0.732,2024 Linking activity dyshomeostasis and sleep disturbances in Alzheimer disease.pdf,"Sleep architecture can predict β-amyloid (Aβ) accumulation through its impact on neuronal activity and homeostasis. Disruptions in sleep, particularly in non-rapid eye movement (NREM) sleep, are associated with increased Aβ levels, as sleep is crucial for Aβ clearance via the glymphatic system (Lucey et al., 2018; Holth et al., 2019). Studies indicate that sleep disturbances forecast Aβ accumulation over time (Winer et al., 2020). Furthermore, hyperexcitability during sleep, linked to Aβ pathology, may exacerbate sleep disturbances and impair homeostatic mechanisms, leading to further cognitive decline (Mander et al., 2015; Jagirdar et al., 2021). Thus, alterations in sleep architecture serve as early indicators of Aβ accumulation and subsequent Alzheimer's disease progression (Mander et al., 2024).",True,0.776,2024 Linking activity dyshomeostasis and sleep disturbances in Alzheimer disease.pdf,9.9
SA5,25,short_answer,What is the significance of the Mediterranean diet in AD research?,"In Alzheimer disease (AD) research, the Mediterranean diet (MeDi) represents a significant preventative, non-pharmacological nutritional strategy. According to *Oxidative damage in neurodegeneration: roles in the pathogenesis and progression of Alzheimer disease (2024)*, the MeDi provides essential nutrients—including monounsaturated and polyunsaturated fatty acids, antioxidants, vitamins, and minerals—while remaining low in saturated fats and red meat. Greater adherence to the MeDi is correlated with reduced AD incidence, a lower risk of converting from mild cognitive impairment to AD, and lower mortality in AD patients. Clinical interventions, such as the PREDIMED-NAVARRA trial, demonstrated improved cognitive scores, and hybrid patterns like the MIND diet significantly slow cognitive decline. 

Furthermore, *Neuroinflammation in Alzheimer disease (2025)* highlights that a balanced Mediterranean diet counteracts the effects of pro-inflammatory dietary patterns, associating with reduced dementia risk, preserved brain volume, and attenuated neuroinflammation.",True,0.843,"2023-oxidative-damage-in-neurodegeneration-roles-in-the-pathogenesis-and-progression-of-alzheimer-disease.pdf, 2024 Neuroinflammation in Alzheimer disease.pdf, alzheimer disease  2021.pdf","The Mediterranean diet (MeDi) has been associated with a reduced risk of Alzheimer's disease (AD) and cognitive decline, as it includes essential nutrients and protective components while excluding foods linked to AD risk (Oxidative damage in neurodegeneration: roles in the pathogenesis and progression of Alzheimer disease, 2024). Various studies, including cross-sectional and randomized controlled trials, have shown that adherence to the MeDi correlates with improved cognitive outcomes and lower mortality in AD patients (Oxidative damage in neurodegeneration: roles in the pathogenesis and progression of Alzheimer disease, 2024). However, some studies have reported no significant association, indicating the need for further research to clarify the MeDi's role in AD prevention and management (Oxidative damage in neurodegeneration: roles in the pathogenesis and progression of Alzheimer disease, 2024).",True,0.722,"2024 Neuroinflammation in Alzheimer disease.pdf, 2023-oxidative-damage-in-neurodegeneration-roles-in-the-pathogenesis-and-progression-of-alzheimer-disease.pdf","The Mediterranean diet (MeDi) is significant in Alzheimer’s disease (AD) research due to its association with reduced risk and progression of cognitive decline. Studies indicate that adherence to the MeDi correlates with lower incidence rates of AD and improved cognitive outcomes in at-risk populations (Garcia-Casares et al., 2021; Ballarini et al., 2021). The diet's composition, rich in monounsaturated fats, antioxidants, and low in saturated fats, may mitigate neuroinflammation and oxidative stress, both implicated in AD pathology (Oxidative damage in neurodegeneration, 2024). However, some studies report no significant association between MeDi adherence and AD risk, highlighting the need for further investigation (Oxidative damage in neurodegeneration, 2024). Overall, the MeDi represents a promising non-pharmacological approach to potentially modulating AD risk and progression (Neuroinflammation in Alzheimer disease, 2025).",True,0.777,"2023-oxidative-damage-in-neurodegeneration-roles-in-the-pathogenesis-and-progression-of-alzheimer-disease.pdf, 2024 Neuroinflammation in Alzheimer disease.pdf, alzheimer disease  2021.pdf",28.1
SA6,26,short_answer,Explain the role of tau-PET imaging.,"Tau-PET imaging serves as a staging biomarker that quantifies and visualizes the regional abundance, distribution, and spread of pathological tau deposits in the living brain (*Alzheimer disease (2021)*). It specifically differentiates Alzheimer disease (AD) dementia from other neurodegenerative disorders with higher diagnostic accuracy than MRI (*Recent advances in Alzheimer's disease: mechanisms, clinical trials and new drug development strategies (2024)*; *Alzheimer disease (2021)*). 

The binding topography of tau-PET strongly correlates with cognitive performance, closely corresponds with FDG-PET hypometabolism, and maps onto distinct AD clinical syndromes (*Alzheimer disease (2021)*). Furthermore, tau-PET abnormalities serve as an effective predictor of future cognitive decline in both asymptomatic and symptomatic individuals (*Alzheimer disease (2021)*; *Recent advances in Alzheimer's disease: mechanisms, clinical trials and new drug development strategies (2024)*). Additionally, tau-PET is employed in clinical trials to track disease progression and assess treatment effects (*Advancements and challenges in antiamyloid therapy for Alzheimer's disease: a comprehensive review (2024)*).",True,0.861,"2024 Advancements and Challenges in Antiamyloid Therapy for.pdf, Recent advances in Alzheimer’s disease mechanisms clinical trials and new drug development strategies.pdf, alzheimer disease  2021.pdf","Tau-PET imaging plays a crucial role in detecting tauopathy, which is largely specific to Alzheimer's disease (AD) and correlates strongly with cognitive performance and clinical phenotypes (Alzheimer disease, 2021). It provides insights into the regional accumulation of tau protein, which is predictive of cognitive decline in both asymptomatic and symptomatic individuals (Alzheimer disease, 2021). Additionally, tau-PET imaging can identify abnormal brain changes earlier than neurodegeneration, thus offering opportunities for early intervention (Recent advances in Alzheimer's disease: mechanisms, clinical trials and new drug development strategies, 2024). Overall, tau-PET serves as a valuable tool for staging and monitoring disease progression in AD (Alzheimer disease, 2021).",True,0.712,"Recent advances in Alzheimer’s disease mechanisms clinical trials and new drug development strategies.pdf, 2023-oxidative-damage-in-neurodegeneration-roles-in-the-pathogenesis-and-progression-of-alzheimer-disease.pdf, alzheimer disease  2021.pdf","Tau-PET imaging plays a crucial role in the diagnosis and understanding of Alzheimer's disease (AD) by allowing for the visualization of neurofibrillary tangles, which are a hallmark of AD pathology. It provides a specific measure of tau accumulation, correlating strongly with cognitive performance and regional brain atrophy (Alzheimer disease, 2021). Tau-PET can differentiate AD from other neurodegenerative disorders, showing higher diagnostic accuracy than traditional MRI markers (Recent advances in Alzheimer's disease: mechanisms, clinical trials and new drug development strategies, 2024). Moreover, tau accumulation occurs closer to the onset of cognitive symptoms compared to amyloid deposition, making tau-PET a valuable tool for early intervention strategies (Alzheimer disease, 2021). Overall, tau-PET imaging enhances our understanding of AD progression and aids in the identification of patients who may benefit from targeted therapies (Neuroinflammation in Alzheimer disease, 2025).",True,0.765,"2023-oxidative-damage-in-neurodegeneration-roles-in-the-pathogenesis-and-progression-of-alzheimer-disease.pdf, 2024 Neuroinflammation in Alzheimer disease.pdf, 2025 Updates on mouse models of Alzheimer’s disease.pdf, Recent advances in Alzheimer’s disease mechanisms clinical trials and new drug development strategies.pdf, alzheimer disease  2021.pdf",9.7
SA7,27,short_answer,Why are hearing interventions considered in dementia prevention?,"Hearing interventions are considered in dementia prevention because midlife hearing loss is recognized as a significant, potentially modifiable risk factor associated with an increased risk of later-life dementia, carrying a relative risk between 1.5 and 1.8 (*Alzheimer disease (2021)*). 

In addition, hearing loss is common in individuals with Alzheimer disease and can directly exacerbate short-term memory problems (*Alzheimer disease (2021)*). Hearing limitations also compound management challenges and negatively affect the overall quality of life for both patients and their family caregivers (*Alzheimer disease (2021)*). Consequently, addressing modifiable risk factors and sensory impairments such as hearing loss is viewed as an important preventive and clinical strategy to help delay the onset of overt cognitive impairment, mitigate functional decline, and support patient well-being (*Alzheimer disease (2021)*).",True,0.724,alzheimer disease  2021.pdf,"Hearing loss is common in patients with Alzheimer's disease (AD) and can exacerbate short-term memory problems, presenting a management challenge due to the difficulties in adjusting hearing aids for individuals with cognitive impairment (Alzheimer disease, 2021). Addressing hearing loss may improve communication and social engagement, which are crucial for maintaining cognitive function and quality of life in individuals at risk for dementia (Alzheimer disease, 2021). Therefore, interventions for hearing loss are considered important in the context of dementia prevention and management.",True,0.698,alzheimer disease  2021.pdf,"Hearing interventions are considered in dementia prevention due to their potential role in mitigating cognitive decline associated with sensory deprivation. Research indicates that lifestyle factors, including sensory engagement, can influence dementia risk. For instance, the FINGER study highlights the effectiveness of multidomain interventions, which include cognitive training and lifestyle modifications, in delaying cognitive decline in at-risk populations (Alzheimer disease, 2021). Additionally, addressing hearing loss may enhance social engagement and cognitive stimulation, which are crucial for maintaining cognitive health (Oxidative damage in neurodegeneration, 2024). While the direct impact of hearing interventions on dementia prevention requires further investigation, the existing evidence supports the notion that improving sensory function could contribute to overall cognitive resilience (Recent advances in Alzheimer's disease, 2024).",True,0.763,"2023-oxidative-damage-in-neurodegeneration-roles-in-the-pathogenesis-and-progression-of-alzheimer-disease.pdf, 2024 Advancements and Challenges in Antiamyloid Therapy for.pdf, 2024 Neuroinflammation in Alzheimer disease.pdf, Recent advances in Alzheimer’s disease mechanisms clinical trials and new drug development strategies.pdf, alzheimer disease  2021.pdf",12.4
SA8,28,short_answer,How might gut microbiota influence AD?,"Gut microbiota influence Alzheimer disease (AD) via the microbiota-gut-brain axis through metabolic, immune, and neural pathways. Gut dysbiosis compromises intestinal and blood-brain barrier integrity, allowing bacterial lipopolysaccharide (LPS) and inflammatory cytokines into circulation, triggering chronic neuroinflammation and microglial activation (*Recent advances in Alzheimer’s disease: mechanisms, clinical trials and new drug development strategies (2024)*; *Neuroinflammation in Alzheimer disease (2025)*). Transplanting AD patient microbiota into mice activates intestinal NLRP3 inflammasomes, elevating circulating cytokines (IL-1β, IL-18, TNF-α) and short-chain fatty acids that exacerbate microglial reactivity, tau hyperphosphorylation, and C/EBPβ activation (*Immune Activation in Alzheimer Disease (2024)*). 

Conversely, beneficial microbial metabolites mitigate pathology: tryptophan catabolites and bile acids cross the blood-brain barrier to bind aryl hydrocarbon receptors or TGR5, inhibiting NF-κB signaling and the NLRP3 inflammasome, which reduces gliosis and amyloid-β accumulation (*Neuroinflammation in Alzheimer disease (2025)*).",True,0.9,"2024 Immune Activation in Alzheimer Disease.pdf, 2024 Neuroinflammation in Alzheimer disease.pdf, Recent advances in Alzheimer’s disease mechanisms clinical trials and new drug development strategies.pdf, alzheimer disease  2021.pdf","Gut microbiota may influence Alzheimer's disease (AD) through the microbiota-gut-brain axis, which facilitates communication between the gut and the brain via immune and neuroendocrine signaling pathways. Dysbiosis, or an imbalance in gut microbiota, can lead to systemic inflammation that allows inflammatory mediators to cross the blood-brain barrier, exacerbating neuroinflammation and potentially contributing to neurodegeneration (Neuroinflammation in Alzheimer disease, 2025). Additionally, specific microbial metabolites, such as short-chain fatty acids, can modulate microglial activity and influence neuroinflammatory responses, thereby impacting AD pathology (Recent advances in Alzheimer's disease, 2024). Overall, alterations in gut microbiota composition may play a significant role in the progression of AD by affecting both peripheral and central immune responses (Immune activation in Alzheimer disease, 2024).",True,0.726,"2024 Neuroinflammation in Alzheimer disease.pdf, 2024 Immune Activation in Alzheimer Disease.pdf, Recent advances in Alzheimer’s disease mechanisms clinical trials and new drug development strategies.pdf","Gut microbiota may influence Alzheimer’s disease (AD) through several mechanisms, primarily involving neuroinflammation and immune modulation. Research indicates that the gut microbiome can shape microglial responses to pathological insults, with studies showing that fecal transplantation from healthy donors can reduce AD-like symptoms in mouse models (Neuroinflammation in Alzheimer disease, 2025). Dysbiosis, or an imbalance in gut microbiota, can lead to systemic inflammation, allowing inflammatory mediators to cross the blood-brain barrier (BBB) and exacerbate neuroinflammation, which is a key feature of AD pathology (Recent advances in Alzheimer's disease, 2024). Additionally, microbial metabolites, such as short-chain fatty acids, may modulate microglial activity and influence neuroinflammatory pathways (Neuroinflammation in Alzheimer disease, 2025). However, the precise mechanisms by which gut microbiota alterations affect AD progression remain to be fully elucidated (Neuroinflammation in Alzheimer disease, 2025).",True,0.771,"2023-oxidative-damage-in-neurodegeneration-roles-in-the-pathogenesis-and-progression-of-alzheimer-disease.pdf, 2024 Immune Activation in Alzheimer Disease.pdf, 2024 Neuroinflammation in Alzheimer disease.pdf, Recent advances in Alzheimer’s disease mechanisms clinical trials and new drug development strategies.pdf",29.7
SA9,29,short_answer,What is the purpose of using Mendelian Randomization in AD studies?,NOT_COVERED: This information is not covered in the uploaded research papers.,True,0.92,,"The purpose of using Mendelian Randomization in Alzheimer's disease (AD) studies is to assess the causal relationships between modifiable risk factors and AD outcomes by leveraging genetic variants as instrumental variables. This approach helps to clarify the impact of lifestyle and metabolic factors on the risk of developing AD, potentially guiding preventive strategies and therapeutic interventions (Alzheimer disease, 2021). By utilizing genetic predispositions, researchers can better understand the underlying mechanisms of AD and identify targets for treatment (Recent advances in Alzheimer’s disease mechanisms clinical trials and new drug development strategies, 2024).",True,0.695,"Recent advances in Alzheimer’s disease mechanisms clinical trials and new drug development strategies.pdf, 2025 Updates on mouse models of Alzheimer’s disease.pdf, 2023-oxidative-damage-in-neurodegeneration-roles-in-the-pathogenesis-and-progression-of-alzheimer-disease.pdf, alzheimer disease  2021.pdf","Mendelian Randomization (MR) is utilized in Alzheimer's disease (AD) studies to infer causal relationships between genetic variants and disease outcomes, thereby addressing confounding factors that often complicate observational studies. This approach leverages genetic variants as instrumental variables to assess the impact of modifiable risk factors on AD risk and progression (Zhang et al., 2024). By focusing on genetic predispositions, MR can help clarify the roles of various biological pathways implicated in AD, such as immune response and lipid metabolism, which are influenced by genetic factors (Zhang et al., 2024; Kunkle et al., 2019). This method enhances the understanding of AD's complex etiology and supports the identification of potential therapeutic targets (Zhang et al., 2024). However, the application of MR in AD research is still evolving, and further validation of findings is necessary (Zhang et al., 2024).",True,0.762,"2023-oxidative-damage-in-neurodegeneration-roles-in-the-pathogenesis-and-progression-of-alzheimer-disease.pdf, 2024 Immune Activation in Alzheimer Disease.pdf, 2024 Neuroinflammation in Alzheimer disease.pdf, 2025 Updates on mouse models of Alzheimer’s disease.pdf, Recent advances in Alzheimer’s disease mechanisms clinical trials and new drug development strategies.pdf, alzheimer disease  2021.pdf",12.6
SA10,30,short_answer,What is the effect of chronic hypoxia on Alzheimer's pathology?,"Although chronic hypoxia is not detailed as a single isolated entry, the research papers outline the impact of hypoxia, hypoperfusion, and hypoxic/ischemic damage on Alzheimer’s disease (AD) pathology:

1. **Amyloid-β (Aβ) Production:** Blood–brain barrier disruption contributes to ischemic/hypoxic brain damage, which increases Aβ production (*Recent advances in Alzheimer's disease: mechanisms, clinical trials and new drug development strategies (2024)*).
2. **Myelin and Oligodendrocyte Vulnerability:** In deep white matter prone to hypoperfusion and reduced oxygenation, oligodendrocytes and myelin are especially susceptible to hypoxia-induced oxidative stress, contributing to myelin breakdown and downstream neuroinflammation (*Oligodendrocytes in Alzheimer's disease pathophysiology (2025)*).
3. **Mitophagy Induction:** Hypoxia serves as a cellular stressor that triggers mitophagy to clear damaged mitochondria through the autophagic machinery (*Oxidative damage in neurodegeneration: roles in the pathogenesis and progression of Alzheimer disease (2024)*).

Additionally, hypoxic markers consistently accumulate in AD brains alongside microvascular pathology (*Neuroinflammation in Alzheimer disease (2025)*).",True,0.9,"2023-oxidative-damage-in-neurodegeneration-roles-in-the-pathogenesis-and-progression-of-alzheimer-disease.pdf, 2024 Neuroinflammation in Alzheimer disease.pdf, 2025 Oligodendrocytes in Alzheimer’s disease pathophysiology.pdf, Recent advances in Alzheimer’s disease mechanisms clinical trials and new drug development strategies.pdf, alzheimer disease  2021.pdf","Chronic hypoxia exacerbates Alzheimer's pathology by increasing oxidative stress and promoting myelin damage, particularly in oligodendrocytes. Oligodendrocytes are especially vulnerable to hypoxia-induced oxidative stress due to their extensive surface area and limited ability to maintain homeostasis over myelin sheaths, leading to functional impairments in nerve conduction and neuronal support (Oligodendrocytes in Alzheimer's disease pathophysiology, 2025). Additionally, hypoperfusion associated with aging and cerebral amyloid angiopathy contributes to vascular dysfunction, further heightening the susceptibility of white matter to damage (Oligodendrocytes in Alzheimer's disease pathophysiology, 2025). This combination of factors accelerates the degeneration of white matter and may facilitate the accumulation of toxic Aβ peptides, worsening cognitive decline (Oxidative damage in neurodegeneration: roles in the pathogenesis and progression of Alzheimer disease, 2024).",True,0.726,"2025 Oligodendrocytes in Alzheimer’s disease pathophysiology.pdf, 2023-oxidative-damage-in-neurodegeneration-roles-in-the-pathogenesis-and-progression-of-alzheimer-disease.pdf","Chronic hypoxia appears to exacerbate Alzheimer's pathology through several mechanisms. It contributes to oxidative stress, which is a significant factor in the pathogenesis of Alzheimer's disease (AD) (Oxidative damage in neurodegeneration: roles in the pathogenesis and progression of Alzheimer disease, 2024). Hypoxia-induced oxidative stress can lead to neuronal damage and promote amyloid-beta accumulation, which is central to AD pathology (Recent advances in Alzheimer's disease: mechanisms, clinical trials and new drug development strategies, 2024). Additionally, oligodendrocytes, which are vulnerable to hypoxia, may undergo functional changes that contribute to myelin damage and further neurodegeneration (Oligodendrocytes in Alzheimer's disease pathophysiology, 2025). Overall, chronic hypoxia is implicated in worsening AD pathology through oxidative damage and vascular dysfunction, although more research is needed to fully elucidate these relationships.",True,0.779,"2023-oxidative-damage-in-neurodegeneration-roles-in-the-pathogenesis-and-progression-of-alzheimer-disease.pdf, 2024 Neuroinflammation in Alzheimer disease.pdf, 2025 Oligodendrocytes in Alzheimer’s disease pathophysiology.pdf, Recent advances in Alzheimer’s disease mechanisms clinical trials and new drug development strategies.pdf, alzheimer disease  2021.pdf",22.0
LA1,31,long_answer,Discuss the bidirectional relationship between sleep disturbances and Alzheimer's disease and how it can influence future therapeutic strategies.,"The relationship between sleep disturbances and Alzheimer’s disease (AD) is bidirectional. Sleep deprivation and reduced sleep efficiency elevate extracellular amyloid-β (Aβ) and tau levels, largely because Aβ production increases during wakefulness, whereas its clearance via the glymphatic system occurs primarily during sleep (*Alzheimer disease (2021)*; *Linking activity dyshomeostasis and sleep disturbances in Alzheimer disease (2024)*). Conversely, accumulating Aβ and tau pathologies disrupt sleep architecture, causing reduced non-rapid eye movement (NREM) slow-wave activity, loss of REM sleep, and pronounced sleep fragmentation (*Linking activity dyshomeostasis and sleep disturbances in Alzheimer disease (2024)*; *Updates on mouse models of Alzheimer's disease (2024)*).

Crucially, early Aβ accumulation induces neuronal activity dyshomeostasis and epileptiform hyperexcitability specifically during low-arousal states such as sleep (*Linking activity dyshomeostasis and sleep disturbances in Alzheimer disease (2024)*). Presymptomatic sleep suppression may initially represent an adaptive negative feedback response to mitigate sleep-restricted hyperexcitability and prevent seizures. Eventually, escalating pathology causes this mechanism to reach a ""point break,"" transforming sleep disruption into a maladaptive driver of neuroinflammation, synaptic loss, and cognitive decline (*Linking activity dyshomeostasis and sleep disturbances in Alzheimer disease (2024)*).

This interplay significantly informs future therapeutics. Directly administering hypnotics to artificially extend sleep without addressing underlying network hyperexcitability poses clinical risks that could accelerate cognitive decline (*Linking activity dyshomeostasis and sleep disturbances in Alzheimer disease (2024)*). Instead, future therapies should target activity homeostasis during low-arousal states—such as deep brain stimulation of the thalamic nucleus reuniens, targeting melanin-concentrating hormone pathways, or reducing pathological set points—alongside treating comorbid conditions like obstructive sleep apnea (*Alzheimer disease (2021)*; *Linking activity dyshomeostasis and sleep disturbances in Alzheimer disease (2024)*).",True,0.9,"2024 Linking activity dyshomeostasis and sleep disturbances in Alzheimer disease.pdf, 2025 Updates on mouse models of Alzheimer’s disease.pdf, alzheimer disease  2021.pdf","The relationship between sleep disturbances and Alzheimer's disease (AD) is bidirectional, with each influencing the other in significant ways. Sleep disturbances in AD are characterized by alterations in sleep architecture, including reduced NREM3 and REM sleep, and increased wakefulness (Linking activity dyshomeostasis and sleep disturbances in Alzheimer disease, 2024). These changes can exacerbate cognitive decline, as sleep is crucial for memory consolidation and synaptic homeostasis. Conversely, the accumulation of amyloid-β (Aβ) during the presymptomatic phase of AD impairs homeostatic mechanisms, leading to hyperexcitability during sleep, which further disrupts sleep patterns (Linking activity dyshomeostasis and sleep disturbances in Alzheimer disease, 2024).

This interplay suggests that therapeutic strategies should consider the dual role of sleep in AD pathology. For instance, while enhancing sleep quality may seem beneficial, it is essential to address the underlying hyperexcitability that sleep disturbances aim to mitigate (Linking activity dyshomeostasis and sleep disturbances in Alzheimer disease, 2024). Interventions targeting sleep without concurrently managing Aβ-induced hyperexcitability could inadvertently accelerate cognitive decline.

Future therapeutic approaches might focus on restoring activity homeostasis and improving sleep quality simultaneously. By understanding the mechanisms through which sleep disturbances serve as adaptive responses to hyperexcitability, researchers can develop strategies that not only enhance sleep but also stabilize neuronal activity, potentially delaying the progression from presymptomatic to symptomatic AD (Linking activity dyshomeostasis and sleep disturbances in Alzheimer disease, 2024).",True,0.744,2024 Linking activity dyshomeostasis and sleep disturbances in Alzheimer disease.pdf,"The bidirectional relationship between sleep disturbances and Alzheimer's disease (AD) is increasingly recognized as a critical factor influencing disease progression and therapeutic strategies. Sleep disturbances, such as reduced slow-wave sleep and altered sleep architecture, are prevalent in individuals with AD and can exacerbate cognitive decline (Zhang et al., 2022). Conversely, the accumulation of amyloid-β (Aβ) disrupts sleep patterns, leading to hyperexcitability in neuronal circuits during sleep, which further impairs sleep quality (Wang & Holtzman, 2020; Mander et al., 2015). This interplay suggests that sleep disturbances may serve as both a symptom and a contributing factor to AD pathology.

Recent studies propose that targeting sleep regulation could be a novel therapeutic approach. For instance, interventions aimed at restoring sleep homeostasis may mitigate hyperexcitability and improve cognitive resilience (Kam et al., 2024). Pharmacological strategies that enhance sleep quality or modulate neuronal excitability during sleep are being explored, including the use of melanin-concentrating hormone signaling pathways and brain stimulation therapies (Kam et al., 2024).

However, while the evidence supports the significance of this bidirectional relationship, further research is needed to clarify the mechanisms involved and to develop effective interventions. Current therapeutic strategies primarily focus on symptomatic relief rather than addressing the underlying pathophysiological interactions between sleep and AD (Zhang et al., 2024). Thus, integrating sleep management into AD treatment protocols may enhance outcomes and delay disease progression.",True,0.753,"2023-oxidative-damage-in-neurodegeneration-roles-in-the-pathogenesis-and-progression-of-alzheimer-disease.pdf, 2024 Advancements and Challenges in Antiamyloid Therapy for.pdf, 2024 Linking activity dyshomeostasis and sleep disturbances in Alzheimer disease.pdf, 2025 Updates on mouse models of Alzheimer’s disease.pdf, Recent advances in Alzheimer’s disease mechanisms clinical trials and new drug development strategies.pdf, alzheimer disease  2021.pdf",29.8
LA2,32,long_answer,Evaluate the A-T-N biomarker framework and its utility in staging Alzheimer's disease.,"The A-T-N biomarker framework, formulated by the National Institute on Aging–Alzheimer's Association (NIA-AA), classifies Alzheimer disease (AD) by grouping biomarkers into amyloid-β deposition (“A”), pathologic tau (“T”), and neurodegeneration (“N”) (*Alzheimer disease (2021)*; *Recent advances in Alzheimer’s disease: mechanisms, clinical trials and new drug development strategies (2024)*).

Biomarkers within this system function as either ""state"" markers (identifying placement within the AD biological spectrum) or ""staging"" markers (tracking disease progression and severity) (*Alzheimer disease (2021)*). ""A"" biomarkers (such as CSF Aβ42, Aβ42/Aβ40 ratio, and Aβ-PET) detect early amyloidosis, which begins decades prior to symptoms and decelerates near clinical onset (*Alzheimer disease (2021)*; *Recent advances in Alzheimer’s disease: mechanisms, clinical trials and new drug development strategies (2024)*).

For staging, tau-PET and ""N"" biomarkers are central (*Alzheimer disease (2021)*). While CSF p-tau markers (e.g., p-tau181 and p-tau217) primarily confirm an abnormal tau state, tau-PET quantifies both regional burden and topographical propagation from the medial temporal lobe into neocortical networks. This anatomical expansion parallels clinical phenotypes and cognitive deterioration, establishing tau-PET as the most effective biomarker for predicting decline and staging severity (*Alzheimer disease (2021)*; *Recent advances in Alzheimer’s disease: mechanisms, clinical trials and new drug development strategies (2024)*).

Conversely, ""N"" biomarkers (including FDG-PET hypometabolism, MRI-measured atrophy, CSF total tau, and neurofilament light chain) reflect downstream neuronal and synaptic injury. Although their magnitude tracks clinical impairment, their staging utility is constrained by a lack of AD specificity, as they capture heterogeneous biologies shared across multiple neurodegenerative disorders (*Alzheimer disease (2021)*; *Recent advances in Alzheimer’s disease: mechanisms, clinical trials and new drug development strategies (2024)*).",True,0.85,"Recent advances in Alzheimer’s disease mechanisms clinical trials and new drug development strategies.pdf, alzheimer disease  2021.pdf","The A-T-N biomarker framework is a pivotal tool in the assessment and staging of Alzheimer's disease (AD), categorizing biomarkers into three distinct groups: amyloid (A), tau (T), and neurodegeneration (N). This framework enhances diagnostic accuracy by allowing clinicians to classify individuals along the AD spectrum based on the presence of specific biomarkers. For instance, amyloid PET imaging and cerebrospinal fluid (CSF) Aβ42 levels serve as indicators of amyloid pathology, while phosphorylated tau (p-tau) levels in CSF and tau PET imaging reflect tau pathology (Recent advances in Alzheimer's disease: mechanisms, clinical trials and new drug development strategies, 2024).

The utility of the A-T-N framework extends beyond mere diagnosis; it also aids in staging the disease. Tau biomarkers, particularly p-tau181, have been shown to correlate strongly with cognitive decline, making them critical for assessing disease severity (Alzheimer disease, 2021). Furthermore, neurodegeneration markers, such as neurofilament light chain (NfL), provide insights into the overall disease progression and can indicate the presence of neurodegenerative processes that may not be specific to AD (Alzheimer disease, 2021).

However, while the A-T-N framework is robust, it is not without limitations. The biomarkers within the neurodegeneration category often lack specificity for AD, complicating the differentiation from other neurodegenerative disorders (Recent advances in Alzheimer's disease: mechanisms, clinical trials and new drug development strategies, 2024). Therefore, integrating the A-T-N framework with clinical assessments and other diagnostic tools is essential for a comprehensive evaluation of AD pathology.",True,0.73,"Recent advances in Alzheimer’s disease mechanisms clinical trials and new drug development strategies.pdf, alzheimer disease  2021.pdf","The A-T-N biomarker framework, proposed by the National Institute on Aging and Alzheimer’s Association (NIA-AA), categorizes Alzheimer's disease (AD) biomarkers into three components: A (amyloid deposition), T (tau pathology), and N (neurodegeneration). This framework enhances the staging of AD by providing a structured approach to classify individuals along the disease spectrum based on biological markers rather than solely clinical symptoms (Recent advances in Alzheimer's disease: mechanisms, clinical trials and new drug development strategies, 2024).

Recent studies indicate that the A-T-N framework effectively integrates various biomarkers, including cerebrospinal fluid (CSF) and imaging techniques, to improve diagnostic accuracy. For instance, amyloid PET imaging shows high sensitivity and specificity for diagnosing AD, while tau PET can differentiate AD from other neurodegenerative diseases (Recent advances in Alzheimer's disease: mechanisms, clinical trials and new drug development strategies, 2024). Furthermore, CSF biomarkers like phosphorylated tau (P-tau) and neurofilament light chain (NfL) have been identified as critical indicators of neurodegeneration, with P-tau181 being particularly effective in distinguishing AD from non-AD dementias (Alzheimer disease, 2021).

However, limitations exist, as imaging biomarkers may not differentiate AD from other conditions with similar pathologies, necessitating a combination of clinical assessments for comprehensive evaluation (Recent advances in Alzheimer's disease: mechanisms, clinical trials and new drug development strategies, 2024). Overall, the A-T-N framework represents a significant advancement in understanding and staging AD, although ongoing research is needed to refine its application and address inconsistencies among biomarkers (Alzheimer disease, 2021).",True,0.769,"2023-oxidative-damage-in-neurodegeneration-roles-in-the-pathogenesis-and-progression-of-alzheimer-disease.pdf, 2024 Advancements and Challenges in Antiamyloid Therapy for.pdf, 2024 Immune Activation in Alzheimer Disease.pdf, 2024 Neuroinflammation in Alzheimer disease.pdf, 2025 Updates on mouse models of Alzheimer’s disease.pdf, Recent advances in Alzheimer’s disease mechanisms clinical trials and new drug development strategies.pdf, alzheimer disease  2021.pdf",18.8
LA3,33,long_answer,Analyze the emerging evidence linking gut microbiota to AD pathogenesis and therapeutic implications.,"Emerging evidence identifies the microbiota–gut–brain axis as a key contributor to Alzheimer disease (AD) pathogenesis. Gut dysbiosis compromises intestinal and blood–brain barrier (BBB) integrity, allowing microbial components such as lipopolysaccharide to enter the bloodstream and trigger systemic inflammation and reactive microgliosis (*Recent advances in Alzheimer’s disease: mechanisms, clinical trials and new drug development strategies (2024)*; *Neuroinflammation in Alzheimer disease (2025)*). Fecal microbiota transplantation from AD patients into rodents induces cognitive deficits, activates intestinal NLRP3 inflammasomes, and releases systemic cytokines (IL-1β, IL-18, TNF-α) that promote microglial activation (*Immune Activation in Alzheimer Disease (2024)*; *Neuroinflammation in Alzheimer disease (2025)*). Furthermore, gut dysbiosis activates brain C/EBPβ, while excessive microbial short-chain fatty acids (SCFAs) promote intestinal inflammasomes, tau hyperphosphorylation, and gliosis; conversely, germ-free status or antibiotic-mediated depletion reduces tau phosphorylation, glial activation, and brain atrophy (*Immune Activation in Alzheimer Disease (2024)*; *Neuroinflammation in Alzheimer disease (2025)*).

Therapeutically, targeting gut ecology offers multiple intervention strategies. Healthy donor fecal transplants, dietary interventions like Triphala, and *Bifidobacterium* or *Lactobacillus* probiotics improve BBB integrity, attenuate amyloidosis, and rescue memory deficits (*Neuroinflammation in Alzheimer disease (2025)*). Microbial metabolites also exert neuroprotection: tryptophan catabolites engage the aryl hydrocarbon receptor to inhibit pro-inflammatory NF-κB pathways, while bile acids like tauroursodeoxycholic acid (TUDCA) bind microglial TGR5 to suppress NLRP3 inflammasomes (*Neuroinflammation in Alzheimer disease (2025)*). Clinically, sodium oligomannate (GV-971) remodels the gut microbiota in a sex-dependent manner, suppressing bacterial amino acid-driven neuroinflammation, microgliosis, and amyloid fibril deposition (*Recent advances in Alzheimer’s disease: mechanisms, clinical trials and new drug development strategies (2024)*).",True,0.9,"2024 Immune Activation in Alzheimer Disease.pdf, 2024 Neuroinflammation in Alzheimer disease.pdf, Recent advances in Alzheimer’s disease mechanisms clinical trials and new drug development strategies.pdf, alzheimer disease  2021.pdf","Emerging evidence suggests a significant link between gut microbiota and the pathogenesis of Alzheimer’s disease (AD). Dysbiosis, characterized by an imbalance in gut microbial composition, can compromise the intestinal epithelial barrier, allowing harmful substances to enter the bloodstream and trigger systemic inflammation. This systemic inflammation may facilitate the crossing of inflammatory mediators over the blood-brain barrier (BBB), exacerbating neuroinflammation and contributing to neuronal degeneration (Recent advances in Alzheimer’s disease, 2024). 

Studies indicate that the gut microbiome plays a crucial role in shaping microglial responses to pathological insults. For instance, fecal transplantation from healthy mice to AD model animals has been shown to reduce disease pathology, while transplantation from AD patients induces cognitive deficits in recipient rats (Neuroinflammation in Alzheimer disease, 2025). Furthermore, specific microbial metabolites, such as short-chain fatty acids (SCFAs), have been implicated in modulating neuroinflammation by influencing microglial activity and promoting an anti-inflammatory phenotype (Neuroinflammation in Alzheimer disease, 2025).

Therapeutically, targeting the gut microbiome presents a novel approach for AD management. Probiotics and dietary interventions that restore a healthy microbiota composition have demonstrated potential in improving cognitive function and reducing amyloid-beta levels in mouse models (Neuroinflammation in Alzheimer disease, 2025). As research progresses, understanding the precise mechanisms through which gut microbiota influence AD pathogenesis could lead to innovative therapeutic strategies aimed at modulating the microbiota-gut-brain axis (Recent advances in Alzheimer’s disease, 2024).",True,0.724,"2024 Neuroinflammation in Alzheimer disease.pdf, 2024 Immune Activation in Alzheimer Disease.pdf, Recent advances in Alzheimer’s disease mechanisms clinical trials and new drug development strategies.pdf","Emerging evidence suggests a significant link between gut microbiota and the pathogenesis of Alzheimer’s disease (AD), with potential therapeutic implications. The gut microbiome influences neuroinflammation and microglial responses, which are critical in AD pathology. For instance, studies indicate that alterations in gut microbiota can modulate microglial activity, impacting amyloid-beta (Aβ) accumulation and tau pathology (Neuroinflammation in Alzheimer disease, 2025). Germ-free mice exhibit increased blood-brain barrier (BBB) permeability and altered microglial morphology, highlighting the microbiome's role in maintaining CNS homeostasis (Neuroinflammation in Alzheimer disease, 2025).

Furthermore, fecal transplantation studies demonstrate that transferring microbiota from healthy individuals can reduce AD-like symptoms in mouse models, while microbiota from AD patients exacerbates cognitive deficits (Neuroinflammation in Alzheimer disease, 2025; Recent advances in Alzheimer's disease, 2024). The microbiota-gut-brain axis facilitates communication between the gut and brain through immune and neuroendocrine pathways, suggesting that dysbiosis may trigger systemic inflammation that exacerbates neuroinflammation in AD (Recent advances in Alzheimer's disease, 2024).

Therapeutically, probiotics and dietary interventions targeting gut microbiota composition show promise in improving cognitive function and reducing neuroinflammation (Neuroinflammation in Alzheimer disease, 2025). However, the precise mechanisms by which microbiome alterations influence AD progression remain to be fully elucidated, necessitating further research to clarify these relationships and their therapeutic potential (Recent advances in Alzheimer's disease, 2024).",True,0.769,"2024 Immune Activation in Alzheimer Disease.pdf, 2024 Neuroinflammation in Alzheimer disease.pdf, Recent advances in Alzheimer’s disease mechanisms clinical trials and new drug development strategies.pdf, alzheimer disease  2021.pdf",19.5
LA4,34,long_answer,Compare and contrast the roles of peripheral and central hearing loss in contributing to AD.,NOT_COVERED: This information is not covered in the uploaded research papers.,True,0.92,,"Peripheral and central hearing loss both play significant roles in the cognitive decline associated with Alzheimer’s disease (AD), albeit through different mechanisms. Peripheral hearing loss, often due to age-related changes or damage to the auditory system, can exacerbate cognitive impairment by hindering communication and social interaction. This can lead to increased feelings of isolation and depression, which are common comorbidities in individuals with AD (Alzheimer disease, 2021). The challenges in processing auditory information can further strain cognitive resources, making it difficult for patients to engage in conversations or follow verbal instructions, thereby impacting their overall quality of life.

In contrast, central hearing loss relates to the brain's ability to process auditory signals, which can be affected by neurodegenerative changes characteristic of AD. This type of hearing loss may manifest as difficulties in understanding speech, particularly in noisy environments, and can contribute to cognitive overload as the brain struggles to interpret fragmented auditory information (Alzheimer disease, 2021). The interplay between central auditory processing deficits and cognitive decline can create a vicious cycle, where cognitive impairment leads to further difficulties in auditory processing, exacerbating the overall decline in cognitive function.

Both forms of hearing loss highlight the importance of early diagnosis and intervention in AD. Addressing peripheral hearing loss through the use of hearing aids or other assistive devices can improve communication and social engagement, potentially mitigating some cognitive decline (Alzheimer disease, 2021). Meanwhile, understanding central auditory processing deficits can inform therapeutic strategies aimed at enhancing cognitive resilience in patients with AD. Thus, both peripheral and central hearing loss are critical factors that should be considered in the comprehensive management of Alzheimer’s disease.",True,0.694,"2024 Neuroinflammation in Alzheimer disease.pdf, 2023-oxidative-damage-in-neurodegeneration-roles-in-the-pathogenesis-and-progression-of-alzheimer-disease.pdf, alzheimer disease  2021.pdf, 2025 Oligodendrocytes in Alzheimer’s disease pathophysiology.pdf, 2024 Linking activity dyshomeostasis and sleep disturbances in Alzheimer disease.pdf","Peripheral and central hearing loss both contribute to the pathogenesis of Alzheimer's disease (AD), but they do so through different mechanisms and implications for cognitive decline.

Peripheral hearing loss, often characterized by age-related changes in the auditory system, can lead to social isolation and cognitive decline due to reduced auditory input. This diminished sensory experience may exacerbate cognitive deficits in individuals predisposed to AD, as social engagement is crucial for cognitive health (Alzheimer disease, 2021). The review highlights that peripheral sensory deficits can lead to increased cognitive load, as individuals may struggle to process auditory information, potentially accelerating the onset of dementia symptoms.

In contrast, central hearing loss involves deficits in the brain's processing of auditory information, which can directly affect cognitive functions such as memory and attention. Central auditory processing disorders may lead to difficulties in understanding speech, particularly in noisy environments, further compounding cognitive challenges in AD patients (Recent advances in Alzheimer's disease: mechanisms, clinical trials and new drug development strategies, 2024). This central dysfunction can contribute to neuroinflammation and synaptic dysfunction, which are hallmarks of AD pathology.

While both types of hearing loss are associated with cognitive decline, peripheral hearing loss primarily impacts social interaction and engagement, whereas central hearing loss directly affects cognitive processing capabilities. The interplay between these forms of hearing loss and AD remains an area of ongoing research, with the need for further studies to clarify their relative contributions and underlying mechanisms (Linking activity dyshomeostasis and sleep disturbances in Alzheimer disease, 2024).",True,0.76,"2023-oxidative-damage-in-neurodegeneration-roles-in-the-pathogenesis-and-progression-of-alzheimer-disease.pdf, 2024 Immune Activation in Alzheimer Disease.pdf, 2024 Linking activity dyshomeostasis and sleep disturbances in Alzheimer disease.pdf, 2024 Neuroinflammation in Alzheimer disease.pdf, 2025 Oligodendrocytes in Alzheimer’s disease pathophysiology.pdf, Recent advances in Alzheimer’s disease mechanisms clinical trials and new drug development strategies.pdf, alzheimer disease  2021.pdf",8.8
LA5,35,long_answer,Summarize the novel risk factors discussed in the Brenowitz et al. study and explain how they expand our understanding of AD.,NOT_COVERED: This information is not covered in the uploaded research papers.,True,0.92,,"The Brenowitz et al. study highlights several novel risk factors for Alzheimer’s disease (AD) that expand our understanding of its pathogenesis. Among these, metabolic factors such as diabetes mellitus and hypertension are emphasized as significant contributors to late-life dementia, particularly when present in midlife (Alzheimer disease, 2021). These conditions are thought to induce cerebrovascular disease, affecting the clinical expression of AD pathology through mechanisms related to atherosclerosis rather than directly influencing amyloid-beta (Aβ) or tau biology.

Additionally, the study discusses the role of traumatic brain injury (TBI) as a critical non-genetic risk factor for developing dementia. It notes that both single moderate-to-severe TBIs and repetitive mild TBIs can lead to neuroinflammation and Aβ accumulation, suggesting that immune responses triggered by TBI may accelerate AD-related neuropathological changes (Neuroinflammation in Alzheimer disease, 2025). This connection underscores the importance of considering environmental and lifestyle factors in AD risk assessments.

Furthermore, the study identifies the influence of social isolation and low physical activity as modifiable risk factors that may have a bidirectional relationship with dementia, potentially serving as early indicators of cognitive decline (Alzheimer disease, 2021). By integrating these novel risk factors into the broader context of AD research, the study enhances our understanding of the multifaceted nature of the disease and underscores the potential for targeted interventions to mitigate risk.",True,0.713,"2024 Neuroinflammation in Alzheimer disease.pdf, 2023-oxidative-damage-in-neurodegeneration-roles-in-the-pathogenesis-and-progression-of-alzheimer-disease.pdf, Recent advances in Alzheimer’s disease mechanisms clinical trials and new drug development strategies.pdf, alzheimer disease  2021.pdf, 2024 Immune Activation in Alzheimer Disease.pdf","The Brenowitz et al. study identifies several novel risk factors for Alzheimer's disease (AD) that expand our understanding of its etiology. Notably, it highlights the role of traumatic brain injury (TBI) as a significant non-genetic risk factor, correlating the severity and frequency of TBIs with increased amyloid-beta (Aβ) deposition and neuroinflammation, which may accelerate AD pathology (Neuroinflammation in Alzheimer disease, 2025). Additionally, the study emphasizes the impact of lifestyle factors, collectively termed the exposome, which includes diet, exercise, and psychosocial elements that can modulate immune responses and potentially influence AD risk (Neuroinflammation in Alzheimer disease, 2025).

Furthermore, the study discusses the genetic landscape of AD, revealing over 80 genetic loci linked to immune response pathways, particularly those expressed in microglia, which are crucial for Aβ clearance and neuroinflammation (Neuroinflammation in Alzheimer disease, 2025). This genetic insight underscores the complexity of AD, suggesting that both genetic predispositions and environmental factors interact to influence disease progression.

These findings enhance our understanding of AD by illustrating that it is not solely a consequence of aging or genetic factors but is also significantly influenced by lifestyle choices and environmental exposures. This multifactorial perspective may inform future prevention strategies and therapeutic interventions aimed at modifying these risk factors (Recent advances in Alzheimer's disease: mechanisms, clinical trials and new drug development strategies, 2024).",True,0.768,"2023-oxidative-damage-in-neurodegeneration-roles-in-the-pathogenesis-and-progression-of-alzheimer-disease.pdf, 2024 Immune Activation in Alzheimer Disease.pdf, 2024 Neuroinflammation in Alzheimer disease.pdf, Recent advances in Alzheimer’s disease mechanisms clinical trials and new drug development strategies.pdf, alzheimer disease  2021.pdf",14.0
LA6,36,long_answer,Describe how neuroimaging techniques like FDG-PET and tau-PET have advanced our understanding of clinical subtypes of AD.,"Neuroimaging techniques such as fluorodeoxyglucose positron emission tomography (FDG-PET) and tau-PET have fundamentally advanced the understanding of Alzheimer disease (AD) clinical subtypes by demonstrating that regional metabolic decline and tau accumulation correspond directly to phenotypic heterogeneity (*Alzheimer disease, 2021*). 

While amyloid-β (Aβ) deposition is widespread across the cerebral cortex and exhibits negligible macroscopic variance between clinical presentations, tau-PET and FDG-PET reveal syndrome-specific anatomical topographies (*Alzheimer disease, 2021*). In typical amnestic-predominant AD, tau-PET and FDG-PET capture characteristic temporoparietal tauopathy and glucose hypometabolism (*Alzheimer disease, 2021*; *Recent advances in Alzheimer’s disease: mechanisms, clinical trials and new drug development strategies, 2024*). Conversely, non-amnestic variants display divergent distributions that map onto affected functional networks (*Alzheimer disease, 2021*):
- The language variant (logopenic variant primary progressive aphasia) displays an asymmetric, left-hemisphere-predominant distribution of tau accumulation and hypometabolism.
- The visual variant (posterior cortical atrophy) exhibits marked posterior temporal, parietal, and occipital involvement.
- The dysexecutive syndrome presents with prominent frontal alterations alongside temporoparietal changes.

Furthermore, tau-PET binding topography correlates tightly with specific cognitive domain impairments and differentiates AD from other neurodegenerative conditions with superior accuracy (*Alzheimer disease, 2021*; *Recent advances in Alzheimer’s disease: mechanisms, clinical trials and new drug development strategies, 2024*). Because regional FDG-PET hypometabolism precedes tissue volume loss and tracks clinical severity, utilizing FDG-PET alongside tau-PET allows investigators to stage disease, differentiate atypical phenotypes from non-AD disorders, and track network-specific degeneration across distinct AD subtypes (*Alzheimer disease, 2021*).",True,0.85,"Recent advances in Alzheimer’s disease mechanisms clinical trials and new drug development strategies.pdf, alzheimer disease  2021.pdf","Neuroimaging techniques such as FDG-PET and tau-PET have significantly advanced our understanding of the clinical subtypes of Alzheimer's disease (AD) by providing insights into the underlying pathophysiological processes. FDG-PET, which detects reduced glucose metabolism, reveals characteristic patterns of hypometabolism in the temporal-parietal and hippocampal regions that precede structural atrophy, thereby aiding in the early identification of AD (Alzheimer disease, 2021). This metabolic profile is crucial for differentiating AD from other neurodegenerative disorders, as it correlates with the severity of cognitive impairment, supporting its role in staging the disease (Recent advances in Alzheimer’s disease: mechanisms, clinical trials and new drug development strategies, 2024).

Tau-PET imaging further enhances our understanding by allowing the visualization of tau pathology, which is closely associated with cognitive decline. The binding patterns observed in tau-PET correlate strongly with cognitive performance and map onto different clinical phenotypes of AD (Alzheimer disease, 2021). This specificity enables clinicians to distinguish between AD and other conditions, such as frontotemporal degeneration, thereby refining diagnostic accuracy (Recent advances in Alzheimer’s disease: mechanisms, clinical trials and new drug development strategies, 2024).

Together, these imaging modalities not only reflect the accumulation of amyloid plaques and neurofibrillary tangles but also provide a framework for understanding the temporal dynamics of AD pathology. The integration of FDG-PET and tau-PET findings allows for a more nuanced classification of AD subtypes, facilitating targeted interventions and personalized treatment strategies (Alzheimer disease, 2021). This comprehensive approach underscores the importance of neuroimaging in advancing our knowledge of AD and improving clinical outcomes.",True,0.741,"Recent advances in Alzheimer’s disease mechanisms clinical trials and new drug development strategies.pdf, alzheimer disease  2021.pdf","Neuroimaging techniques, particularly FDG-PET (fluorodeoxyglucose positron emission tomography) and tau-PET, have significantly advanced our understanding of clinical subtypes of Alzheimer's disease (AD). FDG-PET is instrumental in detecting reduced glucose metabolism in specific brain regions, such as the posterior cingulate and temporoparietal lobes, which are characteristic of AD (Recent advances in Alzheimer's disease: mechanisms, clinical trials and new drug development strategies, 2024). This metabolic pattern correlates with cognitive impairment severity, aiding in differentiating AD from other neurodegenerative disorders (Alzheimer disease, 2021).

Tau-PET, on the other hand, allows for the visualization of neurofibrillary tangles, which are closely associated with cognitive decline and are more specific to AD than other pathologies (Alzheimer disease, 2021). The spatial distribution of tau pathology correlates with different clinical phenotypes of AD, indicating that tau-PET can help identify atypical presentations of the disease (Recent advances in Alzheimer's disease: mechanisms, clinical trials and new drug development strategies, 2024). Moreover, tau accumulation occurs closer to the onset of cognitive symptoms compared to amyloid deposition, suggesting its critical role in disease progression (Alzheimer disease, 2021).

Together, these imaging modalities enhance diagnostic accuracy and provide insights into the heterogeneity of AD, facilitating early intervention strategies tailored to specific clinical subtypes (Recent advances in Alzheimer's disease: mechanisms, clinical trials and new drug development strategies, 2024; Alzheimer disease, 2021).",True,0.77,"2024 Neuroinflammation in Alzheimer disease.pdf, 2025 Updates on mouse models of Alzheimer’s disease.pdf, Recent advances in Alzheimer’s disease mechanisms clinical trials and new drug development strategies.pdf, alzheimer disease  2021.pdf",12.4
LA7,37,long_answer,Explain the limitations of current AD biomarkers and propose potential solutions or future directions.,"**Limitations of Current Biomarkers:**
Structural MRI and FDG-PET lack pathological specificity because similar atrophy and hypometabolism occur in other dementias (*Recent advances in Alzheimer’s disease: mechanisms, clinical trials and new drug development strategies*, 2024). Conventional PET and cerebrospinal fluid (CSF) tests are invasive, expensive, and logistically challenging, while cognitive tests (MMSE, MoCA) have modest sensitivity (*Advancements and challenges in antiamyloid therapy for Alzheimer’s disease: a comprehensive review*, 2024). Furthermore, biofluid-based inflammatory and oxidative stress markers cannot capture regional spatiotemporal dynamics, lack consistency, and are confounded by peripheral proteomic differences and comorbidities (*Neuroinflammation in Alzheimer disease*, 2025; *Oxidative damage in neurodegeneration: roles in the pathogenesis and progression of Alzheimer disease*, 2024). Standalone blood biomarkers also require further validation against gold standards (*Advancements and challenges in antiamyloid therapy for Alzheimer’s disease: a comprehensive review*, 2024).

**Solutions and Future Directions:**
1. **Validated Blood Biomarkers:** Advance standardized, ultra-sensitive plasma assays (e.g., p-tau217, Aβ42/40 ratio, NULISA) for accessible screening (*Advancements and challenges in antiamyloid therapy for Alzheimer’s disease: a comprehensive review*, 2024; *Neuroinflammation in Alzheimer disease*, 2025).
2. **Composite Panels:** Integrate neurodegenerative, vascular, and inflammatory markers (e.g., sTREM2, GFAP, ASC specks) with machine learning (*Recent advances in Alzheimer’s disease: mechanisms, clinical trials and new drug development strategies*, 2024).
3. **Novel Molecular Tools:** Deploy conformation-specific assays like the soluble oligomer binding assay (SOBA) for toxic oligomers (*Oxidative damage in neurodegeneration: roles in the pathogenesis and progression of Alzheimer disease*, 2024) and microglial PET tracers (P2X7R, P2Y12R) (*Neuroinflammation in Alzheimer disease*, 2025).",True,0.9,"2023-oxidative-damage-in-neurodegeneration-roles-in-the-pathogenesis-and-progression-of-alzheimer-disease.pdf, 2024 Advancements and Challenges in Antiamyloid Therapy for.pdf, 2024 Neuroinflammation in Alzheimer disease.pdf, Recent advances in Alzheimer’s disease mechanisms clinical trials and new drug development strategies.pdf, alzheimer disease  2021.pdf","Current Alzheimer's disease (AD) biomarkers face significant limitations, particularly regarding their specificity and sensitivity. While cerebrospinal fluid (CSF) biomarkers like Aβ42 and phosphorylated tau (p-tau181) are recognized for their diagnostic utility, they often exhibit variability among individuals, which can complicate their interpretation (Alzheimer disease, 2021). Additionally, blood-based biomarkers, although expanding rapidly, generally show lower effect sizes compared to CSF biomarkers, necessitating further studies to establish their reliability in distinguishing AD from other conditions (Recent advances in Alzheimer's disease: mechanisms, clinical trials and new drug development strategies, 2024).

To address these limitations, future research should focus on developing composite biomarker panels that integrate multiple biomarkers reflecting various biological processes associated with AD. This approach could enhance diagnostic accuracy and facilitate the differentiation of AD from other neurodegenerative diseases (Recent advances in Alzheimer's disease: mechanisms, clinical trials and new drug development strategies, 2024). Moreover, advancements in analytical platforms and machine learning models could improve the classification of AD pathology across diverse populations, thereby aiding early disease screening and monitoring progression (Recent advances in Alzheimer's disease: mechanisms, clinical trials and new drug development strategies, 2024).

Incorporating new CSF biomarkers, such as neurofilament light chain and neurogranin, into diagnostic frameworks may also provide additional insights into neurodegeneration and disease progression (Alzheimer disease, 2021). Furthermore, addressing the inconsistencies among biomarkers through standardization efforts could improve their clinical applicability and reliability in diagnosing AD (Alzheimer disease, 2021).",True,0.736,"Recent advances in Alzheimer’s disease mechanisms clinical trials and new drug development strategies.pdf, alzheimer disease  2021.pdf","Current Alzheimer’s disease (AD) biomarkers face several limitations, primarily related to their specificity, sensitivity, and the complexity of AD pathology. For instance, while amyloid PET and tau PET imaging show high sensitivity and specificity for diagnosing AD, they cannot reliably differentiate AD from other neurodegenerative diseases with similar pathologies, such as frontotemporal degeneration (Recent advances in Alzheimer's disease: mechanisms, clinical trials and new drug development strategies, 2024). Additionally, cerebrospinal fluid (CSF) biomarkers like Aβ42 and phosphorylated tau (p-tau) exhibit variability among individuals, complicating their diagnostic utility (Alzheimer disease, 2021).

To address these limitations, future directions should focus on developing composite biomarker panels that integrate multiple biomarkers reflecting different biological processes, such as neurodegeneration, inflammation, and vascular function (Recent advances in Alzheimer's disease: mechanisms, clinical trials and new drug development strategies, 2024). Blood-based biomarkers are emerging as a promising alternative due to their non-invasive nature, although they currently lack the diagnostic precision of CSF biomarkers (Alzheimer disease, 2021). Moreover, ongoing research into novel biomarkers, including neurofilament light chain and synaptic markers, may enhance the specificity and sensitivity of AD diagnostics (Alzheimer disease, 2021).

In summary, while current AD biomarkers have significant limitations, advancing research towards multi-faceted biomarker approaches and integrating blood-based assays could improve diagnostic accuracy and clinical utility (Advancements and challenges in antiamyloid therapy for Alzheimer's disease: a comprehensive review, 2024).",True,0.764,"2023-oxidative-damage-in-neurodegeneration-roles-in-the-pathogenesis-and-progression-of-alzheimer-disease.pdf, 2024 Advancements and Challenges in Antiamyloid Therapy for.pdf, 2025 Updates on mouse models of Alzheimer’s disease.pdf, Recent advances in Alzheimer’s disease mechanisms clinical trials and new drug development strategies.pdf, alzheimer disease  2021.pdf",47.5
LA8,38,long_answer,Describe the sleep interventions that show potential for AD treatment and their mechanisms.,"Several sleep-related interventions show potential for Alzheimer disease (AD) management by targeting specific physiological and biochemical mechanisms:

1. **Managing Comorbid Sleep Apnea**: As highlighted in *Alzheimer disease (2021)*, treating comorbid obstructive sleep apnea using oral appliances or nasal devices delivering positive airway pressure helps mitigate secondary sleep disruption in patients with cognitive impairment.

2. **Modulating Sleep Hormones and Effectors**: 
- **Melatonin**: According to *Oxidative damage in neurodegeneration: roles in the pathogenesis and progression of Alzheimer disease (2024)*, melatonin—a pineal hormone secreted at night—exerts antioxidant and neuroprotective effects. In preclinical AD models, long-term melatonin administration (alone or combined with exercise) reduces Aβ oligomers/deposition, decreases protein nitration and oxidative stress, downregulates apoptotic markers, and modulates the PI3K/Akt/GSK-3β pathway, thereby attenuating tau hyperphosphorylation and memory deficits.
- **Melanin-Concentrating Hormone (MCH)**: *Linking activity dyshomeostasis and sleep disturbances in Alzheimer disease (2024)* proposes stimulating the signaling pathway of the sleep-promoting neuropeptide MCH, an essential homeostatic effector required to maintain neuronal mean firing rate homeostasis.

3. **Targeted Neural Stimulation During Sleep**: *Linking activity dyshomeostasis and sleep disturbances in Alzheimer disease (2024)* highlights that deep brain stimulation (DBS) delivered to the prefrontal cortex during sleep or tonically to the thalamic nucleus reuniens can restore firing rate homeostasis, suppress sleep-state epileptiform hyperexcitability, and preserve memory function. 

Conversely, *Linking activity dyshomeostasis and sleep disturbances in Alzheimer disease (2024)* cautions that administering hypnotics simply to prolong sleep duration without resolving sleep-restricted hyperexcitability may be detrimental and accelerate cognitive decline.",True,0.9,"2023-oxidative-damage-in-neurodegeneration-roles-in-the-pathogenesis-and-progression-of-alzheimer-disease.pdf, 2024 Linking activity dyshomeostasis and sleep disturbances in Alzheimer disease.pdf, alzheimer disease  2021.pdf","Potential sleep interventions for Alzheimer’s disease (AD) treatment focus on restoring activity homeostasis and mitigating hyperexcitability, which are critical in the disease's progression. One promising approach involves pharmacological therapies that target sleep-promoting pathways, such as activating the melanin-concentrating hormone signaling pathway. This intervention aims to enhance sleep quality and duration, potentially reducing the pathological hyperexcitability associated with AD (Linking activity dyshomeostasis and sleep disturbances in Alzheimer disease, 2024).

Another intervention is the use of brain stimulation therapies, such as deep brain stimulation (DBS) in specific areas like the prefrontal cortex during sleep. This technique may help suppress hyperexcitability and restore activity homeostasis, thereby preventing memory deterioration over time (Linking activity dyshomeostasis and sleep disturbances in Alzheimer disease, 2024). Additionally, sleep is known to facilitate Aβ clearance through the glymphatic system, which is impaired in AD. Enhancing sleep could therefore improve Aβ homeostasis, further supporting cognitive function (Linking activity dyshomeostasis and sleep disturbances in Alzheimer disease, 2024).

Moreover, addressing sleep disturbances directly may serve as a compensatory mechanism for hyperexcitability. However, caution is warranted, as interventions that extend sleep without concurrently reducing hyperexcitability could inadvertently accelerate cognitive decline (Linking activity dyshomeostasis and sleep disturbances in Alzheimer disease, 2024). Thus, a multifaceted approach that combines sleep interventions with strategies to manage hyperexcitability may offer a comprehensive treatment pathway for AD.",True,0.725,"2024 Linking activity dyshomeostasis and sleep disturbances in Alzheimer disease.pdf, Recent advances in Alzheimer’s disease mechanisms clinical trials and new drug development strategies.pdf","Several sleep interventions show potential for treating Alzheimer's disease (AD) by targeting the underlying mechanisms of sleep disturbances and neuronal hyperexcitability. One promising approach involves pharmacological strategies aimed at restoring activity homeostasis in the brain. For instance, interventions that reduce pathological activity set points, such as mitochondrial dihydroorotate dehydrogenase inhibition, may help mitigate the hyperexcitability associated with amyloid-beta (Aβ) accumulation, which is linked to cognitive decline (Linking activity dyshomeostasis and sleep disturbances in Alzheimer disease, 2024).

Additionally, the signaling pathway induced by melanin-concentrating hormone, which promotes sleep, could be leveraged to enhance sleep quality and, consequently, cognitive resilience (Linking activity dyshomeostasis and sleep disturbances in Alzheimer disease, 2024). Brain stimulation therapies, such as deep brain stimulation (DBS) during sleep, are also being explored to suppress hyperexcitability in specific brain regions, potentially preventing memory deterioration (Linking activity dyshomeostasis and sleep disturbances in Alzheimer disease, 2024).

Moreover, sleep disturbances in AD are characterized by reduced slow-wave and REM sleep, which are critical for memory consolidation (Linking activity dyshomeostasis and sleep disturbances in Alzheimer disease, 2024). Addressing these sleep architecture changes through targeted interventions may enhance cognitive function and slow disease progression. However, the exact mechanisms and long-term efficacy of these interventions require further investigation (Recent advances in Alzheimer's disease: mechanisms, clinical trials and new drug development strategies, 2024).",True,0.762,"2023-oxidative-damage-in-neurodegeneration-roles-in-the-pathogenesis-and-progression-of-alzheimer-disease.pdf, 2024 Advancements and Challenges in Antiamyloid Therapy for.pdf, 2024 Linking activity dyshomeostasis and sleep disturbances in Alzheimer disease.pdf, 2025 Updates on mouse models of Alzheimer’s disease.pdf, Recent advances in Alzheimer’s disease mechanisms clinical trials and new drug development strategies.pdf, alzheimer disease  2021.pdf",12.7
LA9,39,long_answer,How does diet influence AD risk and what are the challenges in studying dietary interventions?,"**Influence of Diet on AD Risk**  
Diet modulates Alzheimer disease (AD) risk through metabolic, vascular, and neuroinflammatory mechanisms. Pro-inflammatory, unbalanced, or high-fat diets elevate AD risk by promoting systemic chronic inflammation, oxidative stress, brain insulin resistance, and midlife vascular comorbidities such as obesity and hypertension (*Neuroinflammation in Alzheimer disease (2025)*; *Oxidative damage in neurodegeneration: roles in the pathogenesis and progression of Alzheimer disease (2024)*). In preclinical models, high-fat intake accelerates amyloid-β (Aβ) deposition, tau pathology, and neuroinflammation (*Updates on mouse models of Alzheimer's disease (2024)*; *Neuroinflammation in Alzheimer disease (2025)*). Conversely, antioxidant- and nutrient-rich dietary patterns—such as the Mediterranean (MeDi), DASH, and MIND diets—as well as caloric restriction reduce AD risk and slow cognitive decline by curbing oxidative damage, suppressing neuroinflammation, enhancing autophagy, and supporting cerebrovascular health (*Oxidative damage in neurodegeneration: roles in the pathogenesis and progression of Alzheimer disease (2024)*; *Neuroinflammation in Alzheimer disease (2025)*).

**Challenges in Studying Dietary Interventions**  
Researching dietary interventions presents several significant obstacles:
1. **Bioavailability and Redundancy:** Single-nutrient or single-target approaches frequently fail due to the multifactorial etiology of AD and difficulties in achieving effective compound bioavailability and central nervous system concentrations (*Oxidative damage in neurodegeneration: roles in the pathogenesis and progression of Alzheimer disease (2024)*).
2. **Adherence and Tolerability:** Regimens like caloric restriction and fasting present low practicability, compliance, and long-term tolerability in elderly populations (*Oxidative damage in neurodegeneration: roles in the pathogenesis and progression of Alzheimer disease (2024)*).
3. **Trial Methodology and Translation:** Clinical studies show inconsistent outcomes across cohorts (e.g., PREDIMED versus MedLey) (*Oxidative damage in neurodegeneration: roles in the pathogenesis and progression of Alzheimer disease (2024)*). Moreover, practical and ethical constraints limit randomized controlled trial durations, translating protocols from highly motivated trial subjects to general populations is difficult, and dietary changes have not demonstrated clear efficacy once symptomatic cognitive impairment is established (*Alzheimer disease (2021)*).",True,0.9,"2023-oxidative-damage-in-neurodegeneration-roles-in-the-pathogenesis-and-progression-of-alzheimer-disease.pdf, 2024 Neuroinflammation in Alzheimer disease.pdf, 2025 Updates on mouse models of Alzheimer’s disease.pdf, alzheimer disease  2021.pdf","Diet plays a significant role in influencing the risk of Alzheimer's disease (AD) through various mechanisms, including oxidative stress modulation, inflammation control, and synaptic plasticity. Specific dietary patterns, such as the Mediterranean diet (MeDi) and the DASH diet, have been associated with reduced AD risk and cognitive decline. For instance, adherence to the MeDi has shown correlations with lower incidence rates of AD and improved cognitive outcomes in individuals with mild cognitive impairment (MCI) (Oxidative damage in neurodegeneration: roles in the pathogenesis and progression of Alzheimer disease, 2024). Similarly, the DASH diet, which emphasizes fruits, vegetables, and whole grains, has been linked to slower cognitive decline and reduced AD incidence (Oxidative damage in neurodegeneration: roles in the pathogenesis and progression of Alzheimer disease, 2024).

However, studying dietary interventions presents several challenges. The complexity of dietary patterns makes it difficult to isolate the effects of individual nutrients or foods on AD risk. Additionally, variability in adherence to dietary recommendations among participants can lead to inconsistent results across studies (Alzheimer disease, 2021). Furthermore, many dietary intervention trials have shown mixed outcomes, with some demonstrating significant cognitive benefits while others do not (Oxidative damage in neurodegeneration: roles in the pathogenesis and progression of Alzheimer disease, 2024). This inconsistency highlights the need for more robust trial designs and longer follow-up periods to better understand the relationship between diet and AD risk.",True,0.728,"2024 Neuroinflammation in Alzheimer disease.pdf, 2023-oxidative-damage-in-neurodegeneration-roles-in-the-pathogenesis-and-progression-of-alzheimer-disease.pdf, alzheimer disease  2021.pdf","Diet plays a significant role in influencing the risk of Alzheimer's disease (AD). Evidence suggests that adherence to specific dietary patterns, particularly the Mediterranean diet (MeDi), is associated with a reduced risk of developing AD and cognitive decline. For instance, studies have shown that higher adherence to the MeDi correlates with lower mortality and morbidity in various disease contexts, including AD (Oxidative damage in neurodegeneration, 2024). Additionally, a prospective study involving 166,377 participants indicated that a pro-inflammatory diet is linked to an increased risk of all-cause dementia and Alzheimer's dementia (Neuroinflammation in Alzheimer disease, 2025). 

However, studying dietary interventions presents several challenges. One major issue is the complexity of dietary patterns and their interactions with various lifestyle factors, making it difficult to isolate the effects of diet alone (Oxidative damage in neurodegeneration, 2024). Furthermore, while some randomized controlled trials (RCTs) have shown positive effects of the MeDi on cognitive function, others have reported no significant benefits, highlighting inconsistencies in the evidence (Oxidative damage in neurodegeneration, 2024). The multifactorial nature of AD, including genetic, environmental, and lifestyle factors, complicates the establishment of clear causal relationships between diet and AD risk (Recent advances in Alzheimer's disease, 2024). Thus, while dietary interventions hold promise for AD prevention, further research is needed to clarify their efficacy and address methodological challenges.",True,0.776,"2023-oxidative-damage-in-neurodegeneration-roles-in-the-pathogenesis-and-progression-of-alzheimer-disease.pdf, 2024 Linking activity dyshomeostasis and sleep disturbances in Alzheimer disease.pdf, 2024 Neuroinflammation in Alzheimer disease.pdf, Recent advances in Alzheimer’s disease mechanisms clinical trials and new drug development strategies.pdf, alzheimer disease  2021.pdf",14.8
LA10,40,long_answer,Critically evaluate the role of hypoxia in AD progression and discuss the promise and pitfalls of hyperbaric oxygen therapy.,"Based on the provided research papers, hypoxia and hypoperfusion contribute significantly to Alzheimer disease (AD) pathogenesis across several cellular compartments:

First, vascular dysfunction and blood–brain barrier (BBB) breakdown induce ischemic and hypoxic brain injury, directly increasing amyloid-β (Aβ) production and promoting neurodegeneration (*Recent advances in Alzheimer's disease: mechanisms, clinical trials and new drug development strategies*, 2024). Furthermore, microvascular alterations, capillary plugging by neutrophils, and impaired neurovascular coupling cause regional hypoperfusion and the accumulation of hypoxic markers in the brain (*Neuroinflammation in Alzheimer disease*, 2025). This hypoxic environment compromises microglial mitochondrial metabolism via hypoxia-inducible factor 1 (HIF1) pathways, driving microglia toward chronic neuroinflammatory and glycolytic states (*Neuroinflammation in Alzheimer disease*, 2025; *Immune activation in Alzheimer disease*, 2024).

Second, hypoxia accelerates white matter damage. Deep white matter tracts located in distal watershed zones are especially vulnerable to reduced oxygenation and hypoperfusion (*Oligodendrocytes in Alzheimer's disease pathophysiology*, 2025). Oligodendrocytes and their myelin sheaths are particularly susceptible to hypoxia-induced oxidative stress, impairing their capacity to provide metabolic support to axons and precipitating axonal degeneration and further Aβ accumulation (*Oligodendrocytes in Alzheimer's disease pathophysiology*, 2025). Additionally, hypoxia triggers mitochondrial damage and cellular stress, placing demands on autophagic and mitophagic machinery (*Oxidative damage in neurodegeneration: roles in the pathogenesis and progression of Alzheimer disease*, 2024).

Regarding hyperbaric oxygen therapy, its promise, pitfalls, and clinical applications are not mentioned or evaluated in any of the provided research papers; therefore, it cannot be discussed without drawing upon external knowledge.",True,0.9,"2023-oxidative-damage-in-neurodegeneration-roles-in-the-pathogenesis-and-progression-of-alzheimer-disease.pdf, 2024 Immune Activation in Alzheimer Disease.pdf, 2024 Neuroinflammation in Alzheimer disease.pdf, 2025 Oligodendrocytes in Alzheimer’s disease pathophysiology.pdf, Recent advances in Alzheimer’s disease mechanisms clinical trials and new drug development strategies.pdf, alzheimer disease  2021.pdf","The role of hypoxia in Alzheimer's disease (AD) progression is intricately linked to oxidative stress (OS) and metabolic dysfunction. Hypoxia can exacerbate OS, leading to increased lipid peroxidation and protein oxidation, which are fundamental to the pathogenesis of AD (Oxidative damage in neurodegeneration, 2024). The impaired oxygen supply can disrupt mitochondrial function, further promoting the vicious cycle of oxidative damage and neurodegeneration. This relationship suggests that hypoxia may not only contribute to the onset of AD but also accelerate its progression by impairing cellular processes essential for neuronal health.

Hyperbaric oxygen therapy (HBOT) has been proposed as a potential intervention to counteract the effects of hypoxia in AD. By increasing oxygen availability, HBOT may enhance mitochondrial function and reduce oxidative damage, potentially improving cognitive outcomes (Oxidative damage in neurodegeneration, 2024). However, the promise of HBOT is tempered by several pitfalls. Clinical trials have shown mixed results, with some studies indicating limited efficacy in cognitive improvement (Oxidative damage in neurodegeneration, 2024). Additionally, the timing and duration of treatment, as well as individual patient factors, may significantly influence outcomes, complicating the establishment of standardized protocols.

In conclusion, while hypoxia plays a detrimental role in AD progression through its effects on oxidative stress and metabolism, the application of hyperbaric oxygen therapy presents both potential benefits and challenges. Further research is necessary to elucidate the mechanisms involved and to optimize treatment strategies for individuals with AD.",True,0.717,2023-oxidative-damage-in-neurodegeneration-roles-in-the-pathogenesis-and-progression-of-alzheimer-disease.pdf,"Hypoxia plays a significant role in the progression of Alzheimer's disease (AD) by exacerbating oxidative stress and energy metabolism dysfunction. The brain's high metabolic demand makes it particularly vulnerable to oxygen deprivation, leading to neuronal damage and cognitive decline (Oxidative damage in neurodegeneration: roles in the pathogenesis and progression of Alzheimer disease, 2024). Reduced cerebral blood flow and blood-brain barrier dysfunction contribute to hypoxic conditions, further promoting neuroinflammation and amyloid-beta accumulation (Recent advances in Alzheimer's disease: mechanisms, clinical trials and new drug development strategies, 2024).

Hyperbaric oxygen therapy (HBOT) has emerged as a potential intervention to counteract hypoxia-related damage. Preliminary studies suggest that HBOT may enhance oxygen delivery to the brain, potentially improving cognitive function and reducing oxidative stress (Oligodendrocytes in Alzheimer's disease pathophysiology, 2025). However, the evidence remains inconclusive, with concerns regarding the long-term efficacy and safety of such treatments. The variability in patient responses and the potential for adverse effects complicate the therapeutic landscape (Recent advances in Alzheimer's disease: mechanisms, clinical trials and new drug development strategies, 2024).

In summary, while hypoxia is a critical factor in AD progression, the promise of HBOT as a treatment is tempered by the need for further research to establish its efficacy and safety in this context. The current literature highlights the complexity of AD pathology and the necessity for multifaceted therapeutic approaches.",True,0.76,"2023-oxidative-damage-in-neurodegeneration-roles-in-the-pathogenesis-and-progression-of-alzheimer-disease.pdf, 2024 Advancements and Challenges in Antiamyloid Therapy for.pdf, 2025 Oligodendrocytes in Alzheimer’s disease pathophysiology.pdf, Recent advances in Alzheimer’s disease mechanisms clinical trials and new drug development strategies.pdf, alzheimer disease  2021.pdf",33.3
