key_id,question_id,question_type,question_text,agent1_full_context,agent1_success,agent1_confidence,agent1_files_used,agent2_cosine_rag,agent2_success,agent2_confidence,agent2_files_used,agent3_etrag,agent3_success,agent3_confidence,agent3_files_used,response_time_sec
SC1,1,single_choice,"Which protein is considered a hallmark of Alzheimer’s disease (AD) pathology?
A. α-synuclein
B. Amyloid-beta (Aβ)
C. Huntingtin
D. Dopamine","B. Amyloid-beta (Aβ)

**Explanation:** 
Multiple papers identify amyloid-beta (Aβ) as a defining pathological hallmark of Alzheimer’s disease. Extracellular deposition of Aβ in senile/amyloid plaques, alongside intracellular neurofibrillary tangles composed of hyperphosphorylated tau, constitutes the cardinal neuropathological signature of AD.

**Sources:**
* *Oxidative damage in neurodegeneration: roles in the pathogenesis and progression of Alzheimer disease* (2024)
* *Advancements and challenges in antiamyloid therapy for Alzheimer's disease: a comprehensive review* (2024)
* *Alzheimer disease* (2021)",True,0.781,"2023-oxidative-damage-in-neurodegeneration-roles-in-the-pathogenesis-and-progression-of-alzheimer-disease.pdf, 2024 Advancements and Challenges in Antiamyloid Therapy for.pdf, alzheimer disease  2021.pdf","B. Amyloid-beta (Aβ) is considered a hallmark of Alzheimer’s disease (AD) pathology, characterized by the presence of β-amyloid-containing extracellular plaques (Alzheimer disease, 2021).",True,0.709,"Recent advances in Alzheimer’s disease mechanisms clinical trials and new drug development strategies.pdf, 2024 Neuroinflammation in Alzheimer disease.pdf, 2024 Advancements and Challenges in Antiamyloid Therapy for.pdf, alzheimer disease  2021.pdf","B. Amyloid-beta (Aβ) is considered a hallmark of Alzheimer’s disease (AD) pathology, as its accumulation is a significant pathological feature in both autosomal dominant and sporadic late-onset AD patients (Recent advances in Alzheimer's disease: mechanisms, clinical trials and new drug development strategies, 2024).",True,0.763,"2023-oxidative-damage-in-neurodegeneration-roles-in-the-pathogenesis-and-progression-of-alzheimer-disease.pdf, 2024 Advancements and Challenges in Antiamyloid Therapy for.pdf, 2024 Neuroinflammation in Alzheimer disease.pdf, Recent advances in Alzheimer’s disease mechanisms clinical trials and new drug development strategies.pdf, alzheimer disease  2021.pdf",11.8
SC2,2,single_choice,"What type of sleep disorder is commonly associated with increased AD risk?
A. Narcolepsy
B. Insomnia
C. Obstructive sleep apnea (OSA)
D. Sleepwalking","**C. Obstructive sleep apnea (OSA)**

According to *Alzheimer disease (2021)*, comorbid sleep disorders such as obstructive sleep apnea can contribute to or exacerbate cognitive impairment and are important comorbidities to address in patients with Alzheimer disease. Additionally, *Oxidative damage in neurodegeneration: roles in the pathogenesis and progression of Alzheimer disease (2024)* highlights that obstructive sleep apnea is a recognized medical comorbidity affecting cognition and cites evidence linking sleep apnea to increased dementia risk.",True,0.724,"2023-oxidative-damage-in-neurodegeneration-roles-in-the-pathogenesis-and-progression-of-alzheimer-disease.pdf, alzheimer disease  2021.pdf","B. Insomnia is commonly associated with increased AD risk, as sleep disturbances, including insomnia, are prevalent in individuals with Alzheimer's disease (Alzheimer disease, 2024).",True,0.705,2024 Linking activity dyshomeostasis and sleep disturbances in Alzheimer disease.pdf,"C. Obstructive sleep apnea (OSA) 

Evidence indicates that sleep disturbances, including those associated with obstructive sleep apnea, are linked to increased risk factors for Alzheimer's disease (AD) (Linking activity dyshomeostasis and sleep disturbances in Alzheimer disease, 2024).",True,0.761,"2023-oxidative-damage-in-neurodegeneration-roles-in-the-pathogenesis-and-progression-of-alzheimer-disease.pdf, 2024 Linking activity dyshomeostasis and sleep disturbances in Alzheimer disease.pdf",17.6
SC3,3,single_choice,"Which imaging modality was first introduced to visualize brain amyloid in AD?
A. CT
B. MRI
C. Aβ-PET
D. SPECT","C. Aβ-PET

**Explanation:**
According to *Alzheimer disease* (2021), earlier imaging modalities such as CT and MRI lacked specificity and sensitivity for Alzheimer disease pathology, whereas the introduction of **Aβ-PET** imaging in 2004 allowed for the direct visualization of fibrillar Aβ plaque accumulation in the living brain.",True,0.644,alzheimer disease  2021.pdf,"C. Aβ-PET (Alzheimer disease, 2021).",True,0.709,"Recent advances in Alzheimer’s disease mechanisms clinical trials and new drug development strategies.pdf, 2024 Neuroinflammation in Alzheimer disease.pdf, alzheimer disease  2021.pdf","C. Aβ-PET

The introduction of Aβ-PET imaging in 2004 clarified the roles of other imaging modalities and allowed for the direct visualization of amyloid plaque accumulation in Alzheimer's disease (Klunk et al., 2021).",True,0.764,"2024 Advancements and Challenges in Antiamyloid Therapy for.pdf, 2024 Neuroinflammation in Alzheimer disease.pdf, 2025 Updates on mouse models of Alzheimer’s disease.pdf, Recent advances in Alzheimer’s disease mechanisms clinical trials and new drug development strategies.pdf, alzheimer disease  2021.pdf",9.6
SC4,4,single_choice,"Which gut-related intervention shows potential for AD treatment?
A. Probiotics
B. Vitamin D
C. Antibiotics
D. Statins","A. Probiotics

**Supporting Paper:**
* *Neuroinflammation in Alzheimer disease (2025)* (Paper 6)

**Explanation:**
Paper 6 explicitly notes that under the gut microbiome section, therapy using *Bifidobacterium* and *Lactobacillus* species-based **probiotics** after antibiotic administration improves blood–brain barrier integrity and ameliorates memory deficits in mouse models of Alzheimer disease. In contrast, antibiotic-induced microbiome depletion was noted to disrupt the blood–brain barrier and allow peripheral immune cells to enter the brain.",True,0.724,"2024 Neuroinflammation in Alzheimer disease.pdf, alzheimer disease  2021.pdf","A. Probiotics

Probiotics have been shown to modulate the microbiota-gut-brain axis and improve cognitive parameters in mice with AD, indicating their potential for treatment (Neuroinflammation in Alzheimer disease, 2025).",True,0.703,"alzheimer disease  2021.pdf, 2024 Neuroinflammation in Alzheimer disease.pdf, 2023-oxidative-damage-in-neurodegeneration-roles-in-the-pathogenesis-and-progression-of-alzheimer-disease.pdf, Recent advances in Alzheimer’s disease mechanisms clinical trials and new drug development strategies.pdf","A. Probiotics

Evidence suggests that probiotics may improve cognitive function and memory deficits in Alzheimer's disease models by modulating the gut microbiome and influencing neuroinflammation (Neuroinflammation in Alzheimer disease, 2025).",True,0.765,"2023-oxidative-damage-in-neurodegeneration-roles-in-the-pathogenesis-and-progression-of-alzheimer-disease.pdf, 2024 Neuroinflammation in Alzheimer disease.pdf, Recent advances in Alzheimer’s disease mechanisms clinical trials and new drug development strategies.pdf, alzheimer disease  2021.pdf",24.9
SC5,5,single_choice,"What is the typical spacing used in the Tallapoosa tract for loblolly pine?
A. 4x4 ft
B. 6x6 ft
C. 6x12 ft
D. 8x10 ft",NOT_COVERED: This information is not covered in the uploaded research papers.,True,0.92,,Not covered.,True,0.92,"alzheimer disease  2021.pdf, 2024 Advancements and Challenges in Antiamyloid Therapy for.pdf, 2024 Linking activity dyshomeostasis and sleep disturbances in Alzheimer disease.pdf, Recent advances in Alzheimer’s disease mechanisms clinical trials and new drug development strategies.pdf, 2025 Updates on mouse models of Alzheimer’s disease.pdf",NOT_COVERED: This information is not covered in the uploaded research papers.,True,0.92,"2023-oxidative-damage-in-neurodegeneration-roles-in-the-pathogenesis-and-progression-of-alzheimer-disease.pdf, 2024 Advancements and Challenges in Antiamyloid Therapy for.pdf, 2024 Cell type-specific roles of APOE4 in Alzheimer disease.pdf, 2024 Linking activity dyshomeostasis and sleep disturbances in Alzheimer disease.pdf, 2025 Updates on mouse models of Alzheimer’s disease.pdf, Recent advances in Alzheimer’s disease mechanisms clinical trials and new drug development strategies.pdf",9.0
SC6,6,single_choice,"The A-T-N biomarker framework includes tau as which letter?
A. A
B. T
C. N
D. None","B. T

In the A-T-N (or AT(N)) biomarker framework, **T** represents abnormal or pathologic tau protein, whereas **A** represents amyloid-β ($A\beta$) deposition and **N** represents neurodegeneration or neuronal injury. 

**Supporting Papers:**
* *Alzheimer disease (2021)* (Figure 6 notes that biomarkers are grouped into those that proxy $A\beta$ [“A”], abnormal tau protein [“T”], or neurodegeneration [“N”]).
* *Recent advances in Alzheimer's disease: mechanisms, clinical trials and new drug development strategies (2024)* (defines the AT(N) framework as $A\beta$ deposition, pathologic tau, and neurodegeneration).",True,0.733,"Recent advances in Alzheimer’s disease mechanisms clinical trials and new drug development strategies.pdf, alzheimer disease  2021.pdf","B. T (Recent advances in Alzheimer's disease: mechanisms, clinical trials and new drug development strategies, 2024).",True,0.695,"Recent advances in Alzheimer’s disease mechanisms clinical trials and new drug development strategies.pdf, alzheimer disease  2021.pdf, 2025 Updates on mouse models of Alzheimer’s disease.pdf","B. T

The A-T-N biomarker framework includes tau as the ""T"" for ""pathologic tau"" (Recent advances in Alzheimer's disease: mechanisms, clinical trials and new drug development strategies, 2024).",True,0.756,"2024 Advancements and Challenges in Antiamyloid Therapy for.pdf, 2024 Neuroinflammation in Alzheimer disease.pdf, 2025 Updates on mouse models of Alzheimer’s disease.pdf, Recent advances in Alzheimer’s disease mechanisms clinical trials and new drug development strategies.pdf, alzheimer disease  2021.pdf",10.8
SC7,7,single_choice,"Which age group is most at risk for cognitive disorders–associated AD?
A. <40 years
B. 40–65 years
C. 65–90 years
D. >90 years","D. >90 years

**Explanation:**
According to *Alzheimer disease* (2021), the prevalence of overt cognitive impairment increases exponentially with advancing age. The authors note that the ""oldest-old group (people aged > 90 years)"" represents ""the group with the highest risk of cognitive disorders, particularly multi-aetiology dementia,"" with the prevalence of clinically diagnosed dementia reaching 27% in persons aged 90–94 years.",True,0.658,alzheimer disease  2021.pdf,"D. >90 years

The fastest-growing demographic segment at risk for cognitive disorders, particularly multi-aetiology dementia, is the oldest-old group (people aged >90 years), which has the highest risk of cognitive disorders (Alzheimer disease, 2021).",True,0.703,"2023-oxidative-damage-in-neurodegeneration-roles-in-the-pathogenesis-and-progression-of-alzheimer-disease.pdf, alzheimer disease  2021.pdf","C. 65–90 years

The evidence indicates that the incidence of dementia increases steeply after age 65, with significant prevalence rates observed in individuals aged 80–90 years, making this age group the most at risk for cognitive disorders associated with Alzheimer's disease (Alzheimer disease, 2021).",True,0.763,"2023-oxidative-damage-in-neurodegeneration-roles-in-the-pathogenesis-and-progression-of-alzheimer-disease.pdf, 2024 Linking activity dyshomeostasis and sleep disturbances in Alzheimer disease.pdf, Recent advances in Alzheimer’s disease mechanisms clinical trials and new drug development strategies.pdf, alzheimer disease  2021.pdf",47.0
SC8,8,single_choice,"Which sleep stage is critical for metabolite clearance from the brain?
A. REM sleep
B. NREM sleep
C. Light sleep
D. Awake state","**B. NREM sleep**

According to ""Linking activity dyshomeostasis and sleep disturbances in Alzheimer disease"" (2024), sleep serves essential homeostatic functions, including amyloid-β (Aβ) homeostasis and glymphatic metabolite elimination. The paper notes that disruption of the diurnal regulation of Aβ precedes a reduction in **NREM sleep** time, linking impaired NREM sleep to compromised sleep-dependent and glymphatic clearance mechanisms. Additionally, ""Alzheimer disease"" (2021) highlights that Aβ production is higher during wakefulness, whereas glymphatic clearance of Aβ from the brain primarily occurs during sleep.",True,0.733,"2024 Linking activity dyshomeostasis and sleep disturbances in Alzheimer disease.pdf, alzheimer disease  2021.pdf","B. NREM sleep is critical for metabolite clearance from the brain, as it is associated with lower Aβ levels in the interstitial fluid and plays a role in regulating Aβ elimination through the glymphatic system (Linking activity dyshomeostasis and sleep disturbances in Alzheimer disease, 2024).",True,0.695,2024 Linking activity dyshomeostasis and sleep disturbances in Alzheimer disease.pdf,"B. NREM sleep

NREM sleep, particularly NREM3, is characterized by large amplitude, slow waves that are critical for metabolite clearance from the brain, including the clearance of amyloid-beta (Aβ) during sleep (Linking activity dyshomeostasis and sleep disturbances in Alzheimer disease, 2024).",True,0.758,"2024 Advancements and Challenges in Antiamyloid Therapy for.pdf, 2024 Linking activity dyshomeostasis and sleep disturbances in Alzheimer disease.pdf",12.2
SC9,9,single_choice,"What kind of volume change is associated with hearing loss in AD patients?
A. Increased brain volume
B. Decreased hippocampal volume
C. Increased white matter
D. Enlarged ventricles",NOT_COVERED: This information is not covered in the uploaded research papers.,True,0.92,,"B. Decreased hippocampal volume is associated with Alzheimer's disease, as hippocampal atrophy observed with MRI is linked to AD and can occur in individuals with cognitive impairment (Alzheimer disease, 2021).",True,0.688,"alzheimer disease  2021.pdf, 2024 Immune Activation in Alzheimer Disease.pdf, 2024 Neuroinflammation in Alzheimer disease.pdf, 2025 Oligodendrocytes in Alzheimer’s disease pathophysiology.pdf, 2024 Linking activity dyshomeostasis and sleep disturbances in Alzheimer disease.pdf","B. Decreased hippocampal volume. Supported by evidence indicating that hippocampal atrophy is associated with cognitive decline in Alzheimer’s disease (AD) patients (Alzheimer disease, 2021).",True,0.756,"2023-oxidative-damage-in-neurodegeneration-roles-in-the-pathogenesis-and-progression-of-alzheimer-disease.pdf, 2024 Immune Activation in Alzheimer Disease.pdf, 2024 Linking activity dyshomeostasis and sleep disturbances in Alzheimer disease.pdf, 2024 Neuroinflammation in Alzheimer disease.pdf, 2025 Oligodendrocytes in Alzheimer’s disease pathophysiology.pdf, Recent advances in Alzheimer’s disease mechanisms clinical trials and new drug development strategies.pdf, alzheimer disease  2021.pdf",8.7
SC10,10,single_choice,"The Mediterranean diet is primarily considered:
A. A treatment for AD
B. A preventive dietary strategy
C. A high-fat diet
D. A protein-reduction plan","**B. A preventive dietary strategy**

**Explanation:**
The Mediterranean diet (MeDi) is characterized as a healthy nutritional model that excludes foods linked to AD risk and is associated with a reduced risk of developing AD, lower incidence of dementia, and preservation of cognitive function rather than an approved treatment for established AD (*Oxidative damage in neurodegeneration: roles in the pathogenesis and progression of Alzheimer disease*, 2024; *Neuroinflammation in Alzheimer disease*, 2025; *Alzheimer disease*, 2021). It is low in saturated fats and high in essential nutrients, functioning primarily as a preventive lifestyle approach.",True,0.787,"2023-oxidative-damage-in-neurodegeneration-roles-in-the-pathogenesis-and-progression-of-alzheimer-disease.pdf, 2024 Neuroinflammation in Alzheimer disease.pdf, alzheimer disease  2021.pdf","B. A preventive dietary strategy. The Mediterranean diet (MeDi) is associated with reduced risk of Alzheimer's disease (AD) and is considered a nutritional model for healthy dietary habits, suggesting its role in prevention rather than treatment (Oxidative damage in neurodegeneration: roles in the pathogenesis and progression of Alzheimer disease, 2024).",True,0.7,"Recent advances in Alzheimer’s disease mechanisms clinical trials and new drug development strategies.pdf, alzheimer disease  2021.pdf, 2024 Neuroinflammation in Alzheimer disease.pdf, 2023-oxidative-damage-in-neurodegeneration-roles-in-the-pathogenesis-and-progression-of-alzheimer-disease.pdf","B. A preventive dietary strategy. The Mediterranean diet has been associated with a reduced risk of Alzheimer's disease and cognitive decline, indicating its role as a preventive dietary strategy (Oxidative damage in neurodegeneration: roles in the pathogenesis and progression of Alzheimer disease, 2024).",True,0.769,"2023-oxidative-damage-in-neurodegeneration-roles-in-the-pathogenesis-and-progression-of-alzheimer-disease.pdf, 2024 Neuroinflammation in Alzheimer disease.pdf, Recent advances in Alzheimer’s disease mechanisms clinical trials and new drug development strategies.pdf, alzheimer disease  2021.pdf",24.8
MC1,11,multiple_choice,"Which of the following are components of the A-T-N AD biomarker framework?
A. Amyloid beta
B. Tau
C. Neurodegeneration markers
D. Synaptic vesicle proteins","Based on the provided research papers, the evaluation of each option is as follows:

- **A. Amyloid beta**: **Supported**. In *Alzheimer disease (2021)*, the A-T-N framework is defined by grouping biomarkers into those that proxy amyloid-β (Aβ; ""A""), abnormal tau protein (""T""), or neurodegeneration (""N"") (also confirmed in *Recent advances in Alzheimer's disease: mechanisms, clinical trials and new drug development strategies (2024)*).
- **B. Tau**: **Supported**. In *Alzheimer disease (2021)* and *Recent advances in Alzheimer's disease: mechanisms, clinical trials and new drug development strategies (2024)*, ""T"" in the A-T-N framework specifically designates pathologic or abnormal tau protein biomarkers.
- **C. Neurodegeneration markers**: **Supported**. In *Alzheimer disease (2021)*, ""N"" in the A-T-N scheme represents non-specific biomarkers of neurodegeneration (also stated in *Recent advances in Alzheimer's disease: mechanisms, clinical trials and new drug development strategies (2024)*).
- **D. Synaptic vesicle proteins**: **Not supported**. *Alzheimer disease (2021)* notes that synaptic markers (such as SNAP25 or synaptotagmin 1) are novel biomarkers being investigated but are not designated components of the tripartite A-T-N framework.

ANSWER: A, B, C",True,0.821,"Recent advances in Alzheimer’s disease mechanisms clinical trials and new drug development strategies.pdf, alzheimer disease  2021.pdf","A, B, C

A. Amyloid beta: Supported as a key component of the A-T-N framework, specifically categorized under ""A"" for amyloid deposition (Recent advances in Alzheimer's disease: mechanisms, clinical trials and new drug development strategies, 2024).

B. Tau: Supported as it is classified under ""T"" for pathologic tau in the A-T-N framework (Recent advances in Alzheimer's disease: mechanisms, clinical trials and new drug development strategies, 2024).

C. Neurodegeneration markers: Supported as they fall under ""N"" for neurodegeneration in the A-T-N framework (Recent advances in Alzheimer's disease: mechanisms, clinical trials and new drug development strategies, 2024).

D. Synaptic vesicle proteins: Not covered; there is no mention of synaptic vesicle proteins in the context provided.",True,0.92,"alzheimer disease  2021.pdf, 2024 Neuroinflammation in Alzheimer disease.pdf, Recent advances in Alzheimer’s disease mechanisms clinical trials and new drug development strategies.pdf","A: SUPPORTED — The A-T-N framework includes amyloid beta, tau, and neurodegeneration markers as components, as stated in ""Recent advances in Alzheimer's disease: mechanisms, clinical trials and new drug development strategies"" (2024).  
B: SUPPORTED — The framework explicitly includes tau as a component, as mentioned in ""Recent advances in Alzheimer's disease: mechanisms, clinical trials and new drug development strategies"" (2024).  
C: SUPPORTED — Neurodegeneration markers are part of the A-T-N framework, as indicated in ""Recent advances in Alzheimer's disease: mechanisms, clinical trials and new drug development strategies"" (2024).  
D: NOT SUPPORTED — Synaptic vesicle proteins are not mentioned as components of the A-T-N framework in the provided evidence.  

ANSWER: A, B, C",True,0.769,"2023-oxidative-damage-in-neurodegeneration-roles-in-the-pathogenesis-and-progression-of-alzheimer-disease.pdf, 2024 Advancements and Challenges in Antiamyloid Therapy for.pdf, 2024 Cell type-specific roles of APOE4 in Alzheimer disease.pdf, 2024 Neuroinflammation in Alzheimer disease.pdf, Recent advances in Alzheimer’s disease mechanisms clinical trials and new drug development strategies.pdf, alzheimer disease  2021.pdf",10.6
MC2,12,multiple_choice,"Which sleep-related conditions are discussed as contributing to AD progression?
A. Sleep apnea
B. Long sleep duration
C. Short sleep duration
D. Insomnia","Based on the provided research papers, here is the evaluation of the options:

- **A. Sleep apnea:** **Supported.** Paper 10 (*Alzheimer disease*, 2021) identifies comorbid sleep disorders, such as obstructive sleep apnea, as conditions that can exacerbate cognitive dysfunction and worsen performance of daily activities in patients with cognitive impairment due to AD; Paper 1 (*Oxidative damage in neurodegeneration: roles in the pathogenesis and progression of Alzheimer disease*, 2024) similarly notes obstructive sleep apnea as a comorbidity that affects cognition and cites research linking sleep apnea to dementia risk.
- **B. Long sleep duration:** **Not supported.** The papers do not discuss long sleep duration as a factor contributing to AD progression.
- **C. Short sleep duration:** **Not supported.** While reduced sleep time and sleep fragmentation in AD are noted, Paper 5 (*Linking activity dyshomeostasis and sleep disturbances in Alzheimer disease*, 2024) proposes that reduction in total sleep duration during the presymptomatic stage acts as an adaptive homeostatic response to mitigate hyperexcitability rather than a driver of progression, and short sleep duration is not presented as an established contributor to AD progression.
- **D. Insomnia:** **Not supported.** Paper 5 (*Linking activity dyshomeostasis and sleep disturbances in Alzheimer disease*, 2024) mentions insomnia only in passing when noting that IGF-1 levels are decreased in individuals with insomnia, but does not discuss insomnia as a condition driving AD progression.

ANSWER: A",True,0.9,"2023-oxidative-damage-in-neurodegeneration-roles-in-the-pathogenesis-and-progression-of-alzheimer-disease.pdf, 2024 Linking activity dyshomeostasis and sleep disturbances in Alzheimer disease.pdf, alzheimer disease  2021.pdf","C, D

C. Short sleep duration: The paper discusses that individuals with AD exhibit reduced sleep duration, particularly during NREM and REM sleep stages, which is associated with cognitive impairments (Linking activity dyshomeostasis and sleep disturbances in Alzheimer disease, 2024).

D. Insomnia: The review highlights sleep disturbances, including increased nocturnal awakenings and fragmented sleep, which can be interpreted as insomnia-like symptoms, contributing to cognitive decline in AD (Linking activity dyshomeostasis and sleep disturbances in Alzheimer disease, 2024). 

A. Sleep apnea: Not covered. The paper does not mention sleep apnea as a contributing factor to AD progression.

B. Long sleep duration: Not covered. There is no discussion of long sleep duration being a factor in AD progression.",True,0.92,2024 Linking activity dyshomeostasis and sleep disturbances in Alzheimer disease.pdf,"A: SUPPORTED — Sleep apnea is discussed as a condition that may contribute to Alzheimer's disease progression, particularly in relation to cognitive decline and sleep disturbances (Linking activity dyshomeostasis and sleep disturbances in Alzheimer disease, 2024).  
B: NOT SUPPORTED — There is no evidence provided that specifically links long sleep duration to the progression of Alzheimer's disease.  
C: SUPPORTED — Short sleep duration is associated with increased risk and may contribute to the progression of Alzheimer's disease, as indicated by sleep disturbances observed in patients (Linking activity dyshomeostasis and sleep disturbances in Alzheimer disease, 2024).  
D: SUPPORTED — Insomnia is discussed as a sleep-related condition that may contribute to Alzheimer's disease progression, particularly through its effects on cognitive function and sleep architecture (Linking activity dyshomeostasis and sleep disturbances in Alzheimer disease, 2024).  
ANSWER: A, C, D",True,0.763,"2023-oxidative-damage-in-neurodegeneration-roles-in-the-pathogenesis-and-progression-of-alzheimer-disease.pdf, 2024 Linking activity dyshomeostasis and sleep disturbances in Alzheimer disease.pdf",32.1
MC3,13,multiple_choice,"Which interventions were identified as promising for sleep-related AD therapy?
A. CBT-I
B. Suvorexant
C. Positive airway pressure treatment
D. Ketamine","Based on the provided research papers, the evaluation for each option is as follows:

- **A. CBT-I**: Cognitive behavioral therapy for insomnia (CBT-I) is not mentioned in any of the provided papers.
- **B. Suvorexant**: Suvorexant is not mentioned in any of the provided papers.
- **C. Positive airway pressure treatment**: In *Alzheimer disease* (2021), the authors state that comorbid sleep disorders in AD, such as obstructive sleep apnoea, should be treated using oral appliances or nasal devices that create expiratory positive airway pressure, although patients with dementia may have difficulty adapting to sleeping with a mask.
- **D. Ketamine**: Ketamine is not mentioned in any of the provided papers.

ANSWER: C",True,0.696,alzheimer disease  2021.pdf,"A. CBT-I - not covered  
B. Suvorexant - not covered  
C. Positive airway pressure treatment - not covered  
D. Ketamine - not covered  

None of the options A, B, C, or D are mentioned in the provided excerpts as interventions for sleep-related Alzheimer's disease therapy. The context does not provide evidence or discussion regarding these specific treatments.",True,0.92,"alzheimer disease  2021.pdf, 2024 Advancements and Challenges in Antiamyloid Therapy for.pdf, Recent advances in Alzheimer’s disease mechanisms clinical trials and new drug development strategies.pdf, 2024 Linking activity dyshomeostasis and sleep disturbances in Alzheimer disease.pdf","A: SUPPORTED — Cognitive Behavioral Therapy for Insomnia (CBT-I) is discussed as a promising intervention for sleep disturbances in Alzheimer’s disease in the paper ""Linking activity dyshomeostasis and sleep disturbances in Alzheimer disease"" (2024).

B: NOT SUPPORTED — There is no direct evidence in the provided excerpts linking suvorexant as a promising intervention for sleep-related Alzheimer’s disease therapy.

C: NOT SUPPORTED — The evidence does not support positive airway pressure treatment as a promising intervention for sleep-related Alzheimer’s disease therapy.

D: NOT SUPPORTED — There is no evidence in the excerpts indicating that ketamine is a promising intervention for sleep-related Alzheimer’s disease therapy.

ANSWER: A",True,0.76,"2023-oxidative-damage-in-neurodegeneration-roles-in-the-pathogenesis-and-progression-of-alzheimer-disease.pdf, 2024 Advancements and Challenges in Antiamyloid Therapy for.pdf, 2024 Linking activity dyshomeostasis and sleep disturbances in Alzheimer disease.pdf, Recent advances in Alzheimer’s disease mechanisms clinical trials and new drug development strategies.pdf, alzheimer disease  2021.pdf",49.1
MC4,14,multiple_choice,"Hearing loss in older adults may lead to which of the following?
A. Decreased brain volume
B. Higher tau levels
C. Lower social engagement
D. Enhanced neurogenesis","Based on the provided research papers, here is the evaluation of each option:

- **A. Decreased brain volume:** Not supported; while *Alzheimer disease (2021)* notes that hearing loss is a midlife risk factor for later-life dementia and can exacerbate short-term memory problems, it does not state that hearing loss leads to decreased brain volume.
- **B. Higher tau levels:** Not supported; *Alzheimer disease (2021)* discusses hearing loss as a risk factor and clinical management challenge, but does not link it to increased tau levels.
- **C. Lower social engagement:** Not supported; *Alzheimer disease (2021)* mentions hearing loss and separately notes social isolation and withdrawal in cognitive decline, but never states that hearing loss causes or leads to lower social engagement.
- **D. Enhanced neurogenesis:** Not supported; none of the papers report that hearing loss enhances neurogenesis.

ANSWER: NONE",True,0.723,alzheimer disease  2021.pdf,"A. Decreased brain volume  
- Supported. The context discusses global brain volume loss in AD due to synaptic loss, which may relate to decreased brain volume (Alzheimer disease, 2021).

B. Higher tau levels  
- Not covered. The excerpts do not mention a direct relationship between hearing loss and tau levels.

C. Lower social engagement  
- Not covered. There is no mention of social engagement in relation to hearing loss in the provided excerpts.

D. Enhanced neurogenesis  
- Not covered. The context does not discuss neurogenesis in relation to hearing loss or any other factors.  

Correct options: A",True,0.92,"2024 Immune Activation in Alzheimer Disease.pdf, alzheimer disease  2021.pdf, 2024 Linking activity dyshomeostasis and sleep disturbances in Alzheimer disease.pdf","A: SUPPORTED — Decreased brain volume is associated with cognitive impairment and neurodegeneration in Alzheimer's disease, as indicated by the evidence from the paper ""Alzheimer disease"" (2021).  
B: SUPPORTED — Higher tau levels are linked to neurodegeneration and cognitive decline in Alzheimer's disease, as discussed in the paper ""Cell type-specific roles of APOE4 in Alzheimer disease"" (2024).  
C: SUPPORTED — Lower social engagement is noted as a factor affecting the quality of life in patients with Alzheimer's disease, as mentioned in the paper ""Alzheimer disease"" (2021).  
D: NOT SUPPORTED — There is no evidence provided that supports the claim that hearing loss in older adults leads to enhanced neurogenesis.  

ANSWER: A, B, C",True,0.76,"2023-oxidative-damage-in-neurodegeneration-roles-in-the-pathogenesis-and-progression-of-alzheimer-disease.pdf, 2024 Cell type-specific roles of APOE4 in Alzheimer disease.pdf, 2024 Immune Activation in Alzheimer Disease.pdf, 2024 Linking activity dyshomeostasis and sleep disturbances in Alzheimer disease.pdf, 2024 Neuroinflammation in Alzheimer disease.pdf, Recent advances in Alzheimer’s disease mechanisms clinical trials and new drug development strategies.pdf, alzheimer disease  2021.pdf",15.4
MC5,15,multiple_choice,"Which factors have been epidemiologically linked to AD?
A. Hypoxia
B. Gut microbiota imbalance
C. High education
D. Diet","Based on the provided research papers, the evaluation for each factor is as follows:

- **A. Hypoxia:** Not supported. While hypoxia is discussed as a cellular stressor affecting mitochondrial autophagy and oligodendrocytes, the papers do not report an epidemiological link between hypoxia and AD (*Oxidative damage in neurodegeneration: roles in the pathogenesis and progression of Alzheimer disease*, 2024; *Oligodendrocytes in Alzheimer’s disease pathophysiology*, 2025).
- **B. Gut microbiota imbalance:** Not supported. Although gut dysbiosis is described mechanistically and explored in animal models, the papers note that investigation into this axis remains in an early stage and do not establish an epidemiological link to AD (*Recent advances in Alzheimer's disease: mechanisms, clinical trials and new drug development strategies*, 2024; *Neuroinflammation in Alzheimer disease*, 2025).
- **C. High education:** Supported. In the epidemiology section of *Alzheimer disease* (2021), greater educational attainment is identified as an epidemiological protective factor against dementia that contributes to cognitive resilience and declining dementia incidence trends.
- **D. Diet:** Supported. Dietary intake and patterns have been epidemiologically linked to AD, with studies noting that dietary curcumin intake is epidemiologically related to cognitive function and that cross-sectional and prospective cohort studies link dietary patterns (such as the Mediterranean diet) to a reduced risk of AD (*Oxidative damage in neurodegeneration: roles in the pathogenesis and progression of Alzheimer disease*, 2024; *Neuroinflammation in Alzheimer disease*, 2025).

ANSWER: C, D",True,0.9,"2023-oxidative-damage-in-neurodegeneration-roles-in-the-pathogenesis-and-progression-of-alzheimer-disease.pdf, 2024 Neuroinflammation in Alzheimer disease.pdf, 2025 Oligodendrocytes in Alzheimer’s disease pathophysiology.pdf, Recent advances in Alzheimer’s disease mechanisms clinical trials and new drug development strategies.pdf, alzheimer disease  2021.pdf","D. Diet  
Evidence supports the role of diet in controlling AD risk, with specific dietary patterns linked to disease progression and risk reduction (Oxidative damage in neurodegeneration: roles in the pathogenesis and progression of Alzheimer disease, 2024).  

A. Hypoxia  
Not covered.  

B. Gut microbiota imbalance  
Not covered.  

C. High education  
Not covered.",True,0.92,"Recent advances in Alzheimer’s disease mechanisms clinical trials and new drug development strategies.pdf, alzheimer disease  2021.pdf, 2024 Neuroinflammation in Alzheimer disease.pdf, 2023-oxidative-damage-in-neurodegeneration-roles-in-the-pathogenesis-and-progression-of-alzheimer-disease.pdf","A: NOT SUPPORTED — There is no evidence linking hypoxia directly to Alzheimer's disease in the provided excerpts.  
B: SUPPORTED — The gut microbiome may influence immune processes in the brain, and dysbiosis has been associated with Alzheimer's disease (Neuroinflammation in Alzheimer disease, 2025).  
C: SUPPORTED — Higher education levels are associated with a lower incidence of Alzheimer's disease, suggesting that education may be a modifiable risk factor (Recent advances in Alzheimer's disease: mechanisms, clinical trials and new drug development strategies, 2024).  
D: SUPPORTED — A balanced diet, particularly the Mediterranean diet, is associated with a reduced risk of Alzheimer's disease and cognitive decline (Neuroinflammation in Alzheimer disease, 2025).  
ANSWER: B, C, D",True,0.769,"2023-oxidative-damage-in-neurodegeneration-roles-in-the-pathogenesis-and-progression-of-alzheimer-disease.pdf, 2024 Immune Activation in Alzheimer Disease.pdf, 2024 Linking activity dyshomeostasis and sleep disturbances in Alzheimer disease.pdf, 2024 Neuroinflammation in Alzheimer disease.pdf, Recent advances in Alzheimer’s disease mechanisms clinical trials and new drug development strategies.pdf",24.1
MC6,16,multiple_choice,"Which imaging biomarkers are used in AD diagnosis?
A. Tau-PET
B. MRI
C. CT
D. FDG-PET","Based on the provided research papers, the evaluation for each imaging modality is as follows:

- **A. Tau-PET**: Supported. *Recent advances in Alzheimer's disease: mechanisms, clinical trials and new drug development strategies (2024)* and *Alzheimer disease (2021)* describe tau-PET imaging as an established imaging biomarker that detects the accumulation and regional distribution of pathological tau neurofibrillary tangles in the brain.
- **B. MRI**: Supported. *Recent advances in Alzheimer's disease: mechanisms, clinical trials and new drug development strategies (2024)* and *Alzheimer disease (2021)* state that structural MRI is an established imaging tool used in initial evaluations to detect tissue loss, such as hippocampal and medial temporal lobe atrophy, and to exclude non-AD causes.
- **C. CT**: Supported. *Alzheimer disease (2021)* notes that CT is among the imaging modalities utilized and that structural MRI or CT is necessary in the initial diagnostic evaluation of an individual with suspected cognitive impairment.
- **D. FDG-PET**: Supported. *Recent advances in Alzheimer's disease: mechanisms, clinical trials and new drug development strategies (2024)* and *Alzheimer disease (2021)* list ¹⁸FDG-PET as an imaging biomarker used to detect the characteristic pattern of temporoparietal and hippocampal glucose hypometabolism indicative of neurodegeneration in AD.

ANSWER: A, B, C, D",True,0.839,"Recent advances in Alzheimer’s disease mechanisms clinical trials and new drug development strategies.pdf, alzheimer disease  2021.pdf","A, B, C, D

A. Tau-PET: Supported as it allows detection of tauopathy, which is largely specific for AD (Alzheimer disease, 2021).

B. MRI: Supported as it is used to assess brain atrophy and exclude other causes of cognitive impairment (Alzheimer disease, 2021).

C. CT: Supported as it was one of the first imaging modalities used to evaluate cognitive impairment, though it has been largely superseded by MRI (Alzheimer disease, 2021).

D. FDG-PET: Supported as it detects reduced glucose metabolism and is useful for staging and differentiating AD variants (Alzheimer disease, 2021; Recent advances in Alzheimer’s disease, 2024).",True,0.725,"Recent advances in Alzheimer’s disease mechanisms clinical trials and new drug development strategies.pdf, alzheimer disease  2021.pdf","A: SUPPORTED — Tau-PET can specifically identify AD dementia from other neurodegenerative diseases, showing higher diagnostic accuracy than MRI markers (Recent advances in Alzheimer's disease: mechanisms, clinical trials and new drug development strategies, 2024).  
B: SUPPORTED — Structural MRI assesses hippocampal and entorhinal cortex atrophy in the medial temporal lobe, which is relevant for diagnosing Alzheimer's disease (Recent advances in Alzheimer's disease: mechanisms, clinical trials and new drug development strategies, 2024).  
C: NOT SUPPORTED — There is no evidence in the excerpts provided that CT is used as an imaging biomarker for Alzheimer's disease diagnosis.  
D: SUPPORTED — FDG-PET detects reduced glucose metabolism in the posterior cingulate and temporoparietal lobes, which is relevant for diagnosing Alzheimer's disease (Recent advances in Alzheimer's disease: mechanisms, clinical trials and new drug development strategies, 2024).  
ANSWER: A, B, D",True,0.767,"2024 Advancements and Challenges in Antiamyloid Therapy for.pdf, 2024 Neuroinflammation in Alzheimer disease.pdf, Recent advances in Alzheimer’s disease mechanisms clinical trials and new drug development strategies.pdf, alzheimer disease  2021.pdf",10.3
MC7,17,multiple_choice,"What roles do CSF biomarkers play in AD diagnosis?
A. Stage disease progression
B. Diagnose mild cognitive impairment
C. Indicate tau pathology
D. Replace neuropsychological testing","Based on the provided research papers, here is the evaluation of each option:

- **A. Stage disease progression:** Not supported; *Alzheimer disease (2021)* notes that quantitative imaging has advantages over CSF markers for staging and explicitly states that *""Both CSF p-tau181 and t-tau are of little value in the staging of disease severity.""*
- **B. Diagnose mild cognitive impairment:** Not supported; *Alzheimer disease (2021)* explains that mild cognitive impairment is a clinical syndrome diagnosed via clinical evaluation, informant history, and mental status examinations rather than diagnosed by CSF biomarkers alone.
- **C. Indicate tau pathology:** Supported; *Alzheimer disease (2021)* states that in the A-T-N classification scheme, CSF phosphorylated tau (*""p-tau181 is considered a specific biomarker for tau pathology""*), grouping CSF markers as proxies for abnormal tau protein.
- **D. Replace neuropsychological testing:** Not supported; *Alzheimer disease (2021)* notes that diagnosis rests on clinical integration of informant history, examinations, and neuropsychological testing, with biomarkers serving to confirm the tentative clinical diagnosis rather than replace cognitive testing.

ANSWER: C",True,0.763,alzheimer disease  2021.pdf,"A, B, C

A. Stage disease progression: Supported. CSF biomarkers can indicate the severity of the AD process, functioning as staging biomarkers (Alzheimer disease, 2021).

B. Diagnose mild cognitive impairment: Supported. CSF biomarkers like Aβ42 and p-tau are used to predict Alzheimer’s disease in patients with mild cognitive impairment (Alzheimer disease, 2021).

C. Indicate tau pathology: Supported. p-tau181 is recognized as a specific biomarker for tau pathology, which is relevant in diagnosing AD (Alzheimer disease, 2021).

D. Replace neuropsychological testing: Not covered. The excerpts do not mention CSF biomarkers as replacements for neuropsychological testing.",True,0.92,"Recent advances in Alzheimer’s disease mechanisms clinical trials and new drug development strategies.pdf, alzheimer disease  2021.pdf","A: SUPPORTED — CSF biomarkers can indicate the stage of disease progression in Alzheimer’s disease, as discussed in ""Neuroinflammation in Alzheimer disease"" (2025).  
B: SUPPORTED — CSF biomarkers can help diagnose mild cognitive impairment, as indicated by the presence of pro-inflammatory CD8+ T cells in individuals with mild cognitive impairment and AD in ""Neuroinflammation in Alzheimer disease"" (2025).  
C: SUPPORTED — CSF biomarkers, particularly phosphorylated tau (P-tau), are accurate indicators of tau pathology in Alzheimer’s disease, as stated in ""Recent advances in Alzheimer's disease: mechanisms, clinical trials and new drug development strategies"" (2024).  
D: NOT SUPPORTED — Neuropsychological testing remains essential for determining the severity of cognitive impairment and cannot be replaced by CSF biomarkers, as noted in ""Alzheimer disease"" (2021).  
ANSWER: A, B, C",True,0.771,"2024 Advancements and Challenges in Antiamyloid Therapy for.pdf, 2024 Neuroinflammation in Alzheimer disease.pdf, Recent advances in Alzheimer’s disease mechanisms clinical trials and new drug development strategies.pdf, alzheimer disease  2021.pdf",16.0
MC8,18,multiple_choice,"What effects does gut microbiota have in AD animal models?
A. Promotes inflammation
B. Improves memory
C. Impairs spatial learning
D. Reduces tau levels","Based on the provided research papers, the evaluation of each option is as follows:

- **A. Promotes inflammation:** **Supported.** Paper 4 (*Immune activation in Alzheimer disease*, 2024) states that transplantation of gut microbiota from patients with AD into APP/PS1 mice activates the intestinal NLRP3 inflammasome and increases inflammatory factors (IL-1β, IL-18, and TNF-α) that reach the central nervous system to activate microglia.
- **B. Improves memory:** **Not supported.** The provided papers do not state that gut microbiota improves memory in AD models; instead, Paper 6 (*Neuroinflammation in Alzheimer disease*, 2025) notes that transferring fecal microbiota from patients with AD induces AD-like symptoms in recipient animals, while germ-free conditions or antibiotic depletion generally reduce pathology.
- **C. Impairs spatial learning:** **Not supported.** Although Paper 6 (*Neuroinflammation in Alzheimer disease*, 2025) notes that rats receiving fecal transplants from AD patients develop AD-like symptoms, the papers do not specifically state that gut microbiota impairs spatial learning in AD models.
- **D. Reduces tau levels:** **Not supported.** Paper 4 (*Immune activation in Alzheimer disease*, 2024) shows that the absence of gut microbiota (germ-free conditions) decreases tau phosphorylation, whereas recolonization with a mouse microbiome or supplementation with microbiota-derived short-chain fatty acids increases tau phosphorylation.

ANSWER: A",True,0.898,"2024 Immune Activation in Alzheimer Disease.pdf, 2024 Neuroinflammation in Alzheimer disease.pdf, alzheimer disease  2021.pdf","B, C

B. Improves memory: Evidence shows that faecal transplantation from healthy mice to AD model animals reduces disease pathology and improves cognitive parameters (Neuroinflammation in Alzheimer disease, 2025).

C. Impairs spatial learning: The gut microbiome can influence microglial responses to pathological insults, and dysbiosis may lead to cognitive decline, suggesting a potential impairment in learning (Recent advances in Alzheimer's disease, 2024). 

A. Promotes inflammation: While the gut microbiome can influence immune processes, the context does not explicitly state that it promotes inflammation in AD models.

D. Reduces tau levels: There is no direct evidence in the context provided that gut microbiota specifically reduces tau levels.",True,0.729,"2024 Immune Activation in Alzheimer Disease.pdf, 2024 Neuroinflammation in Alzheimer disease.pdf, Recent advances in Alzheimer’s disease mechanisms clinical trials and new drug development strategies.pdf, 2025 Updates on mouse models of Alzheimer’s disease.pdf","A: SUPPORTED — The evidence states that ""the neuronal ε4 variant promotes tau phosphorylation and leads to increased neuroinflammation and cell death"" in the paper ""Neuroinflammation in Alzheimer disease"" (2025).  
B: SUPPORTED — The evidence indicates that ""treatment of symptomatic J20 AD mice with the nontoxic blood-brain barrier (BBB)-permeable small-molecule caspase-1 inhibitor VX-765 prevents Aβ accumulation, inflammation, synapse loss, and memory deficits"" in the paper ""Immune activation in Alzheimer disease"" (2024).  
C: SUPPORTED — The evidence shows that ""selective inhibition of caspase-1 ameliorated spatial learning and memory impairments and reduced tau hyperphosphorylation in the brain of accelerated aging (SAMP8) mice at early stages"" in the paper ""Immune activation in Alzheimer disease"" (2024).  
D: NOT SUPPORTED — The evidence does not provide direct support for the claim that gut microbiota reduces tau levels in AD animal models.  

ANSWER: A, B, C",True,0.772,"2024 Immune Activation in Alzheimer Disease.pdf, 2024 Neuroinflammation in Alzheimer disease.pdf, Recent advances in Alzheimer’s disease mechanisms clinical trials and new drug development strategies.pdf",22.3
MC9,19,multiple_choice,"Which sleep characteristics are associated with AD?
A. Reduced REM duration
B. Abnormal slow-wave oscillations
C. Increased CSF tau during wakefulness
D. Stable sleep architecture","Based on the provided research papers, here is the evaluation of each option:

- **A. Supported**: In *Linking activity dyshomeostasis and sleep disturbances in Alzheimer disease (2024)*, the author notes that typical changes in sleep architecture in AD include a significantly reduced duration of the REM sleep stage compared to age-matched controls.
- **B. Supported**: *Linking activity dyshomeostasis and sleep disturbances in Alzheimer disease (2024)* describes that AD is associated with reductions and deficits across the frequency bands of slow waves (<1 Hz) during NREM sleep, as well as disrupted slow-wave activity patterns.
- **C. Not supported**: While *Linking activity dyshomeostasis and sleep disturbances in Alzheimer disease (2024)* notes that sleep deprivation increases extracellular tau in humans and mice, it does not identify increased CSF tau during wakefulness as a sleep characteristic associated with AD.
- **D. Not supported**: *Linking activity dyshomeostasis and sleep disturbances in Alzheimer disease (2024)* explicitly states that AD is characterized by fragmented circadian rhythms, shifts in sleep stages, and ""robust architectural disruptions,"" rather than stable sleep architecture.

ANSWER: A, B",True,0.814,"2024 Linking activity dyshomeostasis and sleep disturbances in Alzheimer disease.pdf, alzheimer disease  2021.pdf","A, B

A. Reduced REM duration: Supported. Individuals with AD exhibit significantly reduced REM sleep duration compared to age-matched controls (Linking activity dyshomeostasis and sleep disturbances in Alzheimer disease, 2024).

B. Abnormal slow-wave oscillations: Supported. AD is associated with reductions in slow-wave activity during NREM sleep, which is crucial for memory consolidation (Linking activity dyshomeostasis and sleep disturbances in Alzheimer disease, 2024).

C. Increased CSF tau during wakefulness: Not covered. The excerpts do not mention CSF tau levels specifically during wakefulness in the context of AD.

D. Stable sleep architecture: Not covered. The paper discusses disruptions in sleep architecture in AD, indicating instability rather than stability.",True,0.92,2024 Linking activity dyshomeostasis and sleep disturbances in Alzheimer disease.pdf,"A: SUPPORTED — The evidence states that ""the duration of NREM3 and REM sleep stages is significantly reduced"" in individuals with Alzheimer's disease (Linking activity dyshomeostasis and sleep disturbances in Alzheimer disease, 2024).  
B: SUPPORTED — The evidence indicates that ""slow-wave deficits that are specific to lower frequencies (<1 Hz) during NREM sleep"" are observed in Alzheimer's disease (Linking activity dyshomeostasis and sleep disturbances in Alzheimer disease, 2024).  
C: NOT SUPPORTED — There is no evidence provided that directly associates increased CSF tau during wakefulness with sleep characteristics in Alzheimer's disease.  
D: NOT SUPPORTED — The evidence discusses disruptions in sleep architecture in Alzheimer's disease, indicating that sleep architecture is not stable (Linking activity dyshomeostasis and sleep disturbances in Alzheimer disease, 2024).  

ANSWER: A, B",True,0.771,"2023-oxidative-damage-in-neurodegeneration-roles-in-the-pathogenesis-and-progression-of-alzheimer-disease.pdf, 2024 Immune Activation in Alzheimer Disease.pdf, 2024 Linking activity dyshomeostasis and sleep disturbances in Alzheimer disease.pdf",13.0
MC10,20,multiple_choice,"Which interventions may improve cognition in MCI or early dementia?
A. Melatonin
B. Rivasti gmine
C. Suvorexant
D. Ketogenic diet","Based on the provided research papers, the options are evaluated as follows:

- **A. Melatonin:** While Paper 1 (*Perluigi et al., 2024*) reports that melatonin alleviated memory deficits and cognitive impairment in rodent models, no evidence in the provided papers indicates that melatonin improves cognition in human patients with MCI or early dementia.
- **B. Rivastigmine:** Paper 10 (*Knopman et al., 2021*) and Paper 9 (*Zhang et al., 2024*) report that rivastigmine, an approved cholinesterase inhibitor for mild-to-moderate (early) Alzheimer dementia, enhances cognitive and behavioral functions and provides modest delays in symptom progression.
- **C. Suvorexant:** Suvorexant is not mentioned in any of the provided papers.
- **D. Ketogenic diet:** A ketogenic diet is not mentioned or evaluated in the provided papers (which discuss only caloric restriction/fasting, Mediterranean, DASH, and MIND diets).

ANSWER: B",True,0.674,,"B. Rivastigmine  
Rivastigmine is a cholinesterase inhibitor that has been shown to alleviate cognitive impairment in Alzheimer's disease patients, making it a supported option for improving cognition in MCI or early dementia (Recent advances in Alzheimer's disease, 2024).

A. Melatonin  
Melatonin has been mentioned in the context of improving cognitive function and reducing the detrimental impact of psychological stress, which may benefit the elderly population (Oxidative damage in neurodegeneration, 2024).

C. Suvorexant  
Not covered. There is no mention of suvorexant in the provided excerpts.

D. Ketogenic diet  
Not covered. There is no mention of a ketogenic diet in the provided excerpts.",True,0.92,"Recent advances in Alzheimer’s disease mechanisms clinical trials and new drug development strategies.pdf, 2023-oxidative-damage-in-neurodegeneration-roles-in-the-pathogenesis-and-progression-of-alzheimer-disease.pdf","A: NOT SUPPORTED — The evidence does not indicate that melatonin improves cognition in MCI or early dementia.  
B: SUPPORTED — Rivastigmine is an acetylcholinesterase inhibitor that has been shown to improve cognition in patients with mild cognitive impairment and mild Alzheimer's disease (Recent advances in Alzheimer's disease: mechanisms, clinical trials and new drug development strategies, 2024).  
C: NOT SUPPORTED — There is no evidence provided that suvorexant improves cognition in MCI or early dementia.  
D: SUPPORTED — The ketogenic diet has been associated with improvements in cognitive function and may help in managing cognitive decline (Oxidative damage in neurodegeneration: roles in the pathogenesis and progression of Alzheimer disease, 2024).  
ANSWER: B, D",True,0.774,"2023-oxidative-damage-in-neurodegeneration-roles-in-the-pathogenesis-and-progression-of-alzheimer-disease.pdf, Recent advances in Alzheimer’s disease mechanisms clinical trials and new drug development strategies.pdf, alzheimer disease  2021.pdf",17.9
SA1,21,short_answer,What is the role of the Aβ-PET scan in Alzheimer's diagnosis?,"In Alzheimer's disease (AD) diagnosis, amyloid-β positron emission tomography (Aβ-PET) serves as an ""A"" (amyloid) biomarker within the NIA-AA AT(N) research framework to biologically define the disease (*Alzheimer disease (2021)*; *Recent advances in Alzheimer's disease: mechanisms, clinical trials and new drug development strategies (2024)*). 

Aβ-PET enables direct in vivo visualization, staging, and quantification of the extent and location of fibrillar Aβ plaque deposition, demonstrating approximately 90% sensitivity and specificity (*Recent advances in Alzheimer's disease: mechanisms, clinical trials and new drug development strategies (2024)*; *Alzheimer disease (2021)*). It detects abnormal amyloid accumulation during the earliest preclinical stages—often 10–20 years before the emergence of neurodegeneration or clinical symptoms—facilitating timely monitoring and opportunities for early intervention (*Alzheimer disease (2021)*). Furthermore, Aβ-PET is utilized clinically to confirm the presence of cerebral Aβ pathology, assisting in patient selection and establishing eligibility for targeted antiamyloid therapies (*Advancements and challenges in antiamyloid therapy for Alzheimer's disease: a comprehensive review (2024)*).",True,0.866,"2024 Advancements and Challenges in Antiamyloid Therapy for.pdf, Recent advances in Alzheimer’s disease mechanisms clinical trials and new drug development strategies.pdf, alzheimer disease  2021.pdf","Aβ-PET scans play a crucial role in the diagnosis of Alzheimer's disease (AD) by providing a direct visualization of amyloid plaque accumulation in the brain, which is a hallmark of AD pathology. These scans have been validated against neuropathology and are used to assess the extent and location of amyloid deposition, offering a more precise diagnosis compared to traditional biomarkers (Alzheimer disease, 2021). Aβ-PET imaging is particularly useful for staging the disease and monitoring its progression, as it can detect amyloid accumulation even in asymptomatic individuals (Alzheimer disease, 2021). Additionally, the introduction of standardized procedures and the Centiloid scale has enhanced the interpretation of Aβ-PET results in clinical practice (Alzheimer disease, 2021).",True,0.726,"Recent advances in Alzheimer’s disease mechanisms clinical trials and new drug development strategies.pdf, 2024 Neuroinflammation in Alzheimer disease.pdf, alzheimer disease  2021.pdf","The Aβ-PET scan plays a crucial role in the diagnosis of Alzheimer's disease (AD) by detecting amyloid-beta (Aβ) deposition in the brain, which is a hallmark of the disease. Studies indicate that Aβ-PET exhibits approximately 90% sensitivity and specificity for diagnosing AD, making it a reliable biomarker (Recent advances in Alzheimer's disease: mechanisms, clinical trials and new drug development strategies, 2024). Aβ-PET can identify abnormal brain changes earlier than neurodegeneration, thus facilitating early intervention opportunities (Alzheimer disease, 2021). Additionally, Aβ-PET findings correlate well with neuropathological assessments, enhancing diagnostic accuracy (Alzheimer disease, 2021). However, while Aβ-PET is valuable, it should be combined with other clinical assessments and biomarkers for a comprehensive evaluation of AD pathology (Recent advances in Alzheimer's disease: mechanisms, clinical trials and new drug development strategies, 2024).",True,0.772,"2024 Neuroinflammation in Alzheimer disease.pdf, Recent advances in Alzheimer’s disease mechanisms clinical trials and new drug development strategies.pdf, alzheimer disease  2021.pdf",12.0
SA2,22,short_answer,How does hearing loss influence AD pathogenesis according to recent studies?,"According to *Alzheimer disease (2021)*, hearing loss is recognized as a potentially modifiable midlife risk factor for dementia. When occurring in midlife alongside other factors such as metabolic disturbances, traumatic brain injury, and alcohol abuse, hearing loss is associated with an increased risk of later-life dementia, carrying a relative risk between 1.5 and 1.8. 

In patients already affected by Alzheimer disease, hearing loss is a common condition that directly exacerbates short-term memory problems. Furthermore, hearing limitations contribute to a decline in the quality of life for both patients and their caregivers and present practical management challenges, such as difficulties with adjusting or misplacing hearing devices. While the paper does not describe specific cellular or molecular mechanisms by which hearing loss influences neuropathology, it establishes hearing loss as a significant midlife risk factor that heightens dementia risk and worsens clinical cognitive impairment.",True,0.735,alzheimer disease  2021.pdf,"Hearing loss in individuals with Alzheimer's disease (AD) can exacerbate short-term memory problems, complicating the management of cognitive impairment. It poses a significant challenge as the use of hearing aids may be hindered by the patients' impaired memory and judgment, leading to difficulties in adapting to these devices (Alzheimer disease, 2021). Additionally, the presence of hearing loss may mask other cognitive deficits, making it harder to distinguish between AD and other potential diagnoses, such as Lewy body disease or normal pressure hydrocephalus (Alzheimer disease, 2021). Thus, addressing hearing loss is crucial for optimizing care and improving the quality of life for patients with AD.",True,0.709,"alzheimer disease  2021.pdf, 2024 Neuroinflammation in Alzheimer disease.pdf, 2025 Oligodendrocytes in Alzheimer’s disease pathophysiology.pdf, 2023-oxidative-damage-in-neurodegeneration-roles-in-the-pathogenesis-and-progression-of-alzheimer-disease.pdf, Recent advances in Alzheimer’s disease mechanisms clinical trials and new drug development strategies.pdf, 2024 Linking activity dyshomeostasis and sleep disturbances in Alzheimer disease.pdf","Recent studies suggest that hearing loss may influence the pathogenesis of Alzheimer's disease (AD) through several interconnected mechanisms. Hearing impairment is associated with increased neuroinflammation and cognitive decline, which are critical factors in AD progression (Recent advances in Alzheimer's disease: mechanisms, clinical trials and new drug development strategies, 2024). Additionally, the presence of myelin abnormalities and oligodendrocyte dysfunction in AD has been linked to neuroinflammatory responses that could be exacerbated by auditory dysfunction (Oligodendrocytes in Alzheimer's disease pathophysiology, 2025). The interplay between auditory processing and cognitive functions may further complicate the clinical manifestations of AD, highlighting the need for more research to clarify these relationships (Alzheimer disease, 2021). Overall, while the exact mechanisms remain to be fully elucidated, the evidence points to a significant connection between hearing loss and AD pathogenesis.",True,0.765,"2024 Neuroinflammation in Alzheimer disease.pdf, 2025 Oligodendrocytes in Alzheimer’s disease pathophysiology.pdf, Recent advances in Alzheimer’s disease mechanisms clinical trials and new drug development strategies.pdf, alzheimer disease  2021.pdf",12.1
SA3,23,short_answer,What are the three components of the A-T-N framework?,"Based on the research framework established by the National Institute on Aging and Alzheimer’s Association (NIA-AA), the three components of the A-T-N (or AT(N)) framework represent distinct biomarker categories:

1. **“A” (Amyloid-β / Aβ deposition):** Measures Aβ accumulation or plaque pathology, evaluated via Aβ-PET imaging or cerebrospinal fluid (CSF) measures such as reduced Aβ42 or a decreased Aβ42/Aβ40 ratio.
2. **“T” (Pathologic / abnormal tau):** Evaluates abnormal tau accumulation, determined by tau-PET imaging or elevated concentrations of CSF phosphorylated tau species (such as p-tau181 or p-tau217).
3. **“N” (Neurodegeneration or neuronal injury):** Reflects non-specific neuronal injury or cell loss, assessed through structural MRI (detecting brain or hippocampal atrophy), FDG-PET (detecting temporoparietal hypometabolism), or elevated biomarkers like CSF total tau (t-tau) and neurofilament light chain (NfL).

**Sources:**
- *Alzheimer disease* (2021)
- *Recent advances in Alzheimer's disease: mechanisms, clinical trials and new drug development strategies* (2024)",True,0.796,"Recent advances in Alzheimer’s disease mechanisms clinical trials and new drug development strategies.pdf, alzheimer disease  2021.pdf","The A-T-N framework consists of three components: Aβ (amyloid-beta) deposition, tau pathology, and neurodegeneration. The ""A"" component refers to amyloid biomarkers, which can be assessed through imaging techniques like PET and cerebrospinal fluid (CSF) analysis. The ""T"" component involves tau biomarkers, indicating the presence of abnormal tau protein, while the ""N"" component encompasses neurodegeneration markers, which reflect neuronal injury and loss (Recent advances in Alzheimer's disease: mechanisms, clinical trials and new drug development strategies, 2024; Alzheimer disease, 2021).",True,0.666,"alzheimer disease  2021.pdf, 2024 Immune Activation in Alzheimer Disease.pdf, 2024 Neuroinflammation in Alzheimer disease.pdf, 2023-oxidative-damage-in-neurodegeneration-roles-in-the-pathogenesis-and-progression-of-alzheimer-disease.pdf, 2024 Advancements and Challenges in Antiamyloid Therapy for.pdf, Recent advances in Alzheimer’s disease mechanisms clinical trials and new drug development strategies.pdf","The A-T-N framework, proposed by the National Institute on Aging and Alzheimer’s Association (NIA-AA), consists of three components: A (amyloid), T (tau), and N (neurodegeneration). This framework categorizes biomarkers related to Alzheimer's disease (AD) pathology. The ""A"" component includes biomarkers that reflect amyloid-beta deposition, such as amyloid PET imaging and cerebrospinal fluid (CSF) levels of amyloid-beta. The ""T"" component pertains to tau pathology, indicated by tau PET imaging and CSF phosphorylated tau levels. Finally, the ""N"" component represents neurodegeneration, assessed through imaging techniques like MRI and CSF neurodegeneration markers (Recent advances in Alzheimer's disease: mechanisms, clinical trials and new drug development strategies, 2024; Alzheimer disease, 2021). This framework aids in diagnosing and understanding the progression of AD.",True,0.755,"2023-oxidative-damage-in-neurodegeneration-roles-in-the-pathogenesis-and-progression-of-alzheimer-disease.pdf, 2024 Advancements and Challenges in Antiamyloid Therapy for.pdf, 2024 Linking activity dyshomeostasis and sleep disturbances in Alzheimer disease.pdf, 2024 Neuroinflammation in Alzheimer disease.pdf, Recent advances in Alzheimer’s disease mechanisms clinical trials and new drug development strategies.pdf, alzheimer disease  2021.pdf",13.0
SA4,24,short_answer,Describe how sleep architecture can predict β-amyloid accumulation.,"Specific alterations in sleep architecture can predict and forecast β-amyloid (Aβ) accumulation. Lower sleep efficiency in presymptomatic individuals predicts subsequently greater Aβ accumulation across subsequent years (""Linking activity dyshomeostasis and sleep disturbances in Alzheimer disease"", 2024). In particular, slow-wave deficits specific to lower frequencies (<1 Hz) during non-rapid eye movement (NREM) sleep in the medial prefrontal cortex are tied to Aβ deposition (""Linking activity dyshomeostasis and sleep disturbances in Alzheimer disease"", 2024).

Mechanistically, sleep architecture regulates Aβ dynamics: NREM sleep features reduced neuronal activity that lowers interstitial fluid Aβ levels, whereas glymphatic transport clears Aβ during sleep (""Linking activity dyshomeostasis and sleep disturbances in Alzheimer disease"", 2024; ""Alzheimer disease"", 2021). Conversely, sleep fragmentation or deprivation increases extracellular Aβ release and impairs elimination, allowing sleep disturbances to forecast accelerated amyloid accumulation (""Linking activity dyshomeostasis and sleep disturbances in Alzheimer disease"", 2024).",True,0.803,"2024 Linking activity dyshomeostasis and sleep disturbances in Alzheimer disease.pdf, alzheimer disease  2021.pdf","Sleep architecture can predict β-amyloid accumulation as disruptions in sleep patterns, particularly in non-rapid eye movement (NREM) sleep, are associated with increased Aβ levels. Studies indicate that sleep disturbances forecast Aβ accumulation over subsequent years, suggesting that impaired sleep functions may contribute to decreased sleep need and disrupted Aβ homeostasis (Linking activity dyshomeostasis and sleep disturbances in Alzheimer disease, 2024). Additionally, sleep plays a critical role in Aβ clearance through the glymphatic system, which is compromised in Alzheimer's disease, further linking sleep quality to Aβ dynamics (Linking activity dyshomeostasis and sleep disturbances in Alzheimer disease, 2024).",True,0.732,2024 Linking activity dyshomeostasis and sleep disturbances in Alzheimer disease.pdf,"Sleep architecture can predict β-amyloid accumulation through its influence on neuronal activity and homeostasis. Disruptions in sleep, particularly in non-rapid eye movement (NREM) sleep, have been linked to increased β-amyloid levels. For instance, sleep disturbances forecast β-amyloid accumulation over subsequent years (Winer et al., 2020). Additionally, sleep plays a crucial role in regulating β-amyloid clearance via the glymphatic system, which is compromised in Alzheimer's disease (AD) models (Holth et al., 2019; Xie et al., 2013). Furthermore, early amyloid pathology can lead to hyperexcitability during sleep, which may exacerbate sleep disturbances and further impair β-amyloid homeostasis (Kam et al., 2016; Zott et al., 2019). Thus, altered sleep architecture serves as a predictive marker for β-amyloid accumulation and subsequent cognitive decline in AD (Mander et al., 2015; Lucey et al., 2018).",True,0.776,2024 Linking activity dyshomeostasis and sleep disturbances in Alzheimer disease.pdf,33.8
SA5,25,short_answer,What is the significance of the Mediterranean diet in AD research?,"In Alzheimer disease (AD) research, the Mediterranean diet (MeDi) serves as a healthy nutritional model rich in monounsaturated and polyunsaturated fatty acids, antioxidants, vitamins, and minerals, and low in saturated fats and red meat (“Oxidative damage in neurodegeneration: roles in the pathogenesis and progression of Alzheimer disease”, 2024). Studies indicate that adherence to the MeDi correlates with a reduced risk of AD, a lower risk of developing AD in individuals with mild cognitive impairment, and reduced mortality in AD patients (“Oxidative damage in neurodegeneration: roles in the pathogenesis and progression of Alzheimer disease”, 2024). 

Unlike pro-inflammatory diets, a Mediterranean diet is linked to lower dementia risk and preserved brain volume (“Neuroinflammation in Alzheimer disease”, 2025). Furthermore, preclinical canine models show that MeDi-like high-antioxidant diets reduce brain Aβ42, hyperphosphorylated tau, and oxidative stress while improving cognition (“Oxidative damage in neurodegeneration: roles in the pathogenesis and progression of Alzheimer disease”, 2024).",True,0.848,"2023-oxidative-damage-in-neurodegeneration-roles-in-the-pathogenesis-and-progression-of-alzheimer-disease.pdf, 2024 Neuroinflammation in Alzheimer disease.pdf, alzheimer disease  2021.pdf","The Mediterranean diet (MeDi) has been associated with a reduced risk of Alzheimer's disease (AD) and cognitive decline, as it includes essential nutrients that may modulate pathological processes related to AD, such as oxidative stress and inflammation (Oxidative damage in neurodegeneration: roles in the pathogenesis and progression of Alzheimer disease, 2024). Various studies, including randomized controlled trials, have shown that adherence to the MeDi correlates with improved cognitive performance and lower mortality in AD patients (Oxidative damage in neurodegeneration: roles in the pathogenesis and progression of Alzheimer disease, 2024). However, some studies have reported no significant association, indicating the need for further research to clarify the MeDi's role in AD prevention and management (Oxidative damage in neurodegeneration: roles in the pathogenesis and progression of Alzheimer disease, 2024).",True,0.722,"2024 Neuroinflammation in Alzheimer disease.pdf, 2023-oxidative-damage-in-neurodegeneration-roles-in-the-pathogenesis-and-progression-of-alzheimer-disease.pdf","The Mediterranean diet (MeDi) is significant in Alzheimer's disease (AD) research due to its association with reduced risk and progression of cognitive decline. Studies indicate that adherence to the MeDi correlates with lower incidence rates of AD and improved cognitive outcomes in at-risk populations (Garcia-Casares et al., 2021; Ballarini et al., 2021). The MeDi is rich in monounsaturated fats, antioxidants, and anti-inflammatory components, which may mitigate neuroinflammation and oxidative stress—key factors in AD pathology (Oxidative damage in neurodegeneration, 2024). However, some studies report conflicting results regarding its protective effects, suggesting that further research is needed to clarify these associations (Oxidative damage in neurodegeneration, 2024). Overall, the MeDi represents a promising dietary approach for AD prevention and management (Neuroinflammation in Alzheimer disease, 2025).",True,0.777,"2023-oxidative-damage-in-neurodegeneration-roles-in-the-pathogenesis-and-progression-of-alzheimer-disease.pdf, 2024 Neuroinflammation in Alzheimer disease.pdf, alzheimer disease  2021.pdf",25.5
SA6,26,short_answer,Explain the role of tau-PET imaging.,"Tau-PET imaging serves as an in vivo staging biomarker that quantitatively measures both the regional abundance and spatial distribution of pathological tau aggregates and neurofibrillary tangles (*Alzheimer disease (2021)*; *Recent advances in Alzheimer’s disease: mechanisms, clinical trials and new drug development strategies (2024)*). It allows specific differentiation of Alzheimer disease (AD) from other neurodegenerative disorders, showing higher diagnostic accuracy than MRI markers (*Alzheimer disease (2021)*; *Recent advances in Alzheimer’s disease: mechanisms, clinical trials and new drug development strategies (2024)*). 

The binding topography of tau-PET correlates with cognitive performance, mirrors distinct AD clinical phenotypes, and sensitively tracks the regional spread of tauopathy over time (*Alzheimer disease (2021)*). Furthermore, tau-PET abnormalities strongly predict subsequent cognitive decline in both asymptomatic and symptomatic individuals, and this imaging modality is used in clinical trials to monitor pathological changes and assess therapeutic impact (*Alzheimer disease (2021)*; *Advancements and challenges in antiamyloid therapy for Alzheimer’s disease: a comprehensive review (2024)*).",True,0.864,"2024 Advancements and Challenges in Antiamyloid Therapy for.pdf, Recent advances in Alzheimer’s disease mechanisms clinical trials and new drug development strategies.pdf, alzheimer disease  2021.pdf","Tau-PET imaging is a valuable tool for detecting tauopathy, which is closely associated with cognitive impairment in Alzheimer's disease (AD). It provides a measure of regional tau abundance and distribution, correlating strongly with cognitive performance and mapping onto different clinical phenotypes of AD (Alzheimer disease, 2021). Tau-PET abnormalities are predictive of subsequent cognitive decline and are sensitive to the progression of tau pathology over time (Alzheimer disease, 2021). This imaging modality enhances diagnostic accuracy, particularly in differentiating AD from other neurodegenerative disorders, and is crucial for monitoring disease progression (Recent advances in Alzheimer's disease: mechanisms, clinical trials and new drug development strategies, 2024).",True,0.712,"Recent advances in Alzheimer’s disease mechanisms clinical trials and new drug development strategies.pdf, 2023-oxidative-damage-in-neurodegeneration-roles-in-the-pathogenesis-and-progression-of-alzheimer-disease.pdf, alzheimer disease  2021.pdf","Tau-PET imaging plays a crucial role in the diagnosis and understanding of Alzheimer's disease (AD) by allowing for the visualization of tau pathology, which is closely associated with cognitive decline. It provides a specific measure of neurofibrillary tangles (NFTs), which are a hallmark of AD, and correlates with cognitive performance and atrophy in affected brain regions (Alzheimer disease, 2021). Studies indicate that tau-PET can differentiate AD from other neurodegenerative disorders with higher accuracy than traditional MRI markers (Recent advances in Alzheimer's disease, 2024). Furthermore, tau accumulation occurs closer to the onset of cognitive symptoms compared to amyloid deposition, making tau-PET a valuable tool for early intervention strategies (Alzheimer disease, 2021; Recent advances in Alzheimer's disease, 2024). Overall, tau-PET imaging enhances diagnostic precision and aids in monitoring disease progression (Neuroinflammation in Alzheimer disease, 2025).",True,0.765,"2023-oxidative-damage-in-neurodegeneration-roles-in-the-pathogenesis-and-progression-of-alzheimer-disease.pdf, 2024 Neuroinflammation in Alzheimer disease.pdf, 2025 Updates on mouse models of Alzheimer’s disease.pdf, Recent advances in Alzheimer’s disease mechanisms clinical trials and new drug development strategies.pdf, alzheimer disease  2021.pdf",11.8
SA7,27,short_answer,Why are hearing interventions considered in dementia prevention?,"Based on *Alzheimer disease (2021)*, hearing interventions are considered in dementia prevention because hearing loss occurring in midlife is recognized as a significant, potentially modifiable risk factor associated with an increased risk of later-life dementia, carrying a relative risk between 1.5 and 1.8. In addition, hearing loss is common in individuals with Alzheimer disease and can directly exacerbate short-term memory difficulties. Impaired hearing also represents a compounding disability that diminishes the overall quality of life for both patients and their family caregivers. While managing hearing impairment with corrective devices such as hearing aids presents practical challenges in cognitively impaired individuals due to device misplacement and adjustment difficulties, mitigating modifiable risk factors during midlife remains a key preventative strategy aimed at reducing the overall burden of brain dysfunction and delaying the onset of symptomatic cognitive decline.",True,0.733,alzheimer disease  2021.pdf,"Hearing loss is common in patients with Alzheimer's disease (AD) and can exacerbate short-term memory problems, making it a significant management challenge in individuals with mild cognitive impairment (MCI) or dementia (Alzheimer disease, 2021). Effective hearing interventions, such as the use of hearing aids, can help mitigate these cognitive difficulties; however, the complexity of managing hearing loss in patients with cognitive impairment is heightened due to the challenges of device adjustment and the risk of misplacing aids (Alzheimer disease, 2021). Addressing hearing loss may improve communication and social engagement, potentially contributing to better overall cognitive health and quality of life in individuals at risk for dementia (Alzheimer disease, 2021).",True,0.698,alzheimer disease  2021.pdf,"Hearing interventions are considered in dementia prevention due to their potential role in mitigating cognitive decline. Research indicates that lifestyle factors, including sensory health, can influence dementia risk. For instance, the FINGER study demonstrated that multidomain interventions, which may include sensory health strategies, can effectively delay cognitive decline in at-risk populations (Alzheimer disease, 2021). Additionally, addressing hearing loss may enhance social engagement and cognitive stimulation, which are crucial for maintaining cognitive function (Oxidative damage in neurodegeneration, 2024). However, while the evidence supports the importance of lifestyle modifications, including hearing interventions, the specific impact of hearing health on dementia prevention requires further investigation to establish definitive causal relationships (Recent advances in Alzheimer's disease, 2024).",True,0.763,"2023-oxidative-damage-in-neurodegeneration-roles-in-the-pathogenesis-and-progression-of-alzheimer-disease.pdf, 2024 Advancements and Challenges in Antiamyloid Therapy for.pdf, 2024 Neuroinflammation in Alzheimer disease.pdf, Recent advances in Alzheimer’s disease mechanisms clinical trials and new drug development strategies.pdf, alzheimer disease  2021.pdf",11.4
SA8,28,short_answer,How might gut microbiota influence AD?,"The gut microbiota influences Alzheimer disease (AD) via bidirectional metabolic, endocrine, neural, and immune pathways (""Recent advances in Alzheimer's disease: mechanisms, clinical trials and new drug development strategies"", 2024). Gut dysbiosis disrupts the intestinal epithelial barrier, releasing bacterial lipopolysaccharides, short-chain fatty acids (SCFAs), and inflammatory mediators into circulation. These factors impair blood–brain barrier permeability, activate microglia, stimulate brain C/EBPβ, and accelerate amyloid accumulation and tau hyperphosphorylation (""Immune Activation in Alzheimer Disease"", 2024; ""Neuroinflammation in Alzheimer disease"", 2025). 

Patient-derived microbiota can also trigger intestinal NLRP3 inflammasomes, exporting circulating cytokines that exacerbate central neuroinflammation, while fecal transplants from AD patients directly induce cognitive deficits in rodents (""Immune Activation in Alzheimer Disease"", 2024; ""Neuroinflammation in Alzheimer disease"", 2025). Conversely, beneficial microbially derived tryptophan metabolites and bile acids can cross the blood–brain barrier to suppress NF-κB and NLRP3 pathways, providing protective anti-inflammatory actions (""Neuroinflammation in Alzheimer disease"", 2025).",True,0.9,"2024 Immune Activation in Alzheimer Disease.pdf, 2024 Neuroinflammation in Alzheimer disease.pdf, Recent advances in Alzheimer’s disease mechanisms clinical trials and new drug development strategies.pdf, alzheimer disease  2021.pdf","Gut microbiota may influence Alzheimer's disease (AD) through several mechanisms, including the modulation of immune responses and the integrity of the blood-brain barrier (BBB). Dysbiosis can lead to systemic inflammation, allowing inflammatory mediators to cross the BBB and activate microglia, exacerbating neuroinflammation (Neuroinflammation in Alzheimer disease, 2025). Additionally, microbial metabolites, such as short-chain fatty acids, can affect microglial function and promote an anti-inflammatory phenotype, potentially reducing AD pathology (Neuroinflammation in Alzheimer disease, 2025). Furthermore, faecal transplantation studies indicate that gut microbiota from healthy individuals can ameliorate cognitive deficits and reduce amyloid and tau pathology in AD models (Recent advances in Alzheimer's disease, 2024).",True,0.726,"2024 Immune Activation in Alzheimer Disease.pdf, 2024 Neuroinflammation in Alzheimer disease.pdf, Recent advances in Alzheimer’s disease mechanisms clinical trials and new drug development strategies.pdf","Gut microbiota may influence Alzheimer’s disease (AD) through several mechanisms, primarily involving neuroinflammation and immune modulation. Research indicates that the gut microbiome can shape microglial responses to pathological insults, with studies showing that fecal transplantation from healthy donors can reduce AD-like symptoms in mouse models (Neuroinflammation in Alzheimer disease, 2025). Dysbiosis, or an imbalance in gut microbiota, can lead to systemic inflammation, allowing inflammatory mediators to cross the blood-brain barrier (BBB) and exacerbate neuroinflammation, which is a key feature of AD pathology (Recent advances in Alzheimer's disease, 2024). Additionally, microbial metabolites, such as short-chain fatty acids, may modulate microglial activity and influence neuroinflammatory pathways (Neuroinflammation in Alzheimer disease, 2025). However, the precise mechanisms by which gut microbiota alterations affect AD progression remain to be fully elucidated (Neuroinflammation in Alzheimer disease, 2025).",True,0.771,"2023-oxidative-damage-in-neurodegeneration-roles-in-the-pathogenesis-and-progression-of-alzheimer-disease.pdf, 2024 Immune Activation in Alzheimer Disease.pdf, 2024 Neuroinflammation in Alzheimer disease.pdf, Recent advances in Alzheimer’s disease mechanisms clinical trials and new drug development strategies.pdf",16.0
SA9,29,short_answer,What is the purpose of using Mendelian Randomization in AD studies?,NOT_COVERED: This information is not covered in the uploaded research papers.,True,0.92,,"The purpose of using Mendelian Randomization in Alzheimer's disease (AD) studies is to assess the causal relationships between modifiable risk factors and AD outcomes by leveraging genetic variants as instrumental variables. This approach helps to minimize confounding factors and biases that can affect observational studies, providing a clearer understanding of how specific risk factors may influence the development and progression of AD (Recent advances in Alzheimer's disease: mechanisms, clinical trials and new drug development strategies, 2024). By identifying genetic variants associated with risk factors, researchers can better evaluate their potential impact on AD pathology and therapeutic strategies (Alzheimer disease, 2021).",True,0.695,"Recent advances in Alzheimer’s disease mechanisms clinical trials and new drug development strategies.pdf, alzheimer disease  2021.pdf, 2023-oxidative-damage-in-neurodegeneration-roles-in-the-pathogenesis-and-progression-of-alzheimer-disease.pdf, 2025 Updates on mouse models of Alzheimer’s disease.pdf","Mendelian Randomization (MR) is employed in Alzheimer's disease (AD) studies to establish causal relationships between genetic variants and disease outcomes, thereby addressing confounding factors often present in observational studies. This approach leverages genetic variants as instrumental variables to infer the effects of modifiable risk factors on AD risk and progression. For instance, recent studies have utilized MR to explore the role of immune activation and specific genetic loci associated with AD, enhancing our understanding of the disease's etiology (Zhang et al., 2024; Heneka et al., 2024). By clarifying these causal pathways, MR aids in identifying potential therapeutic targets and informs the development of interventions aimed at modifying risk factors associated with AD (Zhang et al., 2024). However, the complexity of AD's multifactorial nature necessitates further research to validate these findings and refine therapeutic strategies (Zhang et al., 2024; Heneka et al., 2024).",True,0.762,"2023-oxidative-damage-in-neurodegeneration-roles-in-the-pathogenesis-and-progression-of-alzheimer-disease.pdf, 2024 Immune Activation in Alzheimer Disease.pdf, 2024 Neuroinflammation in Alzheimer disease.pdf, 2025 Updates on mouse models of Alzheimer’s disease.pdf, Recent advances in Alzheimer’s disease mechanisms clinical trials and new drug development strategies.pdf, alzheimer disease  2021.pdf",19.2
SA10,30,short_answer,What is the effect of chronic hypoxia on Alzheimer's pathology?,"While the provided papers do not specifically isolate “chronic” hypoxia from general hypoxia, they document several key effects of hypoxia and hypoxic/ischemic damage on Alzheimer disease (AD) pathology:

1. **Increased Aβ Production:** Blood–brain barrier breakdown leads to ischemic/hypoxic brain damage, which stimulates and increases amyloid-β (Aβ) production (*Neuroinflammation in Alzheimer disease (2025)*; *Recent advances in Alzheimer's disease: mechanisms, clinical trials and new drug development strategies (2024)*). 
2. **Oligodendrocyte and Myelin Damage:** Oligodendrocytes and myelin sheaths possess restricted homeostatic capacity and are especially vulnerable to hypoxia-induced oxidative stress, contributing to white matter degeneration (*Oligodendrocytes in Alzheimer's disease pathophysiology (2025)*).
3. **Mitophagy Activation:** Cellular hypoxia, alongside energy deprivation and oxidative stress, triggers the autophagic machinery to selectively target and clear damaged mitochondria (*Oxidative damage in neurodegeneration: roles in the pathogenesis and progression of Alzheimer disease (2024)*).

Furthermore, hypoxic markers noticeably accumulate in the brains of AD patients and animal models (*Neuroinflammation in Alzheimer disease (2025)*).",True,0.9,"2023-oxidative-damage-in-neurodegeneration-roles-in-the-pathogenesis-and-progression-of-alzheimer-disease.pdf, 2024 Neuroinflammation in Alzheimer disease.pdf, 2025 Oligodendrocytes in Alzheimer’s disease pathophysiology.pdf, Recent advances in Alzheimer’s disease mechanisms clinical trials and new drug development strategies.pdf, alzheimer disease  2021.pdf","Chronic hypoxia exacerbates Alzheimer's pathology by increasing oxidative stress and promoting myelin damage, particularly in oligodendrocytes. Oligodendrocytes are vulnerable to hypoxia-induced oxidative stress due to their extensive surface area and limited ability to maintain homeostasis over myelin sheaths, leading to functional impairments in nerve conduction and neuronal support (Oligodendrocytes in Alzheimer's disease pathophysiology, 2025). Additionally, hypoperfusion associated with aging contributes to the degeneration of white matter, which is often one of the first regions to show significant accumulation of toxic Aβ oligomers (Oligodendrocytes in Alzheimer's disease pathophysiology, 2025). This interplay between hypoxia and amyloid pathology may accelerate the progression of Alzheimer's disease.",True,0.726,"2025 Oligodendrocytes in Alzheimer’s disease pathophysiology.pdf, 2023-oxidative-damage-in-neurodegeneration-roles-in-the-pathogenesis-and-progression-of-alzheimer-disease.pdf","Chronic hypoxia appears to exacerbate Alzheimer's pathology through several mechanisms, primarily involving oxidative stress and vascular dysfunction. Oligodendrocytes, which are crucial for myelin maintenance, are particularly vulnerable to hypoxia-induced oxidative stress, leading to myelin damage and impaired neuronal function (Oligodendrocytes in Alzheimer's disease pathophysiology, 2025). Additionally, hypoperfusion and vascular abnormalities associated with aging contribute to the accumulation of amyloid-beta and tau pathology, further promoting neurodegeneration (Oxidative damage in neurodegeneration: roles in the pathogenesis and progression of Alzheimer disease, 2024). The interplay between oxidative stress and neuroinflammation is also significant, as these factors collectively drive the progression of Alzheimer's disease (Recent advances in Alzheimer's disease: mechanisms, clinical trials and new drug development strategies, 2024). Overall, chronic hypoxia may accelerate Alzheimer's pathology through these interconnected pathways.",True,0.779,"2023-oxidative-damage-in-neurodegeneration-roles-in-the-pathogenesis-and-progression-of-alzheimer-disease.pdf, 2024 Neuroinflammation in Alzheimer disease.pdf, 2025 Oligodendrocytes in Alzheimer’s disease pathophysiology.pdf, Recent advances in Alzheimer’s disease mechanisms clinical trials and new drug development strategies.pdf, alzheimer disease  2021.pdf",22.8
LA1,31,long_answer,Discuss the bidirectional relationship between sleep disturbances and Alzheimer's disease and how it can influence future therapeutic strategies.,"The relationship between sleep disturbances and Alzheimer’s disease (AD) is bidirectional. Sleep deprivation and reduced sleep efficiency elevate extracellular amyloid-β (Aβ) and tau levels while impairing glymphatic clearance, which normally eliminates metabolites during sleep (*Linking activity dyshomeostasis and sleep disturbances in Alzheimer disease (2024)*; *Alzheimer disease (2021)*). Conversely, accumulating Aβ and tau pathologies disrupt sleep architecture—diminishing slow-wave (NREM3) and REM sleep, increasing nocturnal wakefulness, and abolishing normal diurnal Aβ fluctuations (*Linking activity dyshomeostasis and sleep disturbances in Alzheimer disease (2024)*; *Updates on mouse models of Alzheimer's disease (2024)*). Furthermore, early Aβ pathology triggers neuronal hyperexcitability and subclinical epileptiform discharges predominantly during low-arousal states like sleep; initial sleep fragmentation may even represent an adaptive negative-feedback mechanism to suppress these sleep-confined epileptiform events before reaching a maladaptive “point break” (*Linking activity dyshomeostasis and sleep disturbances in Alzheimer disease (2024)*).

This reciprocal dynamic critically informs future therapeutic strategies. Simply prescribing hypnotics to artificially extend sleep without addressing underlying hyperexcitability could exacerbate epileptiform discharges and accelerate cognitive decline (*Linking activity dyshomeostasis and sleep disturbances in Alzheimer disease (2024)*). Consequently, therapies should aim to restore neuronal activity homeostasis during low-arousal states rather than merely lengthening sleep duration. Promising avenues include deep brain stimulation of circuits such as the thalamic nucleus reuniens, lowering pathological firing-rate set points via mitochondrial dihydroorotate dehydrogenase inhibition, and activating homeostatic effectors through melanin-concentrating hormone pathways (*Linking activity dyshomeostasis and sleep disturbances in Alzheimer disease (2024)*), alongside treating comorbid conditions such as obstructive sleep apnea (*Alzheimer disease (2021)*).",True,0.9,"2024 Linking activity dyshomeostasis and sleep disturbances in Alzheimer disease.pdf, 2025 Updates on mouse models of Alzheimer’s disease.pdf, alzheimer disease  2021.pdf","The relationship between sleep disturbances and Alzheimer's disease (AD) is bidirectional, with each influencing the other in significant ways. Sleep disturbances, such as reduced duration of NREM and REM sleep, are prevalent in individuals with AD and are associated with cognitive impairments (Linking activity dyshomeostasis and sleep disturbances in Alzheimer disease, 2024). These changes in sleep architecture may arise from the accumulation of amyloid-β (Aβ), which disrupts the homeostatic machinery responsible for regulating sleep and neuronal activity. As a result, sleep deficits may serve as an adaptive response to mitigate hyperexcitability during the presymptomatic stage of AD, although this adaptation can become maladaptive as the disease progresses (Linking activity dyshomeostasis and sleep disturbances in Alzheimer disease, 2024).

Conversely, sleep disturbances can exacerbate AD pathology by impairing Aβ clearance and synaptic homeostasis. Sleep is crucial for the elimination of Aβ through the glymphatic system, and disruptions in sleep can lead to increased Aβ levels, further contributing to neurodegeneration (Linking activity dyshomeostasis and sleep disturbances in Alzheimer disease, 2024). This reciprocal relationship underscores the importance of understanding how sleep and AD interact, as therapeutic strategies targeting sleep may need to consider the underlying hyperexcitability and Aβ accumulation.

Future therapeutic approaches could focus on restoring sleep homeostasis to mitigate the effects of AD. Interventions that enhance sleep quality may help improve Aβ clearance and synaptic health, potentially delaying cognitive decline (Linking activity dyshomeostasis and sleep disturbances in Alzheimer disease, 2024). However, caution is warranted, as simply extending sleep without addressing the underlying hyperexcitability may lead to adverse outcomes. Thus, a nuanced understanding of the interplay between sleep and AD is essential for developing effective treatments.",True,0.744,2024 Linking activity dyshomeostasis and sleep disturbances in Alzheimer disease.pdf,"The bidirectional relationship between sleep disturbances and Alzheimer's disease (AD) is increasingly recognized as a critical factor influencing disease progression and therapeutic strategies. Sleep disturbances, such as reduced slow-wave sleep and altered sleep architecture, are prevalent in individuals with AD and can exacerbate cognitive decline (Zhang et al., 2022). Conversely, the accumulation of amyloid-β (Aβ) disrupts sleep patterns, leading to hyperexcitability in neuronal circuits during sleep, which further impairs sleep quality (Wang & Holtzman, 2020; Mander et al., 2015). This interplay suggests that sleep disturbances may serve as both a symptom and a contributing factor to AD pathology.

Recent research posits that addressing sleep disturbances could be a therapeutic target. For instance, enhancing sleep quality may mitigate hyperexcitability and improve cognitive resilience in AD patients (Kam et al., 2024). Therapeutic strategies could include pharmacological interventions aimed at restoring sleep homeostasis or utilizing brain stimulation techniques to enhance sleep quality (Kam et al., 2024). 

However, the evidence remains preliminary, and further studies are needed to clarify the mechanisms underlying this relationship and to develop effective interventions. Current treatments primarily focus on symptomatic relief rather than addressing the underlying pathophysiological processes, highlighting the need for innovative approaches that consider the role of sleep in AD (Zhang et al., 2024; Advancements and challenges in antiamyloid therapy for Alzheimer's disease, 2024).",True,0.753,"2023-oxidative-damage-in-neurodegeneration-roles-in-the-pathogenesis-and-progression-of-alzheimer-disease.pdf, 2024 Advancements and Challenges in Antiamyloid Therapy for.pdf, 2024 Linking activity dyshomeostasis and sleep disturbances in Alzheimer disease.pdf, 2025 Updates on mouse models of Alzheimer’s disease.pdf, Recent advances in Alzheimer’s disease mechanisms clinical trials and new drug development strategies.pdf, alzheimer disease  2021.pdf",16.8
LA2,32,long_answer,Evaluate the A-T-N biomarker framework and its utility in staging Alzheimer's disease.,"The A-T-N (or AT(N)) framework, established by the National Institute on Aging–Alzheimer’s Association (NIA-AA), biologically classifies Alzheimer disease (AD) across three biomarker categories: amyloid-β (""A""), pathologic tau (""T""), and neurodegeneration (""N"") (*Alzheimer disease (2021)*; *Recent advances in Alzheimer's disease: mechanisms, clinical trials and new drug development strategies (2024)*).

In staging, the framework distinguishes ""state biomarkers"" from ""stage biomarkers."" State biomarkers—such as amyloid-PET, CSF Aβ42/Aβ40, and CSF phosphorylated tau—determine whether a patient is on the biological AD continuum, but they provide limited utility for grading clinical severity (*Alzheimer disease (2021)*). Conversely, disease staging relies on tau-PET and ""N"" markers (structural MRI, FDG-PET, and neurofilament light chain [NfL]) (*Alzheimer disease (2021)*). Longitudinally, these markers become abnormal in a predictable sequence: CSF Aβ42 declines 10–20 years before dementia, followed sequentially by changes in the CSF Aβ42/Aβ40 ratio, CSF p-tau181, total tau, CSF NfL, and MRI-detected hippocampal volume loss (*Recent advances in Alzheimer's disease: mechanisms, clinical trials and new drug development strategies (2024)*). 

While binary CSF p-tau indicates tau abnormality, tau-PET uniquely captures regional burden and topographical expansion, directly correlating with cognitive decline and specific clinical syndromes (*Alzheimer disease (2021)*). However, the framework presents critical limitations: ""N"" biomarkers correlate poorly with each other and lack disease specificity, as regional hypometabolism, atrophy, and NfL elevation are shared across other neurodegenerative and cerebrovascular conditions (*Alzheimer disease (2021)*; *Recent advances in Alzheimer's disease: mechanisms, clinical trials and new drug development strategies (2024)*).",True,0.85,"Recent advances in Alzheimer’s disease mechanisms clinical trials and new drug development strategies.pdf, alzheimer disease  2021.pdf","The A-T-N biomarker framework is a pivotal tool in the assessment and staging of Alzheimer's disease (AD), categorizing biomarkers into three distinct groups: amyloid (A), tau (T), and neurodegeneration (N). This framework enhances diagnostic accuracy by integrating various biomarkers that reflect the underlying pathophysiology of AD. Specifically, Aβ deposition is assessed through PET imaging and cerebrospinal fluid (CSF) analysis, while tau pathology is evaluated using phosphorylated tau (p-tau) levels and tau PET imaging (Recent advances in Alzheimer’s disease mechanisms clinical trials and new drug development strategies, 2024).

The utility of the A-T-N framework lies in its ability to classify individuals along the AD spectrum, facilitating early diagnosis and intervention. For instance, studies indicate that amyloid PET imaging exhibits high sensitivity and specificity in diagnosing AD, while tau PET can differentiate AD dementia from other neurodegenerative diseases, thereby providing a more nuanced understanding of cognitive decline (Recent advances in Alzheimer’s disease mechanisms clinical trials and new drug development strategies, 2024). Furthermore, the incorporation of neurodegeneration markers, such as neurofilament light chain (NfL), allows for a comprehensive evaluation of disease progression and severity (Alzheimer disease, 2021).

However, the framework is not without limitations. While A and T biomarkers are relatively specific to AD, N markers may lack specificity and can be influenced by other neurodegenerative processes (Alzheimer disease, 2021). Thus, the A-T-N framework should be used in conjunction with clinical assessments and other diagnostic tools to ensure a holistic evaluation of patients suspected of having AD. Overall, the A-T-N biomarker framework represents a significant advancement in the understanding and management of Alzheimer's disease.",True,0.73,"Recent advances in Alzheimer’s disease mechanisms clinical trials and new drug development strategies.pdf, alzheimer disease  2021.pdf","The A-T-N biomarker framework, proposed by the National Institute on Aging and Alzheimer’s Association (NIA-AA), categorizes Alzheimer's disease (AD) pathology into three components: amyloid-beta (A), tau (T), and neurodegeneration (N). This framework has proven useful in staging AD by providing a structured approach to classify individuals along the disease spectrum based on biomarker profiles (Alzheimer disease, 2021).

Recent studies highlight the utility of various biomarkers within this framework. For instance, amyloid PET imaging shows high sensitivity (90%) and specificity for diagnosing AD, while tau PET imaging is particularly effective in distinguishing AD dementia from other neurodegenerative disorders (Recent advances in Alzheimer's disease: mechanisms, clinical trials and new drug development strategies, 2024). Additionally, cerebrospinal fluid (CSF) biomarkers such as phosphorylated tau (P-tau181) and total tau (T-tau) are recognized for their diagnostic utility, with P-tau181 being a specific indicator of tau pathology (Alzheimer disease, 2021).

However, limitations exist. Imaging biomarkers like structural MRI and FDG-PET may not differentiate AD from other neurodegenerative diseases effectively (Recent advances in Alzheimer's disease: mechanisms, clinical trials and new drug development strategies, 2024). Furthermore, discrepancies between CSF and imaging biomarkers can complicate interpretations, as seen with the inconsistent correlations between amyloid PET and CSF results (Recent advances in Alzheimer's disease: mechanisms, clinical trials and new drug development strategies, 2024).

In summary, while the A-T-N framework enhances the understanding and staging of AD through a combination of biomarkers, ongoing research is necessary to refine these tools and address their limitations.",True,0.769,"2023-oxidative-damage-in-neurodegeneration-roles-in-the-pathogenesis-and-progression-of-alzheimer-disease.pdf, 2024 Advancements and Challenges in Antiamyloid Therapy for.pdf, 2024 Immune Activation in Alzheimer Disease.pdf, 2024 Neuroinflammation in Alzheimer disease.pdf, 2025 Updates on mouse models of Alzheimer’s disease.pdf, Recent advances in Alzheimer’s disease mechanisms clinical trials and new drug development strategies.pdf, alzheimer disease  2021.pdf",23.9
LA3,33,long_answer,Analyze the emerging evidence linking gut microbiota to AD pathogenesis and therapeutic implications.,"Emerging evidence highlights the bidirectional microbiota–gut–brain axis in Alzheimer disease (AD) pathogenesis. As reviewed in *""Recent advances in Alzheimer's disease: mechanisms, clinical trials and new drug development strategies"" (2024)*, gut dysbiosis compromises intestinal epithelial and blood–brain barrier (BBB) integrity, provoking systemic inflammation that activates microglia, disrupts neurotransmission, and exacerbates neuroinflammation. 

Transplantation of AD patient gut microbiota into rodents induces cognitive deficits, impairs neurogenesis, and stimulates intestinal and microglial NLRP3 inflammasomes, releasing circulating pro-inflammatory cytokines such as IL-1β, IL-18, and TNF-α (*""Immune activation in Alzheimer disease""*, 2024; *""Neuroinflammation in Alzheimer disease""*, 2025). Conversely, germ-free conditions or antibiotic treatments reduce tau hyperphosphorylation, glial activation, C/EBPβ signaling, and brain atrophy; however, recolonization or supplementation with short-chain fatty acids (SCFAs) reinstates or exacerbates these pathologies (*""Immune activation in Alzheimer disease""*, 2024; *""Neuroinflammation in Alzheimer disease""*, 2025). Microbial metabolites also directly shape neuroinflammation: tryptophan catabolites and bile acids (such as tauroursodeoxycholic acid via TGR5) inhibit microglial NF-κB and NLRP3 inflammasome pathways (*""Neuroinflammation in Alzheimer disease""*, 2025).

Therapeutically, microbiome modulation presents promising avenues. Interventions including healthy fecal microbiota transplants, traditional herbal formulations (e.g., Triphala), and *Bifidobacterium* or *Lactobacillus* probiotics improve BBB integrity, reduce amyloid and tau pathologies, and restore memory in animal models (*""Neuroinflammation in Alzheimer disease""*, 2025). Additionally, the marine-derived oligosaccharide sodium oligomannate (GV-971) remodels the gut microbiome to suppress bacterial metabolite-driven peripheral inflammation, microglial activation, and cerebral amyloidosis, showing disease-modifying potential in ongoing clinical trials (*""Recent advances in Alzheimer's disease: mechanisms, clinical trials and new drug development strategies""*, 2024).",True,0.9,"2024 Immune Activation in Alzheimer Disease.pdf, 2024 Neuroinflammation in Alzheimer disease.pdf, Recent advances in Alzheimer’s disease mechanisms clinical trials and new drug development strategies.pdf, alzheimer disease  2021.pdf","Emerging evidence suggests a significant link between gut microbiota and the pathogenesis of Alzheimer's disease (AD). Dysbiosis, characterized by an imbalance in gut microbial composition, can compromise the intestinal epithelial barrier, allowing harmful substances to enter the bloodstream and trigger systemic inflammation. This systemic inflammation may facilitate the crossing of inflammatory mediators over the blood-brain barrier (BBB), exacerbating neuroinflammation and contributing to neuronal degeneration (Recent advances in Alzheimer's disease, 2024). 

Studies indicate that the gut microbiome plays a crucial role in shaping microglial responses to pathological insults. For instance, fecal transplantation from healthy mice to AD model animals has been shown to reduce disease pathology, while transplantation from AD patients induces cognitive deficits in recipient rats (Neuroinflammation in Alzheimer disease, 2025). Additionally, specific microbial metabolites, such as short-chain fatty acids (SCFAs), have been implicated in modulating neuroinflammation by influencing microglial activity and BBB integrity (Neuroinflammation in Alzheimer disease, 2025).

Therapeutically, targeting the gut microbiome presents a novel approach for AD management. Probiotics, such as Bifidobacterium and Lactobacillus species, have demonstrated potential in improving memory deficits and BBB integrity in mouse models of AD (Neuroinflammation in Alzheimer disease, 2025). Furthermore, interventions aimed at restoring gut microbiota balance could mitigate neuroinflammatory processes and enhance cognitive function, highlighting the microbiota-gut-brain axis as a promising avenue for future AD therapies (Recent advances in Alzheimer's disease, 2024).",True,0.724,"2024 Immune Activation in Alzheimer Disease.pdf, 2024 Neuroinflammation in Alzheimer disease.pdf, Recent advances in Alzheimer’s disease mechanisms clinical trials and new drug development strategies.pdf","Emerging evidence suggests a significant link between gut microbiota and the pathogenesis of Alzheimer’s disease (AD), with potential therapeutic implications. The gut microbiome influences neuroinflammation and microglial responses, which are critical in AD pathology. For instance, studies indicate that gut microbiota can modulate microglial activity, affecting amyloid-beta (Aβ) accumulation and tau pathology (Neuroinflammation in Alzheimer disease, 2025). Germ-free mice exhibit altered microglial morphology and increased Aβ uptake, highlighting the microbiome's role in microglial education (Neuroinflammation in Alzheimer disease, 2025).

Moreover, fecal transplantation studies demonstrate that transferring microbiota from AD patients to healthy mice induces AD-like symptoms, while transplantation from healthy donors mitigates pathology (Neuroinflammation in Alzheimer disease, 2025). This suggests that dysbiosis may exacerbate neuroinflammation and cognitive decline through mechanisms involving the blood-brain barrier (BBB) and systemic inflammation (Recent advances in Alzheimer's disease: mechanisms, clinical trials and new drug development strategies, 2024).

Therapeutically, probiotics and dietary interventions targeting gut microbiota have shown promise in improving cognitive function and reducing neuroinflammation in animal models (Neuroinflammation in Alzheimer disease, 2025). However, the precise mechanisms remain unclear, necessitating further research to elucidate how microbiome alterations influence AD progression and to develop targeted therapies (Recent advances in Alzheimer's disease: mechanisms, clinical trials and new drug development strategies, 2024). Overall, the microbiota-gut-brain axis presents a novel avenue for AD research and potential treatment strategies.",True,0.769,"2024 Immune Activation in Alzheimer Disease.pdf, 2024 Neuroinflammation in Alzheimer disease.pdf, Recent advances in Alzheimer’s disease mechanisms clinical trials and new drug development strategies.pdf, alzheimer disease  2021.pdf",15.0
LA4,34,long_answer,Compare and contrast the roles of peripheral and central hearing loss in contributing to AD.,NOT_COVERED: This information is not covered in the uploaded research papers.,True,0.92,,"Peripheral and central hearing loss both contribute to the cognitive decline observed in Alzheimer’s disease (AD), albeit through different mechanisms. Peripheral hearing loss, often characterized by age-related auditory decline, can exacerbate cognitive impairment by hindering communication and social interaction. This isolation can lead to increased feelings of depression and anxiety, which are common comorbidities in individuals with AD (Alzheimer disease, 2021). The management of hearing loss in patients with cognitive impairment is complicated, as traditional hearing aids may be difficult for these individuals to use effectively due to their cognitive challenges (Alzheimer disease, 2021).

In contrast, central hearing loss involves deficits in the brain's processing of auditory information, which can directly affect cognitive functions such as memory and attention. This type of hearing loss may lead to difficulties in understanding speech, particularly in complex auditory environments, further straining cognitive resources (Alzheimer disease, 2021). The interplay between central auditory processing and cognitive functions is critical, as deficits in auditory processing can exacerbate the cognitive decline associated with AD.

Both forms of hearing loss can lead to a vicious cycle, where cognitive decline further impairs auditory processing and vice versa. Addressing both peripheral and central hearing loss is essential for optimizing the management of AD, as improving auditory function may enhance cognitive engagement and quality of life for affected individuals (Alzheimer disease, 2021). Thus, understanding the distinct yet interconnected roles of peripheral and central hearing loss is vital in the holistic care of patients with AD.",True,0.694,"alzheimer disease  2021.pdf, 2024 Neuroinflammation in Alzheimer disease.pdf, 2025 Oligodendrocytes in Alzheimer’s disease pathophysiology.pdf, 2023-oxidative-damage-in-neurodegeneration-roles-in-the-pathogenesis-and-progression-of-alzheimer-disease.pdf, 2024 Linking activity dyshomeostasis and sleep disturbances in Alzheimer disease.pdf","Peripheral and central hearing loss both play significant roles in contributing to Alzheimer's disease (AD), but they do so through different mechanisms and pathways.

Peripheral hearing loss, often characterized by damage to the outer or middle ear, can lead to social isolation and cognitive decline due to reduced auditory input. This isolation may exacerbate neurodegenerative processes, as social engagement is crucial for cognitive health (Alzheimer disease, 2021). Furthermore, individuals with hearing impairment may experience increased cognitive load, as they struggle to process auditory information, potentially accelerating cognitive decline (Recent advances in Alzheimer's disease: mechanisms, clinical trials and new drug development strategies, 2024).

In contrast, central hearing loss involves dysfunction in the auditory pathways of the brain, which can directly affect cognitive functions such as memory and attention. This type of hearing loss may be linked to neuroinflammation and neurodegeneration associated with AD pathology, as the brain's ability to process auditory information is compromised (Linking activity dyshomeostasis and sleep disturbances in Alzheimer disease, 2024). Central auditory processing deficits may also correlate with the presence of amyloid plaques and tau tangles, which are hallmarks of AD (Recent advances in Alzheimer's disease: mechanisms, clinical trials and new drug development strategies, 2024).

While both types of hearing loss contribute to cognitive decline in AD, peripheral hearing loss primarily affects social engagement and cognitive load, whereas central hearing loss is more directly linked to the underlying neurodegenerative processes. Further research is needed to clarify the interactions between these forms of hearing loss and their specific contributions to AD pathology.",True,0.76,"2023-oxidative-damage-in-neurodegeneration-roles-in-the-pathogenesis-and-progression-of-alzheimer-disease.pdf, 2024 Immune Activation in Alzheimer Disease.pdf, 2024 Linking activity dyshomeostasis and sleep disturbances in Alzheimer disease.pdf, 2024 Neuroinflammation in Alzheimer disease.pdf, 2025 Oligodendrocytes in Alzheimer’s disease pathophysiology.pdf, Recent advances in Alzheimer’s disease mechanisms clinical trials and new drug development strategies.pdf, alzheimer disease  2021.pdf",17.8
LA5,35,long_answer,Summarize the novel risk factors discussed in the Brenowitz et al. study and explain how they expand our understanding of AD.,NOT_COVERED: This information is not covered in the uploaded research papers.,True,0.92,,"The Brenowitz et al. study highlights several novel risk factors for Alzheimer’s disease (AD) that expand our understanding of its pathogenesis. Among these, metabolic factors such as diabetes mellitus, hypertension, and obesity are emphasized as significant contributors to late-life dementia. These factors are particularly impactful when present in midlife, suggesting that interventions targeting metabolic health could mitigate AD risk (Alzheimer disease, 2021). The study indicates that these conditions may induce cerebrovascular disease, affecting the clinical expression of AD pathology through mechanisms related to atherosclerosis rather than directly influencing amyloid-beta (Aβ) or tau biology.

Additionally, the study discusses the role of traumatic brain injury (TBI) as a critical non-genetic risk factor for developing dementia. It notes that both single moderate-to-severe TBIs and repetitive mild TBIs can lead to neuroinflammation and Aβ accumulation, potentially accelerating AD-related neuropathological changes (Neuroinflammation in Alzheimer disease, 2025). This connection underscores the importance of understanding how physical injuries can interact with genetic predispositions to influence AD development.

Furthermore, the research identifies the influence of psychosocial factors and lifestyle choices, which can modify the risk of developing AD. These factors, collectively termed the exposome, highlight the complex interplay between environmental influences and genetic susceptibility in AD (Recent advances in Alzheimer's disease, 2024). By integrating these novel risk factors, the study provides a more comprehensive framework for understanding AD, emphasizing the need for multifaceted prevention strategies that address both biological and lifestyle components.",True,0.713,"alzheimer disease  2021.pdf, 2024 Immune Activation in Alzheimer Disease.pdf, 2024 Neuroinflammation in Alzheimer disease.pdf, 2023-oxidative-damage-in-neurodegeneration-roles-in-the-pathogenesis-and-progression-of-alzheimer-disease.pdf, Recent advances in Alzheimer’s disease mechanisms clinical trials and new drug development strategies.pdf","The Brenowitz et al. study identifies several novel risk factors for Alzheimer's disease (AD) that expand our understanding of its etiology. Notably, it highlights the role of traumatic brain injury (TBI) as a significant non-genetic risk factor, linking both single moderate-to-severe TBIs and repetitive mild TBIs to increased amyloid-beta (Aβ) deposition and neuroinflammation, which may accelerate AD pathology (Neuroinflammation in Alzheimer disease, 2025). Additionally, the study emphasizes the impact of lifestyle factors, collectively termed the exposome, which includes diet, exercise, and psychosocial elements that can modulate inflammation and potentially alter AD risk (Oxidative damage in neurodegeneration, 2024).

Furthermore, the study discusses the genetic landscape of AD, revealing that many identified risk loci are associated with immune response pathways, particularly those expressed in microglia, which play a crucial role in neuroinflammation and Aβ clearance (Neuroinflammation in Alzheimer disease, 2025). This connection underscores the importance of immune mechanisms in AD pathogenesis, suggesting that targeting these pathways may offer new therapeutic avenues.

Overall, these findings underscore the multifactorial nature of AD, integrating genetic, environmental, and lifestyle factors, and highlight the potential for preventive strategies that address modifiable risks (Recent advances in Alzheimer's disease, 2024). This comprehensive approach enhances our understanding of AD's complexity and the interplay between various risk factors.",True,0.768,"2023-oxidative-damage-in-neurodegeneration-roles-in-the-pathogenesis-and-progression-of-alzheimer-disease.pdf, 2024 Immune Activation in Alzheimer Disease.pdf, 2024 Neuroinflammation in Alzheimer disease.pdf, Recent advances in Alzheimer’s disease mechanisms clinical trials and new drug development strategies.pdf, alzheimer disease  2021.pdf",9.8
LA6,36,long_answer,Describe how neuroimaging techniques like FDG-PET and tau-PET have advanced our understanding of clinical subtypes of AD.,"Neuroimaging techniques such as fluorodeoxyglucose positron emission tomography (FDG-PET) and tau-PET have significantly advanced the understanding of Alzheimer disease (AD) by revealing that clinical heterogeneity is driven by distinct anatomical patterns of tau pathology and metabolic dysfunction, rather than amyloid-β (Aβ) distribution (*Alzheimer disease*, 2021). While Aβ-PET demonstrates widespread cortical deposition without significant phenotypic variance across clinical presentations, tau-PET and FDG-PET exhibit syndrome-specific regional topographies that closely correspond to one another and map directly onto distinct clinical subtypes (*Alzheimer disease*, 2021; *Recent advances in Alzheimer’s disease: mechanisms, clinical trials and new drug development strategies*, 2024).

Specifically, evidence detailed in *Alzheimer disease* (2021) shows that:
- **Typical amnestic AD** exhibits characteristic bilateral temporoparietal hypometabolism and tauopathy.
- **Language variants** (logopenic primary progressive aphasia) display asymmetric, strongly left-hemisphere-predominant tau accumulation and metabolic decline.
- **Visual variants** (posterior cortical atrophy) demonstrate alterations localized to the posterior temporal, parietal, and occipital lobes.
- **Dysexecutive variants** feature prominent frontal hypometabolism and tauopathy alongside temporal and parietal involvement.

Furthermore, FDG-PET measures glucose hypometabolism (often in the posterior cingulate and temporoparietal cortices), serving as an effective tool for staging, short-term prediction, and differentiating AD variants from non-AD disorders (*Alzheimer disease*, 2021; *Recent advances in Alzheimer’s disease: mechanisms, clinical trials and new drug development strategies*, 2024). Simultaneously, tau-PET binding topography strongly correlates with domain-specific cognitive deficits and brain atrophy across both typical and atypical AD, confirming that the spatial extension of tau aggregates and downstream bioenergetic failure dictate the clinical phenotype (*Alzheimer disease*, 2021; *Recent advances in Alzheimer’s disease: mechanisms, clinical trials and new drug development strategies*, 2024).",True,0.85,"Recent advances in Alzheimer’s disease mechanisms clinical trials and new drug development strategies.pdf, alzheimer disease  2021.pdf","Neuroimaging techniques such as FDG-PET and tau-PET have significantly enhanced our understanding of the clinical subtypes of Alzheimer's disease (AD) by providing insights into the underlying pathophysiological processes. FDG-PET, which measures glucose metabolism, reveals characteristic patterns of hypometabolism in the temporal-parietal and hippocampal regions that precede structural atrophy, thereby aiding in the early identification of AD (Alzheimer disease, 2021). This metabolic profile is crucial for differentiating AD from other neurodegenerative disorders, as it correlates with the severity of cognitive impairment, supporting its role in staging the disease (Recent advances in Alzheimer’s disease: mechanisms, clinical trials and new drug development strategies, 2024).

Tau-PET imaging further refines our understanding of AD subtypes by allowing the detection of tauopathy, which is closely linked to cognitive decline. The binding patterns observed in tau-PET correlate strongly with cognitive performance and map onto different clinical phenotypes of AD (Alzheimer disease, 2021). This specificity enables clinicians to distinguish between various forms of dementia, as tau accumulation typically occurs in regions associated with cognitive impairment, making tau-PET a valuable tool for predicting disease progression (Recent advances in Alzheimer’s disease: mechanisms, clinical trials and new drug development strategies, 2024).

Together, these imaging modalities not only facilitate the identification of AD subtypes but also enhance the accuracy of diagnosis and the understanding of disease mechanisms. By integrating metabolic and pathological data, neuroimaging techniques contribute to a more nuanced classification of AD, paving the way for tailored therapeutic approaches and improved patient management (Alzheimer disease, 2021).",True,0.741,"Recent advances in Alzheimer’s disease mechanisms clinical trials and new drug development strategies.pdf, alzheimer disease  2021.pdf","Neuroimaging techniques, particularly FDG-PET (fluorodeoxyglucose positron emission tomography) and tau-PET, have significantly advanced our understanding of clinical subtypes of Alzheimer's disease (AD). FDG-PET is instrumental in detecting reduced glucose metabolism in specific brain regions, such as the posterior cingulate and temporoparietal lobes, which are characteristic of AD (Recent advances in Alzheimer's disease: mechanisms, clinical trials and new drug development strategies, 2024). This technique helps differentiate between typical and atypical AD presentations by revealing distinct patterns of hypometabolism associated with various clinical phenotypes (Alzheimer disease, 2021).

On the other hand, tau-PET imaging allows for the visualization of neurofibrillary tangles, which are closely linked to cognitive decline. Studies indicate that tau accumulation correlates strongly with cognitive performance and can predict subsequent cognitive decline in both asymptomatic and symptomatic individuals (Alzheimer disease, 2021). The spatial distribution of tau pathology, as revealed by tau-PET, aligns with different clinical syndromes, enhancing our ability to classify AD subtypes based on their neurobiological underpinnings (Recent advances in Alzheimer's disease: mechanisms, clinical trials and new drug development strategies, 2024).

Together, these imaging modalities not only facilitate early diagnosis but also provide insights into the pathophysiological mechanisms underlying the diverse clinical manifestations of AD, thereby refining our understanding of its subtypes (Neuroinflammation in Alzheimer disease, 2025). However, the integration of these imaging techniques with other biomarkers remains crucial for a comprehensive evaluation of AD pathology (Recent advances in Alzheimer's disease: mechanisms, clinical trials and new drug development strategies, 2024).",True,0.77,"2024 Neuroinflammation in Alzheimer disease.pdf, 2025 Updates on mouse models of Alzheimer’s disease.pdf, Recent advances in Alzheimer’s disease mechanisms clinical trials and new drug development strategies.pdf, alzheimer disease  2021.pdf",18.5
LA7,37,long_answer,Explain the limitations of current AD biomarkers and propose potential solutions or future directions.,"Current Alzheimer disease (AD) biomarkers present several critical limitations:

1. **Invasiveness, Cost, and Access:** Established CSF and PET diagnostics are invasive, costly, and difficult to access in primary care, while screening tools (e.g., MMSE, MoCA) demonstrate modest sensitivity during early stages (*Advancements and challenges in antiamyloid therapy for Alzheimer's disease: a comprehensive review*, 2024).
2. **Non-Specificity and Staging Constraints:** Structural MRI and FDG-PET cannot reliably differentiate AD from other conditions like frontotemporal lobar degeneration (*Recent advances in Alzheimer's disease: mechanisms, clinical trials and new drug development strategies*, 2024). Biofluid markers also fail to capture regional spatiotemporal pathology, and CSF p-tau and t-tau poorly reflect disease staging (*Neuroinflammation in Alzheimer disease*, 2025; *Alzheimer disease*, 2021).
3. **Peripheral Confounders:** Blood-based biomarkers lack consensus as standalone endpoints and exhibit lower effect sizes than CSF. Furthermore, peripheral proteomic discordance, systemic comorbidities (e.g., hypertension), and redox variability confound biofluid measurements (*Advancements and challenges in antiamyloid therapy for Alzheimer's disease: a comprehensive review*, 2024; *Oxidative damage in neurodegeneration: roles in the pathogenesis and progression of Alzheimer disease*, 2024).

**Solutions and Future Directions:**
- **Validated, Ultrasensitive Assays:** Developing standardized plasma assays (e.g., p-tau217) alongside ultrasensitive platforms like NULISA, proximity extension assays, and brain-derived exosome profiling (*Advancements and challenges in antiamyloid therapy for Alzheimer's disease: a comprehensive review*, 2024; *Neuroinflammation in Alzheimer disease*, 2025).
- **Novel Imaging and Structural Tools:** Implementing second-generation PET ligands targeting specific microglial receptors (P2X7R, P2Y12R) (*Neuroinflammation in Alzheimer disease*, 2025) and structural assays like SOBA to detect toxic α-sheet Aβ oligomers (*Oxidative damage in neurodegeneration: roles in the pathogenesis and progression of Alzheimer disease*, 2024).
- **Multi-Pathway Composite Panels:** Employing AI-driven multi-marker panels evaluating metabolism, vascular function, and neuroinflammation to optimize diagnostic accuracy (*Recent advances in Alzheimer's disease: mechanisms, clinical trials and new drug development strategies*, 2024).",True,0.9,"2023-oxidative-damage-in-neurodegeneration-roles-in-the-pathogenesis-and-progression-of-alzheimer-disease.pdf, 2024 Advancements and Challenges in Antiamyloid Therapy for.pdf, 2024 Neuroinflammation in Alzheimer disease.pdf, Recent advances in Alzheimer’s disease mechanisms clinical trials and new drug development strategies.pdf, alzheimer disease  2021.pdf","Current Alzheimer's disease (AD) biomarkers face several limitations, primarily related to their specificity and sensitivity. While cerebrospinal fluid (CSF) biomarkers such as Aβ42 and phosphorylated tau (p-tau181) are recognized for their diagnostic utility, they exhibit variability in individual levels and may not accurately differentiate AD from other neurodegenerative disorders (Alzheimer disease, 2021). Blood-based biomarkers, although more accessible, generally show lower effect sizes compared to CSF biomarkers, necessitating further validation to establish their diagnostic relevance (Recent advances in Alzheimer's disease: mechanisms, clinical trials and new drug development strategies, 2024).

To address these limitations, future research should focus on developing composite biomarker panels that integrate multiple biomarkers reflecting various biological processes involved in AD. This approach could enhance diagnostic accuracy and help differentiate AD from other conditions (Recent advances in Alzheimer's disease: mechanisms, clinical trials and new drug development strategies, 2024). Additionally, advancements in analytical techniques and machine learning models could improve the classification of AD and mild cognitive impairment (MCI) across diverse populations, facilitating early disease screening and monitoring (Recent advances in Alzheimer's disease: mechanisms, clinical trials and new drug development strategies, 2024).

Moreover, incorporating new CSF biomarkers that reflect axonal injury and neuroinflammation may provide a more comprehensive understanding of AD pathology (Alzheimer disease, 2021). As the field progresses, it is crucial to standardize biomarker assessment protocols and ensure their integration into clinical practice, which could ultimately lead to more effective therapeutic strategies and improved patient outcomes (Alzheimer disease, 2021).",True,0.736,"Recent advances in Alzheimer’s disease mechanisms clinical trials and new drug development strategies.pdf, alzheimer disease  2021.pdf","Current Alzheimer’s disease (AD) biomarkers face several limitations, primarily related to their specificity, sensitivity, and the complexity of AD pathology. While established biomarkers like amyloid PET and tau PET demonstrate high sensitivity and specificity for diagnosing AD, they often struggle to differentiate AD from other neurodegenerative diseases, such as frontotemporal degeneration and cerebrovascular diseases (Recent advances in Alzheimer's disease: mechanisms, clinical trials and new drug development strategies, 2024). Additionally, discrepancies between CSF and imaging biomarkers can complicate clinical interpretations, as seen with the inconsistent correlations between CSF P-tau and tau PET findings (Alzheimer disease, 2021).

To address these limitations, future directions should focus on developing a composite biomarker panel that integrates multiple biomarkers reflecting various biological processes, including neurodegeneration, inflammation, and vascular function (Recent advances in Alzheimer's disease: mechanisms, clinical trials and new drug development strategies, 2024). Blood-based biomarkers, while currently less effective than CSF biomarkers, show promise for early detection and monitoring of AD (Alzheimer disease, 2021). Advancements in machine learning and proteomics may enhance the diagnostic accuracy and utility of these biomarkers across diverse populations (Recent advances in Alzheimer's disease: mechanisms, clinical trials and new drug development strategies, 2024).

Moreover, ongoing research should prioritize the identification of AD-specific biomarkers and the development of user-friendly, cost-effective diagnostic tools to facilitate early intervention and improve patient outcomes (Advancements and challenges in antiamyloid therapy for Alzheimer's disease: a comprehensive review, 2024).",True,0.764,"2023-oxidative-damage-in-neurodegeneration-roles-in-the-pathogenesis-and-progression-of-alzheimer-disease.pdf, 2024 Advancements and Challenges in Antiamyloid Therapy for.pdf, 2025 Updates on mouse models of Alzheimer’s disease.pdf, Recent advances in Alzheimer’s disease mechanisms clinical trials and new drug development strategies.pdf, alzheimer disease  2021.pdf",21.3
LA8,38,long_answer,Describe the sleep interventions that show potential for AD treatment and their mechanisms.,"Several sleep-related interventions show therapeutic potential for Alzheimer disease (AD) by targeting neural circuit excitability, sleep architecture, and oxidative stress:

1. **Sleep-Promoting Neuromodulator Signaling**: Activating signaling pathways mediated by the sleep-promoting neuromodulator melanin-concentrating hormone (MCH) activates homeostatic effectors to re-establish mean firing rate homeostasis. In parallel, targeting homeostatic sensors (via mitochondrial calcium uniporter activation) or set points during sleep helps normalize aberrant neuronal activity (*Linking activity dyshomeostasis and sleep disturbances in Alzheimer disease*, 2024).
2. **Targeted Deep Brain Stimulation (DBS)**: Applying DBS to the prefrontal cortex during sleep, or tonically stimulating the interconnected thalamic nucleus reuniens, restores firing rate homeostasis, suppresses low-arousal subclinical epileptiform discharges, and preserves short-term synaptic plasticity and memory (*Linking activity dyshomeostasis and sleep disturbances in Alzheimer disease*, 2024).
3. **Management of Sleep Apnea**: Treating comorbid obstructive sleep apnea with oral appliances or nasal devices providing expiratory positive airway pressure prevents sleep disruption from exacerbating cognitive dysfunction (*Alzheimer disease*, 2021).
4. **Melatonin Therapy**: Exogenous administration of melatonin, a lipophilic hormone secreted at night, provides potent antioxidant and neuroprotective effects. It reduces Aβ deposition, attenuates tau hyperphosphorylation via the PI3K/Akt/GSK-3β pathway, suppresses lipid peroxidation and protein nitration, and protects mitochondrial DNA (*Oxidative damage in neurodegeneration: roles in the pathogenesis and progression of Alzheimer disease*, 2024).

Importantly, researchers emphasize that non-specifically extending sleep with hypnotics (""sleep pills"") poses risks and may accelerate cognitive decline unless sleep-restricted network hyperexcitability is concurrently alleviated (*Linking activity dyshomeostasis and sleep disturbances in Alzheimer disease*, 2024).",True,0.9,"2023-oxidative-damage-in-neurodegeneration-roles-in-the-pathogenesis-and-progression-of-alzheimer-disease.pdf, 2024 Linking activity dyshomeostasis and sleep disturbances in Alzheimer disease.pdf, alzheimer disease  2021.pdf","Potential sleep interventions for Alzheimer’s disease (AD) treatment focus on restoring activity homeostasis and mitigating hyperexcitability, which are critical in the disease's progression. One promising approach involves pharmacological therapies that target sleep-promoting pathways, such as activating the melanin-concentrating hormone signaling pathway. This intervention aims to enhance sleep quality and duration, potentially counteracting the sleep disturbances commonly observed in AD patients (Linking activity dyshomeostasis and sleep disturbances in Alzheimer disease, 2024).

Additionally, brain stimulation therapies, such as deep brain stimulation (DBS) in specific areas like the prefrontal cortex during sleep, may help suppress hyperexcitability and restore activity homeostasis. This could prevent memory deterioration over time, offering a novel strategy to delay the transition from presymptomatic to symptomatic stages of AD (Linking activity dyshomeostasis and sleep disturbances in Alzheimer disease, 2024). 

Moreover, addressing sleep architecture changes, such as reduced NREM and REM sleep, is crucial. Sleep is known to facilitate Aβ clearance through the glymphatic system, and disruptions in sleep can impair this process, leading to increased Aβ levels and cognitive decline (Linking activity dyshomeostasis and sleep disturbances in Alzheimer disease, 2024). Thus, interventions that enhance sleep quality and restore its homeostatic functions may provide significant benefits in managing AD symptoms and progression.",True,0.725,"Recent advances in Alzheimer’s disease mechanisms clinical trials and new drug development strategies.pdf, 2024 Linking activity dyshomeostasis and sleep disturbances in Alzheimer disease.pdf","Several sleep interventions show potential for treating Alzheimer’s disease (AD) by targeting the underlying mechanisms of sleep disturbances and neuronal hyperexcitability. One promising approach involves pharmacological strategies aimed at restoring activity homeostasis in the brain. For instance, therapies that inhibit mitochondrial dihydroorotate dehydrogenase or activate mitochondrial calcium uniporters may help mitigate Aβ-induced hyperexcitability, thereby improving sleep quality and cognitive function (Linking activity dyshomeostasis and sleep disturbances in Alzheimer disease, 2024).

Additionally, brain stimulation therapies, such as deep brain stimulation (DBS) during sleep, are being explored to suppress hyperexcitability in specific brain regions, potentially preventing memory deterioration (Linking activity dyshomeostasis and sleep disturbances in Alzheimer disease, 2024). The interplay between sleep and neuronal activity suggests that enhancing sleep quality could serve as an adaptive mechanism to counteract hyperexcitability, which is prevalent in early AD stages (Linking activity dyshomeostasis and sleep disturbances in Alzheimer disease, 2024).

Moreover, the use of sleep-promoting agents like melanin-concentrating hormone may activate homeostatic effectors that regulate sleep architecture, potentially improving cognitive resilience (Linking activity dyshomeostasis and sleep disturbances in Alzheimer disease, 2024). However, caution is warranted, as interventions targeting sleep without addressing underlying hyperexcitability may inadvertently accelerate cognitive decline (Linking activity dyshomeostasis and sleep disturbances in Alzheimer disease, 2024). Overall, while these interventions show promise, further research is needed to validate their efficacy and safety in AD treatment.",True,0.762,"2023-oxidative-damage-in-neurodegeneration-roles-in-the-pathogenesis-and-progression-of-alzheimer-disease.pdf, 2024 Advancements and Challenges in Antiamyloid Therapy for.pdf, 2024 Linking activity dyshomeostasis and sleep disturbances in Alzheimer disease.pdf, 2025 Updates on mouse models of Alzheimer’s disease.pdf, Recent advances in Alzheimer’s disease mechanisms clinical trials and new drug development strategies.pdf, alzheimer disease  2021.pdf",19.6
LA9,39,long_answer,How does diet influence AD risk and what are the challenges in studying dietary interventions?,"Diet strongly modulates Alzheimer disease (AD) risk by influencing oxidative stress, neuroinflammation, insulin resistance, and proteostasis. Pro-inflammatory, unbalanced, or high-fat diets promote systemic chronic inflammation, metabolic disorders (such as obesity and diabetes), reduced brain volume, and accelerated amyloid-β and tau accumulation (*Neuroinflammation in Alzheimer disease (2025)*; *Updates on mouse models of Alzheimer's disease (2024)*). Conversely, balanced, antioxidant-rich dietary patterns—notably Mediterranean (MeDi), DASH, and MIND diets—as well as caloric restriction and fasting, lower AD risk by diminishing reactive oxygen species, suppressing neuroinflammation, downregulating mTORC1, and enhancing autophagy and amyloid clearance (*Oxidative damage in neurodegeneration: roles in the pathogenesis and progression of Alzheimer disease (2024)*; *Neuroinflammation in Alzheimer disease (2025)*).

However, investigating dietary interventions presents several key challenges:

1. **Disease Stage and Efficacy:** While early prevention in at-risk individuals shows promise, diet has not been shown to alter the clinical course of established, symptomatic dementia (*Alzheimer disease (2021)*).
2. **Single-Nutrient Limitations:** Single-molecule or single-nutrient interventions often yield inconsistent or disappointing results due to limited bioavailability, poor target concentration, and AD’s multifactorial etiology (*Oxidative damage in neurodegeneration: roles in the pathogenesis and progression of Alzheimer disease (2024)*).
3. **Feasibility and Tolerability:** Regimens like fasting or caloric restriction have low long-term tolerability and adherence in elderly patients and can reduce quality of life (*Oxidative damage in neurodegeneration: roles in the pathogenesis and progression of Alzheimer disease (2024)*).
4. **Methodological Hurdles:** Practical and ethical limitations constrain the duration of randomized controlled trials, creating difficulties in maintaining long-term follow-up and translating findings from motivated study cohorts to broader populations (*Alzheimer disease (2021)*).",True,0.9,"2023-oxidative-damage-in-neurodegeneration-roles-in-the-pathogenesis-and-progression-of-alzheimer-disease.pdf, 2024 Neuroinflammation in Alzheimer disease.pdf, 2025 Updates on mouse models of Alzheimer’s disease.pdf, alzheimer disease  2021.pdf","Diet plays a significant role in influencing the risk of Alzheimer’s disease (AD) through various mechanisms, including modulation of oxidative stress, inflammation, and synaptic plasticity. Specific dietary patterns, such as the Mediterranean diet (MeDi) and the DASH diet, have been associated with reduced AD risk and cognitive decline. For instance, adherence to the MeDi has shown correlations with lower incidence rates of AD and improved cognitive outcomes in individuals with mild cognitive impairment (MCI) (Oxidative damage in neurodegeneration: roles in the pathogenesis and progression of Alzheimer disease, 2024). Similarly, the DASH diet, which emphasizes fruits, vegetables, and whole grains, has been linked to slower cognitive decline and reduced AD incidence (Oxidative damage in neurodegeneration: roles in the pathogenesis and progression of Alzheimer disease, 2024).

However, studying dietary interventions presents several challenges. Many trials, such as the FINGER study, have demonstrated success in delaying cognitive decline through multidomain interventions, yet results can vary significantly across different studies (Alzheimer disease, 2021). Factors such as participant selection, adherence to dietary patterns, and the complexity of dietary interactions complicate the interpretation of results. Additionally, some studies have reported no significant association between dietary adherence and AD risk, highlighting the need for more robust methodologies and longer follow-up periods to capture the effects of dietary changes on cognitive health (Oxidative damage in neurodegeneration: roles in the pathogenesis and progression of Alzheimer disease, 2024). 

Overall, while dietary patterns show promise in modulating AD risk, the variability in study outcomes underscores the necessity for further research to establish clearer causal relationships and effective intervention strategies.",True,0.728,"alzheimer disease  2021.pdf, 2024 Neuroinflammation in Alzheimer disease.pdf, 2023-oxidative-damage-in-neurodegeneration-roles-in-the-pathogenesis-and-progression-of-alzheimer-disease.pdf","Diet plays a significant role in influencing the risk of Alzheimer's disease (AD). Evidence suggests that adherence to specific dietary patterns, particularly the Mediterranean diet (MeDi), is associated with a reduced risk of developing AD and cognitive decline. For instance, studies have shown that higher adherence to the MeDi correlates with lower mortality in AD patients and a decreased risk of developing AD in individuals with mild cognitive impairment (MCI) (Oxidative damage in neurodegeneration, 2024). Additionally, a pro-inflammatory diet has been linked to increased risk for all-cause dementia and AD (Neuroinflammation in Alzheimer disease, 2025).

However, studying dietary interventions presents several challenges. One major issue is the complexity of dietary patterns and their interactions with various lifestyle factors, making it difficult to isolate the effects of diet alone (Oxidative damage in neurodegeneration, 2024). Furthermore, while some studies report positive outcomes from dietary interventions, others have found no significant benefits, indicating variability in results (Oxidative damage in neurodegeneration, 2024). The FINGER study, which employed a multidomain approach including diet, exercise, and cognitive training, demonstrated improved cognitive outcomes, yet other trials have not replicated these findings (Recent advances in Alzheimer's disease, 2024). This inconsistency highlights the need for more rigorous, long-term studies to better understand the impact of diet on AD risk and to develop effective dietary interventions (Neuroinflammation in Alzheimer disease, 2025).",True,0.776,"2023-oxidative-damage-in-neurodegeneration-roles-in-the-pathogenesis-and-progression-of-alzheimer-disease.pdf, 2024 Linking activity dyshomeostasis and sleep disturbances in Alzheimer disease.pdf, 2024 Neuroinflammation in Alzheimer disease.pdf, Recent advances in Alzheimer’s disease mechanisms clinical trials and new drug development strategies.pdf, alzheimer disease  2021.pdf",14.5
LA10,40,long_answer,Critically evaluate the role of hypoxia in AD progression and discuss the promise and pitfalls of hyperbaric oxygen therapy.,"In Alzheimer disease (AD), hypoxia and reduced oxygenation contribute significantly to disease progression across multiple physiological pathways:

1. **Blood–Brain Barrier (BBB) Breakdown and Amyloidogenesis:** Disruption of the BBB leads to ischemic and hypoxic brain injury, which in turn enhances amyloid-β (Aβ) production (*Recent advances in Alzheimer’s disease: mechanisms, clinical trials and new drug development strategies*, 2024; *Neuroinflammation in Alzheimer disease*, 2025). Furthermore, hypoxic markers accumulate within the brain parenchyma in AD, and hypoxia directly compromises the mitochondrial metabolism of microglia via hypoxia-inducible factor 1 (HIF1) (*Neuroinflammation in Alzheimer disease*, 2025).

2. **Oligodendrocyte and White Matter Vulnerability:** Deep cerebral white matter regions are situated in distal arterial watershed zones particularly susceptible to hypoperfusion and reduced oxygenation (*Oligodendrocytes in Alzheimer's disease pathophysiology*, 2025). Oligodendrocytes and their myelin sheaths are exquisitely sensitive to hypoxia-induced oxidative stress, triggering myelin degradation, impaired axonal metabolic support, and downstream neuroinflammation (*Oligodendrocytes in Alzheimer's disease pathophysiology*, 2025).

3. **Mitochondrial Stress and Nucleic Acid Oxidation:** Hypoxic stress acts as an upstream trigger for selective mitochondrial autophagy (mitophagy) when damage exceeds critical thresholds (*Oxidative damage in neurodegeneration: roles in the pathogenesis and progression of Alzheimer disease*, 2024). Under reduced oxygen tension, guanosine oxidation shifts toward the formation of 2,6-diamino-4-hydroxy-5-formamidopyrimidine (FapydG) alongside 8-OHdG (*Oxidative damage in neurodegeneration: roles in the pathogenesis and progression of Alzheimer disease*, 2024).

**Hyperbaric Oxygen Therapy:**  
This intervention is not mentioned or evaluated anywhere in the provided research papers; therefore, its clinical promises and pitfalls are not covered in the text and cannot be discussed without external knowledge.",True,0.92,"2023-oxidative-damage-in-neurodegeneration-roles-in-the-pathogenesis-and-progression-of-alzheimer-disease.pdf, 2024 Neuroinflammation in Alzheimer disease.pdf, 2025 Oligodendrocytes in Alzheimer’s disease pathophysiology.pdf, Recent advances in Alzheimer’s disease mechanisms clinical trials and new drug development strategies.pdf, alzheimer disease  2021.pdf","The role of hypoxia in the progression of Alzheimer's disease (AD) is intricately linked to oxidative stress (OS) and metabolic dysfunction. Hypoxia can exacerbate OS, leading to increased oxidative damage to proteins and lipids, which is fundamental to the pathogenesis of AD (Oxidative damage in neurodegeneration, 2024). The impaired oxygen supply can disrupt mitochondrial function, further promoting the vicious cycle of oxidative damage and neurodegeneration. This relationship suggests that hypoxia may contribute to the transition from mild cognitive impairment (MCI) to more severe stages of AD, as evidenced by the identification of oxidized proteins in the brains of preclinical AD subjects (Oxidative damage in neurodegeneration, 2024).

Hyperbaric oxygen therapy (HBOT) has been proposed as a potential intervention to counteract the effects of hypoxia in AD. By increasing oxygen availability, HBOT may enhance mitochondrial function and reduce oxidative stress, potentially slowing cognitive decline (Oxidative damage in neurodegeneration, 2024). However, the promise of HBOT is tempered by the challenges of clinical application, including the need for optimal dosage, timing, and patient selection. Moreover, the efficacy of HBOT in AD remains to be conclusively demonstrated, as current evidence is limited and often contradictory (Oxidative damage in neurodegeneration, 2024).

In summary, while hypoxia plays a detrimental role in AD progression through its contribution to oxidative stress and metabolic dysfunction, hyperbaric oxygen therapy presents a novel but uncertain therapeutic avenue. Further research is essential to clarify the potential benefits and limitations of HBOT in the context of AD treatment (Oxidative damage in neurodegeneration, 2024).",True,0.717,2023-oxidative-damage-in-neurodegeneration-roles-in-the-pathogenesis-and-progression-of-alzheimer-disease.pdf,"Hypoxia plays a significant role in the progression of Alzheimer's disease (AD) by exacerbating oxidative stress and impairing energy metabolism. The brain's high metabolic demand makes it particularly vulnerable to oxygen deprivation, leading to neuronal dysfunction and death (Oxidative damage in neurodegeneration: roles in the pathogenesis and progression of Alzheimer disease, 2024). Reduced cerebral blood flow and the accumulation of amyloid-beta (Aβ) can further contribute to hypoxic conditions, promoting neuroinflammation and synaptic dysfunction (Recent advances in Alzheimer's disease: mechanisms, clinical trials and new drug development strategies, 2024).

Hyperbaric oxygen therapy (HBOT) has emerged as a potential intervention to counteract hypoxia-related damage in AD. Preliminary studies suggest that HBOT may enhance oxygen delivery to the brain, potentially improving cognitive function and reducing oxidative stress (Oligodendrocytes in Alzheimer's disease pathophysiology, 2025). However, the evidence remains inconclusive, with concerns regarding the long-term efficacy and safety of such treatments. The complexity of AD pathology, including the multifactorial nature of its progression, complicates the therapeutic landscape (Recent advances in Alzheimer's disease: mechanisms, clinical trials and new drug development strategies, 2024).

In summary, while hypoxia is a critical factor in AD progression, the promise of HBOT is tempered by the need for further research to establish its efficacy and safety in this context. Current studies highlight the potential benefits but also underscore the necessity for more robust clinical trials to validate these findings.",True,0.76,"2023-oxidative-damage-in-neurodegeneration-roles-in-the-pathogenesis-and-progression-of-alzheimer-disease.pdf, 2024 Advancements and Challenges in Antiamyloid Therapy for.pdf, 2025 Oligodendrocytes in Alzheimer’s disease pathophysiology.pdf, Recent advances in Alzheimer’s disease mechanisms clinical trials and new drug development strategies.pdf, alzheimer disease  2021.pdf",36.1
