key_id,question_id,question_type,question_text,agent1_full_context,agent1_success,agent1_confidence,agent1_files_used,agent2_cosine_rag,agent2_success,agent2_confidence,agent2_files_used,agent3_etrag,agent3_success,agent3_confidence,agent3_files_used,response_time_sec
SC1,1,single_choice,"Which protein is considered a hallmark of Alzheimer’s disease (AD) pathology?
A. α-synuclein
B. Amyloid-beta (Aβ)
C. Huntingtin
D. Dopamine","B. Amyloid-beta (Aβ)

Amyloid-beta (Aβ) is explicitly identified across the papers as a primary neuropathological hallmark of Alzheimer's disease, forming extracellular amyloid plaques alongside intracellular neurofibrillary tangles of hyperphosphorylated tau (*Oxidative damage in neurodegeneration: roles in the pathogenesis and progression of Alzheimer disease*, 2024; *Advancements and challenges in antiamyloid therapy for Alzheimer's disease: a comprehensive review*, 2024; *Alzheimer disease*, 2021).",True,0.768,"2023-oxidative-damage-in-neurodegeneration-roles-in-the-pathogenesis-and-progression-of-alzheimer-disease.pdf, 2024 Advancements and Challenges in Antiamyloid Therapy for.pdf, alzheimer disease  2021.pdf","B. Amyloid-beta (Aβ) is considered a hallmark of Alzheimer’s disease (AD) pathology, characterized by the presence of β-amyloid-containing extracellular plaques (Alzheimer disease, 2021).",True,0.709,"alzheimer disease  2021.pdf, 2024 Advancements and Challenges in Antiamyloid Therapy for.pdf, 2024 Neuroinflammation in Alzheimer disease.pdf, Recent advances in Alzheimer’s disease mechanisms clinical trials and new drug development strategies.pdf","B. Amyloid-beta (Aβ) is considered a hallmark of Alzheimer’s disease (AD) pathology, as its accumulation is a significant pathological feature in both familial and sporadic AD patients (Recent advances in Alzheimer's disease: mechanisms, clinical trials and new drug development strategies, 2024).",True,0.763,"2023-oxidative-damage-in-neurodegeneration-roles-in-the-pathogenesis-and-progression-of-alzheimer-disease.pdf, 2024 Advancements and Challenges in Antiamyloid Therapy for.pdf, 2024 Neuroinflammation in Alzheimer disease.pdf, Recent advances in Alzheimer’s disease mechanisms clinical trials and new drug development strategies.pdf, alzheimer disease  2021.pdf",7.9
SC2,2,single_choice,"What type of sleep disorder is commonly associated with increased AD risk?
A. Narcolepsy
B. Insomnia
C. Obstructive sleep apnea (OSA)
D. Sleepwalking","**C. Obstructive sleep apnea (OSA)**

**Explanation:**  
In the provided research papers, obstructive sleep apnea (OSA) is highlighted as a comorbid sleep disorder linked to cognitive impairment and dementia/AD risk. Specifically, *Oxidative damage in neurodegeneration: roles in the pathogenesis and progression of Alzheimer disease (2024)* cites clinical trial data linking self-reported sleep apnea to dementia risk (Ref. 655) and notes it as a medical comorbidity impacting cognition. Additionally, *Alzheimer disease (2021)* discusses obstructive sleep apnoea as a notable condition contributing to cognitive impairment and a key comorbid sleep disorder requiring treatment in patients with cognitive impairment.",True,0.746,"2023-oxidative-damage-in-neurodegeneration-roles-in-the-pathogenesis-and-progression-of-alzheimer-disease.pdf, alzheimer disease  2021.pdf","C. Obstructive sleep apnea (OSA) is commonly associated with increased AD risk, as sleep disturbances, including fragmented sleep and changes in sleep architecture, are observed in individuals with Alzheimer's disease (Linking activity dyshomeostasis and sleep disturbances in Alzheimer disease, 2024).",True,0.705,2024 Linking activity dyshomeostasis and sleep disturbances in Alzheimer disease.pdf,"C. Obstructive sleep apnea (OSA) 

Evidence suggests that sleep disturbances, including those associated with obstructive sleep apnea, are linked to increased risk factors for Alzheimer’s disease (AD) (Linking activity dyshomeostasis and sleep disturbances in Alzheimer disease, 2024).",True,0.761,"2023-oxidative-damage-in-neurodegeneration-roles-in-the-pathogenesis-and-progression-of-alzheimer-disease.pdf, 2024 Linking activity dyshomeostasis and sleep disturbances in Alzheimer disease.pdf",11.0
SC3,3,single_choice,"Which imaging modality was first introduced to visualize brain amyloid in AD?
A. CT
B. MRI
C. Aβ-PET
D. SPECT","**C. Aβ-PET**

**Explanation:** 
According to *Alzheimer disease (2021)*, although CT, FDG-PET, and MRI were initially used to evaluate patients with cognitive impairment, they serve as markers of neurodegeneration rather than specific amyloid pathology. The introduction of **Aβ-PET** imaging (in 2004) specifically enabled the direct visualization of fibrillar Aβ plaque accumulation in the living brain.",True,0.654,alzheimer disease  2021.pdf,"C. Aβ-PET (Alzheimer disease, 2021).",True,0.709,"alzheimer disease  2021.pdf, 2024 Neuroinflammation in Alzheimer disease.pdf, Recent advances in Alzheimer’s disease mechanisms clinical trials and new drug development strategies.pdf","C. Aβ-PET

The introduction of Aβ-PET imaging in 2004 clarified the roles of other imaging modalities and allowed for the direct visualization of amyloid plaque accumulation in Alzheimer's disease (Klunk et al., 2021).",True,0.764,"2024 Advancements and Challenges in Antiamyloid Therapy for.pdf, 2024 Neuroinflammation in Alzheimer disease.pdf, 2025 Updates on mouse models of Alzheimer’s disease.pdf, Recent advances in Alzheimer’s disease mechanisms clinical trials and new drug development strategies.pdf, alzheimer disease  2021.pdf",5.4
SC4,4,single_choice,"Which gut-related intervention shows potential for AD treatment?
A. Probiotics
B. Vitamin D
C. Antibiotics
D. Statins","**A. Probiotics**

According to *Neuroinflammation in Alzheimer disease (2025)*, therapy with *Bifidobacterium* and *Lactobacillus* species-based probiotics improves blood–brain barrier (BBB) integrity and alleviates memory deficits in mouse models of AD. In contrast, antibiotic-induced microbiome depletion disrupts the BBB and facilitates the brain infiltration of peripheral immune cells.",True,0.702,"2024 Neuroinflammation in Alzheimer disease.pdf, alzheimer disease  2021.pdf","A. Probiotics

Probiotics have been shown to modulate the microbiota-gut-brain axis and improve memory deficits in aged mice with Alzheimer's disease (Neuroinflammation in Alzheimer disease, 2025).",True,0.703,"Recent advances in Alzheimer’s disease mechanisms clinical trials and new drug development strategies.pdf, 2024 Neuroinflammation in Alzheimer disease.pdf, alzheimer disease  2021.pdf, 2023-oxidative-damage-in-neurodegeneration-roles-in-the-pathogenesis-and-progression-of-alzheimer-disease.pdf","A. Probiotics

Evidence suggests that probiotics may modulate the microbiota-gut-brain axis, influencing neuroinflammation and cognitive function in Alzheimer's disease (AD) models. Specifically, therapy with Bifidobacterium and Lactobacillus species-based probiotics has shown to improve blood-brain barrier integrity and memory deficits in mouse models of AD (Neuroinflammation in Alzheimer disease, 2025).",True,0.765,"2023-oxidative-damage-in-neurodegeneration-roles-in-the-pathogenesis-and-progression-of-alzheimer-disease.pdf, 2024 Neuroinflammation in Alzheimer disease.pdf, Recent advances in Alzheimer’s disease mechanisms clinical trials and new drug development strategies.pdf, alzheimer disease  2021.pdf",43.5
SC5,5,single_choice,"What is the typical spacing used in the Tallapoosa tract for loblolly pine?
A. 4x4 ft
B. 6x6 ft
C. 6x12 ft
D. 8x10 ft",NOT_COVERED: This information is not covered in the uploaded research papers.,True,0.92,,Not covered.,True,0.92,"alzheimer disease  2021.pdf, 2024 Linking activity dyshomeostasis and sleep disturbances in Alzheimer disease.pdf, 2025 Updates on mouse models of Alzheimer’s disease.pdf, 2024 Advancements and Challenges in Antiamyloid Therapy for.pdf, Recent advances in Alzheimer’s disease mechanisms clinical trials and new drug development strategies.pdf",NOT_COVERED: This information is not covered in the uploaded research papers.,True,0.92,"2023-oxidative-damage-in-neurodegeneration-roles-in-the-pathogenesis-and-progression-of-alzheimer-disease.pdf, 2024 Advancements and Challenges in Antiamyloid Therapy for.pdf, 2024 Cell type-specific roles of APOE4 in Alzheimer disease.pdf, 2024 Linking activity dyshomeostasis and sleep disturbances in Alzheimer disease.pdf, 2025 Updates on mouse models of Alzheimer’s disease.pdf, Recent advances in Alzheimer’s disease mechanisms clinical trials and new drug development strategies.pdf",4.4
SC6,6,single_choice,"The A-T-N biomarker framework includes tau as which letter?
A. A
B. T
C. N
D. None","**B. T**

In the A-T-N biomarker classification framework, **“T”** represents aggregated/pathologic tau protein (such as CSF phosphorylated tau or tau-PET), whereas **“A”** stands for amyloid-β and **“N”** represents neurodegeneration or neuronal injury. 

**Supporting Papers:**
* *Alzheimer disease (2021)*
* *Recent advances in Alzheimer's disease: mechanisms, clinical trials and new drug development strategies (2024)*",True,0.706,"Recent advances in Alzheimer’s disease mechanisms clinical trials and new drug development strategies.pdf, alzheimer disease  2021.pdf","B. T (Recent advances in Alzheimer's disease: mechanisms, clinical trials and new drug development strategies, 2024).",True,0.695,"alzheimer disease  2021.pdf, 2025 Updates on mouse models of Alzheimer’s disease.pdf, Recent advances in Alzheimer’s disease mechanisms clinical trials and new drug development strategies.pdf","B. T

The A-T-N biomarker framework includes tau as the ""T"" for ""pathologic tau"" (Recent advances in Alzheimer's disease: mechanisms, clinical trials and new drug development strategies, 2024).",True,0.756,"2024 Advancements and Challenges in Antiamyloid Therapy for.pdf, 2024 Neuroinflammation in Alzheimer disease.pdf, 2025 Updates on mouse models of Alzheimer’s disease.pdf, Recent advances in Alzheimer’s disease mechanisms clinical trials and new drug development strategies.pdf, alzheimer disease  2021.pdf",4.1
SC7,7,single_choice,"Which age group is most at risk for cognitive disorders–associated AD?
A. <40 years
B. 40–65 years
C. 65–90 years
D. >90 years","D. >90 years

**Explanation:**
According to *Alzheimer disease (2021)*, the oldest-old group, defined as individuals aged >90 years, is identified as ""the group with the highest risk of cognitive disorders, particularly multi-aetiology dementia,"" noting that the prevalence of overt cognitive impairment increases exponentially with advancing age.",True,0.646,alzheimer disease  2021.pdf,"D. >90 years

The fastest-growing demographic segment at risk for cognitive disorders, particularly multi-aetiology dementia, is the oldest-old group (people aged >90 years), which has the highest risk of cognitive disorders (Alzheimer disease, 2021).",True,0.703,"alzheimer disease  2021.pdf, 2023-oxidative-damage-in-neurodegeneration-roles-in-the-pathogenesis-and-progression-of-alzheimer-disease.pdf","C. 65–90 years

The prevalence of overt cognitive impairment increases exponentially with advancing age, with the incidence of dementia steeply rising after 65 years and continuing to increase thereafter. The incidence of all-cause dementia in individuals aged 65–70 years is approximately 1 per 100 per year and increases to 4 per 100 per year in those aged 80–90 years (Alzheimer disease, 2021).",True,0.763,"2023-oxidative-damage-in-neurodegeneration-roles-in-the-pathogenesis-and-progression-of-alzheimer-disease.pdf, 2024 Linking activity dyshomeostasis and sleep disturbances in Alzheimer disease.pdf, Recent advances in Alzheimer’s disease mechanisms clinical trials and new drug development strategies.pdf, alzheimer disease  2021.pdf",42.2
SC8,8,single_choice,"Which sleep stage is critical for metabolite clearance from the brain?
A. REM sleep
B. NREM sleep
C. Light sleep
D. Awake state","**B. NREM sleep**

**Explanation:**
According to *""Linking activity dyshomeostasis and sleep disturbances in Alzheimer disease""* (2024), sleep drives metabolite and amyloid-β (Aβ) clearance from the adult brain via the glymphatic system (citing Xie et al., 2013). The disruption of diurnal Aβ clearance and fluctuations is directly linked to a reduction in NREM sleep time. Additionally, *""Alzheimer disease""* (2021) highlights that while Aβ production and release are elevated during wakefulness, glymphatic clearance occurs during sleep.",True,0.722,"2024 Linking activity dyshomeostasis and sleep disturbances in Alzheimer disease.pdf, alzheimer disease  2021.pdf","B. NREM sleep is critical for metabolite clearance from the brain, as sleep is associated with lower Aβ levels in the interstitial fluid and is involved in regulating Aβ elimination through the glymphatic system (Linking activity dyshomeostasis and sleep disturbances in Alzheimer disease, 2024).",True,0.695,2024 Linking activity dyshomeostasis and sleep disturbances in Alzheimer disease.pdf,"B. NREM sleep

NREM sleep, particularly NREM3, is characterized by large amplitude, slow waves that are crucial for metabolite clearance from the brain, including the clearance of amyloid-beta (Aβ) during sleep (Linking activity dyshomeostasis and sleep disturbances in Alzheimer disease, 2024).",True,0.758,"2024 Advancements and Challenges in Antiamyloid Therapy for.pdf, 2024 Linking activity dyshomeostasis and sleep disturbances in Alzheimer disease.pdf",10.5
SC9,9,single_choice,"What kind of volume change is associated with hearing loss in AD patients?
A. Increased brain volume
B. Decreased hippocampal volume
C. Increased white matter
D. Enlarged ventricles",NOT_COVERED: This information is not covered in the uploaded research papers.,True,0.92,,"B. Decreased hippocampal volume is associated with Alzheimer's disease, as hippocampal atrophy observed with MRI is linked to AD and can occur in individuals with cognitive impairment (Alzheimer disease, 2021).",True,0.688,"alzheimer disease  2021.pdf, 2025 Oligodendrocytes in Alzheimer’s disease pathophysiology.pdf, 2024 Linking activity dyshomeostasis and sleep disturbances in Alzheimer disease.pdf, 2024 Immune Activation in Alzheimer Disease.pdf, 2024 Neuroinflammation in Alzheimer disease.pdf","B. Decreased hippocampal volume. Supported by evidence indicating that hippocampal atrophy is associated with cognitive decline in Alzheimer's disease patients (Neuroinflammation in Alzheimer disease, 2025).",True,0.756,"2023-oxidative-damage-in-neurodegeneration-roles-in-the-pathogenesis-and-progression-of-alzheimer-disease.pdf, 2024 Immune Activation in Alzheimer Disease.pdf, 2024 Linking activity dyshomeostasis and sleep disturbances in Alzheimer disease.pdf, 2024 Neuroinflammation in Alzheimer disease.pdf, 2025 Oligodendrocytes in Alzheimer’s disease pathophysiology.pdf, Recent advances in Alzheimer’s disease mechanisms clinical trials and new drug development strategies.pdf, alzheimer disease  2021.pdf",6.0
SC10,10,single_choice,"The Mediterranean diet is primarily considered:
A. A treatment for AD
B. A preventive dietary strategy
C. A high-fat diet
D. A protein-reduction plan","**B. A preventive dietary strategy**

**Explanation:**
The Mediterranean diet (MeDi) is recognized as a nutritional model for prevention and healthy dietary habits rather than an established treatment for AD. Adherence to the MeDi correlates with a reduced risk and lower incidence of developing AD by excluding foods linked to AD risk and providing protective nutrients (antioxidants, vitamins, minerals, and unsaturated fatty acids) while being low in saturated fats.

**Source:** 
* *Oxidative damage in neurodegeneration: roles in the pathogenesis and progression of Alzheimer disease* (2024).",True,0.73,"2023-oxidative-damage-in-neurodegeneration-roles-in-the-pathogenesis-and-progression-of-alzheimer-disease.pdf, alzheimer disease  2021.pdf","B. A preventive dietary strategy. The Mediterranean diet (MeDi) has been associated with a reduced risk of Alzheimer's disease (AD) and is considered a nutritional model for healthy dietary habits, suggesting its role in prevention rather than treatment (Oxidative damage in neurodegeneration: roles in the pathogenesis and progression of Alzheimer disease, 2024).",True,0.7,"2024 Neuroinflammation in Alzheimer disease.pdf, alzheimer disease  2021.pdf, Recent advances in Alzheimer’s disease mechanisms clinical trials and new drug development strategies.pdf, 2023-oxidative-damage-in-neurodegeneration-roles-in-the-pathogenesis-and-progression-of-alzheimer-disease.pdf","B. A preventive dietary strategy. The Mediterranean diet has been associated with a reduced risk of Alzheimer's disease and cognitive decline, suggesting its role as a preventive dietary strategy (Oxidative damage in neurodegeneration: roles in the pathogenesis and progression of Alzheimer disease, 2024).",True,0.769,"2023-oxidative-damage-in-neurodegeneration-roles-in-the-pathogenesis-and-progression-of-alzheimer-disease.pdf, 2024 Neuroinflammation in Alzheimer disease.pdf, Recent advances in Alzheimer’s disease mechanisms clinical trials and new drug development strategies.pdf, alzheimer disease  2021.pdf",42.9
MC1,11,multiple_choice,"Which of the following are components of the A-T-N AD biomarker framework?
A. Amyloid beta
B. Tau
C. Neurodegeneration markers
D. Synaptic vesicle proteins","- **A. Amyloid beta**: Supported. *Alzheimer disease (2021)* and *Recent advances in Alzheimer's disease: mechanisms, clinical trials and new drug development strategies (2024)* describe the A-T-N framework as grouping biomarkers where ""A"" represents amyloid-β (Aβ) deposition.
- **B. Tau**: Supported. *Alzheimer disease (2021)* notes that in the A-T-N scheme, the ""T"" component represents abnormal or pathologic tau protein biomarkers.
- **C. Neurodegeneration markers**: Supported. *Alzheimer disease (2021)* and *Recent advances in Alzheimer's disease: mechanisms, clinical trials and new drug development strategies (2024)* identify ""N"" in the AT(N) framework as standing for biomarkers of neurodegeneration.
- **D. Synaptic vesicle proteins**: Not supported. While *Alzheimer disease (2021)* notes that synaptic markers are new candidate biomarkers that may need to be incorporated into diagnostic frameworks in the future, they are not components of the defined A-T-N framework.

ANSWER: A, B, C",True,0.784,"Recent advances in Alzheimer’s disease mechanisms clinical trials and new drug development strategies.pdf, alzheimer disease  2021.pdf","A, B, C

A. Amyloid beta: Supported as a key component of the A-T-N framework, representing the ""A"" in AT(N) (Recent advances in Alzheimer's disease: mechanisms, clinical trials and new drug development strategies, 2024).

B. Tau: Supported as the ""T"" in the A-T-N framework, indicating tau pathology (Recent advances in Alzheimer's disease: mechanisms, clinical trials and new drug development strategies, 2024).

C. Neurodegeneration markers: Supported as the ""N"" in the A-T-N framework, indicating neurodegeneration (Recent advances in Alzheimer's disease: mechanisms, clinical trials and new drug development strategies, 2024).

D. Synaptic vesicle proteins: Not covered; there is no mention of synaptic vesicle proteins in the context provided.",True,0.92,"Recent advances in Alzheimer’s disease mechanisms clinical trials and new drug development strategies.pdf, 2024 Neuroinflammation in Alzheimer disease.pdf, alzheimer disease  2021.pdf","A: SUPPORTED — The A-T-N framework includes amyloid beta, tau, and neurodegeneration markers as components, as stated in ""Recent advances in Alzheimer's disease: mechanisms, clinical trials and new drug development strategies"" (2024).  
B: SUPPORTED — The framework explicitly includes tau as a component, as mentioned in ""Recent advances in Alzheimer's disease: mechanisms, clinical trials and new drug development strategies"" (2024).  
C: SUPPORTED — Neurodegeneration markers are part of the A-T-N framework, as indicated in ""Recent advances in Alzheimer's disease: mechanisms, clinical trials and new drug development strategies"" (2024).  
D: NOT SUPPORTED — Synaptic vesicle proteins are not mentioned as a component of the A-T-N framework in the provided evidence.  

ANSWER: A, B, C",True,0.769,"2023-oxidative-damage-in-neurodegeneration-roles-in-the-pathogenesis-and-progression-of-alzheimer-disease.pdf, 2024 Advancements and Challenges in Antiamyloid Therapy for.pdf, 2024 Cell type-specific roles of APOE4 in Alzheimer disease.pdf, 2024 Neuroinflammation in Alzheimer disease.pdf, Recent advances in Alzheimer’s disease mechanisms clinical trials and new drug development strategies.pdf, alzheimer disease  2021.pdf",6.2
MC2,12,multiple_choice,"Which sleep-related conditions are discussed as contributing to AD progression?
A. Sleep apnea
B. Long sleep duration
C. Short sleep duration
D. Insomnia","Based on the provided research papers, here is the evaluation for each option:

- **A. Sleep apnea:** In *Alzheimer disease (2021)* and *Oxidative damage in neurodegeneration: roles in the pathogenesis and progression of Alzheimer disease (2024)*, obstructive sleep apnea/apnoea is mentioned only as a medical comorbidity or confounding condition that can mimic or mask cognitive symptoms, rather than being discussed as a contributor to AD progression.
- **B. Long sleep duration:** None of the papers discuss long sleep duration as contributing to AD progression; in fact, *Linking activity dyshomeostasis and sleep disturbances in Alzheimer disease (2024)* notes the common assumption that increased sleep is perceived as protective.
- **C. Short sleep duration:** Although *Linking activity dyshomeostasis and sleep disturbances in Alzheimer disease (2024)* notes reductions in total sleep duration and NREM/REM stages, it proposes that this reduction initially serves as an adaptive negative-feedback mechanism to suppress hyperexcitability and epileptiform spikes rather than acting as a causative contributor driving AD progression.
- **D. Insomnia:** In *Linking activity dyshomeostasis and sleep disturbances in Alzheimer disease (2024)*, insomnia is only mentioned in passing regarding reduced IGF-1 levels, and is not discussed as a condition contributing to AD progression.

ANSWER: NONE",True,0.887,"2023-oxidative-damage-in-neurodegeneration-roles-in-the-pathogenesis-and-progression-of-alzheimer-disease.pdf, 2024 Linking activity dyshomeostasis and sleep disturbances in Alzheimer disease.pdf, alzheimer disease  2021.pdf","C, D

C. Short sleep duration: The paper discusses how individuals with AD experience reduced sleep duration, particularly during NREM and REM sleep stages, which is associated with cognitive impairments (Linking activity dyshomeostasis and sleep disturbances in Alzheimer disease, 2024).

D. Insomnia: The review highlights fragmented sleep and increased nocturnal awakenings in AD, which can be interpreted as insomnia-like symptoms, contributing to the overall sleep disturbances observed in the disease (Linking activity dyshomeostasis and sleep disturbances in Alzheimer disease, 2024). 

A. Sleep apnea: Not covered. The paper does not mention sleep apnea as a contributing factor to AD progression.

B. Long sleep duration: Not covered. There is no discussion of long sleep duration in the context of AD progression.",True,0.92,2024 Linking activity dyshomeostasis and sleep disturbances in Alzheimer disease.pdf,"A: SUPPORTED — Sleep apnea is discussed as a condition that may contribute to Alzheimer's disease progression, particularly in the context of comorbidities affecting cognition (Oxidative damage in neurodegeneration: roles in the pathogenesis and progression of Alzheimer disease, 2024).  
B: NOT SUPPORTED — There is no evidence provided that specifically links long sleep duration to the progression of Alzheimer's disease.  
C: SUPPORTED — Short sleep duration is associated with increased risk of cognitive decline and is discussed in relation to Alzheimer's disease progression (Linking activity dyshomeostasis and sleep disturbances in Alzheimer disease, 2024).  
D: SUPPORTED — Insomnia is mentioned as a sleep-related condition that may impact cognitive function and is associated with Alzheimer's disease progression (Linking activity dyshomeostasis and sleep disturbances in Alzheimer disease, 2024).  
ANSWER: A, C, D",True,0.763,"2023-oxidative-damage-in-neurodegeneration-roles-in-the-pathogenesis-and-progression-of-alzheimer-disease.pdf, 2024 Linking activity dyshomeostasis and sleep disturbances in Alzheimer disease.pdf",23.0
MC3,13,multiple_choice,"Which interventions were identified as promising for sleep-related AD therapy?
A. CBT-I
B. Suvorexant
C. Positive airway pressure treatment
D. Ketamine","Based on the provided research papers, the evaluation of each intervention is as follows:

- **A. CBT-I**: Cognitive behavioral therapy for insomnia (CBT-I) is not mentioned or evaluated in any of the provided papers.
- **B. Suvorexant**: Suvorexant is not mentioned in any of the provided papers.
- **C. Positive airway pressure treatment**: In *Alzheimer disease* (2021), the authors state that comorbid sleep disorders in AD, such as obstructive sleep apnoea, should be treated using oral appliances or nasal devices that create expiratory positive airway pressure, although patients with dementia may have difficulty adapting to sleeping with a mask.
- **D. Ketamine**: Ketamine is not mentioned in any of the provided papers.

ANSWER: C",True,0.699,alzheimer disease  2021.pdf,"A. CBT-I - not covered  
B. Suvorexant - not covered  
C. Positive airway pressure treatment - not covered  
D. Ketamine - not covered  

None of the options A, B, C, or D are mentioned in the provided excerpts as interventions for sleep-related Alzheimer's disease therapy. The context primarily discusses mechanisms of sleep disturbances and their relationship to Alzheimer's disease but does not provide specific evidence or mention these interventions (Linking activity dyshomeostasis and sleep disturbances in Alzheimer disease, 2024).",True,0.92,"Recent advances in Alzheimer’s disease mechanisms clinical trials and new drug development strategies.pdf, 2024 Advancements and Challenges in Antiamyloid Therapy for.pdf, 2024 Linking activity dyshomeostasis and sleep disturbances in Alzheimer disease.pdf, alzheimer disease  2021.pdf","A: SUPPORTED — Cognitive Behavioral Therapy for Insomnia (CBT-I) is discussed as a promising intervention for sleep-related issues in Alzheimer's disease in the paper ""Linking activity dyshomeostasis and sleep disturbances in Alzheimer disease"" (2024).  
B: NOT SUPPORTED — There is no direct evidence in the provided excerpts linking suvorexant to sleep-related Alzheimer's disease therapy.  
C: NOT SUPPORTED — The evidence does not support positive airway pressure treatment as a promising intervention for sleep-related Alzheimer's disease therapy.  
D: NOT SUPPORTED — There is no evidence in the excerpts indicating that ketamine is a promising intervention for sleep-related Alzheimer's disease therapy.  
ANSWER: A",True,0.76,"2023-oxidative-damage-in-neurodegeneration-roles-in-the-pathogenesis-and-progression-of-alzheimer-disease.pdf, 2024 Advancements and Challenges in Antiamyloid Therapy for.pdf, 2024 Linking activity dyshomeostasis and sleep disturbances in Alzheimer disease.pdf, Recent advances in Alzheimer’s disease mechanisms clinical trials and new drug development strategies.pdf, alzheimer disease  2021.pdf",65.9
MC4,14,multiple_choice,"Hearing loss in older adults may lead to which of the following?
A. Decreased brain volume
B. Higher tau levels
C. Lower social engagement
D. Enhanced neurogenesis","Based on the provided research papers, here is the evaluation for each option:

- **A. Decreased brain volume:** Not supported; while hearing loss is identified as a modifiable midlife risk factor for later-life dementia and is noted to exacerbate short-term memory problems in patients with Alzheimer disease, the text does not state that it leads to decreased brain volume (*Alzheimer disease*, 2021).
- **B. Higher tau levels:** Not supported; the papers do not report any link between hearing loss and increased tau levels (*Alzheimer disease*, 2021).
- **C. Lower social engagement:** Not supported; although social isolation and hearing loss are separately noted as dementia risk factors, none of the papers state that hearing loss leads to lower social engagement (*Alzheimer disease*, 2021).
- **D. Enhanced neurogenesis:** Not supported; the text does not link hearing loss to enhanced neurogenesis (*Alzheimer disease*, 2021).

ANSWER: NONE",True,0.727,alzheimer disease  2021.pdf,"C. Lower social engagement  
Evidence suggests that cognitive impairment, including that caused by Alzheimer’s disease, can lead to decreased social engagement (Alzheimer disease, 2021). 

A. Decreased brain volume  
While not directly linked to hearing loss, cognitive impairment and Alzheimer’s disease are associated with brain atrophy (Alzheimer disease, 2021). 

B. Higher tau levels  
The context discusses tau pathology in relation to cognitive decline but does not specifically link hearing loss to increased tau levels (not covered). 

D. Enhanced neurogenesis  
There is no evidence in the context to support that hearing loss leads to enhanced neurogenesis (not covered). 

Correct options: A, C.",True,0.92,"alzheimer disease  2021.pdf, 2024 Linking activity dyshomeostasis and sleep disturbances in Alzheimer disease.pdf, 2024 Immune Activation in Alzheimer Disease.pdf","A: SUPPORTED — Hearing loss in older adults is associated with decreased brain volume, as indicated by the evidence that cognitive decline and neurodegeneration are linked to brain atrophy in Alzheimer's disease (Alzheimer disease, 2021).  
B: SUPPORTED — Higher tau levels are associated with cognitive decline and neurodegeneration in Alzheimer's disease, as evidenced by the relationship between tau pathology and cognitive impairment (Cell type-specific roles of APOE4 in Alzheimer disease, 2024).  
C: SUPPORTED — Lower social engagement is linked to cognitive decline and quality of life issues in older adults, particularly in the context of Alzheimer's disease (Alzheimer disease, 2021).  
D: NOT SUPPORTED — There is no evidence provided that supports the claim that hearing loss in older adults leads to enhanced neurogenesis.  

ANSWER: A, B, C",True,0.76,"2023-oxidative-damage-in-neurodegeneration-roles-in-the-pathogenesis-and-progression-of-alzheimer-disease.pdf, 2024 Cell type-specific roles of APOE4 in Alzheimer disease.pdf, 2024 Immune Activation in Alzheimer Disease.pdf, 2024 Linking activity dyshomeostasis and sleep disturbances in Alzheimer disease.pdf, 2024 Neuroinflammation in Alzheimer disease.pdf, Recent advances in Alzheimer’s disease mechanisms clinical trials and new drug development strategies.pdf, alzheimer disease  2021.pdf",10.7
MC5,15,multiple_choice,"Which factors have been epidemiologically linked to AD?
A. Hypoxia
B. Gut microbiota imbalance
C. High education
D. Diet","- **A. Hypoxia:** In *Oxidative damage in neurodegeneration: roles in the pathogenesis and progression of Alzheimer disease* (2024) and *Oligodendrocytes in Alzheimer's disease pathophysiology* (2025), hypoxia is discussed as a cellular and tissue-level stressor affecting mitochondrial function and myelin vulnerability, but it is not identified as having an epidemiological link to AD.
- **B. Gut microbiota imbalance:** While *Neuroinflammation in Alzheimer disease* (2025) and *Recent advances in Alzheimer's disease: mechanisms, clinical trials and new drug development strategies* (2024) explore gut dysbiosis in animal models and mechanistic hypotheses, neither paper establishes an epidemiological link between gut microbiota imbalance and AD.
- **C. High education:** In *Alzheimer disease* (2021), the review of dementia epidemiology notes that higher educational attainment is a protective factor linked to cognitive resilience and a lower incidence of dementia and AD.
- **D. Diet:** In *Oxidative damage in neurodegeneration: roles in the pathogenesis and progression of Alzheimer disease* (2024), dietary factors (such as dietary curcumin intake and specific dietary patterns like the Mediterranean and DASH diets) are explicitly noted to be epidemiologically linked to cognitive function and reduced risk of AD across cross-sectional and prospective studies.

ANSWER: C, D",True,0.9,"2023-oxidative-damage-in-neurodegeneration-roles-in-the-pathogenesis-and-progression-of-alzheimer-disease.pdf, 2024 Neuroinflammation in Alzheimer disease.pdf, 2025 Oligodendrocytes in Alzheimer’s disease pathophysiology.pdf, Recent advances in Alzheimer’s disease mechanisms clinical trials and new drug development strategies.pdf, alzheimer disease  2021.pdf","D, C

D. Diet: Evidence indicates that diet plays a critical role in controlling AD risk, with specific dietary patterns linked to reduced risk and disease progression (Oxidative damage in neurodegeneration: roles in the pathogenesis and progression of Alzheimer disease, 2024).

C. High education: The context mentions that lifestyle factors, including education, may delay the onset of dementia, suggesting a link between education and AD risk (Oxidative damage in neurodegeneration: roles in the pathogenesis and progression of Alzheimer disease, 2024). 

A. Hypoxia: Not covered.

B. Gut microbiota imbalance: Not covered.",True,0.92,"alzheimer disease  2021.pdf, 2024 Neuroinflammation in Alzheimer disease.pdf, Recent advances in Alzheimer’s disease mechanisms clinical trials and new drug development strategies.pdf, 2023-oxidative-damage-in-neurodegeneration-roles-in-the-pathogenesis-and-progression-of-alzheimer-disease.pdf","A: NOT SUPPORTED — There is no evidence linking hypoxia directly to Alzheimer's disease in the provided excerpts.  
B: SUPPORTED — The gut microbiome may influence immune processes in the brain, and dysbiosis is associated with neuroinflammation, which is linked to Alzheimer's disease (Neuroinflammation in Alzheimer disease, 2025).  
C: SUPPORTED — Higher education levels are associated with a lower incidence of Alzheimer's disease, suggesting that education is a modifiable risk factor (Recent advances in Alzheimer's disease: mechanisms, clinical trials and new drug development strategies, 2024).  
D: SUPPORTED — A balanced diet, particularly the Mediterranean diet, is associated with reduced risk of Alzheimer's disease and cognitive decline (Neuroinflammation in Alzheimer disease, 2025).  
ANSWER: B, C, D",True,0.769,"2023-oxidative-damage-in-neurodegeneration-roles-in-the-pathogenesis-and-progression-of-alzheimer-disease.pdf, 2024 Immune Activation in Alzheimer Disease.pdf, 2024 Linking activity dyshomeostasis and sleep disturbances in Alzheimer disease.pdf, 2024 Neuroinflammation in Alzheimer disease.pdf, Recent advances in Alzheimer’s disease mechanisms clinical trials and new drug development strategies.pdf",19.3
MC6,16,multiple_choice,"Which imaging biomarkers are used in AD diagnosis?
A. Tau-PET
B. MRI
C. CT
D. FDG-PET","Based on the provided research papers, the evaluation of the options is as follows:

- **A. Tau-PET**: Supported. Tau-PET is an established imaging biomarker used to detect pathological tau deposition and neurofibrillary tangles, correlating strongly with cognitive decline and clinical phenotypes (*Recent advances in Alzheimer's disease: mechanisms, clinical trials and new drug development strategies (2024)*; *Alzheimer disease (2021)*).
- **B. MRI**: Supported. Structural MRI is routinely used as an imaging biomarker in the diagnostic evaluation of AD to measure medial temporal lobe, hippocampal, and cortical atrophy reflecting neurodegeneration (*Recent advances in Alzheimer's disease: mechanisms, clinical trials and new drug development strategies (2024)*; *Alzheimer disease (2021)*).
- **C. CT**: Supported. CT is identified under imaging biomarkers as an imaging modality necessary in the initial structural evaluation of patients with suspected cognitive impairment due to AD (*Alzheimer disease (2021)*; *Advancements and challenges in antiamyloid therapy for Alzheimer's disease: a comprehensive review (2024)*).
- **D. FDG-PET**: Supported. $^{18}\text{FDG}$-PET is an established imaging biomarker used in AD to detect characteristic patterns of reduced cerebral glucose metabolism in the temporoparietal and posterior cingulate regions (*Recent advances in Alzheimer's disease: mechanisms, clinical trials and new drug development strategies (2024)*; *Alzheimer disease (2021)*).

ANSWER: A, B, C, D",True,0.9,"2024 Advancements and Challenges in Antiamyloid Therapy for.pdf, Recent advances in Alzheimer’s disease mechanisms clinical trials and new drug development strategies.pdf, alzheimer disease  2021.pdf","A, B, C, D

A. Tau-PET: Supported as it allows detection of tauopathy specific for AD and correlates with cognitive performance (Alzheimer disease, 2021).

B. MRI: Supported as it is used to assess brain atrophy and exclude other causes of cognitive impairment (Alzheimer disease, 2021).

C. CT: Supported as it was initially used for evaluating cognitive impairment, although it has been largely superseded by MRI (Alzheimer disease, 2021).

D. FDG-PET: Supported as it detects reduced glucose metabolism and is useful for staging and differentiating AD from other disorders (Recent advances in Alzheimer’s disease, 2024).",True,0.725,"alzheimer disease  2021.pdf, Recent advances in Alzheimer’s disease mechanisms clinical trials and new drug development strategies.pdf","A: SUPPORTED — Tau-PET can specifically identify AD dementia from other neurodegenerative diseases, showing higher diagnostic accuracy than MRI markers (Recent advances in Alzheimer's disease: mechanisms, clinical trials and new drug development strategies, 2024).  
B: SUPPORTED — Structural MRI assesses hippocampal and entorhinal cortex atrophy in the medial temporal lobe, which is relevant for diagnosing Alzheimer's disease (Recent advances in Alzheimer's disease: mechanisms, clinical trials and new drug development strategies, 2024).  
C: NOT SUPPORTED — There is no evidence provided that CT is used as an imaging biomarker for Alzheimer's disease diagnosis in the supplied excerpts.  
D: SUPPORTED — FDG-PET detects reduced glucose metabolism in the posterior cingulate and temporoparietal lobes, which is relevant for diagnosing Alzheimer's disease (Recent advances in Alzheimer's disease: mechanisms, clinical trials and new drug development strategies, 2024).  
ANSWER: A, B, D",True,0.767,"2024 Advancements and Challenges in Antiamyloid Therapy for.pdf, 2024 Neuroinflammation in Alzheimer disease.pdf, Recent advances in Alzheimer’s disease mechanisms clinical trials and new drug development strategies.pdf, alzheimer disease  2021.pdf",12.7
MC7,17,multiple_choice,"What roles do CSF biomarkers play in AD diagnosis?
A. Stage disease progression
B. Diagnose mild cognitive impairment
C. Indicate tau pathology
D. Replace neuropsychological testing","Based on the provided research papers, here is the evaluation of each option:

- **A. Stage disease progression:** Not supported. *Alzheimer disease (2021)* explicitly states that ""Both CSF p-tau181 and t-tau are of little value in the staging of disease severity.""
- **B. Diagnose mild cognitive impairment:** Not supported. *Alzheimer disease (2021)* notes that mild cognitive impairment is a clinical syndrome identified through patient history, informant reporting, and cognitive evaluations, while biomarkers are used secondarily to confirm underlying AD etiology rather than establish the clinical diagnosis of MCI.
- **C. Indicate tau pathology:** Supported. *Alzheimer disease (2021)* states that in the A-T-N diagnostic framework, CSF phosphorylated tau (such as p-tau181 or p-tau217) serves as a specific biomarker indicating tau pathology (*Recent advances in Alzheimer's disease: mechanisms, clinical trials and new drug development strategies (2024)* similarly notes CSF P-tau indicates AD-related pathological tau).
- **D. Replace neuropsychological testing:** Not supported. *Alzheimer disease (2021)* clarifies that while biomarkers assist in diagnosis, they do not replace clinical evaluations or neuropsychological testing, as diagnosis relies on integrating clinical examinations, cognitive testing, and biomarker technology.

ANSWER: C",True,0.831,"Recent advances in Alzheimer’s disease mechanisms clinical trials and new drug development strategies.pdf, alzheimer disease  2021.pdf","A, B, C

A. Stage disease progression: Supported. CSF biomarkers can indicate the severity of the AD process and are used in staging (Alzheimer disease, 2021).

B. Diagnose mild cognitive impairment: Supported. CSF biomarkers like Aβ42 and p-tau181 are used to predict Alzheimer's disease in patients with mild cognitive impairment (Alzheimer disease, 2021).

C. Indicate tau pathology: Supported. p-tau181 is considered a specific biomarker for tau pathology in AD (Alzheimer disease, 2021).

D. Replace neuropsychological testing: Not covered. There is no mention of CSF biomarkers replacing neuropsychological testing in the provided excerpts.",True,0.92,"alzheimer disease  2021.pdf, Recent advances in Alzheimer’s disease mechanisms clinical trials and new drug development strategies.pdf","A: SUPPORTED — CSF biomarkers can indicate the severity of the AD process, as they include tau PET and neurodegeneration biomarkers, which are used to stage disease progression (Alzheimer disease, 2021).  
B: SUPPORTED — Increased frequencies of pro-inflammatory CD8+ T effector memory cells in individuals with mild cognitive impairment suggest that CSF biomarkers can help diagnose mild cognitive impairment (Neuroinflammation in Alzheimer disease, 2025).  
C: SUPPORTED — CSF biomarkers such as phosphorylated tau (P-tau) are specifically indicated as markers of tau pathology in Alzheimer's disease (Recent advances in Alzheimer's disease: mechanisms, clinical trials and new drug development strategies, 2024).  
D: NOT SUPPORTED — Neuropsychological testing is emphasized as a cornerstone for diagnosis, and while biomarkers can confirm a tentative diagnosis, they do not replace the need for neuropsychological testing (Alzheimer disease, 2021).  
ANSWER: A, B, C",True,0.771,"2024 Advancements and Challenges in Antiamyloid Therapy for.pdf, 2024 Neuroinflammation in Alzheimer disease.pdf, Recent advances in Alzheimer’s disease mechanisms clinical trials and new drug development strategies.pdf, alzheimer disease  2021.pdf",30.7
MC8,18,multiple_choice,"What effects does gut microbiota have in AD animal models?
A. Promotes inflammation
B. Improves memory
C. Impairs spatial learning
D. Reduces tau levels","Based on the provided research papers, the evaluation of the options is as follows:

- **A. Promotes inflammation:** **Supported.** In *Immune Activation in Alzheimer Disease (2024)*, transplantation of AD patient gut microbiota into APP/PS1 mice activated the intestinal NLRP3 inflammasome, leading to elevated inflammatory factors (IL-1β, IL-18, TNF-α) that reached the CNS and activated microglia; additionally, recolonization of germ-free mice with a microbiome triggered glial activation.
- **B. Improves memory:** **Not supported.** The papers note that transferring gut microbiota from AD patients induces cognitive deficits and AD-like symptoms rather than improving memory (*Neuroinflammation in Alzheimer disease (2025)*).
- **C. Impairs spatial learning:** **Not supported.** While papers note that AD microbiota can induce general cognitive deficits or AD-like symptoms, none of the texts specifically state that gut microbiota impairs spatial learning in AD animal models.
- **D. Reduces tau levels:** **Not supported.** *Immune Activation in Alzheimer Disease (2024)* reports that germ-free conditions decreased tau phosphorylation, whereas microbiota recolonization and short-chain fatty acids produced by microbiota increased tau phosphorylation.

ANSWER: A",True,0.87,"2024 Immune Activation in Alzheimer Disease.pdf, 2024 Neuroinflammation in Alzheimer disease.pdf, alzheimer disease  2021.pdf","B, C

B. Improves memory: Evidence shows that faecal transplantation from healthy mice to AD model animals reduces disease pathology and improves cognitive parameters (Neuroinflammation in Alzheimer disease, 2025).

C. Impairs spatial learning: The gut microbiome can influence microglial responses to pathological insults, and dysbiosis may lead to cognitive deficits, as indicated by the effects of microbiome alterations on memory and cognitive function (Neuroinflammation in Alzheimer disease, 2025). 

A. Promotes inflammation: While the gut microbiome can influence immune processes, the context does not explicitly state that it promotes inflammation in AD models.

D. Reduces tau levels: There is no direct evidence in the context provided that gut microbiota specifically reduces tau levels.",True,0.729,"2024 Neuroinflammation in Alzheimer disease.pdf, 2025 Updates on mouse models of Alzheimer’s disease.pdf, Recent advances in Alzheimer’s disease mechanisms clinical trials and new drug development strategies.pdf, 2024 Immune Activation in Alzheimer Disease.pdf","A: SUPPORTED — The evidence states that ""the neuronal ε4 variant promotes tau phosphorylation and leads to increased neuroinflammation and cell death"" in the paper ""Neuroinflammation in Alzheimer disease"" (2025).  
B: NOT SUPPORTED — There is no evidence provided that directly states gut microbiota improves memory in AD animal models.  
C: SUPPORTED — The evidence indicates that ""treatment of symptomatic J20 AD mice with the nontoxic blood-brain barrier (BBB)-permeable small-molecule caspase-1 inhibitor VX-765 prevents Aβ accumulation, inflammation, synapse loss, and memory deficits,"" suggesting that gut microbiota may impair spatial learning in AD models as discussed in ""Immune activation in Alzheimer disease"" (2024).  
D: NOT SUPPORTED — There is no evidence provided that directly states gut microbiota reduces tau levels in AD animal models.  

ANSWER: A, C",True,0.772,"2024 Immune Activation in Alzheimer Disease.pdf, 2024 Neuroinflammation in Alzheimer disease.pdf, Recent advances in Alzheimer’s disease mechanisms clinical trials and new drug development strategies.pdf",15.6
MC9,19,multiple_choice,"Which sleep characteristics are associated with AD?
A. Reduced REM duration
B. Abnormal slow-wave oscillations
C. Increased CSF tau during wakefulness
D. Stable sleep architecture","Based on the provided research papers, the evaluation of the options is as follows:

- **A. Reduced REM duration:** **Supported.** *Linking activity dyshomeostasis and sleep disturbances in Alzheimer disease (2024)* notes that typical changes in sleep architecture in AD include a significantly reduced duration of the REM sleep stage.
- **B. Abnormal slow-wave oscillations:** **Supported.** *Linking activity dyshomeostasis and sleep disturbances in Alzheimer disease (2024)* states that AD is associated with reductions across the frequency bands of slow waves and specific slow-wave deficits/oscillations (<1 Hz) during NREM sleep.
- **C. Increased CSF tau during wakefulness:** **Not supported.** While *Linking activity dyshomeostasis and sleep disturbances in Alzheimer disease (2024)* notes that sleep deprivation increases extracellular levels of tau and cites that the sleep–wake cycle regulates CSF tau, it does not state that increased CSF tau during wakefulness is a sleep characteristic associated with AD.
- **D. Stable sleep architecture:** **Not supported.** *Linking activity dyshomeostasis and sleep disturbances in Alzheimer disease (2024)* explains that AD is characterized by fragmented sleep and robust disruptions in sleep architecture rather than stable sleep architecture.

ANSWER: A, B",True,0.825,"2024 Linking activity dyshomeostasis and sleep disturbances in Alzheimer disease.pdf, alzheimer disease  2021.pdf","A, B

A. Reduced REM duration: Supported. Individuals with AD exhibit significantly reduced REM sleep duration compared to age-matched controls (Linking activity dyshomeostasis and sleep disturbances in Alzheimer disease, 2024).

B. Abnormal slow-wave oscillations: Supported. AD is associated with reductions in slow-wave activity during NREM sleep, which is crucial for memory consolidation (Linking activity dyshomeostasis and sleep disturbances in Alzheimer disease, 2024).

C. Increased CSF tau during wakefulness: Not covered. The excerpts do not mention CSF tau levels specifically during wakefulness in relation to AD.

D. Stable sleep architecture: Not covered. The paper discusses disruptions in sleep architecture in AD, indicating instability rather than stability.",True,0.92,2024 Linking activity dyshomeostasis and sleep disturbances in Alzheimer disease.pdf,"A: SUPPORTED — The evidence states that ""the duration of NREM3 and REM sleep stages is significantly reduced"" in individuals with Alzheimer's disease (AD) (Linking activity dyshomeostasis and sleep disturbances in Alzheimer disease, 2024).  
B: SUPPORTED — The evidence indicates that ""slow-wave deficits that are specific to lower frequencies (<1 Hz) during NREM sleep"" are observed in Alzheimer's disease (Linking activity dyshomeostasis and sleep disturbances in Alzheimer disease, 2024).  
C: NOT SUPPORTED — There is no evidence provided that directly associates increased CSF tau during wakefulness with sleep characteristics in Alzheimer's disease.  
D: NOT SUPPORTED — The evidence suggests that sleep architecture is disrupted in Alzheimer's disease, indicating it is not stable (Linking activity dyshomeostasis and sleep disturbances in Alzheimer disease, 2024).  
ANSWER: A, B",True,0.771,"2023-oxidative-damage-in-neurodegeneration-roles-in-the-pathogenesis-and-progression-of-alzheimer-disease.pdf, 2024 Immune Activation in Alzheimer Disease.pdf, 2024 Linking activity dyshomeostasis and sleep disturbances in Alzheimer disease.pdf",11.1
MC10,20,multiple_choice,"Which interventions may improve cognition in MCI or early dementia?
A. Melatonin
B. Rivasti gmine
C. Suvorexant
D. Ketogenic diet","Based on the provided research papers, here is the evaluation of each intervention:

- **A. Melatonin:** While melatonin was shown to reduce memory deficits and cognitive impairment in rodent models (e.g., APP695, 3xTg-AD mice, and Aβ-injected rats), none of the papers report that melatonin improves cognition in human patients with MCI or early dementia (*Oxidative damage in neurodegeneration: roles in the pathogenesis and progression of Alzheimer disease (2024)*).
- **B. Rivastigmine:** Rivastigmine is an acetylcholinesterase inhibitor approved for mild to moderate dementia that enhances cognitive and behavioral functions in patients and delays symptom progression, and has shown beneficial cognitive effects in clinical trials involving MCI and mild AD patients (*Recent advances in Alzheimer's disease: mechanisms, clinical trials and new drug development strategies (2024)*; *Alzheimer disease (2021)*; *Oxidative damage in neurodegeneration: roles in the pathogenesis and progression of Alzheimer disease (2024)*).
- **C. Suvorexant:** Suvorexant is not mentioned in any of the provided papers.
- **D. Ketogenic diet:** A ketogenic diet is not mentioned in any of the provided papers (only fasting, caloric restriction, and ketone body metabolism are discussed).

ANSWER: B",True,0.871,"2023-oxidative-damage-in-neurodegeneration-roles-in-the-pathogenesis-and-progression-of-alzheimer-disease.pdf, Recent advances in Alzheimer’s disease mechanisms clinical trials and new drug development strategies.pdf, alzheimer disease  2021.pdf","B. Rivastigmine  
Rivastigmine is a cholinesterase inhibitor that has been shown to alleviate cognitive impairment in Alzheimer's disease patients, thus supporting its use in early dementia (Recent advances in Alzheimer's disease, 2024).

A. Melatonin  
Melatonin has been mentioned in the context of improving cognitive function and reducing the detrimental impact of psychological stress, which may benefit the elderly population (Oxidative damage in neurodegeneration, 2024).

C. Suvorexant  
Not covered. There is no mention of suvorexant in the provided excerpts.

D. Ketogenic diet  
Not covered. There is no mention of a ketogenic diet in the provided excerpts.",True,0.92,"Recent advances in Alzheimer’s disease mechanisms clinical trials and new drug development strategies.pdf, 2023-oxidative-damage-in-neurodegeneration-roles-in-the-pathogenesis-and-progression-of-alzheimer-disease.pdf","A: NOT SUPPORTED — The evidence does not indicate that melatonin improves cognition in MCI or early dementia.  
B: SUPPORTED — Rivastigmine is an acetylcholinesterase inhibitor that has been shown to improve cognitive function in patients with mild cognitive impairment and mild Alzheimer's disease (Oxidative damage in neurodegeneration: roles in the pathogenesis and progression of Alzheimer disease, 2024).  
C: NOT SUPPORTED — There is no evidence provided that suvorexant improves cognition in MCI or early dementia.  
D: SUPPORTED — The ketogenic diet has been associated with improvements in cognitive function and may have beneficial effects in patients with Alzheimer's disease (Oxidative damage in neurodegeneration: roles in the pathogenesis and progression of Alzheimer disease, 2024).  
ANSWER: B, D",True,0.774,"2023-oxidative-damage-in-neurodegeneration-roles-in-the-pathogenesis-and-progression-of-alzheimer-disease.pdf, Recent advances in Alzheimer’s disease mechanisms clinical trials and new drug development strategies.pdf, alzheimer disease  2021.pdf",33.3
SA1,21,short_answer,What is the role of the Aβ-PET scan in Alzheimer's diagnosis?,"Aβ-PET scans enable the direct in vivo visualization and quantitative measurement of fibrillar Aβ plaque accumulation and its spatial distribution in the brain (*Alzheimer disease (2021)*; *Recent advances in Alzheimer's disease: mechanisms, clinical trials and new drug development strategies (2024)*). Within the AT(N) diagnostic classification framework, Aβ-PET serves as a core ""A"" (amyloid) state biomarker to confirm Alzheimer disease (AD) biology (*Alzheimer disease (2021)*). It exhibits approximately 90% sensitivity and specificity in diagnosing AD, detecting pathological brain changes in early preclinical stages years before neurodegeneration occurs (*Recent advances in Alzheimer's disease: mechanisms, clinical trials and new drug development strategies (2024)*; *Alzheimer disease (2021)*). Additionally, Aβ-PET imaging is used in clinical evaluations and trials to confirm amyloid presence, determine patient eligibility for antiamyloid therapies, stage pathology, and monitor therapeutic plaque clearance over time (*Advancements and challenges in antiamyloid therapy for Alzheimer's disease: a comprehensive review (2024)*; *Alzheimer disease (2021)*).",True,0.856,"2024 Advancements and Challenges in Antiamyloid Therapy for.pdf, Recent advances in Alzheimer’s disease mechanisms clinical trials and new drug development strategies.pdf, alzheimer disease  2021.pdf","Aβ-PET scans play a crucial role in the diagnosis of Alzheimer's disease (AD) by allowing for the direct visualization of amyloid plaque accumulation in the brain, which is a hallmark of AD pathology. These scans provide quantitative data on the extent and location of amyloid deposition, enhancing diagnostic precision and enabling real-time monitoring of β-amyloidosis progression (Alzheimer disease, 2021). Aβ-PET imaging is particularly useful for staging the disease, differentiating between AD variants, and identifying individuals who may benefit from further diagnostic evaluation (Alzheimer disease, 2021). Additionally, Aβ-PET findings correlate with cerebrospinal fluid (CSF) Aβ levels, although they cannot detect certain Aβ species, such as oligomers (Alzheimer disease, 2021).",True,0.726,"alzheimer disease  2021.pdf, 2024 Neuroinflammation in Alzheimer disease.pdf, Recent advances in Alzheimer’s disease mechanisms clinical trials and new drug development strategies.pdf","The Aβ-PET scan plays a crucial role in the diagnosis of Alzheimer's disease (AD) by providing a non-invasive method to visualize amyloid-beta (Aβ) plaque accumulation in the brain, which is a hallmark of AD pathology. Studies indicate that Aβ-PET exhibits approximately 90% sensitivity and specificity for diagnosing AD, making it a reliable diagnostic tool (Recent advances in Alzheimer's disease: mechanisms, clinical trials and new drug development strategies, 2024). Furthermore, Aβ-PET can detect abnormal brain changes earlier than neurodegeneration, allowing for potential early interventions (Alzheimer disease, 2021). It is particularly useful in differentiating AD from other neurodegenerative diseases, enhancing diagnostic accuracy beyond traditional imaging methods (Recent advances in Alzheimer's disease: mechanisms, clinical trials and new drug development strategies, 2024; Alzheimer disease, 2021). However, Aβ-PET is not universally necessary for all dementia diagnoses, as its utility is more pronounced in specific clinical contexts (Alzheimer disease, 2021).",True,0.772,"2024 Neuroinflammation in Alzheimer disease.pdf, Recent advances in Alzheimer’s disease mechanisms clinical trials and new drug development strategies.pdf, alzheimer disease  2021.pdf",7.9
SA2,22,short_answer,How does hearing loss influence AD pathogenesis according to recent studies?,"According to *Alzheimer disease (2021)*, midlife hearing loss is identified as a potentially modifiable risk factor associated with an increased risk of later-life dementia, carrying a relative risk between 1.5 and 1.8. 

Although the text does not describe specific molecular or cellular mechanisms by which hearing loss alters core neuropathology (such as amyloid-β or tau), it highlights that hearing loss is common in patients with Alzheimer disease and can directly exacerbate short-term memory problems. Furthermore, hearing limitations act as a comorbid disability that complicates clinical management and reduces patient and caregiver quality of life. In practice, managing hearing loss in individuals with mild cognitive impairment or dementia is particularly difficult because small hearing aids require careful adjustments; patients frequently misplace or lose the devices, which typically terminates attempts to utilize them.",True,0.725,alzheimer disease  2021.pdf,"Hearing loss in individuals with Alzheimer's disease (AD) can exacerbate short-term memory problems, complicating the management of cognitive impairment. This auditory deficit poses challenges in treatment, as the use of hearing aids may be hindered by the cognitive difficulties associated with AD, leading to issues such as misplacing devices (Alzheimer disease, 2021). Additionally, hearing loss may represent a confounding disability that complicates the clinical picture of dementia, making it essential to address in the overall management of patients (Alzheimer disease, 2021).",True,0.709,"2025 Oligodendrocytes in Alzheimer’s disease pathophysiology.pdf, alzheimer disease  2021.pdf, 2024 Linking activity dyshomeostasis and sleep disturbances in Alzheimer disease.pdf, 2024 Neuroinflammation in Alzheimer disease.pdf, Recent advances in Alzheimer’s disease mechanisms clinical trials and new drug development strategies.pdf, 2023-oxidative-damage-in-neurodegeneration-roles-in-the-pathogenesis-and-progression-of-alzheimer-disease.pdf","Recent studies suggest that hearing loss may influence the pathogenesis of Alzheimer's disease (AD) through several interconnected mechanisms. Hearing impairment is associated with increased neuroinflammation and cognitive decline, which are critical factors in AD progression (Recent advances in Alzheimer's disease: mechanisms, clinical trials and new drug development strategies, 2024). Additionally, myelin damage and oligodendrocyte dysfunction, which are exacerbated by neuroinflammation, can lead to increased amyloid-beta (Aβ) production and impaired clearance, further contributing to AD pathology (Oligodendrocytes in Alzheimer's disease pathophysiology, 2025). The interplay between auditory dysfunction and these neurodegenerative processes highlights the complexity of AD's etiology, suggesting that addressing hearing loss could be a potential avenue for intervention (Alzheimer disease, 2021). However, more research is needed to fully elucidate these relationships.",True,0.765,"2024 Neuroinflammation in Alzheimer disease.pdf, 2025 Oligodendrocytes in Alzheimer’s disease pathophysiology.pdf, Recent advances in Alzheimer’s disease mechanisms clinical trials and new drug development strategies.pdf, alzheimer disease  2021.pdf",18.4
SA3,23,short_answer,What are the three components of the A-T-N framework?,"According to *Alzheimer disease (2021)* and *Recent advances in Alzheimer's disease: mechanisms, clinical trials and new drug development strategies (2024)*, the three biomarker components of the A-T-N [or AT(N)] framework are:

1. **""A"" (Amyloid-β deposition):** Biomarkers that proxy Aβ pathology and plaque accumulation, such as cortical retention on Aβ-PET imaging, reduced cerebrospinal fluid (CSF) Aβ42 levels, or a decreased CSF Aβ42/Aβ40 ratio.
2. **""T"" (Abnormal or Pathologic Tau):** Biomarkers specific for tau pathology and neurofibrillary tangles, evaluated through tau-PET ligand binding or elevated concentrations of phosphorylated tau (such as CSF p-tau181 or p-tau217).
3. **""N"" (Neurodegeneration or Neuronal Injury):** Biomarkers reflecting non-specific progressive neuronal or axonal damage and brain tissue loss, including elevated CSF total tau (t-tau), neurofilament light chain (NfL), glucose hypometabolism on FDG-PET, and regional brain atrophy on structural MRI.",True,0.782,"Recent advances in Alzheimer’s disease mechanisms clinical trials and new drug development strategies.pdf, alzheimer disease  2021.pdf","The A-T-N framework consists of three components: Aβ (amyloid-beta) deposition, tau pathology, and neurodegeneration. The ""A"" component refers to amyloid biomarkers, which can be assessed through imaging techniques like PET and cerebrospinal fluid (CSF) analysis. The ""T"" component involves tau biomarkers, indicating abnormal tau protein levels, while the ""N"" component encompasses neurodegeneration markers that reflect neuronal injury (Recent advances in Alzheimer's disease: mechanisms, clinical trials and new drug development strategies, 2024; Alzheimer disease, 2021).",True,0.666,"alzheimer disease  2021.pdf, 2024 Immune Activation in Alzheimer Disease.pdf, 2024 Neuroinflammation in Alzheimer disease.pdf, 2024 Advancements and Challenges in Antiamyloid Therapy for.pdf, Recent advances in Alzheimer’s disease mechanisms clinical trials and new drug development strategies.pdf, 2023-oxidative-damage-in-neurodegeneration-roles-in-the-pathogenesis-and-progression-of-alzheimer-disease.pdf","The A-T-N framework, proposed by the National Institute on Aging and Alzheimer’s Association (NIA-AA), consists of three components: A (amyloid), T (tau), and N (neurodegeneration). This framework categorizes biomarkers related to Alzheimer's disease (AD) pathology, where ""A"" refers to the presence of amyloid-beta plaques, ""T"" indicates the presence of abnormal tau protein, and ""N"" signifies neurodegeneration, often assessed through neuroimaging or cerebrospinal fluid (CSF) biomarkers (Recent advances in Alzheimer's disease: mechanisms, clinical trials and new drug development strategies, 2024; Alzheimer disease, 2021). The integration of these biomarkers aids in diagnosing and staging AD, providing a comprehensive understanding of the disease's biological underpinnings (Alzheimer disease, 2021).",True,0.755,"2023-oxidative-damage-in-neurodegeneration-roles-in-the-pathogenesis-and-progression-of-alzheimer-disease.pdf, 2024 Advancements and Challenges in Antiamyloid Therapy for.pdf, 2024 Linking activity dyshomeostasis and sleep disturbances in Alzheimer disease.pdf, 2024 Neuroinflammation in Alzheimer disease.pdf, Recent advances in Alzheimer’s disease mechanisms clinical trials and new drug development strategies.pdf, alzheimer disease  2021.pdf",14.1
SA4,24,short_answer,Describe how sleep architecture can predict β-amyloid accumulation.,"According to *Linking activity dyshomeostasis and sleep disturbances in Alzheimer disease (2024)*, specific features of sleep architecture predict amyloid-β (Aβ) pathology. Specifically, lower sleep efficiency predicts subsequently greater Aβ accumulation in presymptomatic individuals. Furthermore, slow-wave deficits specific to lower frequencies (<1 Hz) during non-rapid eye movement (NREM) sleep in the medial prefrontal cortex forecast Aβ accumulation across subsequent years. 

Physiologically, sleep exhibits reduced neuronal activity and lower interstitial fluid Aβ levels while facilitating clearance through the glymphatic system (*Linking activity dyshomeostasis and sleep disturbances in Alzheimer disease (2024)*; *Alzheimer disease (2021)*). Conversely, wakefulness and sleep deprivation increase extracellular Aβ. Disrupted sleep architecture—marked by sleep fragmentation, attenuated slow-wave activity, and reduced NREM3 and REM sleep duration—breaks down diurnal Aβ fluctuations and clearance mechanisms, predicting elevated Aβ accumulation (*Linking activity dyshomeostasis and sleep disturbances in Alzheimer disease (2024)*).",True,0.803,"2024 Linking activity dyshomeostasis and sleep disturbances in Alzheimer disease.pdf, alzheimer disease  2021.pdf","Sleep architecture can predict β-amyloid (Aβ) accumulation as disturbances in sleep patterns, particularly reduced non-rapid eye movement (NREM) sleep and alterations in sleep spindles, have been associated with increased Aβ levels. Research indicates that sleep disturbances forecast Aβ accumulation over subsequent years, suggesting a bidirectional relationship where impaired sleep may contribute to Aβ deposition (Linking activity dyshomeostasis and sleep disturbances in Alzheimer disease, 2024). Additionally, sleep plays a crucial role in Aβ clearance through the glymphatic system, and disruptions in sleep can compromise this elimination process, further exacerbating Aβ accumulation (Linking activity dyshomeostasis and sleep disturbances in Alzheimer disease, 2024).",True,0.732,2024 Linking activity dyshomeostasis and sleep disturbances in Alzheimer disease.pdf,"Sleep architecture can predict β-amyloid accumulation through its impact on neuronal activity and homeostasis. Disruptions in sleep, particularly in non-rapid eye movement (NREM) sleep, have been linked to increased β-amyloid levels. For instance, sleep disturbances forecast β-amyloid accumulation over subsequent years (Winer et al., 2020). Additionally, sleep facilitates the clearance of β-amyloid via the glymphatic system, which is compromised in Alzheimer's disease (Holth et al., 2019; Xie et al., 2013). Changes in sleep architecture, such as reduced slow-wave activity and altered sleep spindle density, are observed in individuals with mild cognitive impairment and Alzheimer's disease, preceding significant cognitive decline (Mander et al., 2015; Gorgoni et al., 2016). Thus, sleep architecture serves as a critical predictor of β-amyloid dynamics and Alzheimer's disease progression (Linking activity dyshomeostasis and sleep disturbances in Alzheimer disease, 2024).",True,0.776,2024 Linking activity dyshomeostasis and sleep disturbances in Alzheimer disease.pdf,9.5
SA5,25,short_answer,What is the significance of the Mediterranean diet in AD research?,"In Alzheimer disease (AD) research, the Mediterranean diet (MeDi) is recognized as a protective nutritional model rich in monounsaturated and polyunsaturated fatty acids, antioxidants, vitamins, and minerals, while low in saturated fats (*Oxidative damage in neurodegeneration: roles in the pathogenesis and progression of Alzheimer disease*, 2024). Epidemiological studies and clinical trials demonstrate that higher adherence to the MeDi correlates with a reduced risk of incident AD, lower progression rates from mild cognitive impairment to AD, improved cognitive performance (such as in the PREDIMED-NAVARRA trial), and decreased mortality (*Oxidative damage in neurodegeneration: roles in the pathogenesis and progression of Alzheimer disease*, 2024). Furthermore, unlike pro-inflammatory diets, the MeDi helps reduce neuroinflammation and brain atrophy, offering resilience against oxidative stress and hallmark pathologies (*Neuroinflammation in Alzheimer disease*, 2025; *Oxidative damage in neurodegeneration: roles in the pathogenesis and progression of Alzheimer disease*, 2024).",True,0.845,"2023-oxidative-damage-in-neurodegeneration-roles-in-the-pathogenesis-and-progression-of-alzheimer-disease.pdf, 2024 Neuroinflammation in Alzheimer disease.pdf, alzheimer disease  2021.pdf","The Mediterranean diet (MeDi) has been associated with a reduced risk of Alzheimer's disease (AD) and cognitive decline, as it includes essential nutrients and protective components while excluding harmful foods linked to AD risk (Oxidative damage in neurodegeneration, 2024). Various studies, including cross-sectional and randomized controlled trials, have shown that adherence to the MeDi correlates with improved cognitive outcomes and lower mortality in AD patients (Oxidative damage in neurodegeneration, 2024). However, some studies have reported no significant association between MeDi adherence and AD risk, indicating the need for further research to clarify these relationships (Oxidative damage in neurodegeneration, 2024). Overall, the MeDi represents a promising dietary approach in AD research, highlighting the importance of nutrition in modulating disease progression and cognitive health.",True,0.722,"2024 Neuroinflammation in Alzheimer disease.pdf, 2023-oxidative-damage-in-neurodegeneration-roles-in-the-pathogenesis-and-progression-of-alzheimer-disease.pdf","The Mediterranean diet (MeDi) is significant in Alzheimer's disease (AD) research due to its association with reduced risk and progression of cognitive decline. Studies indicate that adherence to the MeDi correlates with lower incidence rates of AD and improved cognitive outcomes in at-risk populations (Garcia-Casares et al., 2021; Ballarini et al., 2021). The MeDi is rich in protective nutrients and low in harmful fats, which may mitigate neuroinflammation and oxidative stress, both implicated in AD pathology (Oxidative damage in neurodegeneration, 2024). However, some studies report conflicting results, suggesting that not all research supports a strong link between MeDi adherence and AD risk (Oxidative damage in neurodegeneration, 2024). Overall, the MeDi represents a promising dietary approach for cognitive health, warranting further investigation (Neuroinflammation in Alzheimer disease, 2025).",True,0.777,"2023-oxidative-damage-in-neurodegeneration-roles-in-the-pathogenesis-and-progression-of-alzheimer-disease.pdf, 2024 Neuroinflammation in Alzheimer disease.pdf, alzheimer disease  2021.pdf",9.6
SA6,26,short_answer,Explain the role of tau-PET imaging.,"Tau positron emission tomography (tau-PET) imaging visualizes and quantifies the regional abundance, spatial distribution, and spread of tauopathy in vivo (*Alzheimer disease (2021)*). Within the A-T-N classification framework, tau-PET functions as a staging biomarker reflecting disease severity, as its binding topography correlates strongly with cognitive impairment, fluorodeoxyglucose (FDG) hypometabolism, and distinct clinical phenotypes such as amnestic, visual, language, or dysexecutive syndromes (*Alzheimer disease (2021)*). 

Tau-PET specifically differentiates Alzheimer disease dementia from other neurodegenerative disorders with superior diagnostic accuracy over MRI markers, and it robustly predicts subsequent cognitive decline in both asymptomatic and symptomatic individuals (*Alzheimer disease (2021)*; *Recent advances in Alzheimer's disease: mechanisms, clinical trials and new drug development strategies (2024)*). Furthermore, tau-PET monitors longitudinal pathological progression and serves as an important outcome measure in clinical trials evaluating emerging disease-modifying therapies (*Advancements and challenges in antiamyloid therapy for Alzheimer's disease: a comprehensive review (2024)*; *Recent advances in Alzheimer's disease: mechanisms, clinical trials and new drug development strategies (2024)*).",True,0.879,"2024 Advancements and Challenges in Antiamyloid Therapy for.pdf, Recent advances in Alzheimer’s disease mechanisms clinical trials and new drug development strategies.pdf, alzheimer disease  2021.pdf","Tau-PET imaging is a valuable tool for detecting tauopathy, which is closely associated with Alzheimer's disease (AD). It provides insights into the regional accumulation of tau protein, correlating strongly with cognitive performance and mapping onto various clinical phenotypes of AD (Alzheimer disease, 2021). The abnormalities detected by tau-PET are predictive of subsequent cognitive decline in both asymptomatic and symptomatic individuals, making it sensitive to the progression of tau pathology over time (Alzheimer disease, 2021). Additionally, tau-PET imaging can differentiate AD from other neurodegenerative disorders, demonstrating higher diagnostic accuracy compared to traditional MRI markers (Recent advances in Alzheimer's disease: mechanisms, clinical trials and new drug development strategies, 2024).",True,0.712,"alzheimer disease  2021.pdf, Recent advances in Alzheimer’s disease mechanisms clinical trials and new drug development strategies.pdf, 2023-oxidative-damage-in-neurodegeneration-roles-in-the-pathogenesis-and-progression-of-alzheimer-disease.pdf","Tau-PET imaging plays a crucial role in diagnosing and monitoring Alzheimer's disease (AD) by detecting neurofibrillary tangles, which are indicative of tau pathology. This imaging modality is particularly valuable as it can differentiate AD from other neurodegenerative disorders, showing higher diagnostic accuracy than traditional MRI markers (Alzheimer disease, 2021). Tau-PET binding patterns correlate strongly with cognitive performance and can predict cognitive decline in both symptomatic and asymptomatic individuals (Alzheimer disease, 2021; Recent advances in Alzheimer's disease, 2024). Furthermore, tau accumulation occurs closer to the onset of cognitive symptoms compared to amyloid deposition, making tau-PET a critical tool for early intervention strategies (Alzheimer disease, 2021). Overall, tau-PET imaging enhances our understanding of AD pathology and supports the development of targeted therapies (Neuroinflammation in Alzheimer disease, 2025).",True,0.765,"2023-oxidative-damage-in-neurodegeneration-roles-in-the-pathogenesis-and-progression-of-alzheimer-disease.pdf, 2024 Neuroinflammation in Alzheimer disease.pdf, 2025 Updates on mouse models of Alzheimer’s disease.pdf, Recent advances in Alzheimer’s disease mechanisms clinical trials and new drug development strategies.pdf, alzheimer disease  2021.pdf",50.9
SA7,27,short_answer,Why are hearing interventions considered in dementia prevention?,"Hearing interventions are considered in dementia prevention because hearing loss occurring in midlife is recognized as a potentially modifiable risk factor associated with an increased risk of developing later-life dementia, with relative risks ranging between 1.5 and 1.8 (*Alzheimer disease*, 2021). 

Additionally, hearing loss is common among individuals with Alzheimer disease and directly exacerbates short-term memory problems (*Alzheimer disease*, 2021). Beyond worsening cognitive difficulties, hearing limitations represent a confounding comorbidity that negatively affects the daily functioning, overall quality of life, and emotional well-being of both patients and their caregivers (*Alzheimer disease*, 2021). Consequently, targeting hearing loss through interventions such as hearing aids addresses an important modifiable contributor to dementia risk and helps alleviate sensory deficits that compound cognitive decline and complicate patient management (*Alzheimer disease*, 2021).",True,0.733,alzheimer disease  2021.pdf,"Hearing loss is common in patients with Alzheimer's disease (AD) and can exacerbate short-term memory problems, presenting a management challenge due to the difficulties in adjusting hearing aids for individuals with cognitive impairment (Alzheimer disease, 2021). Addressing hearing loss may improve communication and social engagement, which are crucial for maintaining cognitive function and quality of life in individuals at risk for dementia (Alzheimer disease, 2021). Therefore, interventions for hearing loss are considered important in the context of dementia prevention and management.",True,0.698,alzheimer disease  2021.pdf,"Hearing interventions are considered in dementia prevention due to their potential role in mitigating cognitive decline. Research indicates that lifestyle factors, including sensory health, can influence dementia risk. For instance, the FINGER study demonstrated that multidomain interventions, which may include sensory training, can improve cognitive outcomes in at-risk populations (Alzheimer disease, 2021). Additionally, addressing hearing loss may enhance social engagement and cognitive stimulation, which are protective factors against dementia (Oxidative damage in neurodegeneration, 2024). However, while the evidence supports the importance of lifestyle modifications, including hearing interventions, the specific impact of these interventions on dementia prevention remains an area requiring further investigation (Recent advances in Alzheimer's disease, 2024).",True,0.763,"2023-oxidative-damage-in-neurodegeneration-roles-in-the-pathogenesis-and-progression-of-alzheimer-disease.pdf, 2024 Advancements and Challenges in Antiamyloid Therapy for.pdf, 2024 Neuroinflammation in Alzheimer disease.pdf, Recent advances in Alzheimer’s disease mechanisms clinical trials and new drug development strategies.pdf, alzheimer disease  2021.pdf",7.6
SA8,28,short_answer,How might gut microbiota influence AD?,"The gut microbiota influences Alzheimer disease (AD) via the microbiota-gut-brain axis through immune, metabolic, and barrier-modulatory pathways. 

As detailed in *Recent advances in Alzheimer's disease: mechanisms, clinical trials and new drug development strategies (2024)*, gut dysbiosis compromises the intestinal epithelial barrier, enabling bacterial components and inflammatory mediators to enter circulation, breach the blood–brain barrier (BBB), and trigger microglial activation and neuroinflammation. 

According to *Immune Activation in Alzheimer Disease (2024)*, transplanting AD patient microbiota into mice activates intestinal NLRP3 inflammasomes, circulating cytokines (IL-1β, IL-18, TNF-α) to the brain and activating microglia. Furthermore, microbial short-chain fatty acids (SCFAs) promote C/EBPβ activation, tau hyperphosphorylation, and gliosis. 

*Neuroinflammation in Alzheimer disease (2025)* notes that the microbiome regulates microglial maturation and BBB permeability. While healthy metabolites (such as tryptophan derivatives and bile acids) suppress neuroinflammation via aryl hydrocarbon receptor and TGR5 signaling, fecal transplants from AD donors directly induce AD-like cognitive deficits.",True,0.9,"2024 Immune Activation in Alzheimer Disease.pdf, 2024 Neuroinflammation in Alzheimer disease.pdf, Recent advances in Alzheimer’s disease mechanisms clinical trials and new drug development strategies.pdf, alzheimer disease  2021.pdf","Gut microbiota may influence Alzheimer's disease (AD) through several mechanisms, including the modulation of immune responses and the integrity of the blood-brain barrier (BBB). Dysbiosis can lead to systemic inflammation, allowing inflammatory mediators to cross the BBB and exacerbate neuroinflammation in the brain (Neuroinflammation in Alzheimer disease, 2025). Additionally, microbial metabolites, such as short-chain fatty acids, can affect microglial function and promote an anti-inflammatory phenotype, potentially mitigating AD pathology (Neuroinflammation in Alzheimer disease, 2025). Furthermore, alterations in gut microbiota composition have been linked to cognitive deficits and amyloid pathology in mouse models of AD (Recent advances in Alzheimer's disease, 2024).",True,0.726,"2024 Neuroinflammation in Alzheimer disease.pdf, Recent advances in Alzheimer’s disease mechanisms clinical trials and new drug development strategies.pdf, 2024 Immune Activation in Alzheimer Disease.pdf","Gut microbiota may influence Alzheimer's disease (AD) through several mechanisms, primarily involving neuroinflammation and immune modulation. Research indicates that the gut microbiome can shape microglial responses to pathological insults, with studies showing that fecal transplantation from healthy donors can reduce AD-like symptoms in mouse models (Neuroinflammation in Alzheimer disease, 2025). Dysbiosis, or an imbalance in gut microbiota, can lead to systemic inflammation, allowing inflammatory mediators to cross the blood-brain barrier (BBB) and exacerbate neuroinflammation, which is implicated in AD pathology (Recent advances in Alzheimer's disease, 2024). Additionally, microbial metabolites, such as short-chain fatty acids, may modulate microglial activity and influence neuroinflammatory pathways (Neuroinflammation in Alzheimer disease, 2025). However, the precise mechanisms by which gut microbiota alterations affect AD progression remain to be fully elucidated (Neuroinflammation in Alzheimer disease, 2025).",True,0.771,"2023-oxidative-damage-in-neurodegeneration-roles-in-the-pathogenesis-and-progression-of-alzheimer-disease.pdf, 2024 Immune Activation in Alzheimer Disease.pdf, 2024 Neuroinflammation in Alzheimer disease.pdf, Recent advances in Alzheimer’s disease mechanisms clinical trials and new drug development strategies.pdf",11.5
SA9,29,short_answer,What is the purpose of using Mendelian Randomization in AD studies?,NOT_COVERED: This information is not covered in the uploaded research papers.,True,0.92,,"The purpose of using Mendelian Randomization in Alzheimer's disease (AD) studies is to assess the causal relationships between modifiable risk factors and AD outcomes by leveraging genetic variants as instrumental variables. This approach helps to minimize confounding factors and biases that can affect observational studies, providing more robust evidence for the role of specific risk factors in the pathogenesis of AD (Alzheimer disease, 2021). By identifying genetic variants associated with risk factors, researchers can infer the potential impact of these factors on AD development and progression, thus guiding preventive strategies and therapeutic interventions (Recent advances in Alzheimer’s disease mechanisms clinical trials and new drug development strategies, 2024).",True,0.695,"alzheimer disease  2021.pdf, 2025 Updates on mouse models of Alzheimer’s disease.pdf, Recent advances in Alzheimer’s disease mechanisms clinical trials and new drug development strategies.pdf, 2023-oxidative-damage-in-neurodegeneration-roles-in-the-pathogenesis-and-progression-of-alzheimer-disease.pdf","Mendelian Randomization (MR) is employed in Alzheimer's disease (AD) studies to elucidate causal relationships between genetic variants and disease outcomes, thereby addressing the complexities of AD's multifactorial etiology. This approach leverages genetic variants as instrumental variables to infer causality, minimizing confounding factors that often complicate observational studies (Zhang et al., 2024). MR can help identify potential modifiable risk factors and biological pathways involved in AD, which is crucial given the intricate interplay of genetic, environmental, and lifestyle factors influencing disease progression (Zhang et al., 2024; Oxidative damage in neurodegeneration, 2024). Furthermore, MR can assist in validating findings from genome-wide association studies (GWAS) by providing insights into the functional implications of identified genetic loci (Zhang et al., 2024). Overall, MR enhances the understanding of AD mechanisms and informs potential therapeutic targets.",True,0.762,"2023-oxidative-damage-in-neurodegeneration-roles-in-the-pathogenesis-and-progression-of-alzheimer-disease.pdf, 2024 Immune Activation in Alzheimer Disease.pdf, 2024 Neuroinflammation in Alzheimer disease.pdf, 2025 Updates on mouse models of Alzheimer’s disease.pdf, Recent advances in Alzheimer’s disease mechanisms clinical trials and new drug development strategies.pdf, alzheimer disease  2021.pdf",30.0
SA10,30,short_answer,What is the effect of chronic hypoxia on Alzheimer's pathology?,"Although “chronic hypoxia” is not explicitly differentiated from general hypoxia in the provided texts, the papers document several consequences of hypoxia, hypoperfusion, and ischemic stress on Alzheimer’s disease (AD) pathology:

- **Increased Amyloid-β (Aβ) Generation:** Disruption of the blood–brain barrier (BBB) causes ischemic/hypoxic brain damage, which increases Aβ production; in addition, hypoxic markers accumulate in the brains of AD patients and animal models (*Neuroinflammation in Alzheimer disease (2025)*; *Recent advances in Alzheimer's disease: mechanisms, clinical trials and new drug development strategies (2024)*).
- **Oligodendrocyte and Myelin Damage:** Deep white matter regions are prone to hypoperfusion and reduced oxygenation. Oligodendrocytes and myelin sheaths are especially vulnerable to hypoxia-induced oxidative stress, exacerbating white matter pathology (*Oligodendrocytes in Alzheimer's disease pathophysiology (2025)*).
- **Mitochondrial Dysfunction and Mitophagy:** Hypoxia-induced cellular damage triggers the selective removal and renewal of damaged mitochondria via autophagic machinery (*Oxidative damage in neurodegeneration: roles in the pathogenesis and progression of Alzheimer disease (2024)*).",True,0.9,"2023-oxidative-damage-in-neurodegeneration-roles-in-the-pathogenesis-and-progression-of-alzheimer-disease.pdf, 2024 Neuroinflammation in Alzheimer disease.pdf, 2025 Oligodendrocytes in Alzheimer’s disease pathophysiology.pdf, Recent advances in Alzheimer’s disease mechanisms clinical trials and new drug development strategies.pdf, alzheimer disease  2021.pdf","Chronic hypoxia exacerbates Alzheimer's pathology by increasing oxidative stress and promoting myelin damage, particularly in oligodendrocytes. This condition leads to impaired nerve conduction and neuronal support functions, contributing to cognitive decline (Oligodendrocytes in Alzheimer's disease pathophysiology, 2025). Additionally, hypoperfusion associated with aging and cerebral amyloid angiopathy further compromises blood flow and oxygenation in white matter, making it more susceptible to degeneration (Oligodendrocytes in Alzheimer's disease pathophysiology, 2025). The accumulation of toxic Aβ peptides in the brain may also be influenced by hypoxic conditions, leading to accelerated neurodegeneration (Oxidative damage in neurodegeneration: roles in the pathogenesis and progression of Alzheimer disease, 2024).",True,0.726,"2025 Oligodendrocytes in Alzheimer’s disease pathophysiology.pdf, 2023-oxidative-damage-in-neurodegeneration-roles-in-the-pathogenesis-and-progression-of-alzheimer-disease.pdf","Chronic hypoxia appears to exacerbate Alzheimer's pathology through several mechanisms, primarily involving oxidative stress and vascular dysfunction. Oligodendrocytes, which are crucial for myelin maintenance, are particularly vulnerable to hypoxia-induced oxidative stress, leading to myelin damage and contributing to neurodegeneration (Oligodendrocytes in Alzheimer's disease pathophysiology, 2025). Additionally, hypoxia can impair cerebral blood flow, which is linked to amyloid accumulation and neuroinflammation, further aggravating Alzheimer's pathology (Oxidative damage in neurodegeneration: roles in the pathogenesis and progression of Alzheimer disease, 2024). The interplay between hypoxia, oxidative stress, and amyloid pathology suggests a complex relationship that may accelerate cognitive decline in Alzheimer's disease (Recent advances in Alzheimer's disease: mechanisms, clinical trials and new drug development strategies, 2024). Overall, chronic hypoxia is implicated in worsening Alzheimer's pathology through oxidative damage and vascular dysfunction.",True,0.779,"2023-oxidative-damage-in-neurodegeneration-roles-in-the-pathogenesis-and-progression-of-alzheimer-disease.pdf, 2024 Neuroinflammation in Alzheimer disease.pdf, 2025 Oligodendrocytes in Alzheimer’s disease pathophysiology.pdf, Recent advances in Alzheimer’s disease mechanisms clinical trials and new drug development strategies.pdf, alzheimer disease  2021.pdf",14.7
LA1,31,long_answer,Discuss the bidirectional relationship between sleep disturbances and Alzheimer's disease and how it can influence future therapeutic strategies.,"The relationship between sleep disturbances and Alzheimer’s disease (AD) is bidirectional. Sleep deprivation and reduced sleep efficiency elevate extracellular amyloid-β (Aβ) and tau accumulation in humans and animal models, partly by impairing sleep-dependent glymphatic clearance (*Linking activity dyshomeostasis and sleep disturbances in Alzheimer disease (2024)*; *Alzheimer disease (2021)*). Conversely, pathological Aβ and tau disrupt sleep–wake architecture, reducing slow-wave (NREM3) and REM sleep while increasing fragmentation (*Linking activity dyshomeostasis and sleep disturbances in Alzheimer disease (2024)*; *Updates on mouse models of Alzheimer's disease (2024)*).

Crucially, early Aβ pathology causes firing rate dyshomeostasis, triggering network hyperexcitability and subclinical epileptiform spikes predominantly during low-arousal states such as sleep (*Linking activity dyshomeostasis and sleep disturbances in Alzheimer disease (2024)*). Paradoxically, presymptomatic sleep curtailment may represent an adaptive physiological mechanism that restricts this sleep-confined hyperexcitability and prevents seizures (*Linking activity dyshomeostasis and sleep disturbances in Alzheimer disease (2024)*).

This dynamic profoundly impacts future therapeutics. Distinguishing between drivers of pathology and compensatory responses is critical: administering hypnotics to artificially prolong sleep without resolving underlying hyperexcitability poses significant risks and could accelerate cognitive decline (*Linking activity dyshomeostasis and sleep disturbances in Alzheimer disease (2024)*). Consequently, future disease-modifying strategies focus on restoring activity homeostasis during sleep. Promising approaches include targeting firing set points via mitochondrial dihydroorotate dehydrogenase inhibition, activating mitochondrial calcium uniporters, modulating melanin-concentrating hormone signalling, and applying deep brain stimulation to the thalamic nucleus reuniens or prefrontal cortex to abrogate hyperexcitability (*Linking activity dyshomeostasis and sleep disturbances in Alzheimer disease (2024)*).",True,0.9,"2024 Linking activity dyshomeostasis and sleep disturbances in Alzheimer disease.pdf, 2025 Updates on mouse models of Alzheimer’s disease.pdf, alzheimer disease  2021.pdf","The relationship between sleep disturbances and Alzheimer's disease (AD) is bidirectional, with each influencing the other. Sleep disturbances in AD patients manifest as reduced duration of NREM and REM sleep, increased wakefulness, and fragmented circadian rhythms (Linking activity dyshomeostasis and sleep disturbances in Alzheimer disease, 2024). These alterations in sleep architecture are associated with cognitive impairments, as decreased NREM3 and REM sleep correlate with memory deficits (Linking activity dyshomeostasis and sleep disturbances in Alzheimer disease, 2024). Furthermore, sleep is crucial for Aβ clearance, and disruptions in sleep can lead to increased Aβ levels, exacerbating AD pathology (Linking activity dyshomeostasis and sleep disturbances in Alzheimer disease, 2024).

Conversely, the accumulation of Aβ during the presymptomatic phase of AD impairs homeostatic mechanisms, leading to hyperexcitability during sleep (Linking activity dyshomeostasis and sleep disturbances in Alzheimer disease, 2024). This hyperexcitability can further disrupt sleep patterns, creating a vicious cycle that accelerates cognitive decline. As the disease progresses, adaptive responses to mitigate hyperexcitability, such as sleep disturbances, may become maladaptive, leading to significant neurodegeneration and memory loss (Linking activity dyshomeostasis and sleep disturbances in Alzheimer disease, 2024).

Understanding this bidirectional relationship is essential for developing future therapeutic strategies. Interventions targeting sleep homeostasis may need to be carefully balanced with the management of hyperexcitability to avoid exacerbating cognitive decline (Linking activity dyshomeostasis and sleep disturbances in Alzheimer disease, 2024). By addressing both sleep disturbances and underlying AD pathology, it may be possible to enhance cognitive resilience and slow disease progression.",True,0.744,2024 Linking activity dyshomeostasis and sleep disturbances in Alzheimer disease.pdf,"The bidirectional relationship between sleep disturbances and Alzheimer's disease (AD) is increasingly recognized as a critical factor influencing disease progression and potential therapeutic strategies. Sleep disturbances, such as reduced slow-wave sleep and altered sleep architecture, are prevalent in individuals with AD and may exacerbate cognitive decline (Zhang et al., 2022). Conversely, the accumulation of amyloid-β (Aβ) and tau proteins disrupts sleep homeostasis, leading to hyperexcitability in neuronal circuits during sleep, which can further impair memory consolidation (Mander et al., 2020; Wang & Holtzman, 2020).

Research suggests that sleep disturbances may serve as an adaptive response to mitigate hyperexcitability in the presymptomatic stages of AD (Kam et al., 2024). This interplay indicates that addressing sleep quality could be a viable therapeutic target. For instance, pharmacological interventions aimed at enhancing sleep quality or restoring sleep architecture may help delay the onset of cognitive symptoms by improving activity homeostasis in the brain (Lucey et al., 2018; Holth et al., 2019).

Future therapeutic strategies could focus on developing treatments that not only target amyloid and tau pathology but also incorporate sleep regulation mechanisms. This dual approach may enhance cognitive resilience and slow disease progression, as suggested by recent findings on the role of sleep in regulating Aβ dynamics (Roh et al., 2012; Winer et al., 2020). Overall, understanding the complex relationship between sleep and AD is crucial for identifying innovative treatment pathways.",True,0.753,"2023-oxidative-damage-in-neurodegeneration-roles-in-the-pathogenesis-and-progression-of-alzheimer-disease.pdf, 2024 Advancements and Challenges in Antiamyloid Therapy for.pdf, 2024 Linking activity dyshomeostasis and sleep disturbances in Alzheimer disease.pdf, 2025 Updates on mouse models of Alzheimer’s disease.pdf, Recent advances in Alzheimer’s disease mechanisms clinical trials and new drug development strategies.pdf, alzheimer disease  2021.pdf",14.6
LA2,32,long_answer,Evaluate the A-T-N biomarker framework and its utility in staging Alzheimer's disease.,"The A-T-N (or AT(N)) framework, established by the National Institute on Aging–Alzheimer's Association (NIA-AA), biologically classifies Alzheimer disease (AD) across three biomarker categories: amyloid-β deposition (“A”), pathologic tau (“T”), and neurodegeneration or neuronal injury (“N”) (*Alzheimer disease (2021)*; *Recent advances in Alzheimer's disease: mechanisms, clinical trials and new drug development strategies (2024)*). “A” is measured via Aβ-PET or reduced CSF Aβ42 (or Aβ42/Aβ40 ratio); “T” via CSF phosphorylated tau (p-tau181, p-tau217) or tau-PET; and “N” via structural MRI, 18FDG-PET, CSF total tau, or neurofilament light chain (NfL) (*Alzheimer disease (2021)*; *Recent advances in Alzheimer's disease: mechanisms, clinical trials and new drug development strategies (2024)*).

For disease staging, the framework differentiates “state” from “stage” biomarkers (*Alzheimer disease (2021)*). While “A” markers confirm whether an individual is on the AD biological continuum, cerebral Aβ accumulation begins 10–20 years prior to clinical symptoms and decelerates near onset, limiting its capacity to stage active clinical severity (*Alzheimer disease (2021)*). Conversely, tau-PET, FDG-PET, and “N” metrics function as stage biomarkers that monitor disease severity; isocortical tau expansion and progressive hypometabolism correlate directly with synaptic failure and cognitive decline (*Alzheimer disease (2021)*; *Recent advances in Alzheimer's disease: mechanisms, clinical trials and new drug development strategies (2024)*).

However, the framework presents critical limitations: “N” markers lack AD specificity because regional atrophy and hypometabolism are frequently confounded by co-occurring pathologies, including cerebrovascular disease and frontotemporal lobar degeneration (*Alzheimer disease (2021)*; *Recent advances in Alzheimer's disease: mechanisms, clinical trials and new drug development strategies (2024)*). Furthermore, while fluid p-tau provides binary diagnostic classification, quantitative tau-PET is necessary to delineate spatial distribution and predict cognitive deterioration (*Alzheimer disease (2021)*; *Recent advances in Alzheimer's disease: mechanisms, clinical trials and new drug development strategies (2024)*).",True,0.85,"Recent advances in Alzheimer’s disease mechanisms clinical trials and new drug development strategies.pdf, alzheimer disease  2021.pdf","The A-T-N biomarker framework is a significant advancement in the diagnosis and staging of Alzheimer's disease (AD), categorizing biomarkers into three distinct groups: amyloid (A), tau (T), and neurodegeneration (N). This framework allows for a more nuanced understanding of AD pathology, moving beyond traditional diagnostic methods that relied heavily on clinical symptoms and post-mortem evaluations (Alzheimer disease, 2021). The integration of antemortem biomarkers has enhanced diagnostic certainty, enabling clinicians to classify individuals within the AD spectrum more accurately.

Imaging techniques such as amyloid PET and tau PET are central to the A-T-N framework, providing insights into the accumulation of amyloid plaques and tau tangles, respectively. Studies indicate that amyloid PET exhibits high sensitivity and specificity for diagnosing AD, while tau PET can differentiate AD dementia from other neurodegenerative diseases with greater accuracy than MRI (Recent advances in Alzheimer’s disease mechanisms clinical trials and new drug development strategies, 2024). This capability is crucial for early intervention, as tau PET may detect abnormal brain changes prior to neurodegeneration.

Furthermore, cerebrospinal fluid (CSF) biomarkers, including Aβ42 and phosphorylated tau (p-tau181), are integral to the A-T-N framework. These biomarkers have been validated for their diagnostic utility and can indicate the severity of AD pathology (Alzheimer disease, 2021). The combination of these biomarkers not only aids in staging the disease but also enhances the understanding of its biological underpinnings, facilitating more targeted therapeutic approaches. Overall, the A-T-N framework represents a comprehensive strategy for assessing and managing Alzheimer's disease.",True,0.73,"alzheimer disease  2021.pdf, Recent advances in Alzheimer’s disease mechanisms clinical trials and new drug development strategies.pdf","The A-T-N biomarker framework, proposed by the National Institute on Aging and Alzheimer’s Association (NIA-AA), categorizes Alzheimer's disease (AD) biomarkers into three components: A (amyloid deposition), T (tau pathology), and N (neurodegeneration). This framework enhances the staging of AD by providing a structured approach to classify individuals along the disease spectrum based on biological markers (Recent advances in Alzheimer's disease: mechanisms, clinical trials and new drug development strategies, 2024).

The utility of the A-T-N framework is evident in its ability to integrate various biomarker types, including cerebrospinal fluid (CSF) and imaging biomarkers. For instance, CSF levels of Aβ42 and phosphorylated tau (P-tau181) are recognized as specific indicators of AD pathology, while neurofilament light chain (NfL) serves as a general marker of neurodegeneration (Alzheimer disease, 2021). Studies indicate that tau PET imaging provides higher diagnostic accuracy than MRI markers and can differentiate AD from other neurodegenerative diseases (Recent advances in Alzheimer's disease: mechanisms, clinical trials and new drug development strategies, 2024).

However, limitations exist; for example, the A-T-N biomarkers may not fully distinguish AD from other conditions with overlapping features, such as frontotemporal degeneration (Recent advances in Alzheimer's disease: mechanisms, clinical trials and new drug development strategies, 2024). Additionally, discrepancies between CSF and imaging biomarker results highlight the need for comprehensive evaluations that combine clinical assessments with biomarker data (Alzheimer disease, 2021). Overall, while the A-T-N framework significantly advances our understanding and staging of AD, ongoing research is essential to refine its application and address its limitations.",True,0.769,"2023-oxidative-damage-in-neurodegeneration-roles-in-the-pathogenesis-and-progression-of-alzheimer-disease.pdf, 2024 Advancements and Challenges in Antiamyloid Therapy for.pdf, 2024 Immune Activation in Alzheimer Disease.pdf, 2024 Neuroinflammation in Alzheimer disease.pdf, 2025 Updates on mouse models of Alzheimer’s disease.pdf, Recent advances in Alzheimer’s disease mechanisms clinical trials and new drug development strategies.pdf, alzheimer disease  2021.pdf",20.0
LA3,33,long_answer,Analyze the emerging evidence linking gut microbiota to AD pathogenesis and therapeutic implications.,"Emerging evidence positions the microbiota-gut-brain axis as a critical contributor to Alzheimer disease (AD) pathogenesis and an attractive therapeutic target.

**Pathogenesis:**
Gut dysbiosis disrupts intestinal epithelial and blood–brain barrier (BBB) integrity, allowing microbial products like lipopolysaccharides to drive systemic inflammation that promotes microglial activation and neurodegeneration (*Recent advances in Alzheimer's disease: mechanisms, clinical trials and new drug development strategies (2024)*; *Neuroinflammation in Alzheimer disease (2025)*). Fecal microbiota transplantation from AD patients into rodents induces AD-like symptoms and stimulates the intestinal NLRP3 inflammasome, elevating circulatory cytokines (IL-1β, IL-18, and TNF-α) that trigger neuroinflammation (*Immune Activation in Alzheimer Disease (2024)*; *Neuroinflammation in Alzheimer disease (2025)*). Dysbiosis also activates cerebral C/EBPβ signaling in AD models (*Immune Activation in Alzheimer Disease (2024)*). Additionally, microbially derived short-chain fatty acids (SCFAs) can promote intestinal NLRP3 assembly and exacerbate tau phosphorylation and gliosis; correspondingly, germ-free housing or antibiotic treatment attenuates glial activation, tau pathology, and brain atrophy in mouse models (*Immune Activation in Alzheimer Disease (2024)*; *Neuroinflammation in Alzheimer disease (2025)*).

**Therapeutic Implications:**
Healthy fecal microbiota transplantation, herbal medicines like Triphala, and probiotics (*Bifidobacterium* and *Lactobacillus*) improve BBB integrity, reduce amyloid-β (Aβ) burden, and rescue cognitive deficits (*Neuroinflammation in Alzheimer disease (2025)*). Microbial metabolites, including tryptophan derivatives and bile acids like tauroursodeoxycholic acid (TUDCA), stimulate aryl hydrocarbon receptors or TGR5, suppressing NF-κB and NLRP3 inflammasome activation to lessen gliosis and pathology (*Neuroinflammation in Alzheimer disease (2025)*). Clinically, sodium oligomannate (GV-971) remodels the gut microbiome to suppress gut bacterial amino acid–shaped neuroinflammation and reduce cerebral amyloidosis (*Recent advances in Alzheimer's disease: mechanisms, clinical trials and new drug development strategies (2024)*).",True,0.9,"2024 Immune Activation in Alzheimer Disease.pdf, 2024 Neuroinflammation in Alzheimer disease.pdf, Recent advances in Alzheimer’s disease mechanisms clinical trials and new drug development strategies.pdf, alzheimer disease  2021.pdf","Emerging evidence suggests a significant link between gut microbiota and the pathogenesis of Alzheimer's disease (AD). Dysbiosis, characterized by an imbalance in gut microbial composition, can compromise the intestinal epithelial barrier, allowing harmful substances to enter the bloodstream and trigger systemic inflammation. This systemic inflammation may facilitate the crossing of inflammatory mediators over the blood-brain barrier (BBB), exacerbating neuroinflammation and contributing to neuronal degeneration (Recent advances in Alzheimer's disease, 2024). 

Studies indicate that the gut microbiome plays a crucial role in shaping microglial responses to pathological insults. For instance, fecal transplantation from healthy mice to AD model animals has been shown to reduce disease pathology, while transplantation from AD patients induces cognitive deficits in recipient rats (Neuroinflammation in Alzheimer disease, 2025). Additionally, specific microbial metabolites, such as short-chain fatty acids (SCFAs), have been implicated in modulating neuroinflammation by influencing microglial activity and BBB integrity (Neuroinflammation in Alzheimer disease, 2025).

Therapeutically, targeting the gut microbiome presents a novel approach for AD management. Probiotics and dietary interventions aimed at restoring a healthy microbiota have demonstrated potential in improving cognitive function and reducing Aβ levels in mouse models (Neuroinflammation in Alzheimer disease, 2025). This highlights the microbiota-gut-brain axis as a promising avenue for future research and therapeutic strategies in AD (Recent advances in Alzheimer's disease, 2024).",True,0.724,"2024 Neuroinflammation in Alzheimer disease.pdf, Recent advances in Alzheimer’s disease mechanisms clinical trials and new drug development strategies.pdf, 2024 Immune Activation in Alzheimer Disease.pdf","Emerging evidence suggests a significant link between gut microbiota and the pathogenesis of Alzheimer’s disease (AD), with potential therapeutic implications. The gut microbiome influences neuroinflammation and microglial responses, which are critical in AD pathology. For instance, studies indicate that alterations in gut microbiota can modulate microglial activity, impacting amyloid-beta (Aβ) accumulation and tau pathology (Neuroinflammation in Alzheimer disease, 2025). Germ-free mice exhibit increased blood-brain barrier (BBB) permeability and altered microglial morphology, which can be reversed by specific bacterial colonization (Neuroinflammation in Alzheimer disease, 2025). Furthermore, fecal transplantation from healthy donors to AD model mice has shown a reduction in disease pathology, highlighting the microbiome's potential to influence cognitive outcomes (Neuroinflammation in Alzheimer disease, 2025).

The microbiota-gut-brain axis is implicated in systemic inflammation, where dysbiosis may lead to increased permeability of the BBB, allowing inflammatory mediators to affect the central nervous system (Recent advances in Alzheimer's disease, 2024). Additionally, microbial metabolites, such as short-chain fatty acids, have been shown to exert anti-inflammatory effects on microglia, suggesting a therapeutic avenue for microbiome modulation in AD (Neuroinflammation in Alzheimer disease, 2025).

Despite these promising findings, the precise mechanisms by which gut microbiota alterations influence AD progression remain unclear, necessitating further research to elucidate these pathways and their therapeutic potential (Recent advances in Alzheimer's disease, 2024; Immune activation in Alzheimer disease, 2024).",True,0.769,"2024 Immune Activation in Alzheimer Disease.pdf, 2024 Neuroinflammation in Alzheimer disease.pdf, Recent advances in Alzheimer’s disease mechanisms clinical trials and new drug development strategies.pdf, alzheimer disease  2021.pdf",13.1
LA4,34,long_answer,Compare and contrast the roles of peripheral and central hearing loss in contributing to AD.,NOT_COVERED: This information is not covered in the uploaded research papers.,True,0.92,,"Peripheral and central hearing loss both contribute to the cognitive decline observed in Alzheimer’s disease (AD), albeit through different mechanisms. Peripheral hearing loss, often characterized by age-related auditory decline, can exacerbate cognitive impairment by hindering communication and social interaction. This isolation may lead to increased feelings of depression and anxiety, which are common comorbidities in individuals with AD (Alzheimer disease, 2021). The management of hearing loss in patients with cognitive impairment is complicated, as the use of hearing aids can be challenging due to memory issues and the potential for misplacing devices (Alzheimer disease, 2021).

In contrast, central hearing loss involves deficits in the brain's processing of auditory information, which can directly affect cognitive functions such as memory and attention. This type of hearing loss may be linked to the underlying neurodegenerative processes of AD, where the brain's ability to process sounds is impaired due to tau pathology and neuroinflammation (Neuroinflammation in Alzheimer disease, 2025). The interplay between auditory processing and cognitive functions highlights the importance of addressing both peripheral and central hearing loss in the management of AD.

Both forms of hearing loss can lead to a decline in cognitive performance, but they do so through different pathways. Peripheral hearing loss primarily affects social engagement and emotional well-being, while central hearing loss is more directly related to the cognitive decline associated with AD pathology. Addressing these hearing impairments is crucial for improving the quality of life and cognitive outcomes in individuals with AD (Alzheimer disease, 2021).",True,0.694,"alzheimer disease  2021.pdf, 2025 Oligodendrocytes in Alzheimer’s disease pathophysiology.pdf, 2024 Linking activity dyshomeostasis and sleep disturbances in Alzheimer disease.pdf, 2024 Neuroinflammation in Alzheimer disease.pdf, 2023-oxidative-damage-in-neurodegeneration-roles-in-the-pathogenesis-and-progression-of-alzheimer-disease.pdf","Peripheral and central hearing loss both contribute to the pathogenesis of Alzheimer's disease (AD), but they do so through different mechanisms and implications for cognitive decline.

Peripheral hearing loss, often characterized by age-related changes in the auditory system, can lead to social withdrawal and cognitive decline due to reduced auditory input. This reduction may exacerbate the cognitive deficits associated with AD by limiting social interactions and cognitive engagement, which are crucial for maintaining cognitive function (Alzheimer disease, 2021). The relationship between peripheral hearing loss and cognitive decline is supported by evidence suggesting that individuals with hearing impairment are at a higher risk for developing dementia, including AD (Recent advances in Alzheimer's disease: mechanisms, clinical trials and new drug development strategies, 2024).

In contrast, central hearing loss involves deficits in the brain's processing of auditory information, which can occur independently of peripheral hearing loss. This type of impairment may reflect broader neurodegenerative processes affecting cognitive functions, including memory and executive function, which are already compromised in AD (Linking activity dyshomeostasis and sleep disturbances in Alzheimer disease, 2024). Central auditory processing deficits can lead to difficulties in understanding speech and processing complex auditory environments, further compounding cognitive challenges faced by AD patients.

While both types of hearing loss are associated with increased risk for cognitive decline, peripheral hearing loss primarily affects social engagement and cognitive stimulation, whereas central hearing loss may indicate more profound neurodegenerative changes that directly impact cognitive processing. Further research is needed to clarify the specific pathways through which these forms of hearing loss influence AD progression.",True,0.76,"2023-oxidative-damage-in-neurodegeneration-roles-in-the-pathogenesis-and-progression-of-alzheimer-disease.pdf, 2024 Immune Activation in Alzheimer Disease.pdf, 2024 Linking activity dyshomeostasis and sleep disturbances in Alzheimer disease.pdf, 2024 Neuroinflammation in Alzheimer disease.pdf, 2025 Oligodendrocytes in Alzheimer’s disease pathophysiology.pdf, Recent advances in Alzheimer’s disease mechanisms clinical trials and new drug development strategies.pdf, alzheimer disease  2021.pdf",9.3
LA5,35,long_answer,Summarize the novel risk factors discussed in the Brenowitz et al. study and explain how they expand our understanding of AD.,NOT_COVERED: This information is not covered in the uploaded research papers.,True,0.92,,"The Brenowitz et al. study highlights several novel risk factors for Alzheimer’s disease (AD) that expand our understanding of its pathogenesis beyond traditional genetic and age-related factors. Among these, metabolic factors such as diabetes mellitus, hypertension, and obesity are emphasized as significant contributors to late-life dementia, particularly when present in midlife (Alzheimer disease, 2021). These factors are associated with increased relative risks of 1.5 to 1.8 for developing dementia, suggesting that lifestyle and health management in midlife could play a crucial role in mitigating AD risk.

Additionally, the study discusses the impact of traumatic brain injury (TBI) as a non-genetic risk factor. TBI correlates with an increased Aβ plaque burden, particularly when associated with loss of consciousness, indicating that the severity of brain injuries may accelerate AD-related neuropathological changes (Neuroinflammation in Alzheimer disease, 2025). This connection underscores the importance of understanding how physical trauma can initiate or exacerbate neurodegenerative processes.

Furthermore, the role of neuroinflammation is highlighted, with evidence suggesting that immune responses triggered by various risk factors, including TBI, may accelerate AD pathology (Immune Activation in Alzheimer Disease, 2024). This insight into the immune system's involvement in AD pathogenesis broadens the scope of potential therapeutic targets, emphasizing the need for a multifaceted approach to prevention and treatment that includes managing both metabolic and inflammatory pathways.",True,0.713,"alzheimer disease  2021.pdf, 2024 Immune Activation in Alzheimer Disease.pdf, 2024 Neuroinflammation in Alzheimer disease.pdf, Recent advances in Alzheimer’s disease mechanisms clinical trials and new drug development strategies.pdf, 2023-oxidative-damage-in-neurodegeneration-roles-in-the-pathogenesis-and-progression-of-alzheimer-disease.pdf","The Brenowitz et al. study identifies several novel risk factors for Alzheimer's disease (AD) that expand our understanding of its etiology. Key findings include the role of traumatic brain injury (TBI) as a significant non-genetic risk factor, with evidence suggesting that both single moderate-to-severe TBIs and repetitive mild TBIs can lead to increased amyloid-beta (Aβ) deposition and neuroinflammation, potentially accelerating AD pathology (Neuroinflammation in Alzheimer disease, 2025). Additionally, the study highlights the impact of lifestyle factors, collectively termed the exposome, which includes diet, exercise, and psychosocial elements that can modulate inflammation and neurodegeneration (Oxidative damage in neurodegeneration, 2024).

Furthermore, genetic studies have identified over 80 independent genetic loci associated with AD, many of which are linked to immune responses and microglial function, suggesting that inflammation plays a critical role in AD pathogenesis (Neuroinflammation in Alzheimer disease, 2025). The identification of the linear ubiquitin chain assembly complex (LUBAC) as a high-confidence risk factor underscores the importance of immune-related pathways in AD (Neuroinflammation in Alzheimer disease, 2025).

These findings collectively enhance our understanding of AD by illustrating the multifactorial nature of its risk factors, integrating genetic, environmental, and lifestyle components, and emphasizing the need for a comprehensive approach to prevention and treatment strategies (Recent advances in Alzheimer's disease, 2024).",True,0.768,"2023-oxidative-damage-in-neurodegeneration-roles-in-the-pathogenesis-and-progression-of-alzheimer-disease.pdf, 2024 Immune Activation in Alzheimer Disease.pdf, 2024 Neuroinflammation in Alzheimer disease.pdf, Recent advances in Alzheimer’s disease mechanisms clinical trials and new drug development strategies.pdf, alzheimer disease  2021.pdf",22.0
LA6,36,long_answer,Describe how neuroimaging techniques like FDG-PET and tau-PET have advanced our understanding of clinical subtypes of AD.,"Neuroimaging techniques such as fluorodeoxyglucose-PET (FDG-PET) and tau-PET have fundamentally advanced the understanding of Alzheimer disease (AD) by demonstrating that clinical subtypes are driven by syndrome-specific anatomical patterns of tau accumulation and metabolic decline, rather than amyloid-β distribution (*Alzheimer disease*, 2021; *Recent advances in Alzheimer's disease: mechanisms, clinical trials and new drug development strategies*, 2024). 

While amyloid-β deposition is widespread and lacks significant phenotypic variance across AD variants, tau-PET binding topography strongly correlates with clinical symptoms and cognitive performance, mapping directly onto distinct functional networks and closely corresponding with regional FDG hypometabolism (*Alzheimer disease*, 2021; *Recent advances in Alzheimer's disease: mechanisms, clinical trials and new drug development strategies*, 2024). 

Specifically, these imaging modalities have delineated distinct metabolic and tauopathic profiles for typical and atypical AD variants (*Alzheimer disease*, 2021):
- **Typical amnestic AD:** Shows temporoparietal hypometabolism and tauopathy.
- **Visual variant (posterior cortical atrophy):** Characterized by tau pathology and hypometabolism concentrated in the posterior temporal, parietal, and occipital cortices.
- **Language variant (logopenic progressive aphasia):** Features an asymmetric, left-hemisphere-predominant pattern of hypometabolism and tauopathy.
- **Dysexecutive variant:** Demonstrates prominent frontal alterations alongside temporal and parietal changes.

Additionally, tau-PET provides superior diagnostic accuracy in predicting cognitive decline and differentiating AD dementia from other neurodegenerative disorders, while FDG-PET aids in disease staging and variant differentiation (*Recent advances in Alzheimer's disease: mechanisms, clinical trials and new drug development strategies*, 2024; *Alzheimer disease*, 2021). Together, these tools demonstrate that network-specific tau spread and metabolic failure dictate AD's diverse clinical presentations.",True,0.85,"Recent advances in Alzheimer’s disease mechanisms clinical trials and new drug development strategies.pdf, alzheimer disease  2021.pdf","Neuroimaging techniques such as FDG-PET and tau-PET have significantly enhanced our understanding of the clinical subtypes of Alzheimer's disease (AD) by providing insights into the underlying pathophysiological processes. FDG-PET, which measures glucose metabolism in the brain, has revealed characteristic patterns of hypometabolism in regions such as the temporal and parietal lobes that precede structural atrophy. This hypometabolism correlates with the severity of cognitive impairment, thereby supporting its use as a proxy for AD pathology (Alzheimer disease, 2021).

Tau-PET imaging has further refined our understanding of AD by allowing for the detection of tauopathy, which is closely associated with cognitive decline. The binding patterns observed in tau-PET correlate strongly with cognitive performance and map onto different clinical phenotypes of AD. This specificity enables clinicians to differentiate between AD and other neurodegenerative disorders, enhancing diagnostic accuracy (Recent advances in Alzheimer's disease: mechanisms, clinical trials and new drug development strategies, 2024).

Moreover, the combination of FDG-PET and tau-PET findings provides a more comprehensive view of the disease progression. For instance, while Aβ accumulation occurs years before cognitive symptoms manifest, tau accumulation is more closely aligned with the onset of cognitive impairment. This temporal relationship underscores the importance of tau-PET in predicting cognitive decline and understanding the clinical variants of AD (Alzheimer disease, 2021). Thus, these neuroimaging techniques are pivotal in elucidating the complex interplay of biomarkers in AD, facilitating early diagnosis and targeted interventions.",True,0.741,"alzheimer disease  2021.pdf, Recent advances in Alzheimer’s disease mechanisms clinical trials and new drug development strategies.pdf","Neuroimaging techniques, particularly FDG-PET (fluorodeoxyglucose positron emission tomography) and tau-PET, have significantly advanced our understanding of clinical subtypes of Alzheimer's disease (AD). FDG-PET is instrumental in identifying patterns of hypometabolism in the brain, particularly in the temporoparietal and hippocampal regions, which are characteristic of AD. This technique can reveal metabolic changes that precede structural atrophy, thus aiding in early diagnosis and differentiation between AD variants (Alzheimer disease, 2021).

Tau-PET, on the other hand, allows for the visualization of neurofibrillary tangles, which are closely associated with cognitive decline. The binding patterns observed in tau-PET correlate strongly with cognitive performance and map onto different clinical phenotypes of AD, such as amnestic and non-amnestic presentations (Recent advances in Alzheimer's disease: mechanisms, clinical trials and new drug development strategies, 2024). Importantly, tau accumulation occurs closer to the onset of cognitive symptoms compared to amyloid deposition, providing a more immediate indicator of disease progression (Alzheimer disease, 2021).

Moreover, the integration of these imaging modalities within the NIA-AA AT(N) framework enhances the classification of individuals within the AD spectrum, facilitating a more nuanced understanding of the disease's heterogeneity (Recent advances in Alzheimer's disease: mechanisms, clinical trials and new drug development strategies, 2024). While both imaging techniques have shown promise, ongoing research is needed to refine their diagnostic capabilities and understand their implications for treatment strategies.",True,0.77,"2024 Neuroinflammation in Alzheimer disease.pdf, 2025 Updates on mouse models of Alzheimer’s disease.pdf, Recent advances in Alzheimer’s disease mechanisms clinical trials and new drug development strategies.pdf, alzheimer disease  2021.pdf",11.6
LA7,37,long_answer,Explain the limitations of current AD biomarkers and propose potential solutions or future directions.,"Current Alzheimer disease (AD) biomarkers face several notable limitations. Structural MRI and FDG-PET reflect neurodegeneration but lack specificity, failing to reliably distinguish AD from other dementias or atypical variants (*Alzheimer disease*, 2021; *Recent advances in Alzheimer's disease: mechanisms, clinical trials and new drug development strategies*, 2024). Conversely, biofluid markers (CSF and blood) cannot resolve the spatial or temporal distribution of localized pathology, such as neuroinflammation (*Neuroinflammation in Alzheimer disease*, 2025). Peripheral biomarkers are further confounded by comorbidities, systemic inflammation, proteomic discrepancies between brain and blood, and assay sensitivity limits (*Oxidative damage in neurodegeneration: roles in the pathogenesis and progression of Alzheimer disease*, 2024; *Recent advances in Alzheimer's disease...*, 2024). Consequently, blood-based markers currently have lower effect sizes than CSF/PET and lack consensus as standalone diagnostic endpoints (*Advancements and challenges in antiamyloid therapy for Alzheimer's disease: a comprehensive review*, 2024; *Alzheimer disease*, 2021).

To address these hurdles, proposed solutions include implementing ultrasensitive platforms (such as proximity extension assays and NULISA) and measuring brain-derived exosomes (*Neuroinflammation in Alzheimer disease*, 2025). Developing specific PET tracers targeting microglial receptors (e.g., P2X7R, P2Y12R, CX3CR1) will help capture spatiotemporal immune dynamics (*Neuroinflammation in Alzheimer disease*, 2025). Furthermore, future directions emphasize integrating composite multi-pathway biomarker panels with machine learning to evaluate neurodegeneration, vascular function, and inflammation collectively (*Recent advances in Alzheimer's disease...*, 2024). Additional approaches involve conformation-specific tools, such as the soluble oligomer binding assay (SOBA) to detect toxic Aβ $\alpha$-sheet oligomers (*Oxidative damage in neurodegeneration...*, 2024), and quantifying cell type-specific biomarkers, including neuron-derived APOE4 fragments, HMGB1, and MHC1 in biofluids (*Cell type-specific roles of APOE4 in Alzheimer disease*, 2024).",True,0.9,"2023-oxidative-damage-in-neurodegeneration-roles-in-the-pathogenesis-and-progression-of-alzheimer-disease.pdf, 2024 Advancements and Challenges in Antiamyloid Therapy for.pdf, 2024 Cell type-specific roles of APOE4 in Alzheimer disease.pdf, 2024 Neuroinflammation in Alzheimer disease.pdf, Recent advances in Alzheimer’s disease mechanisms clinical trials and new drug development strategies.pdf, alzheimer disease  2021.pdf","Current Alzheimer's disease (AD) biomarkers face significant limitations, particularly regarding their specificity and sensitivity. While cerebrospinal fluid (CSF) biomarkers such as Aβ42 and phosphorylated tau (p-tau181) are recognized for their diagnostic utility, they often exhibit individual variability and may not accurately differentiate AD from other neurodegenerative diseases (Alzheimer disease, 2021). Blood-based biomarkers, although rapidly expanding, generally show lower effect sizes compared to CSF biomarkers, necessitating further studies to establish their reliability in clinical settings (Recent advances in Alzheimer's disease: mechanisms, clinical trials and new drug development strategies, 2024).

Moreover, the current biomarker landscape is complicated by the presence of comorbidities, which can obscure the diagnostic value of AD-specific biomarkers. For instance, coexisting α-synuclein pathology can correlate with altered levels of CSF biomarkers, complicating the interpretation of results (Recent advances in Alzheimer's disease: mechanisms, clinical trials and new drug development strategies, 2024). This highlights the need for a more nuanced understanding of how various pathologies interact within individual patients.

Future directions should focus on developing composite biomarker panels that integrate multiple biomarkers to enhance diagnostic accuracy and reflect the biological state of AD more comprehensively (Recent advances in Alzheimer's disease: mechanisms, clinical trials and new drug development strategies, 2024). Additionally, advancing technologies in biomarker detection and standardization could improve the reliability of both CSF and blood-based biomarkers, facilitating earlier diagnosis and better patient stratification for clinical trials (Alzheimer disease, 2021).",True,0.736,"alzheimer disease  2021.pdf, Recent advances in Alzheimer’s disease mechanisms clinical trials and new drug development strategies.pdf","Current Alzheimer’s disease (AD) biomarkers face several limitations, primarily related to their specificity, sensitivity, and the complexity of AD pathology. For instance, while amyloid PET and tau PET imaging show high sensitivity and specificity for diagnosing AD, they cannot reliably differentiate AD from other neurodegenerative diseases with similar pathologies, such as frontotemporal degeneration (Recent advances in Alzheimer's disease: mechanisms, clinical trials and new drug development strategies, 2024). Additionally, cerebrospinal fluid (CSF) biomarkers like Aβ42 and phosphorylated tau (p-tau) exhibit variability in individual responses, complicating their diagnostic utility (Alzheimer disease, 2021).

To address these limitations, future directions could include the development of composite biomarker panels that integrate multiple biomarkers to enhance diagnostic accuracy and specificity (Recent advances in Alzheimer's disease: mechanisms, clinical trials and new drug development strategies, 2024). Blood-based biomarkers are emerging as promising alternatives due to their non-invasive nature, although they currently lack the robustness of CSF biomarkers (Alzheimer disease, 2021). Furthermore, ongoing research into novel biomarkers reflecting neuroinflammation and synaptic dysfunction may provide additional insights into AD pathology (Recent advances in Alzheimer's disease: mechanisms, clinical trials and new drug development strategies, 2024).

In summary, while current AD biomarkers have made significant strides, their limitations necessitate a multifaceted approach that includes the integration of new biomarkers and the development of more comprehensive diagnostic frameworks (Advancements and challenges in antiamyloid therapy for Alzheimer's disease: a comprehensive review, 2024).",True,0.764,"2023-oxidative-damage-in-neurodegeneration-roles-in-the-pathogenesis-and-progression-of-alzheimer-disease.pdf, 2024 Advancements and Challenges in Antiamyloid Therapy for.pdf, 2025 Updates on mouse models of Alzheimer’s disease.pdf, Recent advances in Alzheimer’s disease mechanisms clinical trials and new drug development strategies.pdf, alzheimer disease  2021.pdf",12.5
LA8,38,long_answer,Describe the sleep interventions that show potential for AD treatment and their mechanisms.,"Several sleep-related interventions and mechanistic strategies for Alzheimer disease (AD) are highlighted across the research:

1. **Airway Management and Sleep Apnea Devices**: According to *Alzheimer disease (2021)*, treating comorbid obstructive sleep apnea using oral appliances or nasal devices that generate positive airway pressure is recommended to prevent cognitive exacerbation. Mechanistically, uninterrupted sleep is critical because glymphatic clearance of amyloid-β (Aβ) from the brain parenchyma operates at higher levels during sleep than during wakefulness.

2. **Targeted Circuit Stimulation and Homeostatic Modulators**: As detailed in *Linking activity dyshomeostasis and sleep disturbances in Alzheimer disease (2024)*, deep brain stimulation (DBS) applied to the prefrontal cortex during sleep or to the thalamic nucleus reuniens restores firing rate homeostasis, suppresses low-arousal epileptiform discharges, and rescues memory function. In addition, activating homeostatic effectors through signaling pathways induced by the sleep-promoting neuromodulator melanin-concentrating hormone (MCH) helps stabilize neuronal mean firing rates. Conversely, the review cautions that conventional hypnotics (""sleep pills"") that extend sleep duration without reducing sleep-associated hyperexcitability may accelerate cognitive decline.

3. **Melatonin Supplementation**: In *Oxidative damage in neurodegeneration: roles in the pathogenesis and progression of Alzheimer disease (2024)*, administering melatonin—a lipophilic hormone normally secreted at night by the pineal gland—shows therapeutic potential. In preclinical models, melatonin (alone or paired with physical exercise) significantly reduces Aβ deposition and soluble oligomers, decreases oxidative stress and lipid peroxidation, prevents protein nitration, protects mitochondrial DNA, and ameliorates tau hyperphosphorylation through modulation of the PI3K/Akt/GSK-3β signaling cascade.",True,0.9,"2023-oxidative-damage-in-neurodegeneration-roles-in-the-pathogenesis-and-progression-of-alzheimer-disease.pdf, 2024 Linking activity dyshomeostasis and sleep disturbances in Alzheimer disease.pdf, alzheimer disease  2021.pdf","Sleep interventions for Alzheimer’s disease (AD) treatment may focus on restoring activity homeostasis and mitigating hyperexcitability, which are critical in the disease's progression. One potential approach involves pharmacological therapies that target sleep-promoting pathways, such as activating the melanin-concentrating hormone signaling pathway. This could help enhance sleep quality and quantity, thereby potentially reducing cognitive decline associated with sleep disturbances (Linking activity dyshomeostasis and sleep disturbances in Alzheimer disease, 2024).

Additionally, brain stimulation therapies, such as deep brain stimulation (DBS) in specific areas like the prefrontal cortex during sleep, may help suppress hyperexcitability and restore activity homeostasis. This intervention could prevent memory deterioration over time, although its efficacy in patients with AD remains to be tested (Linking activity dyshomeostasis and sleep disturbances in Alzheimer disease, 2024). 

Moreover, understanding the reciprocal relationship between sleep and activity homeostasis is crucial. Sleep disturbances may serve as compensatory mechanisms for hyperexcitability, suggesting that interventions aimed at improving sleep could inadvertently exacerbate underlying hyperexcitability if not carefully managed (Linking activity dyshomeostasis and sleep disturbances in Alzheimer disease, 2024). Thus, targeted sleep interventions that consider these dynamics may offer promising avenues for delaying AD progression.",True,0.725,"Recent advances in Alzheimer’s disease mechanisms clinical trials and new drug development strategies.pdf, 2024 Linking activity dyshomeostasis and sleep disturbances in Alzheimer disease.pdf","Several sleep interventions show potential for treating Alzheimer’s disease (AD) by targeting the underlying mechanisms of sleep disturbances and neuronal hyperexcitability. One promising approach involves pharmacological strategies aimed at restoring activity homeostasis in the brain. For instance, therapies that inhibit mitochondrial dihydroorotate dehydrogenase or activate mitochondrial calcium uniporters may help regulate neuronal excitability and mitigate the effects of amyloid-beta (Aβ) accumulation, which is linked to sleep disturbances and cognitive decline (Linking activity dyshomeostasis and sleep disturbances in Alzheimer disease, 2024).

Additionally, brain stimulation therapies, such as deep brain stimulation (DBS) during sleep, are being explored to suppress hyperexcitability in specific brain regions, potentially preventing memory deterioration (Linking activity dyshomeostasis and sleep disturbances in Alzheimer disease, 2024). Sleep-promoting agents like melanin-concentrating hormone may also serve as therapeutic targets to enhance sleep quality and cognitive resilience (Linking activity dyshomeostasis and sleep disturbances in Alzheimer disease, 2024).

Moreover, the relationship between sleep architecture and cognitive function is critical; disruptions in non-rapid eye movement (NREM) and rapid eye movement (REM) sleep stages are associated with cognitive impairments in AD patients (Recent advances in Alzheimer's disease: mechanisms, clinical trials and new drug development strategies, 2024). Thus, interventions that improve sleep quality could potentially enhance cognitive function and slow disease progression. However, the efficacy and safety of these interventions require further validation through clinical trials.",True,0.762,"2023-oxidative-damage-in-neurodegeneration-roles-in-the-pathogenesis-and-progression-of-alzheimer-disease.pdf, 2024 Advancements and Challenges in Antiamyloid Therapy for.pdf, 2024 Linking activity dyshomeostasis and sleep disturbances in Alzheimer disease.pdf, 2025 Updates on mouse models of Alzheimer’s disease.pdf, Recent advances in Alzheimer’s disease mechanisms clinical trials and new drug development strategies.pdf, alzheimer disease  2021.pdf",50.6
LA9,39,long_answer,How does diet influence AD risk and what are the challenges in studying dietary interventions?,"Dietary patterns significantly influence Alzheimer disease (AD) risk by modulating systemic inflammation, oxidative stress, and metabolic health. Unbalanced, pro-inflammatory, or high-fat diets elevate AD risk by promoting midlife obesity, diabetes, and cardiovascular disease, which drive brain insulin resistance, neuroinflammation, and enhanced amyloid-β and tau accumulation (*Neuroinflammation in Alzheimer disease*, 2025; *Updates on mouse models of Alzheimer's disease*, 2024). Conversely, adherence to antioxidant-rich, balanced dietary patterns—such as the Mediterranean, DASH, or MIND diets—and caloric restriction/fasting can decrease AD risk and slow cognitive decline by attenuating oxidative damage, curbing neuroinflammation, enhancing autophagy, and supporting cerebrovascular integrity (*Oxidative damage in neurodegeneration: roles in the pathogenesis and progression of Alzheimer disease*, 2024; *Neuroinflammation in Alzheimer disease*, 2025).

However, investigating dietary interventions presents multiple challenges. Single-nutrient or antioxidant trials have largely produced disappointing or inconsistent results due to AD's multifactorial nature, study design heterogeneity, and variable compound bioavailability (*Oxidative damage in neurodegeneration: roles in the pathogenesis and progression of Alzheimer disease*, 2024). Establishing direct cause-and-effect relationships is hindered by practical and ethical limits on trial durations and difficulties translating protocols from motivated study cohorts to broader, less health-conscious populations (*Alzheimer disease*, 2021). Additionally, several clinical trials of whole diets failed to demonstrate statistically significant cognitive benefits across diverse cohorts (*Oxidative damage in neurodegeneration: roles in the pathogenesis and progression of Alzheimer disease*, 2024). Finally, regimens like caloric restriction have poor practicability and long-term tolerability in elderly individuals, and diet has not been shown to clearly alter cognitive trajectories once symptomatic impairment is established (*Oxidative damage in neurodegeneration: roles in the pathogenesis and progression of Alzheimer disease*, 2024; *Alzheimer disease*, 2021).",True,0.9,"2023-oxidative-damage-in-neurodegeneration-roles-in-the-pathogenesis-and-progression-of-alzheimer-disease.pdf, 2024 Neuroinflammation in Alzheimer disease.pdf, 2025 Updates on mouse models of Alzheimer’s disease.pdf, alzheimer disease  2021.pdf","Diet plays a significant role in influencing the risk of Alzheimer's disease (AD) through various mechanisms, including oxidative stress modulation, inflammation, and synaptic plasticity. Specific dietary patterns, such as the Mediterranean diet (MeDi) and the DASH diet, have been associated with reduced AD risk and cognitive decline. For instance, adherence to the MeDi has shown correlations with lower incidence rates of AD and improved cognitive outcomes in individuals with mild cognitive impairment (MCI) (Oxidative damage in neurodegeneration: roles in the pathogenesis and progression of Alzheimer disease, 2024). The DASH diet, which emphasizes fruits, vegetables, and whole grains, has similarly been linked to slower cognitive decline and reduced AD incidence (Oxidative damage in neurodegeneration: roles in the pathogenesis and progression of Alzheimer disease, 2024).

However, studying dietary interventions presents several challenges. Many trials have yielded mixed results, with some showing significant benefits while others do not demonstrate clear associations between dietary adherence and cognitive outcomes (Oxidative damage in neurodegeneration: roles in the pathogenesis and progression of Alzheimer disease, 2024). This inconsistency may arise from variations in study design, participant selection, and the complexity of dietary patterns, which can complicate the identification of specific beneficial components. Additionally, the multifactorial nature of AD necessitates consideration of other lifestyle factors, such as physical activity and cognitive engagement, which can confound dietary effects (Alzheimer disease, 2021). Thus, while dietary modifications hold promise for AD prevention, further research is needed to clarify their efficacy and optimize intervention strategies.",True,0.728,"2024 Neuroinflammation in Alzheimer disease.pdf, alzheimer disease  2021.pdf, 2023-oxidative-damage-in-neurodegeneration-roles-in-the-pathogenesis-and-progression-of-alzheimer-disease.pdf","Diet plays a significant role in influencing the risk of Alzheimer's disease (AD). Evidence suggests that specific dietary patterns, particularly the Mediterranean diet (MeDi), are associated with a reduced risk of AD and cognitive decline. For instance, adherence to the MeDi has been linked to lower mortality and morbidity in various disease contexts, including AD (Oxidative damage in neurodegeneration, 2024). Studies indicate that a pro-inflammatory diet correlates with increased dementia risk, while a balanced diet, such as the MeDi, is associated with protective effects against neuroinflammation and cognitive decline (Neuroinflammation in Alzheimer disease, 2025; Oxidative damage in neurodegeneration, 2024).

However, studying dietary interventions presents challenges. The complexity of AD's etiology, which includes genetic, environmental, and lifestyle factors, complicates the identification of direct dietary impacts (Recent advances in Alzheimer's disease, 2024). Additionally, many studies yield conflicting results regarding the effectiveness of specific diets, with some showing no significant association between diet and AD risk (Oxidative damage in neurodegeneration, 2024). Furthermore, the multidomain nature of dietary interventions, which often includes exercise and cognitive training, makes it difficult to isolate the effects of diet alone (Neuroinflammation in Alzheimer disease, 2025). Thus, while dietary patterns like the MeDi show promise in reducing AD risk, further research is needed to clarify these relationships and address the methodological challenges inherent in dietary studies.",True,0.776,"2023-oxidative-damage-in-neurodegeneration-roles-in-the-pathogenesis-and-progression-of-alzheimer-disease.pdf, 2024 Linking activity dyshomeostasis and sleep disturbances in Alzheimer disease.pdf, 2024 Neuroinflammation in Alzheimer disease.pdf, Recent advances in Alzheimer’s disease mechanisms clinical trials and new drug development strategies.pdf, alzheimer disease  2021.pdf",13.6
LA10,40,long_answer,Critically evaluate the role of hypoxia in AD progression and discuss the promise and pitfalls of hyperbaric oxygen therapy.,"Hypoxia contributes significantly to Alzheimer disease (AD) progression through several cellular and metabolic mechanisms across multiple brain cell types:

1. **Oligodendrocyte and Myelin Vulnerability:** According to *""Oligodendrocytes in Alzheimer’s disease pathophysiology (2025)""*, deep white matter regions situated in distal arterial watershed zones are particularly prone to hypoperfusion and reduced oxygenation. Oligodendrocytes and myelin sheaths are especially vulnerable to hypoxia-induced oxidative stress due to their expanded surface area and restricted homeostatic capacity over extensive membrane lipids.
2. **Blood–Brain Barrier (BBB) Dysfunction and Amyloidogenesis:** As described in *""Recent advances in Alzheimer’s disease: mechanisms, clinical trials and new drug development strategies (2024)""* and *""Neuroinflammation in Alzheimer disease (2025)""*, BBB breakdown and neurovascular unit impairment cause ischemic and hypoxic brain injury, directly increasing amyloid-β (Aβ) production. 
3. **Microglial Metabolic Reprogramming:** In *""Neuroinflammation in Alzheimer disease (2025)""* and *""Immune Activation in Alzheimer Disease (2024)""*, hypoxia compromises microglial mitochondrial metabolism and induces metabolic reprogramming from oxidative phosphorylation to glycolysis via the mTOR–hypoxia-inducible factor-1α (mTOR–HIF-1α) axis, exacerbating the secretion of pro-inflammatory cytokines such as IL-1β. 
4. **Mitochondrial Quality Control:** *""Oxidative damage in neurodegeneration: roles in the pathogenesis and progression of Alzheimer disease (2024)""* notes that cellular stress, including hypoxia and energy deprivation, activates mitophagy to clear damaged mitochondria, while reduced oxygen tension alters DNA oxidation base profiles (such as FapydG formation).

**Hyperbaric Oxygen Therapy:**
The provided papers contain no mention, data, or discussion of hyperbaric oxygen therapy. Consequently, its proposed promises and pitfalls in the treatment of AD are not covered in the provided literature.",True,0.92,"2023-oxidative-damage-in-neurodegeneration-roles-in-the-pathogenesis-and-progression-of-alzheimer-disease.pdf, 2024 Immune Activation in Alzheimer Disease.pdf, 2024 Neuroinflammation in Alzheimer disease.pdf, 2025 Oligodendrocytes in Alzheimer’s disease pathophysiology.pdf, Recent advances in Alzheimer’s disease mechanisms clinical trials and new drug development strategies.pdf, alzheimer disease  2021.pdf","The role of hypoxia in the progression of Alzheimer’s disease (AD) is intricately linked to oxidative stress (OS) and metabolic dysfunction. Hypoxia can exacerbate oxidative damage, leading to impaired cellular functions and contributing to neurodegeneration. The review highlights that oxidative stress is an early event in AD pathogenesis, affecting various cellular processes, including energy metabolism and synaptic function (Oxidative damage in neurodegeneration, 2024). This suggests that hypoxic conditions may further compromise neuronal health by intensifying oxidative damage, thereby accelerating the transition from mild cognitive impairment (MCI) to more severe stages of AD.

Hyperbaric oxygen therapy (HBOT) presents a potential therapeutic avenue by increasing oxygen availability, which may counteract the effects of hypoxia. The therapy could enhance mitochondrial function and promote ATP production, potentially alleviating some of the metabolic deficits observed in AD (Oxidative damage in neurodegeneration, 2024). However, the review also indicates that while preclinical studies show promise for antioxidant strategies in mitigating oxidative damage, human studies have yielded mixed results. This inconsistency raises concerns about the efficacy of HBOT, as the complexity of AD may require multifaceted approaches rather than single interventions.

Moreover, the review emphasizes that oxidative stress is a multifactorial issue, suggesting that a single treatment like HBOT may not be sufficient to address the diverse pathological mechanisms involved in AD (Oxidative damage in neurodegeneration, 2024). Thus, while HBOT could offer benefits in improving oxygenation and potentially reducing oxidative stress, its effectiveness may be limited without concurrent strategies that address the broader spectrum of neurodegenerative processes.",True,0.717,2023-oxidative-damage-in-neurodegeneration-roles-in-the-pathogenesis-and-progression-of-alzheimer-disease.pdf,"Hypoxia plays a significant role in the progression of Alzheimer's disease (AD) by exacerbating oxidative stress (OS) and energy metabolism dysfunction. The brain's high metabolic demand makes it particularly vulnerable to oxygen deprivation, leading to neuronal damage and cognitive decline (Oxidative damage in neurodegeneration: roles in the pathogenesis and progression of Alzheimer disease, 2024). Hypoxia-induced oxidative stress contributes to the accumulation of amyloid-beta plaques and neurofibrillary tangles, which are hallmarks of AD pathology (Recent advances in Alzheimer's disease: mechanisms, clinical trials and new drug development strategies, 2024). Furthermore, vascular dysfunction, including reduced cerebral blood flow and blood-brain barrier (BBB) integrity, can lead to ischemic conditions that further impair neuronal health (Oligodendrocytes in Alzheimer's disease pathophysiology, 2025).

Hyperbaric oxygen therapy (HBOT) has been proposed as a potential intervention to counteract hypoxia-related damage in AD. It aims to enhance oxygen delivery to tissues, potentially improving mitochondrial function and reducing oxidative stress (Recent advances in Alzheimer's disease: mechanisms, clinical trials and new drug development strategies, 2024). However, the evidence supporting HBOT's efficacy in AD is still preliminary, with concerns regarding its long-term safety and the need for further clinical trials to establish its therapeutic potential (Oxidative damage in neurodegeneration: roles in the pathogenesis and progression of Alzheimer disease, 2024). Thus, while HBOT presents a promising avenue, its application in AD treatment must be approached cautiously, considering both its potential benefits and the uncertainties surrounding its effectiveness.",True,0.76,"2023-oxidative-damage-in-neurodegeneration-roles-in-the-pathogenesis-and-progression-of-alzheimer-disease.pdf, 2024 Advancements and Challenges in Antiamyloid Therapy for.pdf, 2025 Oligodendrocytes in Alzheimer’s disease pathophysiology.pdf, Recent advances in Alzheimer’s disease mechanisms clinical trials and new drug development strategies.pdf, alzheimer disease  2021.pdf",19.2
