round_number	config_order	agent_family	invocation_source	config_id	configuration	enabled_components	similarity_weight	evidence_weight	temporal_weight	question_number	question	options	correct_answer_keys	correct_answer_texts	predicted_answer_keys	correctness_score	correctness_scheme	is_correct	confidence	execution_time_sec	base_retrieval_time_sec	option_retrieval_time_sec	candidate_count	top_chunk_count	mean_top_retrieval_score	mean_top_cosine_score	mean_top_evidence_score	mean_top_temporal_score	evidence_query_candidates_added	temporal_query_candidates_added	hybrid_context_file_count	hybrid_option_passage_count	hybrid_context_char_count	hybrid_non_regression_guard	hybrid_context	per_option_retrieval	quality_check	quality_changed	source_files	draft_answer	final_answer
1	0	ET-RAG	test.agent_etrag	A0	Cosine baseline	cosine retrieval	1.0	0.0	0.0	1	Which of the following are components of the A-T-N AD biomarker framework?	A. Amyloid beta | B. Tau | C. Neurodegeneration markers | D. Synaptic vesicle proteins	A, B, C	Amyloid beta | Tau | Neurodegeneration markers	A, B, C	1.0	strict_partial_credit	True	0.73937	6.111	2.792	0.0	28	25	0.541058	0.541058	0.5	0.852	0	0	0	0	0	False	False	False	False	False	2023-oxidative-damage-in-neurodegeneration-roles-in-the-pathogenesis-and-progression-of-alzheimer-disease.pdf | 2024 Advancements and Challenges in Antiamyloid Therapy for.pdf | 2024 Cell type-specific roles of APOE4 in Alzheimer disease.pdf | 2024 Neuroinflammation in Alzheimer disease.pdf | Recent advances in Alzheimer’s disease mechanisms clinical trials and new drug development strategies.pdf | alzheimer disease  2021.pdf	"A: SUPPORTED — The A-T-N framework includes amyloid beta (Aβ) deposition, pathologic tau, and neurodegeneration markers as components, as stated in ""Alzheimer disease"" (2021).  
B: SUPPORTED — The A-T-N framework specifically includes tau as a component, as mentioned in ""Alzheimer disease"" (2021).  
C: SUPPORTED — Neurodegeneration markers are part of the A-T-N framework, as indicated in ""Alzheimer disease"" (2021).  
D: NOT SUPPORTED — Synaptic vesicle proteins are not mentioned as a component of the A-T-N framework in the provided evidence.  

ANSWER: A, B, C"	"A: SUPPORTED — The A-T-N framework includes amyloid beta (Aβ) deposition, pathologic tau, and neurodegeneration markers as components, as stated in ""Alzheimer disease"" (2021).  
B: SUPPORTED — The A-T-N framework specifically includes tau as a component, as mentioned in ""Alzheimer disease"" (2021).  
C: SUPPORTED — Neurodegeneration markers are part of the A-T-N framework, as indicated in ""Alzheimer disease"" (2021).  
D: NOT SUPPORTED — Synaptic vesicle proteins are not mentioned as a component of the A-T-N framework in the provided evidence.  

ANSWER: A, B, C"
1	0	ET-RAG	test.agent_etrag	A0	Cosine baseline	cosine retrieval	1.0	0.0	0.0	2	Which sleep-related conditions are discussed as contributing to AD progression?	A. Sleep apnea | B. Long sleep duration | C. Short sleep duration | D. Insomnia	A, B, C, D	Sleep apnea | Long sleep duration | Short sleep duration | Insomnia	A, D	0.5	strict_partial_credit	False	0.692175	3.749	1.906	0.0	16	16	0.406215	0.406215	0.5	0.865625	0	0	0	0	0	False	False	False	False	False	2023-oxidative-damage-in-neurodegeneration-roles-in-the-pathogenesis-and-progression-of-alzheimer-disease.pdf | 2024 Advancements and Challenges in Antiamyloid Therapy for.pdf | 2024 Linking activity dyshomeostasis and sleep disturbances in Alzheimer disease.pdf | 2025 Oligodendrocytes in Alzheimer’s disease pathophysiology.pdf | 2025 Updates on mouse models of Alzheimer’s disease.pdf | Recent advances in Alzheimer’s disease mechanisms clinical trials and new drug development strategies.pdf | alzheimer disease  2021.pdf	"A: SUPPORTED — Obstructive sleep apnea is discussed as a comorbid sleep disorder that should be treated in patients with dementia, as it can exacerbate cognitive impairment (Alzheimer disease, 2021).  
B: NOT SUPPORTED — There is no evidence provided that specifically discusses long sleep duration as contributing to Alzheimer's disease progression.  
C: NOT SUPPORTED — There is no evidence provided that specifically discusses short sleep duration as contributing to Alzheimer's disease progression.  
D: SUPPORTED — Insomnia is mentioned as a comorbid condition that can affect the quality of life in patients with Alzheimer's disease (Alzheimer disease, 2021).  
ANSWER: A, D"	"A: SUPPORTED — Obstructive sleep apnea is discussed as a comorbid sleep disorder that should be treated in patients with dementia, as it can exacerbate cognitive impairment (Alzheimer disease, 2021).  
B: NOT SUPPORTED — There is no evidence provided that specifically discusses long sleep duration as contributing to Alzheimer's disease progression.  
C: NOT SUPPORTED — There is no evidence provided that specifically discusses short sleep duration as contributing to Alzheimer's disease progression.  
D: SUPPORTED — Insomnia is mentioned as a comorbid condition that can affect the quality of life in patients with Alzheimer's disease (Alzheimer disease, 2021).  
ANSWER: A, D"
1	0	ET-RAG	test.agent_etrag	A0	Cosine baseline	cosine retrieval	1.0	0.0	0.0	3	Which interventions were identified as promising for sleep-related AD therapy?	A. CBT-I | B. Suvorexant | C. Positive airway pressure treatment | D. Ketamine	A, B, C	CBT-I | Suvorexant | Positive airway pressure treatment	A, C	0.666667	strict_partial_credit	False	0.705161	3.706	1.782	0.0	18	18	0.443317	0.443317	0.54375	0.855556	0	0	0	0	0	False	False	False	False	False	2023-oxidative-damage-in-neurodegeneration-roles-in-the-pathogenesis-and-progression-of-alzheimer-disease.pdf | 2024 Advancements and Challenges in Antiamyloid Therapy for.pdf | 2024 Linking activity dyshomeostasis and sleep disturbances in Alzheimer disease.pdf | 2025 Updates on mouse models of Alzheimer’s disease.pdf | Recent advances in Alzheimer’s disease mechanisms clinical trials and new drug development strategies.pdf | alzheimer disease  2021.pdf	"A: SUPPORTED — Cognitive Behavioral Therapy for Insomnia (CBT-I) is discussed as a non-pharmacological intervention that may help manage sleep disturbances in Alzheimer's disease patients (Linking activity dyshomeostasis and sleep disturbances in Alzheimer disease, 2024).

B: NOT SUPPORTED — There is no evidence provided in the excerpts that directly supports the use of Suvorexant as a promising intervention for sleep-related Alzheimer's disease therapy.

C: SUPPORTED — Positive airway pressure treatment is mentioned as a method to treat comorbid sleep disorders, such as obstructive sleep apnea, in patients with dementia (Alzheimer disease, 2021).

D: NOT SUPPORTED — There is no evidence in the excerpts that supports the use of Ketamine as a promising intervention for sleep-related Alzheimer's disease therapy.

ANSWER: A, C"	"A: SUPPORTED — Cognitive Behavioral Therapy for Insomnia (CBT-I) is discussed as a non-pharmacological intervention that may help manage sleep disturbances in Alzheimer's disease patients (Linking activity dyshomeostasis and sleep disturbances in Alzheimer disease, 2024).

B: NOT SUPPORTED — There is no evidence provided in the excerpts that directly supports the use of Suvorexant as a promising intervention for sleep-related Alzheimer's disease therapy.

C: SUPPORTED — Positive airway pressure treatment is mentioned as a method to treat comorbid sleep disorders, such as obstructive sleep apnea, in patients with dementia (Alzheimer disease, 2021).

D: NOT SUPPORTED — There is no evidence in the excerpts that supports the use of Ketamine as a promising intervention for sleep-related Alzheimer's disease therapy.

ANSWER: A, C"
1	0	ET-RAG	test.agent_etrag	A0	Cosine baseline	cosine retrieval	1.0	0.0	0.0	4	Hearing loss in older adults may lead to which of the following?	A. Decreased brain volume | B. Higher tau levels | C. Lower social engagement | D. Enhanced neurogenesis	A, B, C	Decreased brain volume | Higher tau levels | Lower social engagement	A, B, C	1.0	strict_partial_credit	True	0.711789	4.271	2.026	0.0	22	22	0.462254	0.462254	0.513295	0.875	0	0	0	0	0	False	False	False	False	False	2023-oxidative-damage-in-neurodegeneration-roles-in-the-pathogenesis-and-progression-of-alzheimer-disease.pdf | 2024 Advancements and Challenges in Antiamyloid Therapy for.pdf | 2024 Cell type-specific roles of APOE4 in Alzheimer disease.pdf | 2024 Immune Activation in Alzheimer Disease.pdf | 2024 Linking activity dyshomeostasis and sleep disturbances in Alzheimer disease.pdf | 2024 Neuroinflammation in Alzheimer disease.pdf | 2025 Oligodendrocytes in Alzheimer’s disease pathophysiology.pdf | 2025 Updates on mouse models of Alzheimer’s disease.pdf | Recent advances in Alzheimer’s disease mechanisms clinical trials and new drug development strategies.pdf | alzheimer disease  2021.pdf	"A: SUPPORTED — The evidence indicates that tauopathy occurs in networks that support specific cognitive domains and are impaired in symptomatic Alzheimer's disease, which is relevant to the relationship between hearing loss and higher tau levels (Alzheimer disease, 2021).  
B: SUPPORTED — The evidence discusses the relationship between tau levels and cognitive decline, suggesting that higher tau levels are associated with cognitive impairment, which may be relevant to hearing loss in older adults (Alzheimer disease, 2021).  
C: SUPPORTED — The evidence states that neuropsychiatric symptoms, including social withdrawal, often co-occur with cognitive deficits in Alzheimer's disease, indicating that hearing loss may lead to lower social engagement (Alzheimer disease, 2021).  
D: NOT SUPPORTED — There is no evidence provided that supports the idea that hearing loss in older adults leads to enhanced neurogenesis.  

ANSWER: A, B, C"	"A: SUPPORTED — The evidence indicates that tauopathy occurs in networks that support specific cognitive domains and are impaired in symptomatic Alzheimer's disease, which is relevant to the relationship between hearing loss and higher tau levels (Alzheimer disease, 2021).  
B: SUPPORTED — The evidence discusses the relationship between tau levels and cognitive decline, suggesting that higher tau levels are associated with cognitive impairment, which may be relevant to hearing loss in older adults (Alzheimer disease, 2021).  
C: SUPPORTED — The evidence states that neuropsychiatric symptoms, including social withdrawal, often co-occur with cognitive deficits in Alzheimer's disease, indicating that hearing loss may lead to lower social engagement (Alzheimer disease, 2021).  
D: NOT SUPPORTED — There is no evidence provided that supports the idea that hearing loss in older adults leads to enhanced neurogenesis.  

ANSWER: A, B, C"
1	0	ET-RAG	test.agent_etrag	A0	Cosine baseline	cosine retrieval	1.0	0.0	0.0	5	Which factors have been epidemiologically linked to AD?	A. Hypoxia | B. Gut microbiota imbalance | C. High education | D. Diet	A, B, D	Hypoxia | Gut microbiota imbalance | Diet	B, D	0.666667	strict_partial_credit	False	0.715806	3.972	2.179	0.0	20	20	0.473732	0.473732	0.52025	0.87	0	0	0	0	0	False	False	False	False	False	2023-oxidative-damage-in-neurodegeneration-roles-in-the-pathogenesis-and-progression-of-alzheimer-disease.pdf | 2024 Advancements and Challenges in Antiamyloid Therapy for.pdf | 2024 Cell type-specific roles of APOE4 in Alzheimer disease.pdf | 2024 Immune Activation in Alzheimer Disease.pdf | 2024 Linking activity dyshomeostasis and sleep disturbances in Alzheimer disease.pdf | 2024 Neuroinflammation in Alzheimer disease.pdf | 2025 Updates on mouse models of Alzheimer’s disease.pdf | Recent advances in Alzheimer’s disease mechanisms clinical trials and new drug development strategies.pdf | alzheimer disease  2021.pdf	"A: NOT SUPPORTED — There is no direct evidence linking hypoxia to Alzheimer's disease in the provided excerpts.  
B: SUPPORTED — The microbiota-gut-brain axis hypothesis suggests that alterations in gut microbiota can influence brain function and may be linked to Alzheimer's disease (Recent advances in Alzheimer’s disease: mechanisms, clinical trials and new drug development strategies, year unknown).  
C: NOT SUPPORTED — High education is not mentioned as a risk factor or linked to Alzheimer's disease in the provided excerpts.  
D: SUPPORTED — Specific dietary patterns have been linked to Alzheimer's disease risk, indicating that diet plays a role in the disease (Oxidative damage in neurodegeneration: roles in the pathogenesis and progression of Alzheimer disease, 2023).  
ANSWER: B, D"	"A: NOT SUPPORTED — There is no direct evidence linking hypoxia to Alzheimer's disease in the provided excerpts.  
B: SUPPORTED — The microbiota-gut-brain axis hypothesis suggests that alterations in gut microbiota can influence brain function and may be linked to Alzheimer's disease (Recent advances in Alzheimer’s disease: mechanisms, clinical trials and new drug development strategies, year unknown).  
C: NOT SUPPORTED — High education is not mentioned as a risk factor or linked to Alzheimer's disease in the provided excerpts.  
D: SUPPORTED — Specific dietary patterns have been linked to Alzheimer's disease risk, indicating that diet plays a role in the disease (Oxidative damage in neurodegeneration: roles in the pathogenesis and progression of Alzheimer disease, 2023).  
ANSWER: B, D"
1	0	ET-RAG	test.agent_etrag	A0	Cosine baseline	cosine retrieval	1.0	0.0	0.0	6	Which imaging biomarkers are used in AD diagnosis?	A. Tau-PET | B. MRI | C. CT | D. FDG-PET	A, B, D	Tau-PET | MRI | FDG-PET	A, B, D	1.0	strict_partial_credit	True	0.73652	4.655	2.227	0.0	28	25	0.532913	0.532913	0.5216	0.858	0	0	0	0	0	False	False	False	False	False	2023-oxidative-damage-in-neurodegeneration-roles-in-the-pathogenesis-and-progression-of-alzheimer-disease.pdf | 2024 Advancements and Challenges in Antiamyloid Therapy for.pdf | 2024 Immune Activation in Alzheimer Disease.pdf | 2024 Neuroinflammation in Alzheimer disease.pdf | 2025 Updates on mouse models of Alzheimer’s disease.pdf | Recent advances in Alzheimer’s disease mechanisms clinical trials and new drug development strategies.pdf | alzheimer disease  2021.pdf	"A: SUPPORTED — Tau-PET imaging allows the detection of tauopathy that is largely specific for Alzheimer's disease and is used as a biomarker in its diagnosis (Alzheimer disease, 2021).  
B: SUPPORTED — Structural MRI is useful for assessing atrophy in the medial temporal lobe, which is relevant in the context of Alzheimer's disease diagnosis (Alzheimer disease, 2021).  
C: NOT SUPPORTED — The evidence does not support the use of CT as a specific imaging biomarker for Alzheimer's disease diagnosis (Alzheimer disease, 2021).  
D: SUPPORTED — FDG-PET detects reduced glucose metabolism in brain regions characteristic of Alzheimer's disease and is used as a biomarker in its diagnosis (Recent advances in Alzheimer’s disease: mechanisms, clinical trials and new drug development strategies, year unknown).  
ANSWER: A, B, D"	"A: SUPPORTED — Tau-PET imaging allows the detection of tauopathy that is largely specific for Alzheimer's disease and is used as a biomarker in its diagnosis (Alzheimer disease, 2021).  
B: SUPPORTED — Structural MRI is useful for assessing atrophy in the medial temporal lobe, which is relevant in the context of Alzheimer's disease diagnosis (Alzheimer disease, 2021).  
C: NOT SUPPORTED — The evidence does not support the use of CT as a specific imaging biomarker for Alzheimer's disease diagnosis (Alzheimer disease, 2021).  
D: SUPPORTED — FDG-PET detects reduced glucose metabolism in brain regions characteristic of Alzheimer's disease and is used as a biomarker in its diagnosis (Recent advances in Alzheimer’s disease: mechanisms, clinical trials and new drug development strategies, year unknown).  
ANSWER: A, B, D"
1	0	ET-RAG	test.agent_etrag	A0	Cosine baseline	cosine retrieval	1.0	0.0	0.0	7	What roles do CSF biomarkers play in AD diagnosis?	A. Stage disease progression | B. Diagnose mild cognitive impairment | C. Indicate tau pathology | D. Replace neuropsychological testing	A, B, C	Stage disease progression | Diagnose mild cognitive impairment | Indicate tau pathology	A, B, C	1.0	strict_partial_credit	True	0.742812	10.199	2.924	0.0	31	25	0.550892	0.550892	0.5207	0.848	0	0	0	0	0	False	False	False	False	False	2024 Advancements and Challenges in Antiamyloid Therapy for.pdf | 2024 Immune Activation in Alzheimer Disease.pdf | 2024 Neuroinflammation in Alzheimer disease.pdf | Recent advances in Alzheimer’s disease mechanisms clinical trials and new drug development strategies.pdf | alzheimer disease  2021.pdf	"A: SUPPORTED — CSF biomarkers can indicate the severity of the AD process, as they include tau PET and neurodegeneration biomarkers, which are used to stage disease progression (Alzheimer disease, 2021).  
B: SUPPORTED — CSF biomarkers are recognized for their diagnostic utility in diagnosing mild cognitive impairment (MCI) and are used clinically in many countries (Alzheimer disease, 2021).  
C: SUPPORTED — p-tau181 is considered a specific biomarker for tau pathology, which is typically increased in MCI and dementia due to AD (Alzheimer disease, 2021).  
D: NOT SUPPORTED — The evidence does not support the idea that CSF biomarkers can replace neuropsychological testing, as they serve different roles in the diagnostic process (Alzheimer disease, 2021).  
ANSWER: A, B, C"	"A: SUPPORTED — CSF biomarkers can indicate the severity of the AD process, as they include tau PET and neurodegeneration biomarkers, which are used to stage disease progression (Alzheimer disease, 2021).  
B: SUPPORTED — CSF biomarkers are recognized for their diagnostic utility in diagnosing mild cognitive impairment (MCI) and are used clinically in many countries (Alzheimer disease, 2021).  
C: SUPPORTED — p-tau181 is considered a specific biomarker for tau pathology, which is typically increased in MCI and dementia due to AD (Alzheimer disease, 2021).  
D: NOT SUPPORTED — The evidence does not support the idea that CSF biomarkers can replace neuropsychological testing, as they serve different roles in the diagnostic process (Alzheimer disease, 2021).  
ANSWER: A, B, C"
1	0	ET-RAG	test.agent_etrag	A0	Cosine baseline	cosine retrieval	1.0	0.0	0.0	8	What effects does gut microbiota have in AD animal models?	A. Promotes inflammation | B. Improves memory | C. Impairs spatial learning | D. Reduces tau levels	A, C	Promotes inflammation | Impairs spatial learning	A, B, C	0.0	strict_partial_credit	False	0.728775	4.885	2.129	0.0	10	10	0.510785	0.510785	0.5	0.87	0	0	0	0	0	False	False	False	False	False	2023-oxidative-damage-in-neurodegeneration-roles-in-the-pathogenesis-and-progression-of-alzheimer-disease.pdf | 2024 Advancements and Challenges in Antiamyloid Therapy for.pdf | 2024 Immune Activation in Alzheimer Disease.pdf | 2024 Neuroinflammation in Alzheimer disease.pdf | 2025 Updates on mouse models of Alzheimer’s disease.pdf | Recent advances in Alzheimer’s disease mechanisms clinical trials and new drug development strategies.pdf | alzheimer disease  2021.pdf	"A: SUPPORTED — The evidence indicates that microbiota can promote inflammation, as seen in the activation of the intestinal NLRP3 inflammasome and the release of inflammatory factors in AD models (2024 Immune Activation in Alzheimer Disease).  
B: SUPPORTED — The evidence suggests that therapy with probiotics improves memory deficits in mouse models of AD (2024 Neuroinflammation in Alzheimer disease).  
C: SUPPORTED — The evidence shows that the absence of microbiota in germ-free mice leads to cognitive impairments, including impaired spatial learning (2024 Immune Activation in Alzheimer Disease).  
D: NOT SUPPORTED — There is no evidence provided that supports the claim that gut microbiota reduces tau levels in AD animal models.  

ANSWER: A, B, C"	"A: SUPPORTED — The evidence indicates that microbiota can promote inflammation, as seen in the activation of the intestinal NLRP3 inflammasome and the release of inflammatory factors in AD models (2024 Immune Activation in Alzheimer Disease).  
B: SUPPORTED — The evidence suggests that therapy with probiotics improves memory deficits in mouse models of AD (2024 Neuroinflammation in Alzheimer disease).  
C: SUPPORTED — The evidence shows that the absence of microbiota in germ-free mice leads to cognitive impairments, including impaired spatial learning (2024 Immune Activation in Alzheimer Disease).  
D: NOT SUPPORTED — There is no evidence provided that supports the claim that gut microbiota reduces tau levels in AD animal models.  

ANSWER: A, B, C"
1	0	ET-RAG	test.agent_etrag	A0	Cosine baseline	cosine retrieval	1.0	0.0	0.0	9	Which sleep characteristics are associated with AD?	A. Reduced REM duration | B. Abnormal slow-wave oscillations | C. Increased CSF tau during wakefulness | D. Stable sleep architecture	A, B, C	Reduced REM duration | Abnormal slow-wave oscillations | Increased CSF tau during wakefulness	A, B	0.666667	strict_partial_credit	False	0.695053	7.759	5.469	0.0	12	12	0.414438	0.414438	0.5	0.875	0	0	0	0	0	False	False	False	False	False	2023-oxidative-damage-in-neurodegeneration-roles-in-the-pathogenesis-and-progression-of-alzheimer-disease.pdf | 2024 Advancements and Challenges in Antiamyloid Therapy for.pdf | 2024 Immune Activation in Alzheimer Disease.pdf | 2024 Linking activity dyshomeostasis and sleep disturbances in Alzheimer disease.pdf | 2024 Neuroinflammation in Alzheimer disease.pdf | 2025 Updates on mouse models of Alzheimer’s disease.pdf | Recent advances in Alzheimer’s disease mechanisms clinical trials and new drug development strategies.pdf | alzheimer disease  2021.pdf	"A: SUPPORTED — Reduced sharp-wave ripples in NREM sleep and quiet wakefulness are observed in familial Alzheimer disease models, indicating reduced REM duration is associated with AD (Linking activity dyshomeostasis and sleep disturbances in Alzheimer disease, 2024).  
B: SUPPORTED — Abnormal slow-wave oscillations are indicated by reduced UP state durations and failed transitions in AD mouse models, suggesting this characteristic is associated with AD (Linking activity dyshomeostasis and sleep disturbances in Alzheimer disease, 2024).  
C: NOT SUPPORTED — There is no direct evidence linking increased CSF tau during wakefulness to sleep characteristics in the context of AD in the provided excerpts.  
D: NOT SUPPORTED — The evidence does not support the notion of stable sleep architecture in AD, as alterations in sleep patterns are noted in the context of the disease (Linking activity dyshomeostasis and sleep disturbances in Alzheimer disease, 2024).  
ANSWER: A, B"	"A: SUPPORTED — Reduced sharp-wave ripples in NREM sleep and quiet wakefulness are observed in familial Alzheimer disease models, indicating reduced REM duration is associated with AD (Linking activity dyshomeostasis and sleep disturbances in Alzheimer disease, 2024).  
B: SUPPORTED — Abnormal slow-wave oscillations are indicated by reduced UP state durations and failed transitions in AD mouse models, suggesting this characteristic is associated with AD (Linking activity dyshomeostasis and sleep disturbances in Alzheimer disease, 2024).  
C: NOT SUPPORTED — There is no direct evidence linking increased CSF tau during wakefulness to sleep characteristics in the context of AD in the provided excerpts.  
D: NOT SUPPORTED — The evidence does not support the notion of stable sleep architecture in AD, as alterations in sleep patterns are noted in the context of the disease (Linking activity dyshomeostasis and sleep disturbances in Alzheimer disease, 2024).  
ANSWER: A, B"
1	0	ET-RAG	test.agent_etrag	A0	Cosine baseline	cosine retrieval	1.0	0.0	0.0	10	Which interventions may improve cognition in MCI or early dementia?	A. Melatonin | B. Rivasti gmine | C. Suvorexant | D. Ketogenic diet	A, B, C	Melatonin | Rivasti gmine | Suvorexant	B	0.333333	strict_partial_credit	False	0.709235	3.622	1.891	0.0	23	23	0.454957	0.454957	0.542065	0.854348	0	0	0	0	0	False	False	False	False	False	2023-oxidative-damage-in-neurodegeneration-roles-in-the-pathogenesis-and-progression-of-alzheimer-disease.pdf | 2024 Advancements and Challenges in Antiamyloid Therapy for.pdf | 2024 Linking activity dyshomeostasis and sleep disturbances in Alzheimer disease.pdf | 2025 Updates on mouse models of Alzheimer’s disease.pdf | Recent advances in Alzheimer’s disease mechanisms clinical trials and new drug development strategies.pdf | alzheimer disease  2021.pdf	"A: NOT SUPPORTED — There is no evidence in the provided excerpts that melatonin improves cognition in MCI or early dementia.  
B: SUPPORTED — Cholinesterase inhibitors, including rivastigmine, have been shown to alleviate cognitive impairment in AD patients, as noted in ""Alzheimer disease"" (2021).  
C: NOT SUPPORTED — There is no evidence in the provided excerpts that suvorexant improves cognition in MCI or early dementia.  
D: NOT SUPPORTED — The evidence does not support that a ketogenic diet improves cognition in MCI or early dementia.  

ANSWER: B"	"A: NOT SUPPORTED — There is no evidence in the provided excerpts that melatonin improves cognition in MCI or early dementia.  
B: SUPPORTED — Cholinesterase inhibitors, including rivastigmine, have been shown to alleviate cognitive impairment in AD patients, as noted in ""Alzheimer disease"" (2021).  
C: NOT SUPPORTED — There is no evidence in the provided excerpts that suvorexant improves cognition in MCI or early dementia.  
D: NOT SUPPORTED — The evidence does not support that a ketogenic diet improves cognition in MCI or early dementia.  

ANSWER: B"
2	0	ET-RAG	test.agent_etrag	A0	Cosine baseline	cosine retrieval	1.0	0.0	0.0	1	Which of the following are components of the A-T-N AD biomarker framework?	A. Amyloid beta | B. Tau | C. Neurodegeneration markers | D. Synaptic vesicle proteins	A, B, C	Amyloid beta | Tau | Neurodegeneration markers	A, B, C	1.0	strict_partial_credit	True	0.73937	4.617	2.386	0.0	28	25	0.541058	0.541058	0.5	0.852	0	0	0	0	0	False	False	False	False	False	2023-oxidative-damage-in-neurodegeneration-roles-in-the-pathogenesis-and-progression-of-alzheimer-disease.pdf | 2024 Advancements and Challenges in Antiamyloid Therapy for.pdf | 2024 Cell type-specific roles of APOE4 in Alzheimer disease.pdf | 2024 Neuroinflammation in Alzheimer disease.pdf | Recent advances in Alzheimer’s disease mechanisms clinical trials and new drug development strategies.pdf | alzheimer disease  2021.pdf	"A: SUPPORTED — The A-T-N framework includes amyloid beta (Aβ) deposition, pathologic tau, and neurodegeneration markers as components, as stated in ""Alzheimer disease"" (2021).  
B: SUPPORTED — The A-T-N framework specifically includes tau as a component, as indicated in ""Alzheimer disease"" (2021).  
C: SUPPORTED — Neurodegeneration markers are part of the A-T-N framework, as mentioned in ""Alzheimer disease"" (2021).  
D: NOT SUPPORTED — Synaptic vesicle proteins are not mentioned as a component of the A-T-N framework in the provided evidence.  
ANSWER: A, B, C"	"A: SUPPORTED — The A-T-N framework includes amyloid beta (Aβ) deposition, pathologic tau, and neurodegeneration markers as components, as stated in ""Alzheimer disease"" (2021).  
B: SUPPORTED — The A-T-N framework specifically includes tau as a component, as indicated in ""Alzheimer disease"" (2021).  
C: SUPPORTED — Neurodegeneration markers are part of the A-T-N framework, as mentioned in ""Alzheimer disease"" (2021).  
D: NOT SUPPORTED — Synaptic vesicle proteins are not mentioned as a component of the A-T-N framework in the provided evidence.  
ANSWER: A, B, C"
2	0	ET-RAG	test.agent_etrag	A0	Cosine baseline	cosine retrieval	1.0	0.0	0.0	2	Which sleep-related conditions are discussed as contributing to AD progression?	A. Sleep apnea | B. Long sleep duration | C. Short sleep duration | D. Insomnia	A, B, C, D	Sleep apnea | Long sleep duration | Short sleep duration | Insomnia	A, D	0.5	strict_partial_credit	False	0.692176	5.357	2.804	0.0	16	16	0.406216	0.406216	0.5	0.865625	0	0	0	0	0	False	False	False	False	False	2023-oxidative-damage-in-neurodegeneration-roles-in-the-pathogenesis-and-progression-of-alzheimer-disease.pdf | 2024 Advancements and Challenges in Antiamyloid Therapy for.pdf | 2024 Linking activity dyshomeostasis and sleep disturbances in Alzheimer disease.pdf | 2025 Oligodendrocytes in Alzheimer’s disease pathophysiology.pdf | 2025 Updates on mouse models of Alzheimer’s disease.pdf | Recent advances in Alzheimer’s disease mechanisms clinical trials and new drug development strategies.pdf | alzheimer disease  2021.pdf	"A: SUPPORTED — Comorbid sleep disorders, such as obstructive sleep apnoea, should be treated using oral appliances or nasal devices that create expiratory positive airway pressure; patients with dementia may have difficulty adapting to sleeping with a mask. (Alzheimer disease, 2021)

B: NOT SUPPORTED — There is no evidence in the provided excerpts that discusses long sleep duration as contributing to Alzheimer's disease progression.

C: NOT SUPPORTED — There is no evidence in the provided excerpts that discusses short sleep duration as contributing to Alzheimer's disease progression.

D: SUPPORTED — Insomnia and sleep disturbances are mentioned as factors that can affect cognitive impairment and quality of life in patients with Alzheimer's disease. (Alzheimer disease, 2021)

ANSWER: A, D"	"A: SUPPORTED — Comorbid sleep disorders, such as obstructive sleep apnoea, should be treated using oral appliances or nasal devices that create expiratory positive airway pressure; patients with dementia may have difficulty adapting to sleeping with a mask. (Alzheimer disease, 2021)

B: NOT SUPPORTED — There is no evidence in the provided excerpts that discusses long sleep duration as contributing to Alzheimer's disease progression.

C: NOT SUPPORTED — There is no evidence in the provided excerpts that discusses short sleep duration as contributing to Alzheimer's disease progression.

D: SUPPORTED — Insomnia and sleep disturbances are mentioned as factors that can affect cognitive impairment and quality of life in patients with Alzheimer's disease. (Alzheimer disease, 2021)

ANSWER: A, D"
2	0	ET-RAG	test.agent_etrag	A0	Cosine baseline	cosine retrieval	1.0	0.0	0.0	3	Which interventions were identified as promising for sleep-related AD therapy?	A. CBT-I | B. Suvorexant | C. Positive airway pressure treatment | D. Ketamine	A, B, C	CBT-I | Suvorexant | Positive airway pressure treatment	A, C	0.666667	strict_partial_credit	False	0.705167	6.824	4.794	0.0	18	18	0.443333	0.443333	0.54375	0.855556	0	0	0	0	0	False	False	False	False	False	2023-oxidative-damage-in-neurodegeneration-roles-in-the-pathogenesis-and-progression-of-alzheimer-disease.pdf | 2024 Advancements and Challenges in Antiamyloid Therapy for.pdf | 2024 Linking activity dyshomeostasis and sleep disturbances in Alzheimer disease.pdf | 2025 Updates on mouse models of Alzheimer’s disease.pdf | Recent advances in Alzheimer’s disease mechanisms clinical trials and new drug development strategies.pdf | alzheimer disease  2021.pdf	"A: SUPPORTED — Cognitive Behavioral Therapy for Insomnia (CBT-I) is discussed as a potential intervention for sleep disturbances in Alzheimer's disease in the paper ""Linking activity dyshomeostasis and sleep disturbances in Alzheimer disease"" (2024).  
B: NOT SUPPORTED — There is no evidence provided in the excerpts that directly supports the use of Suvorexant for sleep-related therapy in Alzheimer's disease.  
C: SUPPORTED — Positive airway pressure treatment is mentioned as a method to treat comorbid sleep disorders like obstructive sleep apnea in patients with dementia, as noted in the paper ""Alzheimer disease"" (2021).  
D: NOT SUPPORTED — The excerpts do not provide evidence supporting the use of Ketamine for sleep-related therapy in Alzheimer's disease.  
ANSWER: A, C"	"A: SUPPORTED — Cognitive Behavioral Therapy for Insomnia (CBT-I) is discussed as a potential intervention for sleep disturbances in Alzheimer's disease in the paper ""Linking activity dyshomeostasis and sleep disturbances in Alzheimer disease"" (2024).  
B: NOT SUPPORTED — There is no evidence provided in the excerpts that directly supports the use of Suvorexant for sleep-related therapy in Alzheimer's disease.  
C: SUPPORTED — Positive airway pressure treatment is mentioned as a method to treat comorbid sleep disorders like obstructive sleep apnea in patients with dementia, as noted in the paper ""Alzheimer disease"" (2021).  
D: NOT SUPPORTED — The excerpts do not provide evidence supporting the use of Ketamine for sleep-related therapy in Alzheimer's disease.  
ANSWER: A, C"
2	0	ET-RAG	test.agent_etrag	A0	Cosine baseline	cosine retrieval	1.0	0.0	0.0	4	Hearing loss in older adults may lead to which of the following?	A. Decreased brain volume | B. Higher tau levels | C. Lower social engagement | D. Enhanced neurogenesis	A, B, C	Decreased brain volume | Higher tau levels | Lower social engagement	A, B, C	1.0	strict_partial_credit	True	0.711789	4.662	2.168	0.0	22	22	0.462254	0.462254	0.513295	0.875	0	0	0	0	0	False	False	False	False	False	2023-oxidative-damage-in-neurodegeneration-roles-in-the-pathogenesis-and-progression-of-alzheimer-disease.pdf | 2024 Advancements and Challenges in Antiamyloid Therapy for.pdf | 2024 Cell type-specific roles of APOE4 in Alzheimer disease.pdf | 2024 Immune Activation in Alzheimer Disease.pdf | 2024 Linking activity dyshomeostasis and sleep disturbances in Alzheimer disease.pdf | 2024 Neuroinflammation in Alzheimer disease.pdf | 2025 Oligodendrocytes in Alzheimer’s disease pathophysiology.pdf | 2025 Updates on mouse models of Alzheimer’s disease.pdf | Recent advances in Alzheimer’s disease mechanisms clinical trials and new drug development strategies.pdf | alzheimer disease  2021.pdf	"A: SUPPORTED — The evidence indicates that ""the loss of homeostasis in areas of high synaptic activity in the DMN could induce dysfunction as well as the loss of homeostasis in remote but connected brain regions,"" which suggests a relationship between hearing loss and decreased brain volume (Alzheimer disease, 2021).  
B: SUPPORTED — The evidence discusses that ""tauopathy occurs in networks other than the DMN that support specific cognitive domains and are impaired in symptomatic AD,"" indicating a potential link between hearing loss and higher tau levels (Alzheimer disease, 2021).  
C: SUPPORTED — The evidence states that ""neuropsychiatric symptoms often co-occur with cognitive deficits, of which depression, anxiety and social withdrawal may be most evident in mild dementia,"" suggesting that hearing loss may lead to lower social engagement (Alzheimer disease, 2021).  
D: NOT SUPPORTED — There is no evidence provided that supports the idea that hearing loss in older adults leads to enhanced neurogenesis.  

ANSWER: A, B, C"	"A: SUPPORTED — The evidence indicates that ""the loss of homeostasis in areas of high synaptic activity in the DMN could induce dysfunction as well as the loss of homeostasis in remote but connected brain regions,"" which suggests a relationship between hearing loss and decreased brain volume (Alzheimer disease, 2021).  
B: SUPPORTED — The evidence discusses that ""tauopathy occurs in networks other than the DMN that support specific cognitive domains and are impaired in symptomatic AD,"" indicating a potential link between hearing loss and higher tau levels (Alzheimer disease, 2021).  
C: SUPPORTED — The evidence states that ""neuropsychiatric symptoms often co-occur with cognitive deficits, of which depression, anxiety and social withdrawal may be most evident in mild dementia,"" suggesting that hearing loss may lead to lower social engagement (Alzheimer disease, 2021).  
D: NOT SUPPORTED — There is no evidence provided that supports the idea that hearing loss in older adults leads to enhanced neurogenesis.  

ANSWER: A, B, C"
2	0	ET-RAG	test.agent_etrag	A0	Cosine baseline	cosine retrieval	1.0	0.0	0.0	5	Which factors have been epidemiologically linked to AD?	A. Hypoxia | B. Gut microbiota imbalance | C. High education | D. Diet	A, B, D	Hypoxia | Gut microbiota imbalance | Diet	B, D	0.666667	strict_partial_credit	False	0.715806	4.222	1.969	0.0	20	20	0.473731	0.473731	0.52025	0.87	0	0	0	0	0	False	False	False	False	False	2023-oxidative-damage-in-neurodegeneration-roles-in-the-pathogenesis-and-progression-of-alzheimer-disease.pdf | 2024 Advancements and Challenges in Antiamyloid Therapy for.pdf | 2024 Cell type-specific roles of APOE4 in Alzheimer disease.pdf | 2024 Immune Activation in Alzheimer Disease.pdf | 2024 Linking activity dyshomeostasis and sleep disturbances in Alzheimer disease.pdf | 2024 Neuroinflammation in Alzheimer disease.pdf | 2025 Updates on mouse models of Alzheimer’s disease.pdf | Recent advances in Alzheimer’s disease mechanisms clinical trials and new drug development strategies.pdf | alzheimer disease  2021.pdf	"A: NOT SUPPORTED — There is no direct evidence linking hypoxia to Alzheimer's disease in the provided excerpts.  
B: SUPPORTED — The microbiota-gut-brain axis hypothesis suggests that alterations in gut microbiota can influence brain function and may be linked to Alzheimer's disease (Recent advances in Alzheimer’s disease: mechanisms, clinical trials and new drug development strategies, year unknown).  
C: NOT SUPPORTED — High education is not mentioned as a risk factor or linked to Alzheimer's disease in the provided excerpts.  
D: SUPPORTED — Specific dietary patterns have been linked to Alzheimer's disease risk, indicating that diet plays a role in the disease (Oxidative damage in neurodegeneration: roles in the pathogenesis and progression of Alzheimer disease, 2023).  
ANSWER: B, D"	"A: NOT SUPPORTED — There is no direct evidence linking hypoxia to Alzheimer's disease in the provided excerpts.  
B: SUPPORTED — The microbiota-gut-brain axis hypothesis suggests that alterations in gut microbiota can influence brain function and may be linked to Alzheimer's disease (Recent advances in Alzheimer’s disease: mechanisms, clinical trials and new drug development strategies, year unknown).  
C: NOT SUPPORTED — High education is not mentioned as a risk factor or linked to Alzheimer's disease in the provided excerpts.  
D: SUPPORTED — Specific dietary patterns have been linked to Alzheimer's disease risk, indicating that diet plays a role in the disease (Oxidative damage in neurodegeneration: roles in the pathogenesis and progression of Alzheimer disease, 2023).  
ANSWER: B, D"
2	0	ET-RAG	test.agent_etrag	A0	Cosine baseline	cosine retrieval	1.0	0.0	0.0	6	Which imaging biomarkers are used in AD diagnosis?	A. Tau-PET | B. MRI | C. CT | D. FDG-PET	A, B, D	Tau-PET | MRI | FDG-PET	A, B, D	1.0	strict_partial_credit	True	0.73652	6.338	2.161	0.0	28	25	0.532913	0.532913	0.5216	0.858	0	0	0	0	0	False	False	False	False	False	2023-oxidative-damage-in-neurodegeneration-roles-in-the-pathogenesis-and-progression-of-alzheimer-disease.pdf | 2024 Advancements and Challenges in Antiamyloid Therapy for.pdf | 2024 Immune Activation in Alzheimer Disease.pdf | 2024 Neuroinflammation in Alzheimer disease.pdf | 2025 Updates on mouse models of Alzheimer’s disease.pdf | Recent advances in Alzheimer’s disease mechanisms clinical trials and new drug development strategies.pdf | alzheimer disease  2021.pdf	"A: SUPPORTED — Tau-PET imaging allows the detection of tauopathy that is largely specific for Alzheimer's disease and is used as a biomarker in its diagnosis (Alzheimer disease, 2021).  
B: SUPPORTED — Structural MRI is useful for assessing atrophy in the medial temporal lobe, which is relevant in the context of Alzheimer's disease diagnosis (Alzheimer disease, 2021).  
C: NOT SUPPORTED — While CT is mentioned as an imaging modality, it lacks specificity and sensitivity for Alzheimer's disease, making it difficult to integrate into a conceptual model of AD (Alzheimer disease, 2021).  
D: SUPPORTED — FDG-PET detects reduced glucose metabolism in brain regions characteristic of Alzheimer's disease and is used as a biomarker in its diagnosis (Recent advances in Alzheimer’s disease: mechanisms, clinical trials and new drug development strategies, year unknown).  
ANSWER: A, B, D"	"A: SUPPORTED — Tau-PET imaging allows the detection of tauopathy that is largely specific for Alzheimer's disease and is used as a biomarker in its diagnosis (Alzheimer disease, 2021).  
B: SUPPORTED — Structural MRI is useful for assessing atrophy in the medial temporal lobe, which is relevant in the context of Alzheimer's disease diagnosis (Alzheimer disease, 2021).  
C: NOT SUPPORTED — While CT is mentioned as an imaging modality, it lacks specificity and sensitivity for Alzheimer's disease, making it difficult to integrate into a conceptual model of AD (Alzheimer disease, 2021).  
D: SUPPORTED — FDG-PET detects reduced glucose metabolism in brain regions characteristic of Alzheimer's disease and is used as a biomarker in its diagnosis (Recent advances in Alzheimer’s disease: mechanisms, clinical trials and new drug development strategies, year unknown).  
ANSWER: A, B, D"
2	0	ET-RAG	test.agent_etrag	A0	Cosine baseline	cosine retrieval	1.0	0.0	0.0	7	What roles do CSF biomarkers play in AD diagnosis?	A. Stage disease progression | B. Diagnose mild cognitive impairment | C. Indicate tau pathology | D. Replace neuropsychological testing	A, B, C	Stage disease progression | Diagnose mild cognitive impairment | Indicate tau pathology	A, B, C	1.0	strict_partial_credit	True	0.742807	4.348	1.916	0.0	31	25	0.550877	0.550877	0.5207	0.848	0	0	0	0	0	False	False	False	False	False	2024 Advancements and Challenges in Antiamyloid Therapy for.pdf | 2024 Immune Activation in Alzheimer Disease.pdf | 2024 Neuroinflammation in Alzheimer disease.pdf | Recent advances in Alzheimer’s disease mechanisms clinical trials and new drug development strategies.pdf | alzheimer disease  2021.pdf	"A: SUPPORTED — CSF biomarkers are recognized by research guidelines for their diagnostic utility in Alzheimer’s disease (AD) and can indicate the severity of the AD process (Alzheimer disease, 2021).  
B: SUPPORTED — The presence of abnormal AD biomarkers, including CSF biomarkers, is associated with an increased risk of progression from mild cognitive impairment (MCI) to dementia (Alzheimer disease, 2021).  
C: SUPPORTED — p-tau181 is considered a specific biomarker for tau pathology in Alzheimer’s disease (Alzheimer disease, 2021).  
D: NOT SUPPORTED — The evidence does not support the idea that CSF biomarkers can replace neuropsychological testing in the diagnosis of Alzheimer’s disease (Alzheimer disease, 2021).  
ANSWER: A, B, C"	"A: SUPPORTED — CSF biomarkers are recognized by research guidelines for their diagnostic utility in Alzheimer’s disease (AD) and can indicate the severity of the AD process (Alzheimer disease, 2021).  
B: SUPPORTED — The presence of abnormal AD biomarkers, including CSF biomarkers, is associated with an increased risk of progression from mild cognitive impairment (MCI) to dementia (Alzheimer disease, 2021).  
C: SUPPORTED — p-tau181 is considered a specific biomarker for tau pathology in Alzheimer’s disease (Alzheimer disease, 2021).  
D: NOT SUPPORTED — The evidence does not support the idea that CSF biomarkers can replace neuropsychological testing in the diagnosis of Alzheimer’s disease (Alzheimer disease, 2021).  
ANSWER: A, B, C"
2	0	ET-RAG	test.agent_etrag	A0	Cosine baseline	cosine retrieval	1.0	0.0	0.0	8	What effects does gut microbiota have in AD animal models?	A. Promotes inflammation | B. Improves memory | C. Impairs spatial learning | D. Reduces tau levels	A, C	Promotes inflammation | Impairs spatial learning	A, B, C	0.0	strict_partial_credit	False	0.728773	4.176	1.914	0.0	10	10	0.51078	0.51078	0.5	0.87	0	0	0	0	0	False	False	False	False	False	2023-oxidative-damage-in-neurodegeneration-roles-in-the-pathogenesis-and-progression-of-alzheimer-disease.pdf | 2024 Advancements and Challenges in Antiamyloid Therapy for.pdf | 2024 Immune Activation in Alzheimer Disease.pdf | 2024 Neuroinflammation in Alzheimer disease.pdf | 2025 Updates on mouse models of Alzheimer’s disease.pdf | Recent advances in Alzheimer’s disease mechanisms clinical trials and new drug development strategies.pdf | alzheimer disease  2021.pdf	"A: SUPPORTED — The evidence states that microbiota can promote inflammation, as seen in the paper ""2024 Immune Activation in Alzheimer Disease,"" which discusses how microbiota can activate inflammatory pathways in the context of Alzheimer's disease.  
B: SUPPORTED — The evidence indicates that therapy with probiotics can improve memory deficits in mouse models of Alzheimer's disease, as mentioned in the paper ""Neuroinflammation in Alzheimer disease"" (2024).  
C: SUPPORTED — The evidence shows that the presence of microbiota can impair spatial learning, as indicated in the paper ""2024 Immune Activation in Alzheimer Disease,"" which discusses how microbiota recolonization can lead to increased tau phosphorylation and gliosis, affecting cognitive functions.  
D: NOT SUPPORTED — There is no evidence provided that directly states that gut microbiota reduces tau levels in AD animal models.  

ANSWER: A, B, C"	"A: SUPPORTED — The evidence states that microbiota can promote inflammation, as seen in the paper ""2024 Immune Activation in Alzheimer Disease,"" which discusses how microbiota can activate inflammatory pathways in the context of Alzheimer's disease.  
B: SUPPORTED — The evidence indicates that therapy with probiotics can improve memory deficits in mouse models of Alzheimer's disease, as mentioned in the paper ""Neuroinflammation in Alzheimer disease"" (2024).  
C: SUPPORTED — The evidence shows that the presence of microbiota can impair spatial learning, as indicated in the paper ""2024 Immune Activation in Alzheimer Disease,"" which discusses how microbiota recolonization can lead to increased tau phosphorylation and gliosis, affecting cognitive functions.  
D: NOT SUPPORTED — There is no evidence provided that directly states that gut microbiota reduces tau levels in AD animal models.  

ANSWER: A, B, C"
2	0	ET-RAG	test.agent_etrag	A0	Cosine baseline	cosine retrieval	1.0	0.0	0.0	9	Which sleep characteristics are associated with AD?	A. Reduced REM duration | B. Abnormal slow-wave oscillations | C. Increased CSF tau during wakefulness | D. Stable sleep architecture	A, B, C	Reduced REM duration | Abnormal slow-wave oscillations | Increased CSF tau during wakefulness	A, B	0.666667	strict_partial_credit	False	0.69505	4.686	1.949	0.0	12	12	0.414429	0.414429	0.5	0.875	0	0	0	0	0	False	False	False	False	False	2023-oxidative-damage-in-neurodegeneration-roles-in-the-pathogenesis-and-progression-of-alzheimer-disease.pdf | 2024 Advancements and Challenges in Antiamyloid Therapy for.pdf | 2024 Immune Activation in Alzheimer Disease.pdf | 2024 Linking activity dyshomeostasis and sleep disturbances in Alzheimer disease.pdf | 2024 Neuroinflammation in Alzheimer disease.pdf | 2025 Updates on mouse models of Alzheimer’s disease.pdf | Recent advances in Alzheimer’s disease mechanisms clinical trials and new drug development strategies.pdf | alzheimer disease  2021.pdf	"A: SUPPORTED — Reduced sharp-wave ripples in NREM sleep and quiet wakefulness are observed in familial Alzheimer disease mouse models, indicating reduced REM duration is associated with AD (Linking activity dyshomeostasis and sleep disturbances in Alzheimer disease, 2024).  
B: SUPPORTED — Abnormal slow-wave oscillations are indicated by reduced UP state durations and failed transitions in AD mouse models, suggesting this characteristic is associated with AD (Linking activity dyshomeostasis and sleep disturbances in Alzheimer disease, 2024).  
C: NOT SUPPORTED — There is no direct evidence in the provided excerpts linking increased CSF tau during wakefulness specifically to sleep characteristics associated with AD.  
D: NOT SUPPORTED — The evidence does not support the notion of stable sleep architecture in the context of AD, as alterations in sleep patterns are noted in the literature.  

ANSWER: A, B"	"A: SUPPORTED — Reduced sharp-wave ripples in NREM sleep and quiet wakefulness are observed in familial Alzheimer disease mouse models, indicating reduced REM duration is associated with AD (Linking activity dyshomeostasis and sleep disturbances in Alzheimer disease, 2024).  
B: SUPPORTED — Abnormal slow-wave oscillations are indicated by reduced UP state durations and failed transitions in AD mouse models, suggesting this characteristic is associated with AD (Linking activity dyshomeostasis and sleep disturbances in Alzheimer disease, 2024).  
C: NOT SUPPORTED — There is no direct evidence in the provided excerpts linking increased CSF tau during wakefulness specifically to sleep characteristics associated with AD.  
D: NOT SUPPORTED — The evidence does not support the notion of stable sleep architecture in the context of AD, as alterations in sleep patterns are noted in the literature.  

ANSWER: A, B"
2	0	ET-RAG	test.agent_etrag	A0	Cosine baseline	cosine retrieval	1.0	0.0	0.0	10	Which interventions may improve cognition in MCI or early dementia?	A. Melatonin | B. Rivasti gmine | C. Suvorexant | D. Ketogenic diet	A, B, C	Melatonin | Rivasti gmine | Suvorexant	B	0.333333	strict_partial_credit	False	0.709231	3.851	1.969	0.0	23	23	0.454946	0.454946	0.542065	0.854348	0	0	0	0	0	False	False	False	False	False	2023-oxidative-damage-in-neurodegeneration-roles-in-the-pathogenesis-and-progression-of-alzheimer-disease.pdf | 2024 Advancements and Challenges in Antiamyloid Therapy for.pdf | 2024 Linking activity dyshomeostasis and sleep disturbances in Alzheimer disease.pdf | 2025 Updates on mouse models of Alzheimer’s disease.pdf | Recent advances in Alzheimer’s disease mechanisms clinical trials and new drug development strategies.pdf | alzheimer disease  2021.pdf	"A: NOT SUPPORTED — There is no evidence in the provided excerpts that melatonin improves cognition in MCI or early dementia.  
B: SUPPORTED — Cholinesterase inhibitors, including rivastigmine, have been shown to alleviate cognitive impairment in AD patients, as noted in ""Alzheimer disease"" (2021).  
C: NOT SUPPORTED — There is no evidence in the provided excerpts that suvorexant improves cognition in MCI or early dementia.  
D: NOT SUPPORTED — The evidence does not support that a ketogenic diet improves cognition in MCI or early dementia.  

ANSWER: B"	"A: NOT SUPPORTED — There is no evidence in the provided excerpts that melatonin improves cognition in MCI or early dementia.  
B: SUPPORTED — Cholinesterase inhibitors, including rivastigmine, have been shown to alleviate cognitive impairment in AD patients, as noted in ""Alzheimer disease"" (2021).  
C: NOT SUPPORTED — There is no evidence in the provided excerpts that suvorexant improves cognition in MCI or early dementia.  
D: NOT SUPPORTED — The evidence does not support that a ketogenic diet improves cognition in MCI or early dementia.  

ANSWER: B"
3	0	ET-RAG	test.agent_etrag	A0	Cosine baseline	cosine retrieval	1.0	0.0	0.0	1	Which of the following are components of the A-T-N AD biomarker framework?	A. Amyloid beta | B. Tau | C. Neurodegeneration markers | D. Synaptic vesicle proteins	A, B, C	Amyloid beta | Tau | Neurodegeneration markers	A, B, C	1.0	strict_partial_credit	True	0.739369	4.353	1.89	0.0	28	25	0.541053	0.541053	0.5	0.852	0	0	0	0	0	False	False	False	False	False	2023-oxidative-damage-in-neurodegeneration-roles-in-the-pathogenesis-and-progression-of-alzheimer-disease.pdf | 2024 Advancements and Challenges in Antiamyloid Therapy for.pdf | 2024 Cell type-specific roles of APOE4 in Alzheimer disease.pdf | 2024 Neuroinflammation in Alzheimer disease.pdf | Recent advances in Alzheimer’s disease mechanisms clinical trials and new drug development strategies.pdf | alzheimer disease  2021.pdf	"A: SUPPORTED — The A-T-N framework includes amyloid beta (Aβ) deposition, pathologic tau, and neurodegeneration markers as components, as stated in ""Alzheimer disease"" (2021).  
B: SUPPORTED — The A-T-N framework specifically includes tau as a component, as indicated in ""Alzheimer disease"" (2021).  
C: SUPPORTED — Neurodegeneration markers are part of the A-T-N framework, as mentioned in ""Alzheimer disease"" (2021).  
D: NOT SUPPORTED — Synaptic vesicle proteins are not mentioned as a component of the A-T-N framework in the provided evidence.  

ANSWER: A, B, C"	"A: SUPPORTED — The A-T-N framework includes amyloid beta (Aβ) deposition, pathologic tau, and neurodegeneration markers as components, as stated in ""Alzheimer disease"" (2021).  
B: SUPPORTED — The A-T-N framework specifically includes tau as a component, as indicated in ""Alzheimer disease"" (2021).  
C: SUPPORTED — Neurodegeneration markers are part of the A-T-N framework, as mentioned in ""Alzheimer disease"" (2021).  
D: NOT SUPPORTED — Synaptic vesicle proteins are not mentioned as a component of the A-T-N framework in the provided evidence.  

ANSWER: A, B, C"
3	0	ET-RAG	test.agent_etrag	A0	Cosine baseline	cosine retrieval	1.0	0.0	0.0	2	Which sleep-related conditions are discussed as contributing to AD progression?	A. Sleep apnea | B. Long sleep duration | C. Short sleep duration | D. Insomnia	A, B, C, D	Sleep apnea | Long sleep duration | Short sleep duration | Insomnia	A, D	0.5	strict_partial_credit	False	0.692179	3.738	1.75	0.0	16	16	0.406226	0.406226	0.5	0.865625	0	0	0	0	0	False	False	False	False	False	2023-oxidative-damage-in-neurodegeneration-roles-in-the-pathogenesis-and-progression-of-alzheimer-disease.pdf | 2024 Advancements and Challenges in Antiamyloid Therapy for.pdf | 2024 Linking activity dyshomeostasis and sleep disturbances in Alzheimer disease.pdf | 2025 Oligodendrocytes in Alzheimer’s disease pathophysiology.pdf | 2025 Updates on mouse models of Alzheimer’s disease.pdf | Recent advances in Alzheimer’s disease mechanisms clinical trials and new drug development strategies.pdf | alzheimer disease  2021.pdf	"A: SUPPORTED — Comorbid sleep disorders, such as obstructive sleep apnoea, should be treated using oral appliances or nasal devices that create expiratory positive airway pressure; patients with dementia may have difficulty adapting to sleeping with a mask. (Alzheimer disease, 2021)

B: NOT SUPPORTED — There is no evidence in the provided excerpts that discusses long sleep duration as contributing to Alzheimer's disease progression.

C: NOT SUPPORTED — There is no evidence in the provided excerpts that discusses short sleep duration as contributing to Alzheimer's disease progression.

D: SUPPORTED — The evidence indicates that sleep deficits may serve as an adaptive solution to mitigate hyperexcitability at presymptomatic AD stages, suggesting a relationship between sleep disturbances and Alzheimer's disease. (Linking activity dyshomeostasis and sleep disturbances in Alzheimer disease, 2024)

ANSWER: A, D"	"A: SUPPORTED — Comorbid sleep disorders, such as obstructive sleep apnoea, should be treated using oral appliances or nasal devices that create expiratory positive airway pressure; patients with dementia may have difficulty adapting to sleeping with a mask. (Alzheimer disease, 2021)

B: NOT SUPPORTED — There is no evidence in the provided excerpts that discusses long sleep duration as contributing to Alzheimer's disease progression.

C: NOT SUPPORTED — There is no evidence in the provided excerpts that discusses short sleep duration as contributing to Alzheimer's disease progression.

D: SUPPORTED — The evidence indicates that sleep deficits may serve as an adaptive solution to mitigate hyperexcitability at presymptomatic AD stages, suggesting a relationship between sleep disturbances and Alzheimer's disease. (Linking activity dyshomeostasis and sleep disturbances in Alzheimer disease, 2024)

ANSWER: A, D"
3	0	ET-RAG	test.agent_etrag	A0	Cosine baseline	cosine retrieval	1.0	0.0	0.0	3	Which interventions were identified as promising for sleep-related AD therapy?	A. CBT-I | B. Suvorexant | C. Positive airway pressure treatment | D. Ketamine	A, B, C	CBT-I | Suvorexant | Positive airway pressure treatment	A, C	0.666667	strict_partial_credit	False	0.705161	4.109	2.067	0.0	18	18	0.443317	0.443317	0.54375	0.855556	0	0	0	0	0	False	False	False	False	False	2023-oxidative-damage-in-neurodegeneration-roles-in-the-pathogenesis-and-progression-of-alzheimer-disease.pdf | 2024 Advancements and Challenges in Antiamyloid Therapy for.pdf | 2024 Linking activity dyshomeostasis and sleep disturbances in Alzheimer disease.pdf | 2025 Updates on mouse models of Alzheimer’s disease.pdf | Recent advances in Alzheimer’s disease mechanisms clinical trials and new drug development strategies.pdf | alzheimer disease  2021.pdf	"A: SUPPORTED — Cognitive Behavioral Therapy for Insomnia (CBT-I) is discussed as a potential intervention for sleep disturbances in Alzheimer's disease in the paper ""Linking activity dyshomeostasis and sleep disturbances in Alzheimer disease"" (2024).  
B: NOT SUPPORTED — There is no evidence provided in the excerpts that directly supports the use of Suvorexant for sleep-related Alzheimer's disease therapy.  
C: SUPPORTED — Positive airway pressure treatment is mentioned as a method to treat comorbid sleep disorders like obstructive sleep apnea in patients with dementia, as noted in the paper ""Alzheimer disease"" (2021).  
D: NOT SUPPORTED — There is no evidence in the excerpts that supports the use of Ketamine for sleep-related Alzheimer's disease therapy.  
ANSWER: A, C"	"A: SUPPORTED — Cognitive Behavioral Therapy for Insomnia (CBT-I) is discussed as a potential intervention for sleep disturbances in Alzheimer's disease in the paper ""Linking activity dyshomeostasis and sleep disturbances in Alzheimer disease"" (2024).  
B: NOT SUPPORTED — There is no evidence provided in the excerpts that directly supports the use of Suvorexant for sleep-related Alzheimer's disease therapy.  
C: SUPPORTED — Positive airway pressure treatment is mentioned as a method to treat comorbid sleep disorders like obstructive sleep apnea in patients with dementia, as noted in the paper ""Alzheimer disease"" (2021).  
D: NOT SUPPORTED — There is no evidence in the excerpts that supports the use of Ketamine for sleep-related Alzheimer's disease therapy.  
ANSWER: A, C"
3	0	ET-RAG	test.agent_etrag	A0	Cosine baseline	cosine retrieval	1.0	0.0	0.0	4	Hearing loss in older adults may lead to which of the following?	A. Decreased brain volume | B. Higher tau levels | C. Lower social engagement | D. Enhanced neurogenesis	A, B, C	Decreased brain volume | Higher tau levels | Lower social engagement	A, B, C	1.0	strict_partial_credit	True	0.71179	4.303	1.912	0.0	22	22	0.462257	0.462257	0.513295	0.875	0	0	0	0	0	False	False	False	False	False	2023-oxidative-damage-in-neurodegeneration-roles-in-the-pathogenesis-and-progression-of-alzheimer-disease.pdf | 2024 Advancements and Challenges in Antiamyloid Therapy for.pdf | 2024 Cell type-specific roles of APOE4 in Alzheimer disease.pdf | 2024 Immune Activation in Alzheimer Disease.pdf | 2024 Linking activity dyshomeostasis and sleep disturbances in Alzheimer disease.pdf | 2024 Neuroinflammation in Alzheimer disease.pdf | 2025 Oligodendrocytes in Alzheimer’s disease pathophysiology.pdf | 2025 Updates on mouse models of Alzheimer’s disease.pdf | Recent advances in Alzheimer’s disease mechanisms clinical trials and new drug development strategies.pdf | alzheimer disease  2021.pdf	"A: SUPPORTED — The evidence indicates that ""the loss of homeostasis in areas of high synaptic activity in the DMN could induce dysfunction as well as the loss of homeostasis in remote but connected brain regions,"" which suggests a relationship between hearing loss and decreased brain volume (Alzheimer disease, 2021).  
B: SUPPORTED — The evidence discusses that ""tauopathy occurs in networks other than the DMN that support specific cognitive domains and are impaired in symptomatic AD,"" indicating a potential link between hearing loss and higher tau levels (Alzheimer disease, 2021).  
C: SUPPORTED — The evidence states that ""neuropsychiatric symptoms often co-occur with cognitive deficits, of which depression, anxiety and social withdrawal may be most evident in mild dementia,"" suggesting that hearing loss may lead to lower social engagement (Alzheimer disease, 2021).  
D: NOT SUPPORTED — There is no evidence provided that supports the idea that hearing loss in older adults leads to enhanced neurogenesis.  

ANSWER: A, B, C"	"A: SUPPORTED — The evidence indicates that ""the loss of homeostasis in areas of high synaptic activity in the DMN could induce dysfunction as well as the loss of homeostasis in remote but connected brain regions,"" which suggests a relationship between hearing loss and decreased brain volume (Alzheimer disease, 2021).  
B: SUPPORTED — The evidence discusses that ""tauopathy occurs in networks other than the DMN that support specific cognitive domains and are impaired in symptomatic AD,"" indicating a potential link between hearing loss and higher tau levels (Alzheimer disease, 2021).  
C: SUPPORTED — The evidence states that ""neuropsychiatric symptoms often co-occur with cognitive deficits, of which depression, anxiety and social withdrawal may be most evident in mild dementia,"" suggesting that hearing loss may lead to lower social engagement (Alzheimer disease, 2021).  
D: NOT SUPPORTED — There is no evidence provided that supports the idea that hearing loss in older adults leads to enhanced neurogenesis.  

ANSWER: A, B, C"
3	0	ET-RAG	test.agent_etrag	A0	Cosine baseline	cosine retrieval	1.0	0.0	0.0	5	Which factors have been epidemiologically linked to AD?	A. Hypoxia | B. Gut microbiota imbalance | C. High education | D. Diet	A, B, D	Hypoxia | Gut microbiota imbalance | Diet	B, D	0.666667	strict_partial_credit	False	0.715804	4.017	1.856	0.0	20	20	0.473725	0.473725	0.52025	0.87	0	0	0	0	0	False	False	False	False	False	2023-oxidative-damage-in-neurodegeneration-roles-in-the-pathogenesis-and-progression-of-alzheimer-disease.pdf | 2024 Advancements and Challenges in Antiamyloid Therapy for.pdf | 2024 Cell type-specific roles of APOE4 in Alzheimer disease.pdf | 2024 Immune Activation in Alzheimer Disease.pdf | 2024 Linking activity dyshomeostasis and sleep disturbances in Alzheimer disease.pdf | 2024 Neuroinflammation in Alzheimer disease.pdf | 2025 Updates on mouse models of Alzheimer’s disease.pdf | Recent advances in Alzheimer’s disease mechanisms clinical trials and new drug development strategies.pdf | alzheimer disease  2021.pdf	"A: NOT SUPPORTED — There is no direct evidence linking hypoxia to Alzheimer's disease in the provided excerpts.  
B: SUPPORTED — The microbiota-gut-brain axis hypothesis suggests that alterations in gut microbiota can influence brain function and may be linked to Alzheimer's disease (Recent advances in Alzheimer’s disease: mechanisms, clinical trials and new drug development strategies, year unknown).  
C: NOT SUPPORTED — The evidence does not support a direct link between high education and Alzheimer's disease in the provided excerpts.  
D: SUPPORTED — Specific dietary patterns have been linked to Alzheimer's disease risk, indicating that diet plays a role in the disease (Oxidative damage in neurodegeneration: roles in the pathogenesis and progression of Alzheimer disease, 2023).  
ANSWER: B, D"	"A: NOT SUPPORTED — There is no direct evidence linking hypoxia to Alzheimer's disease in the provided excerpts.  
B: SUPPORTED — The microbiota-gut-brain axis hypothesis suggests that alterations in gut microbiota can influence brain function and may be linked to Alzheimer's disease (Recent advances in Alzheimer’s disease: mechanisms, clinical trials and new drug development strategies, year unknown).  
C: NOT SUPPORTED — The evidence does not support a direct link between high education and Alzheimer's disease in the provided excerpts.  
D: SUPPORTED — Specific dietary patterns have been linked to Alzheimer's disease risk, indicating that diet plays a role in the disease (Oxidative damage in neurodegeneration: roles in the pathogenesis and progression of Alzheimer disease, 2023).  
ANSWER: B, D"
3	0	ET-RAG	test.agent_etrag	A0	Cosine baseline	cosine retrieval	1.0	0.0	0.0	6	Which imaging biomarkers are used in AD diagnosis?	A. Tau-PET | B. MRI | C. CT | D. FDG-PET	A, B, D	Tau-PET | MRI | FDG-PET	A, B, D	1.0	strict_partial_credit	True	0.736512	3.994	1.995	0.0	28	25	0.532891	0.532891	0.5216	0.858	0	0	0	0	0	False	False	False	False	False	2023-oxidative-damage-in-neurodegeneration-roles-in-the-pathogenesis-and-progression-of-alzheimer-disease.pdf | 2024 Advancements and Challenges in Antiamyloid Therapy for.pdf | 2024 Immune Activation in Alzheimer Disease.pdf | 2024 Neuroinflammation in Alzheimer disease.pdf | 2025 Updates on mouse models of Alzheimer’s disease.pdf | Recent advances in Alzheimer’s disease mechanisms clinical trials and new drug development strategies.pdf | alzheimer disease  2021.pdf	"A: SUPPORTED — Tau-PET imaging allows the detection of tauopathy that is largely specific for Alzheimer's disease and is used as a biomarker in its diagnosis (Alzheimer disease, 2021).  
B: SUPPORTED — Structural MRI is useful for assessing atrophy in the medial temporal lobe, which is relevant in the context of Alzheimer's disease diagnosis (Alzheimer disease, 2021).  
C: NOT SUPPORTED — While CT is mentioned as an imaging modality, the evidence indicates its lack of specificity or sensitivity for Alzheimer's disease, making it less relevant for diagnosis (Alzheimer disease, 2021).  
D: SUPPORTED — FDG-PET detects reduced glucose metabolism in brain regions characteristic of Alzheimer's disease and is used as a biomarker in its diagnosis (Recent advances in Alzheimer’s disease: mechanisms, clinical trials and new drug development strategies, year unknown).  
ANSWER: A, B, D"	"A: SUPPORTED — Tau-PET imaging allows the detection of tauopathy that is largely specific for Alzheimer's disease and is used as a biomarker in its diagnosis (Alzheimer disease, 2021).  
B: SUPPORTED — Structural MRI is useful for assessing atrophy in the medial temporal lobe, which is relevant in the context of Alzheimer's disease diagnosis (Alzheimer disease, 2021).  
C: NOT SUPPORTED — While CT is mentioned as an imaging modality, the evidence indicates its lack of specificity or sensitivity for Alzheimer's disease, making it less relevant for diagnosis (Alzheimer disease, 2021).  
D: SUPPORTED — FDG-PET detects reduced glucose metabolism in brain regions characteristic of Alzheimer's disease and is used as a biomarker in its diagnosis (Recent advances in Alzheimer’s disease: mechanisms, clinical trials and new drug development strategies, year unknown).  
ANSWER: A, B, D"
3	0	ET-RAG	test.agent_etrag	A0	Cosine baseline	cosine retrieval	1.0	0.0	0.0	7	What roles do CSF biomarkers play in AD diagnosis?	A. Stage disease progression | B. Diagnose mild cognitive impairment | C. Indicate tau pathology | D. Replace neuropsychological testing	A, B, C	Stage disease progression | Diagnose mild cognitive impairment | Indicate tau pathology	A, B, C	1.0	strict_partial_credit	True	0.742753	4.741	2.037	0.0	31	25	0.550723	0.550723	0.5207	0.848	0	0	0	0	0	False	False	False	False	False	2024 Advancements and Challenges in Antiamyloid Therapy for.pdf | 2024 Immune Activation in Alzheimer Disease.pdf | 2024 Neuroinflammation in Alzheimer disease.pdf | Recent advances in Alzheimer’s disease mechanisms clinical trials and new drug development strategies.pdf | alzheimer disease  2021.pdf	"A: SUPPORTED — CSF biomarkers are recognized for their diagnostic utility in Alzheimer's disease, including their ability to indicate disease progression (Alzheimer disease, 2021).  
B: SUPPORTED — CSF biomarkers can help diagnose mild cognitive impairment, particularly through the assessment of Aβ and tau levels (Alzheimer disease, 2021).  
C: SUPPORTED — p-tau181 is considered a specific biomarker for tau pathology in Alzheimer's disease (Alzheimer disease, 2021).  
D: NOT SUPPORTED — CSF biomarkers are not intended to replace neuropsychological testing but rather to complement it in the diagnostic process (Alzheimer disease, 2021).  
ANSWER: A, B, C"	"A: SUPPORTED — CSF biomarkers are recognized for their diagnostic utility in Alzheimer's disease, including their ability to indicate disease progression (Alzheimer disease, 2021).  
B: SUPPORTED — CSF biomarkers can help diagnose mild cognitive impairment, particularly through the assessment of Aβ and tau levels (Alzheimer disease, 2021).  
C: SUPPORTED — p-tau181 is considered a specific biomarker for tau pathology in Alzheimer's disease (Alzheimer disease, 2021).  
D: NOT SUPPORTED — CSF biomarkers are not intended to replace neuropsychological testing but rather to complement it in the diagnostic process (Alzheimer disease, 2021).  
ANSWER: A, B, C"
3	0	ET-RAG	test.agent_etrag	A0	Cosine baseline	cosine retrieval	1.0	0.0	0.0	8	What effects does gut microbiota have in AD animal models?	A. Promotes inflammation | B. Improves memory | C. Impairs spatial learning | D. Reduces tau levels	A, C	Promotes inflammation | Impairs spatial learning	A, C	1.0	strict_partial_credit	True	0.728773	4.701	2.2	0.0	10	10	0.51078	0.51078	0.5	0.87	0	0	0	0	0	False	False	False	False	False	2023-oxidative-damage-in-neurodegeneration-roles-in-the-pathogenesis-and-progression-of-alzheimer-disease.pdf | 2024 Advancements and Challenges in Antiamyloid Therapy for.pdf | 2024 Immune Activation in Alzheimer Disease.pdf | 2024 Neuroinflammation in Alzheimer disease.pdf | 2025 Updates on mouse models of Alzheimer’s disease.pdf | Recent advances in Alzheimer’s disease mechanisms clinical trials and new drug development strategies.pdf | alzheimer disease  2021.pdf	"A: SUPPORTED — The evidence indicates that microbiota can promote inflammation, as seen in the paper ""2024 Immune Activation in Alzheimer Disease,"" which discusses how microbiota can activate inflammatory pathways in the context of Alzheimer's disease. 

B: NOT SUPPORTED — There is no evidence provided in the excerpts that directly supports the claim that gut microbiota improves memory in AD animal models.

C: SUPPORTED — The evidence suggests that gut microbiota can impair spatial learning, as indicated in the paper ""2024 Immune Activation in Alzheimer Disease,"" which describes how microbiota depletion can lead to cognitive deficits, including spatial learning impairments.

D: NOT SUPPORTED — The excerpts do not provide evidence that gut microbiota reduces tau levels in AD animal models.

ANSWER: A, C"	"A: SUPPORTED — The evidence indicates that microbiota can promote inflammation, as seen in the paper ""2024 Immune Activation in Alzheimer Disease,"" which discusses how microbiota can activate inflammatory pathways in the context of Alzheimer's disease. 

B: NOT SUPPORTED — There is no evidence provided in the excerpts that directly supports the claim that gut microbiota improves memory in AD animal models.

C: SUPPORTED — The evidence suggests that gut microbiota can impair spatial learning, as indicated in the paper ""2024 Immune Activation in Alzheimer Disease,"" which describes how microbiota depletion can lead to cognitive deficits, including spatial learning impairments.

D: NOT SUPPORTED — The excerpts do not provide evidence that gut microbiota reduces tau levels in AD animal models.

ANSWER: A, C"
3	0	ET-RAG	test.agent_etrag	A0	Cosine baseline	cosine retrieval	1.0	0.0	0.0	9	Which sleep characteristics are associated with AD?	A. Reduced REM duration | B. Abnormal slow-wave oscillations | C. Increased CSF tau during wakefulness | D. Stable sleep architecture	A, B, C	Reduced REM duration | Abnormal slow-wave oscillations | Increased CSF tau during wakefulness	A, B	0.666667	strict_partial_credit	False	0.695058	9.031	6.051	0.0	12	12	0.41445	0.41445	0.5	0.875	0	0	0	0	0	False	False	False	False	False	2023-oxidative-damage-in-neurodegeneration-roles-in-the-pathogenesis-and-progression-of-alzheimer-disease.pdf | 2024 Advancements and Challenges in Antiamyloid Therapy for.pdf | 2024 Immune Activation in Alzheimer Disease.pdf | 2024 Linking activity dyshomeostasis and sleep disturbances in Alzheimer disease.pdf | 2024 Neuroinflammation in Alzheimer disease.pdf | 2025 Updates on mouse models of Alzheimer’s disease.pdf | Recent advances in Alzheimer’s disease mechanisms clinical trials and new drug development strategies.pdf | alzheimer disease  2021.pdf	"A: SUPPORTED — Reduced sharp-wave ripples in NREM sleep and quiet wakefulness are observed in familial Alzheimer disease mouse models, indicating reduced REM duration is associated with AD (Linking activity dyshomeostasis and sleep disturbances in Alzheimer disease, 2024).  
B: SUPPORTED — Abnormal slow-wave oscillations are indicated by reduced UP state durations and failed transitions in AD mouse models, suggesting this characteristic is associated with AD (Linking activity dyshomeostasis and sleep disturbances in Alzheimer disease, 2024).  
C: NOT SUPPORTED — There is no direct evidence linking increased CSF tau during wakefulness to sleep characteristics in the context of AD in the provided excerpts.  
D: NOT SUPPORTED — The evidence does not support the notion of stable sleep architecture in AD, as alterations in sleep patterns are noted in the context of the disease (Linking activity dyshomeostasis and sleep disturbances in Alzheimer disease, 2024).  

ANSWER: A, B"	"A: SUPPORTED — Reduced sharp-wave ripples in NREM sleep and quiet wakefulness are observed in familial Alzheimer disease mouse models, indicating reduced REM duration is associated with AD (Linking activity dyshomeostasis and sleep disturbances in Alzheimer disease, 2024).  
B: SUPPORTED — Abnormal slow-wave oscillations are indicated by reduced UP state durations and failed transitions in AD mouse models, suggesting this characteristic is associated with AD (Linking activity dyshomeostasis and sleep disturbances in Alzheimer disease, 2024).  
C: NOT SUPPORTED — There is no direct evidence linking increased CSF tau during wakefulness to sleep characteristics in the context of AD in the provided excerpts.  
D: NOT SUPPORTED — The evidence does not support the notion of stable sleep architecture in AD, as alterations in sleep patterns are noted in the context of the disease (Linking activity dyshomeostasis and sleep disturbances in Alzheimer disease, 2024).  

ANSWER: A, B"
3	0	ET-RAG	test.agent_etrag	A0	Cosine baseline	cosine retrieval	1.0	0.0	0.0	10	Which interventions may improve cognition in MCI or early dementia?	A. Melatonin | B. Rivasti gmine | C. Suvorexant | D. Ketogenic diet	A, B, C	Melatonin | Rivasti gmine | Suvorexant	B	0.333333	strict_partial_credit	False	0.709234	3.56	1.787	0.0	23	23	0.454954	0.454954	0.542065	0.854348	0	0	0	0	0	False	False	False	False	False	2023-oxidative-damage-in-neurodegeneration-roles-in-the-pathogenesis-and-progression-of-alzheimer-disease.pdf | 2024 Advancements and Challenges in Antiamyloid Therapy for.pdf | 2024 Linking activity dyshomeostasis and sleep disturbances in Alzheimer disease.pdf | 2025 Updates on mouse models of Alzheimer’s disease.pdf | Recent advances in Alzheimer’s disease mechanisms clinical trials and new drug development strategies.pdf | alzheimer disease  2021.pdf	"A: NOT SUPPORTED — There is no evidence in the provided excerpts that melatonin improves cognition in MCI or early dementia.  
B: SUPPORTED — Cholinesterase inhibitors, including rivastigmine, have been shown to alleviate cognitive impairment in AD patients, as noted in ""Alzheimer disease"" (2021).  
C: NOT SUPPORTED — There is no evidence in the provided excerpts that suvorexant improves cognition in MCI or early dementia.  
D: NOT SUPPORTED — The evidence does not support that a ketogenic diet improves cognition in MCI or early dementia.  

ANSWER: B"	"A: NOT SUPPORTED — There is no evidence in the provided excerpts that melatonin improves cognition in MCI or early dementia.  
B: SUPPORTED — Cholinesterase inhibitors, including rivastigmine, have been shown to alleviate cognitive impairment in AD patients, as noted in ""Alzheimer disease"" (2021).  
C: NOT SUPPORTED — There is no evidence in the provided excerpts that suvorexant improves cognition in MCI or early dementia.  
D: NOT SUPPORTED — The evidence does not support that a ketogenic diet improves cognition in MCI or early dementia.  

ANSWER: B"
4	0	ET-RAG	test.agent_etrag	A0	Cosine baseline	cosine retrieval	1.0	0.0	0.0	1	Which of the following are components of the A-T-N AD biomarker framework?	A. Amyloid beta | B. Tau | C. Neurodegeneration markers | D. Synaptic vesicle proteins	A, B, C	Amyloid beta | Tau | Neurodegeneration markers	A, B, C	1.0	strict_partial_credit	True	0.739369	4.796	2.204	0.0	28	25	0.541053	0.541053	0.5	0.852	0	0	0	0	0	False	False	False	False	False	2023-oxidative-damage-in-neurodegeneration-roles-in-the-pathogenesis-and-progression-of-alzheimer-disease.pdf | 2024 Advancements and Challenges in Antiamyloid Therapy for.pdf | 2024 Cell type-specific roles of APOE4 in Alzheimer disease.pdf | 2024 Neuroinflammation in Alzheimer disease.pdf | Recent advances in Alzheimer’s disease mechanisms clinical trials and new drug development strategies.pdf | alzheimer disease  2021.pdf	"A: SUPPORTED — The A-T-N framework includes amyloid beta (Aβ) deposition, pathologic tau, and neurodegeneration markers as components, as stated in ""Alzheimer disease"" (2021).  
B: SUPPORTED — The A-T-N framework specifically includes tau as a component, as indicated in ""Alzheimer disease"" (2021).  
C: SUPPORTED — Neurodegeneration markers are part of the A-T-N framework, as mentioned in ""Alzheimer disease"" (2021).  
D: NOT SUPPORTED — Synaptic vesicle proteins are not mentioned as a component of the A-T-N framework in the provided evidence.  
ANSWER: A, B, C"	"A: SUPPORTED — The A-T-N framework includes amyloid beta (Aβ) deposition, pathologic tau, and neurodegeneration markers as components, as stated in ""Alzheimer disease"" (2021).  
B: SUPPORTED — The A-T-N framework specifically includes tau as a component, as indicated in ""Alzheimer disease"" (2021).  
C: SUPPORTED — Neurodegeneration markers are part of the A-T-N framework, as mentioned in ""Alzheimer disease"" (2021).  
D: NOT SUPPORTED — Synaptic vesicle proteins are not mentioned as a component of the A-T-N framework in the provided evidence.  
ANSWER: A, B, C"
4	0	ET-RAG	test.agent_etrag	A0	Cosine baseline	cosine retrieval	1.0	0.0	0.0	2	Which sleep-related conditions are discussed as contributing to AD progression?	A. Sleep apnea | B. Long sleep duration | C. Short sleep duration | D. Insomnia	A, B, C, D	Sleep apnea | Long sleep duration | Short sleep duration | Insomnia	A, D	0.5	strict_partial_credit	False	0.692171	4.538	2.092	0.0	16	16	0.406203	0.406203	0.5	0.865625	0	0	0	0	0	False	False	False	False	False	2023-oxidative-damage-in-neurodegeneration-roles-in-the-pathogenesis-and-progression-of-alzheimer-disease.pdf | 2024 Advancements and Challenges in Antiamyloid Therapy for.pdf | 2024 Linking activity dyshomeostasis and sleep disturbances in Alzheimer disease.pdf | 2025 Oligodendrocytes in Alzheimer’s disease pathophysiology.pdf | 2025 Updates on mouse models of Alzheimer’s disease.pdf | Recent advances in Alzheimer’s disease mechanisms clinical trials and new drug development strategies.pdf | alzheimer disease  2021.pdf	"A: SUPPORTED — Comorbid sleep disorders, such as obstructive sleep apnoea, should be treated using oral appliances or nasal devices that create expiratory positive airway pressure; patients with dementia may have difficulty adapting to sleeping with a mask. (Alzheimer disease, 2021)

B: NOT SUPPORTED — There is no evidence in the provided excerpts that discusses long sleep duration as contributing to Alzheimer's disease progression.

C: NOT SUPPORTED — There is no evidence in the provided excerpts that discusses short sleep duration as contributing to Alzheimer's disease progression.

D: SUPPORTED — The evidence indicates that sleep deficits may serve as an adaptive solution to mitigate hyperexcitability at presymptomatic AD stages, suggesting a relationship between sleep disturbances and Alzheimer's disease. (Linking activity dyshomeostasis and sleep disturbances in Alzheimer disease, 2024)

ANSWER: A, D"	"A: SUPPORTED — Comorbid sleep disorders, such as obstructive sleep apnoea, should be treated using oral appliances or nasal devices that create expiratory positive airway pressure; patients with dementia may have difficulty adapting to sleeping with a mask. (Alzheimer disease, 2021)

B: NOT SUPPORTED — There is no evidence in the provided excerpts that discusses long sleep duration as contributing to Alzheimer's disease progression.

C: NOT SUPPORTED — There is no evidence in the provided excerpts that discusses short sleep duration as contributing to Alzheimer's disease progression.

D: SUPPORTED — The evidence indicates that sleep deficits may serve as an adaptive solution to mitigate hyperexcitability at presymptomatic AD stages, suggesting a relationship between sleep disturbances and Alzheimer's disease. (Linking activity dyshomeostasis and sleep disturbances in Alzheimer disease, 2024)

ANSWER: A, D"
4	0	ET-RAG	test.agent_etrag	A0	Cosine baseline	cosine retrieval	1.0	0.0	0.0	3	Which interventions were identified as promising for sleep-related AD therapy?	A. CBT-I | B. Suvorexant | C. Positive airway pressure treatment | D. Ketamine	A, B, C	CBT-I | Suvorexant | Positive airway pressure treatment	A, C	0.666667	strict_partial_credit	False	0.705164	4.688	2.389	0.0	18	18	0.443327	0.443327	0.54375	0.855556	0	0	0	0	0	False	False	False	False	False	2023-oxidative-damage-in-neurodegeneration-roles-in-the-pathogenesis-and-progression-of-alzheimer-disease.pdf | 2024 Advancements and Challenges in Antiamyloid Therapy for.pdf | 2024 Linking activity dyshomeostasis and sleep disturbances in Alzheimer disease.pdf | 2025 Updates on mouse models of Alzheimer’s disease.pdf | Recent advances in Alzheimer’s disease mechanisms clinical trials and new drug development strategies.pdf | alzheimer disease  2021.pdf	"A: SUPPORTED — Cognitive Behavioral Therapy for Insomnia (CBT-I) is discussed as a potential intervention for sleep disturbances in Alzheimer's disease in the paper ""Linking activity dyshomeostasis and sleep disturbances in Alzheimer disease"" (2024).  
B: NOT SUPPORTED — There is no evidence provided in the excerpts that directly supports the use of Suvorexant for sleep-related Alzheimer's disease therapy.  
C: SUPPORTED — Positive airway pressure treatment is mentioned as a method to treat comorbid sleep disorders like obstructive sleep apnea in patients with dementia, as noted in the paper ""Alzheimer disease"" (2021).  
D: NOT SUPPORTED — There is no evidence in the excerpts that supports the use of Ketamine for sleep-related Alzheimer's disease therapy.  
ANSWER: A, C"	"A: SUPPORTED — Cognitive Behavioral Therapy for Insomnia (CBT-I) is discussed as a potential intervention for sleep disturbances in Alzheimer's disease in the paper ""Linking activity dyshomeostasis and sleep disturbances in Alzheimer disease"" (2024).  
B: NOT SUPPORTED — There is no evidence provided in the excerpts that directly supports the use of Suvorexant for sleep-related Alzheimer's disease therapy.  
C: SUPPORTED — Positive airway pressure treatment is mentioned as a method to treat comorbid sleep disorders like obstructive sleep apnea in patients with dementia, as noted in the paper ""Alzheimer disease"" (2021).  
D: NOT SUPPORTED — There is no evidence in the excerpts that supports the use of Ketamine for sleep-related Alzheimer's disease therapy.  
ANSWER: A, C"
4	0	ET-RAG	test.agent_etrag	A0	Cosine baseline	cosine retrieval	1.0	0.0	0.0	4	Hearing loss in older adults may lead to which of the following?	A. Decreased brain volume | B. Higher tau levels | C. Lower social engagement | D. Enhanced neurogenesis	A, B, C	Decreased brain volume | Higher tau levels | Lower social engagement	A, B, C	1.0	strict_partial_credit	True	0.71179	4.381	1.715	0.0	22	22	0.462257	0.462257	0.513295	0.875	0	0	0	0	0	False	False	False	False	False	2023-oxidative-damage-in-neurodegeneration-roles-in-the-pathogenesis-and-progression-of-alzheimer-disease.pdf | 2024 Advancements and Challenges in Antiamyloid Therapy for.pdf | 2024 Cell type-specific roles of APOE4 in Alzheimer disease.pdf | 2024 Immune Activation in Alzheimer Disease.pdf | 2024 Linking activity dyshomeostasis and sleep disturbances in Alzheimer disease.pdf | 2024 Neuroinflammation in Alzheimer disease.pdf | 2025 Oligodendrocytes in Alzheimer’s disease pathophysiology.pdf | 2025 Updates on mouse models of Alzheimer’s disease.pdf | Recent advances in Alzheimer’s disease mechanisms clinical trials and new drug development strategies.pdf | alzheimer disease  2021.pdf	"A: SUPPORTED — The evidence indicates that tauopathy occurs in networks that support specific cognitive domains and are impaired in symptomatic Alzheimer's disease, which is relevant to the relationship between hearing loss and higher tau levels (Alzheimer disease, 2021).  
B: SUPPORTED — The evidence discusses the relationship between tau levels and cognitive decline, suggesting that higher tau levels are associated with cognitive impairment, which may be relevant to hearing loss in older adults (Alzheimer disease, 2021).  
C: SUPPORTED — The evidence states that neuropsychiatric symptoms, including social withdrawal, often co-occur with cognitive deficits in Alzheimer's disease, indicating that hearing loss may lead to lower social engagement (Alzheimer disease, 2021).  
D: NOT SUPPORTED — There is no evidence provided that supports the idea that hearing loss in older adults leads to enhanced neurogenesis.  

ANSWER: A, B, C"	"A: SUPPORTED — The evidence indicates that tauopathy occurs in networks that support specific cognitive domains and are impaired in symptomatic Alzheimer's disease, which is relevant to the relationship between hearing loss and higher tau levels (Alzheimer disease, 2021).  
B: SUPPORTED — The evidence discusses the relationship between tau levels and cognitive decline, suggesting that higher tau levels are associated with cognitive impairment, which may be relevant to hearing loss in older adults (Alzheimer disease, 2021).  
C: SUPPORTED — The evidence states that neuropsychiatric symptoms, including social withdrawal, often co-occur with cognitive deficits in Alzheimer's disease, indicating that hearing loss may lead to lower social engagement (Alzheimer disease, 2021).  
D: NOT SUPPORTED — There is no evidence provided that supports the idea that hearing loss in older adults leads to enhanced neurogenesis.  

ANSWER: A, B, C"
4	0	ET-RAG	test.agent_etrag	A0	Cosine baseline	cosine retrieval	1.0	0.0	0.0	5	Which factors have been epidemiologically linked to AD?	A. Hypoxia | B. Gut microbiota imbalance | C. High education | D. Diet	A, B, D	Hypoxia | Gut microbiota imbalance | Diet	B, D	0.666667	strict_partial_credit	False	0.715804	3.845	1.993	0.0	20	20	0.473726	0.473726	0.52025	0.87	0	0	0	0	0	False	False	False	False	False	2023-oxidative-damage-in-neurodegeneration-roles-in-the-pathogenesis-and-progression-of-alzheimer-disease.pdf | 2024 Advancements and Challenges in Antiamyloid Therapy for.pdf | 2024 Cell type-specific roles of APOE4 in Alzheimer disease.pdf | 2024 Immune Activation in Alzheimer Disease.pdf | 2024 Linking activity dyshomeostasis and sleep disturbances in Alzheimer disease.pdf | 2024 Neuroinflammation in Alzheimer disease.pdf | 2025 Updates on mouse models of Alzheimer’s disease.pdf | Recent advances in Alzheimer’s disease mechanisms clinical trials and new drug development strategies.pdf | alzheimer disease  2021.pdf	"A: NOT SUPPORTED — There is no direct evidence linking hypoxia to Alzheimer's disease in the provided excerpts.  
B: SUPPORTED — The microbiota-gut-brain axis hypothesis suggests that alterations in gut microbiota can influence brain function and may be linked to Alzheimer's disease (Recent advances in Alzheimer’s disease: mechanisms, clinical trials and new drug development strategies, year unknown).  
C: NOT SUPPORTED — High education is not mentioned as a risk factor for Alzheimer's disease in the provided excerpts.  
D: SUPPORTED — Specific dietary patterns have been linked to Alzheimer's disease risk, indicating that diet plays a role in the disease (Oxidative damage in neurodegeneration: roles in the pathogenesis and progression of Alzheimer disease, 2023).  
ANSWER: B, D"	"A: NOT SUPPORTED — There is no direct evidence linking hypoxia to Alzheimer's disease in the provided excerpts.  
B: SUPPORTED — The microbiota-gut-brain axis hypothesis suggests that alterations in gut microbiota can influence brain function and may be linked to Alzheimer's disease (Recent advances in Alzheimer’s disease: mechanisms, clinical trials and new drug development strategies, year unknown).  
C: NOT SUPPORTED — High education is not mentioned as a risk factor for Alzheimer's disease in the provided excerpts.  
D: SUPPORTED — Specific dietary patterns have been linked to Alzheimer's disease risk, indicating that diet plays a role in the disease (Oxidative damage in neurodegeneration: roles in the pathogenesis and progression of Alzheimer disease, 2023).  
ANSWER: B, D"
4	0	ET-RAG	test.agent_etrag	A0	Cosine baseline	cosine retrieval	1.0	0.0	0.0	6	Which imaging biomarkers are used in AD diagnosis?	A. Tau-PET | B. MRI | C. CT | D. FDG-PET	A, B, D	Tau-PET | MRI | FDG-PET	A, B, C, D	0.0	strict_partial_credit	False	0.73652	4.001	1.95	0.0	28	25	0.532913	0.532913	0.5216	0.858	0	0	0	0	0	False	False	False	False	False	2023-oxidative-damage-in-neurodegeneration-roles-in-the-pathogenesis-and-progression-of-alzheimer-disease.pdf | 2024 Advancements and Challenges in Antiamyloid Therapy for.pdf | 2024 Immune Activation in Alzheimer Disease.pdf | 2024 Neuroinflammation in Alzheimer disease.pdf | 2025 Updates on mouse models of Alzheimer’s disease.pdf | Recent advances in Alzheimer’s disease mechanisms clinical trials and new drug development strategies.pdf | alzheimer disease  2021.pdf	"A: SUPPORTED — Tau-PET imaging allows the detection of tauopathy that is largely specific for Alzheimer's disease, as discussed in the paper ""Alzheimer disease"" (2021).  
B: SUPPORTED — Structural MRI is useful for assessing hippocampal and entorhinal cortex atrophy, which is relevant in the context of Alzheimer's disease diagnosis, as mentioned in the paper ""Recent advances in Alzheimer’s disease: mechanisms, clinical trials and new drug development strategies"" (year unknown).  
C: SUPPORTED — CT, along with FDG-PET and MRI, was one of the first imaging modalities used to evaluate patients with cognitive impairment, as stated in the paper ""Alzheimer disease"" (2021).  
D: SUPPORTED — FDG-PET detects reduced glucose metabolism in the posterior cingulate and temporoparietal lobes, which is characteristic of Alzheimer's disease, as noted in the paper ""Recent advances in Alzheimer’s disease: mechanisms, clinical trials and new drug development strategies"" (year unknown).  
ANSWER: A, B, C, D"	"A: SUPPORTED — Tau-PET imaging allows the detection of tauopathy that is largely specific for Alzheimer's disease, as discussed in the paper ""Alzheimer disease"" (2021).  
B: SUPPORTED — Structural MRI is useful for assessing hippocampal and entorhinal cortex atrophy, which is relevant in the context of Alzheimer's disease diagnosis, as mentioned in the paper ""Recent advances in Alzheimer’s disease: mechanisms, clinical trials and new drug development strategies"" (year unknown).  
C: SUPPORTED — CT, along with FDG-PET and MRI, was one of the first imaging modalities used to evaluate patients with cognitive impairment, as stated in the paper ""Alzheimer disease"" (2021).  
D: SUPPORTED — FDG-PET detects reduced glucose metabolism in the posterior cingulate and temporoparietal lobes, which is characteristic of Alzheimer's disease, as noted in the paper ""Recent advances in Alzheimer’s disease: mechanisms, clinical trials and new drug development strategies"" (year unknown).  
ANSWER: A, B, C, D"
4	0	ET-RAG	test.agent_etrag	A0	Cosine baseline	cosine retrieval	1.0	0.0	0.0	7	What roles do CSF biomarkers play in AD diagnosis?	A. Stage disease progression | B. Diagnose mild cognitive impairment | C. Indicate tau pathology | D. Replace neuropsychological testing	A, B, C	Stage disease progression | Diagnose mild cognitive impairment | Indicate tau pathology	A, B, C	1.0	strict_partial_credit	True	0.742807	4.82	2.627	0.0	31	25	0.550877	0.550877	0.5207	0.848	0	0	0	0	0	False	False	False	False	False	2024 Advancements and Challenges in Antiamyloid Therapy for.pdf | 2024 Immune Activation in Alzheimer Disease.pdf | 2024 Neuroinflammation in Alzheimer disease.pdf | Recent advances in Alzheimer’s disease mechanisms clinical trials and new drug development strategies.pdf | alzheimer disease  2021.pdf	"A: SUPPORTED — CSF biomarkers are recognized by research guidelines for their diagnostic utility in Alzheimer’s disease (AD) and can indicate the severity of the AD process (Alzheimer disease, 2021).  
B: SUPPORTED — The presence of abnormal AD biomarkers, including CSF biomarkers, is associated with an increased risk of progression from mild cognitive impairment (MCI) to dementia (Alzheimer disease, 2021).  
C: SUPPORTED — p-tau181 is considered a specific biomarker for tau pathology in Alzheimer’s disease (Alzheimer disease, 2021).  
D: NOT SUPPORTED — The evidence does not support the idea that CSF biomarkers can replace neuropsychological testing in the diagnosis of Alzheimer’s disease (Alzheimer disease, 2021).  
ANSWER: A, B, C"	"A: SUPPORTED — CSF biomarkers are recognized by research guidelines for their diagnostic utility in Alzheimer’s disease (AD) and can indicate the severity of the AD process (Alzheimer disease, 2021).  
B: SUPPORTED — The presence of abnormal AD biomarkers, including CSF biomarkers, is associated with an increased risk of progression from mild cognitive impairment (MCI) to dementia (Alzheimer disease, 2021).  
C: SUPPORTED — p-tau181 is considered a specific biomarker for tau pathology in Alzheimer’s disease (Alzheimer disease, 2021).  
D: NOT SUPPORTED — The evidence does not support the idea that CSF biomarkers can replace neuropsychological testing in the diagnosis of Alzheimer’s disease (Alzheimer disease, 2021).  
ANSWER: A, B, C"
4	0	ET-RAG	test.agent_etrag	A0	Cosine baseline	cosine retrieval	1.0	0.0	0.0	8	What effects does gut microbiota have in AD animal models?	A. Promotes inflammation | B. Improves memory | C. Impairs spatial learning | D. Reduces tau levels	A, C	Promotes inflammation | Impairs spatial learning	A, B, C	0.0	strict_partial_credit	False	0.728773	4.259	2.615	0.0	10	10	0.51078	0.51078	0.5	0.87	0	0	0	0	0	False	False	False	False	False	2023-oxidative-damage-in-neurodegeneration-roles-in-the-pathogenesis-and-progression-of-alzheimer-disease.pdf | 2024 Advancements and Challenges in Antiamyloid Therapy for.pdf | 2024 Immune Activation in Alzheimer Disease.pdf | 2024 Neuroinflammation in Alzheimer disease.pdf | 2025 Updates on mouse models of Alzheimer’s disease.pdf | Recent advances in Alzheimer’s disease mechanisms clinical trials and new drug development strategies.pdf | alzheimer disease  2021.pdf	"A: SUPPORTED — The evidence indicates that microbiota can promote inflammation, as seen in the paper ""2024 Immune Activation in Alzheimer Disease,"" which discusses how microbiota can activate inflammatory pathways in the context of Alzheimer's disease.  
B: SUPPORTED — The evidence suggests that gut microbiota can improve memory, as indicated in the paper ""Neuroinflammation in Alzheimer disease,"" which states that therapy with specific probiotics improves memory deficits in mouse models of AD.  
C: SUPPORTED — The evidence shows that gut microbiota can impair spatial learning, as mentioned in the paper ""2024 Immune Activation in Alzheimer Disease,"" where it is noted that microbiota recolonization can lead to increased tau phosphorylation and cognitive deficits.  
D: NOT SUPPORTED — There is no evidence in the provided excerpts that supports the claim that gut microbiota reduces tau levels in AD animal models.  

ANSWER: A, B, C"	"A: SUPPORTED — The evidence indicates that microbiota can promote inflammation, as seen in the paper ""2024 Immune Activation in Alzheimer Disease,"" which discusses how microbiota can activate inflammatory pathways in the context of Alzheimer's disease.  
B: SUPPORTED — The evidence suggests that gut microbiota can improve memory, as indicated in the paper ""Neuroinflammation in Alzheimer disease,"" which states that therapy with specific probiotics improves memory deficits in mouse models of AD.  
C: SUPPORTED — The evidence shows that gut microbiota can impair spatial learning, as mentioned in the paper ""2024 Immune Activation in Alzheimer Disease,"" where it is noted that microbiota recolonization can lead to increased tau phosphorylation and cognitive deficits.  
D: NOT SUPPORTED — There is no evidence in the provided excerpts that supports the claim that gut microbiota reduces tau levels in AD animal models.  

ANSWER: A, B, C"
4	0	ET-RAG	test.agent_etrag	A0	Cosine baseline	cosine retrieval	1.0	0.0	0.0	9	Which sleep characteristics are associated with AD?	A. Reduced REM duration | B. Abnormal slow-wave oscillations | C. Increased CSF tau during wakefulness | D. Stable sleep architecture	A, B, C	Reduced REM duration | Abnormal slow-wave oscillations | Increased CSF tau during wakefulness	A, B	0.666667	strict_partial_credit	False	0.695055	4.735	1.932	0.0	12	12	0.414444	0.414444	0.5	0.875	0	0	0	0	0	False	False	False	False	False	2023-oxidative-damage-in-neurodegeneration-roles-in-the-pathogenesis-and-progression-of-alzheimer-disease.pdf | 2024 Advancements and Challenges in Antiamyloid Therapy for.pdf | 2024 Immune Activation in Alzheimer Disease.pdf | 2024 Linking activity dyshomeostasis and sleep disturbances in Alzheimer disease.pdf | 2024 Neuroinflammation in Alzheimer disease.pdf | 2025 Updates on mouse models of Alzheimer’s disease.pdf | Recent advances in Alzheimer’s disease mechanisms clinical trials and new drug development strategies.pdf | alzheimer disease  2021.pdf	"A: SUPPORTED — Reduced sharp-wave ripples in NREM sleep and quiet wakefulness are observed in familial Alzheimer disease mouse models, indicating reduced REM duration is associated with AD (Linking activity dyshomeostasis and sleep disturbances in Alzheimer disease, 2024).  
B: SUPPORTED — Abnormal slow-wave oscillations are indicated by reduced UP state durations and failed transitions in AD mouse models, suggesting this characteristic is associated with AD (Linking activity dyshomeostasis and sleep disturbances in Alzheimer disease, 2024).  
C: NOT SUPPORTED — There is no direct evidence in the provided excerpts linking increased CSF tau during wakefulness specifically to sleep characteristics associated with AD.  
D: NOT SUPPORTED — The evidence does not support the notion of stable sleep architecture in the context of AD, as alterations in sleep patterns are noted in the literature (Linking activity dyshomeostasis and sleep disturbances in Alzheimer disease, 2024).  

ANSWER: A, B"	"A: SUPPORTED — Reduced sharp-wave ripples in NREM sleep and quiet wakefulness are observed in familial Alzheimer disease mouse models, indicating reduced REM duration is associated with AD (Linking activity dyshomeostasis and sleep disturbances in Alzheimer disease, 2024).  
B: SUPPORTED — Abnormal slow-wave oscillations are indicated by reduced UP state durations and failed transitions in AD mouse models, suggesting this characteristic is associated with AD (Linking activity dyshomeostasis and sleep disturbances in Alzheimer disease, 2024).  
C: NOT SUPPORTED — There is no direct evidence in the provided excerpts linking increased CSF tau during wakefulness specifically to sleep characteristics associated with AD.  
D: NOT SUPPORTED — The evidence does not support the notion of stable sleep architecture in the context of AD, as alterations in sleep patterns are noted in the literature (Linking activity dyshomeostasis and sleep disturbances in Alzheimer disease, 2024).  

ANSWER: A, B"
4	0	ET-RAG	test.agent_etrag	A0	Cosine baseline	cosine retrieval	1.0	0.0	0.0	10	Which interventions may improve cognition in MCI or early dementia?	A. Melatonin | B. Rivasti gmine | C. Suvorexant | D. Ketogenic diet	A, B, C	Melatonin | Rivasti gmine | Suvorexant	B	0.333333	strict_partial_credit	False	0.709219	4.019	1.87	0.0	23	23	0.45491	0.45491	0.542065	0.854348	0	0	0	0	0	False	False	False	False	False	2023-oxidative-damage-in-neurodegeneration-roles-in-the-pathogenesis-and-progression-of-alzheimer-disease.pdf | 2024 Advancements and Challenges in Antiamyloid Therapy for.pdf | 2024 Linking activity dyshomeostasis and sleep disturbances in Alzheimer disease.pdf | 2025 Updates on mouse models of Alzheimer’s disease.pdf | Recent advances in Alzheimer’s disease mechanisms clinical trials and new drug development strategies.pdf | alzheimer disease  2021.pdf	"A: NOT SUPPORTED — There is no evidence in the provided excerpts that melatonin improves cognition in MCI or early dementia.  
B: SUPPORTED — Cholinesterase inhibitors, including rivastigmine, have been shown to alleviate cognitive impairment in AD patients, as noted in ""Alzheimer disease"" (2021).  
C: NOT SUPPORTED — There is no evidence in the provided excerpts that suvorexant improves cognition in MCI or early dementia.  
D: NOT SUPPORTED — The evidence does not support that a ketogenic diet improves cognition in MCI or early dementia.  

ANSWER: B"	"A: NOT SUPPORTED — There is no evidence in the provided excerpts that melatonin improves cognition in MCI or early dementia.  
B: SUPPORTED — Cholinesterase inhibitors, including rivastigmine, have been shown to alleviate cognitive impairment in AD patients, as noted in ""Alzheimer disease"" (2021).  
C: NOT SUPPORTED — There is no evidence in the provided excerpts that suvorexant improves cognition in MCI or early dementia.  
D: NOT SUPPORTED — The evidence does not support that a ketogenic diet improves cognition in MCI or early dementia.  

ANSWER: B"
5	0	ET-RAG	test.agent_etrag	A0	Cosine baseline	cosine retrieval	1.0	0.0	0.0	1	Which of the following are components of the A-T-N AD biomarker framework?	A. Amyloid beta | B. Tau | C. Neurodegeneration markers | D. Synaptic vesicle proteins	A, B, C	Amyloid beta | Tau | Neurodegeneration markers	A, B, C	1.0	strict_partial_credit	True	0.739369	4.386	1.903	0.0	28	25	0.541053	0.541053	0.5	0.852	0	0	0	0	0	False	False	False	False	False	2023-oxidative-damage-in-neurodegeneration-roles-in-the-pathogenesis-and-progression-of-alzheimer-disease.pdf | 2024 Advancements and Challenges in Antiamyloid Therapy for.pdf | 2024 Cell type-specific roles of APOE4 in Alzheimer disease.pdf | 2024 Neuroinflammation in Alzheimer disease.pdf | Recent advances in Alzheimer’s disease mechanisms clinical trials and new drug development strategies.pdf | alzheimer disease  2021.pdf	"A: SUPPORTED — The A-T-N framework includes amyloid beta (Aβ) deposition, pathologic tau, and neurodegeneration markers as components, as stated in ""Alzheimer disease"" (2021).  
B: SUPPORTED — The A-T-N framework specifically includes tau as a component, as indicated in ""Alzheimer disease"" (2021).  
C: SUPPORTED — Neurodegeneration markers are part of the A-T-N framework, as mentioned in ""Alzheimer disease"" (2021).  
D: NOT SUPPORTED — Synaptic vesicle proteins are not mentioned as a component of the A-T-N framework in the provided evidence.  
ANSWER: A, B, C"	"A: SUPPORTED — The A-T-N framework includes amyloid beta (Aβ) deposition, pathologic tau, and neurodegeneration markers as components, as stated in ""Alzheimer disease"" (2021).  
B: SUPPORTED — The A-T-N framework specifically includes tau as a component, as indicated in ""Alzheimer disease"" (2021).  
C: SUPPORTED — Neurodegeneration markers are part of the A-T-N framework, as mentioned in ""Alzheimer disease"" (2021).  
D: NOT SUPPORTED — Synaptic vesicle proteins are not mentioned as a component of the A-T-N framework in the provided evidence.  
ANSWER: A, B, C"
5	0	ET-RAG	test.agent_etrag	A0	Cosine baseline	cosine retrieval	1.0	0.0	0.0	2	Which sleep-related conditions are discussed as contributing to AD progression?	A. Sleep apnea | B. Long sleep duration | C. Short sleep duration | D. Insomnia	A, B, C, D	Sleep apnea | Long sleep duration | Short sleep duration | Insomnia	A, D	0.5	strict_partial_credit	False	0.692173	3.51	1.851	0.0	16	16	0.406208	0.406208	0.5	0.865625	0	0	0	0	0	False	False	False	False	False	2023-oxidative-damage-in-neurodegeneration-roles-in-the-pathogenesis-and-progression-of-alzheimer-disease.pdf | 2024 Advancements and Challenges in Antiamyloid Therapy for.pdf | 2024 Linking activity dyshomeostasis and sleep disturbances in Alzheimer disease.pdf | 2025 Oligodendrocytes in Alzheimer’s disease pathophysiology.pdf | 2025 Updates on mouse models of Alzheimer’s disease.pdf | Recent advances in Alzheimer’s disease mechanisms clinical trials and new drug development strategies.pdf | alzheimer disease  2021.pdf	"A: SUPPORTED — Comorbid sleep disorders, such as obstructive sleep apnoea, should be treated using oral appliances or nasal devices that create expiratory positive airway pressure; patients with dementia may have difficulty adapting to sleeping with a mask. (Alzheimer disease, 2021)

B: NOT SUPPORTED — There is no evidence in the provided excerpts that discusses long sleep duration as contributing to Alzheimer's disease progression.

C: NOT SUPPORTED — There is no evidence in the provided excerpts that discusses short sleep duration as contributing to Alzheimer's disease progression.

D: SUPPORTED — Insomnia is mentioned as a comorbid condition that can affect the quality of life of patients with Alzheimer's disease. (Alzheimer disease, 2021)

ANSWER: A, D"	"A: SUPPORTED — Comorbid sleep disorders, such as obstructive sleep apnoea, should be treated using oral appliances or nasal devices that create expiratory positive airway pressure; patients with dementia may have difficulty adapting to sleeping with a mask. (Alzheimer disease, 2021)

B: NOT SUPPORTED — There is no evidence in the provided excerpts that discusses long sleep duration as contributing to Alzheimer's disease progression.

C: NOT SUPPORTED — There is no evidence in the provided excerpts that discusses short sleep duration as contributing to Alzheimer's disease progression.

D: SUPPORTED — Insomnia is mentioned as a comorbid condition that can affect the quality of life of patients with Alzheimer's disease. (Alzheimer disease, 2021)

ANSWER: A, D"
5	0	ET-RAG	test.agent_etrag	A0	Cosine baseline	cosine retrieval	1.0	0.0	0.0	3	Which interventions were identified as promising for sleep-related AD therapy?	A. CBT-I | B. Suvorexant | C. Positive airway pressure treatment | D. Ketamine	A, B, C	CBT-I | Suvorexant | Positive airway pressure treatment	A, C	0.666667	strict_partial_credit	False	0.705166	3.911	2.037	0.0	18	18	0.443331	0.443331	0.54375	0.855556	0	0	0	0	0	False	False	False	False	False	2023-oxidative-damage-in-neurodegeneration-roles-in-the-pathogenesis-and-progression-of-alzheimer-disease.pdf | 2024 Advancements and Challenges in Antiamyloid Therapy for.pdf | 2024 Linking activity dyshomeostasis and sleep disturbances in Alzheimer disease.pdf | 2025 Updates on mouse models of Alzheimer’s disease.pdf | Recent advances in Alzheimer’s disease mechanisms clinical trials and new drug development strategies.pdf | alzheimer disease  2021.pdf	"A: SUPPORTED — Cognitive Behavioral Therapy for Insomnia (CBT-I) is discussed as a potential intervention for sleep disturbances in Alzheimer's disease in the paper ""Linking activity dyshomeostasis and sleep disturbances in Alzheimer disease"" (2024).  
B: NOT SUPPORTED — There is no evidence in the provided excerpts that directly supports the use of Suvorexant for sleep-related Alzheimer's disease therapy.  
C: SUPPORTED — Positive airway pressure treatment is mentioned as a method to treat comorbid sleep disorders like obstructive sleep apnea in patients with dementia, as noted in the paper ""Alzheimer disease"" (2021).  
D: NOT SUPPORTED — There is no evidence in the provided excerpts that supports the use of Ketamine for sleep-related Alzheimer's disease therapy.  
ANSWER: A, C"	"A: SUPPORTED — Cognitive Behavioral Therapy for Insomnia (CBT-I) is discussed as a potential intervention for sleep disturbances in Alzheimer's disease in the paper ""Linking activity dyshomeostasis and sleep disturbances in Alzheimer disease"" (2024).  
B: NOT SUPPORTED — There is no evidence in the provided excerpts that directly supports the use of Suvorexant for sleep-related Alzheimer's disease therapy.  
C: SUPPORTED — Positive airway pressure treatment is mentioned as a method to treat comorbid sleep disorders like obstructive sleep apnea in patients with dementia, as noted in the paper ""Alzheimer disease"" (2021).  
D: NOT SUPPORTED — There is no evidence in the provided excerpts that supports the use of Ketamine for sleep-related Alzheimer's disease therapy.  
ANSWER: A, C"
5	0	ET-RAG	test.agent_etrag	A0	Cosine baseline	cosine retrieval	1.0	0.0	0.0	4	Hearing loss in older adults may lead to which of the following?	A. Decreased brain volume | B. Higher tau levels | C. Lower social engagement | D. Enhanced neurogenesis	A, B, C	Decreased brain volume | Higher tau levels | Lower social engagement	A, B, C	1.0	strict_partial_credit	True	0.711788	5.579	2.521	0.0	22	22	0.462253	0.462253	0.513295	0.875	0	0	0	0	0	False	False	False	False	False	2023-oxidative-damage-in-neurodegeneration-roles-in-the-pathogenesis-and-progression-of-alzheimer-disease.pdf | 2024 Advancements and Challenges in Antiamyloid Therapy for.pdf | 2024 Cell type-specific roles of APOE4 in Alzheimer disease.pdf | 2024 Immune Activation in Alzheimer Disease.pdf | 2024 Linking activity dyshomeostasis and sleep disturbances in Alzheimer disease.pdf | 2024 Neuroinflammation in Alzheimer disease.pdf | 2025 Oligodendrocytes in Alzheimer’s disease pathophysiology.pdf | 2025 Updates on mouse models of Alzheimer’s disease.pdf | Recent advances in Alzheimer’s disease mechanisms clinical trials and new drug development strategies.pdf | alzheimer disease  2021.pdf	"A: SUPPORTED — The evidence indicates that ""the loss of homeostasis in areas of high synaptic activity in the DMN could induce dysfunction as well as the loss of homeostasis in remote but connected brain regions,"" which suggests a relationship between hearing loss and decreased brain volume (Alzheimer disease, 2021).  
B: SUPPORTED — The evidence discusses that ""tauopathy occurs in networks other than the DMN that support specific cognitive domains and are impaired in symptomatic AD,"" indicating a potential link between hearing loss and higher tau levels (Alzheimer disease, 2021).  
C: SUPPORTED — The evidence states that ""neuropsychiatric symptoms often co-occur with cognitive deficits, of which depression, anxiety and social withdrawal may be most evident in mild dementia,"" suggesting that hearing loss may lead to lower social engagement (Alzheimer disease, 2021).  
D: NOT SUPPORTED — There is no evidence provided that supports the idea that hearing loss in older adults leads to enhanced neurogenesis.  

ANSWER: A, B, C"	"A: SUPPORTED — The evidence indicates that ""the loss of homeostasis in areas of high synaptic activity in the DMN could induce dysfunction as well as the loss of homeostasis in remote but connected brain regions,"" which suggests a relationship between hearing loss and decreased brain volume (Alzheimer disease, 2021).  
B: SUPPORTED — The evidence discusses that ""tauopathy occurs in networks other than the DMN that support specific cognitive domains and are impaired in symptomatic AD,"" indicating a potential link between hearing loss and higher tau levels (Alzheimer disease, 2021).  
C: SUPPORTED — The evidence states that ""neuropsychiatric symptoms often co-occur with cognitive deficits, of which depression, anxiety and social withdrawal may be most evident in mild dementia,"" suggesting that hearing loss may lead to lower social engagement (Alzheimer disease, 2021).  
D: NOT SUPPORTED — There is no evidence provided that supports the idea that hearing loss in older adults leads to enhanced neurogenesis.  

ANSWER: A, B, C"
5	0	ET-RAG	test.agent_etrag	A0	Cosine baseline	cosine retrieval	1.0	0.0	0.0	5	Which factors have been epidemiologically linked to AD?	A. Hypoxia | B. Gut microbiota imbalance | C. High education | D. Diet	A, B, D	Hypoxia | Gut microbiota imbalance | Diet	B, D	0.666667	strict_partial_credit	False	0.715805	3.742	1.818	0.0	20	20	0.473728	0.473728	0.52025	0.87	0	0	0	0	0	False	False	False	False	False	2023-oxidative-damage-in-neurodegeneration-roles-in-the-pathogenesis-and-progression-of-alzheimer-disease.pdf | 2024 Advancements and Challenges in Antiamyloid Therapy for.pdf | 2024 Cell type-specific roles of APOE4 in Alzheimer disease.pdf | 2024 Immune Activation in Alzheimer Disease.pdf | 2024 Linking activity dyshomeostasis and sleep disturbances in Alzheimer disease.pdf | 2024 Neuroinflammation in Alzheimer disease.pdf | 2025 Updates on mouse models of Alzheimer’s disease.pdf | Recent advances in Alzheimer’s disease mechanisms clinical trials and new drug development strategies.pdf | alzheimer disease  2021.pdf	"A: NOT SUPPORTED — There is no direct evidence linking hypoxia to Alzheimer's disease in the provided excerpts.  
B: SUPPORTED — The microbiota-gut-brain axis hypothesis suggests that alterations in gut microbiota can influence brain function and may be linked to Alzheimer's disease (Recent advances in Alzheimer’s disease: mechanisms, clinical trials and new drug development strategies, year unknown).  
C: NOT SUPPORTED — High education is not mentioned as a risk factor for Alzheimer's disease in the provided excerpts.  
D: SUPPORTED — Specific dietary patterns have been linked to Alzheimer's disease risk, indicating that diet plays a role in the disease (Oxidative damage in neurodegeneration: roles in the pathogenesis and progression of Alzheimer disease, 2023).  
ANSWER: B, D"	"A: NOT SUPPORTED — There is no direct evidence linking hypoxia to Alzheimer's disease in the provided excerpts.  
B: SUPPORTED — The microbiota-gut-brain axis hypothesis suggests that alterations in gut microbiota can influence brain function and may be linked to Alzheimer's disease (Recent advances in Alzheimer’s disease: mechanisms, clinical trials and new drug development strategies, year unknown).  
C: NOT SUPPORTED — High education is not mentioned as a risk factor for Alzheimer's disease in the provided excerpts.  
D: SUPPORTED — Specific dietary patterns have been linked to Alzheimer's disease risk, indicating that diet plays a role in the disease (Oxidative damage in neurodegeneration: roles in the pathogenesis and progression of Alzheimer disease, 2023).  
ANSWER: B, D"
5	0	ET-RAG	test.agent_etrag	A0	Cosine baseline	cosine retrieval	1.0	0.0	0.0	6	Which imaging biomarkers are used in AD diagnosis?	A. Tau-PET | B. MRI | C. CT | D. FDG-PET	A, B, D	Tau-PET | MRI | FDG-PET	A, B, D	1.0	strict_partial_credit	True	0.736518	4.114	2.121	0.0	28	25	0.532908	0.532908	0.5216	0.858	0	0	0	0	0	False	False	False	False	False	2023-oxidative-damage-in-neurodegeneration-roles-in-the-pathogenesis-and-progression-of-alzheimer-disease.pdf | 2024 Advancements and Challenges in Antiamyloid Therapy for.pdf | 2024 Immune Activation in Alzheimer Disease.pdf | 2024 Neuroinflammation in Alzheimer disease.pdf | 2025 Updates on mouse models of Alzheimer’s disease.pdf | Recent advances in Alzheimer’s disease mechanisms clinical trials and new drug development strategies.pdf | alzheimer disease  2021.pdf	"A: SUPPORTED — Tau-PET imaging allows the detection of tauopathy that is largely specific for Alzheimer's disease, as discussed in the paper ""Alzheimer disease"" (2021).  
B: SUPPORTED — MRI is used to assess hippocampal and entorhinal cortex atrophy in the medial temporal lobe, as mentioned in the paper ""Recent advances in Alzheimer’s disease: mechanisms, clinical trials and new drug development strategies"" (year unknown).  
C: NOT SUPPORTED — The evidence does not support the use of CT as a specific imaging biomarker for Alzheimer's disease diagnosis, as it lacks specificity or sensitivity for AD.  
D: SUPPORTED — FDG-PET detects reduced glucose metabolism in the posterior cingulate and temporoparietal lobes, which is characteristic of Alzheimer's disease, as stated in the paper ""Recent advances in Alzheimer’s disease: mechanisms, clinical trials and new drug development strategies"" (year unknown).  
ANSWER: A, B, D"	"A: SUPPORTED — Tau-PET imaging allows the detection of tauopathy that is largely specific for Alzheimer's disease, as discussed in the paper ""Alzheimer disease"" (2021).  
B: SUPPORTED — MRI is used to assess hippocampal and entorhinal cortex atrophy in the medial temporal lobe, as mentioned in the paper ""Recent advances in Alzheimer’s disease: mechanisms, clinical trials and new drug development strategies"" (year unknown).  
C: NOT SUPPORTED — The evidence does not support the use of CT as a specific imaging biomarker for Alzheimer's disease diagnosis, as it lacks specificity or sensitivity for AD.  
D: SUPPORTED — FDG-PET detects reduced glucose metabolism in the posterior cingulate and temporoparietal lobes, which is characteristic of Alzheimer's disease, as stated in the paper ""Recent advances in Alzheimer’s disease: mechanisms, clinical trials and new drug development strategies"" (year unknown).  
ANSWER: A, B, D"
5	0	ET-RAG	test.agent_etrag	A0	Cosine baseline	cosine retrieval	1.0	0.0	0.0	7	What roles do CSF biomarkers play in AD diagnosis?	A. Stage disease progression | B. Diagnose mild cognitive impairment | C. Indicate tau pathology | D. Replace neuropsychological testing	A, B, C	Stage disease progression | Diagnose mild cognitive impairment | Indicate tau pathology	A, B, C	1.0	strict_partial_credit	True	0.742807	4.59	2.426	0.0	31	25	0.550877	0.550877	0.5207	0.848	0	0	0	0	0	False	False	False	False	False	2024 Advancements and Challenges in Antiamyloid Therapy for.pdf | 2024 Immune Activation in Alzheimer Disease.pdf | 2024 Neuroinflammation in Alzheimer disease.pdf | Recent advances in Alzheimer’s disease mechanisms clinical trials and new drug development strategies.pdf | alzheimer disease  2021.pdf	"A: SUPPORTED — CSF biomarkers are recognized for their diagnostic utility in Alzheimer's disease, particularly in indicating disease progression (Alzheimer disease, 2021).  
B: SUPPORTED — CSF biomarkers can help diagnose mild cognitive impairment, as individuals with abnormal Aβ biomarkers are at increased risk for cognitive decline (Alzheimer disease, 2021).  
C: SUPPORTED — p-tau181 is considered a specific biomarker for tau pathology in Alzheimer's disease (Alzheimer disease, 2021).  
D: NOT SUPPORTED — The evidence does not support the idea that CSF biomarkers can replace neuropsychological testing in the diagnosis of Alzheimer's disease (Alzheimer disease, 2021).  
ANSWER: A, B, C"	"A: SUPPORTED — CSF biomarkers are recognized for their diagnostic utility in Alzheimer's disease, particularly in indicating disease progression (Alzheimer disease, 2021).  
B: SUPPORTED — CSF biomarkers can help diagnose mild cognitive impairment, as individuals with abnormal Aβ biomarkers are at increased risk for cognitive decline (Alzheimer disease, 2021).  
C: SUPPORTED — p-tau181 is considered a specific biomarker for tau pathology in Alzheimer's disease (Alzheimer disease, 2021).  
D: NOT SUPPORTED — The evidence does not support the idea that CSF biomarkers can replace neuropsychological testing in the diagnosis of Alzheimer's disease (Alzheimer disease, 2021).  
ANSWER: A, B, C"
5	0	ET-RAG	test.agent_etrag	A0	Cosine baseline	cosine retrieval	1.0	0.0	0.0	8	What effects does gut microbiota have in AD animal models?	A. Promotes inflammation | B. Improves memory | C. Impairs spatial learning | D. Reduces tau levels	A, C	Promotes inflammation | Impairs spatial learning	A, B, C	0.0	strict_partial_credit	False	0.728773	3.81	2.004	0.0	10	10	0.51078	0.51078	0.5	0.87	0	0	0	0	0	False	False	False	False	False	2023-oxidative-damage-in-neurodegeneration-roles-in-the-pathogenesis-and-progression-of-alzheimer-disease.pdf | 2024 Advancements and Challenges in Antiamyloid Therapy for.pdf | 2024 Immune Activation in Alzheimer Disease.pdf | 2024 Neuroinflammation in Alzheimer disease.pdf | 2025 Updates on mouse models of Alzheimer’s disease.pdf | Recent advances in Alzheimer’s disease mechanisms clinical trials and new drug development strategies.pdf | alzheimer disease  2021.pdf	"A: SUPPORTED — The evidence indicates that microbiota can promote inflammation, as seen in the paper ""2024 Immune Activation in Alzheimer Disease,"" which discusses how microbiota can activate inflammatory pathways in the context of Alzheimer's disease.  
B: SUPPORTED — The evidence suggests that gut microbiota can improve memory, as indicated in the paper ""Neuroinflammation in Alzheimer disease,"" which states that therapy with specific probiotics improves memory deficits in mouse models of AD.  
C: SUPPORTED — The evidence shows that gut microbiota can impair spatial learning, as mentioned in the paper ""2024 Immune Activation in Alzheimer Disease,"" which describes how microbiota depletion can lead to cognitive deficits, including spatial learning impairments.  
D: NOT SUPPORTED — There is no evidence in the provided excerpts that directly states gut microbiota reduces tau levels in AD animal models.  

ANSWER: A, B, C"	"A: SUPPORTED — The evidence indicates that microbiota can promote inflammation, as seen in the paper ""2024 Immune Activation in Alzheimer Disease,"" which discusses how microbiota can activate inflammatory pathways in the context of Alzheimer's disease.  
B: SUPPORTED — The evidence suggests that gut microbiota can improve memory, as indicated in the paper ""Neuroinflammation in Alzheimer disease,"" which states that therapy with specific probiotics improves memory deficits in mouse models of AD.  
C: SUPPORTED — The evidence shows that gut microbiota can impair spatial learning, as mentioned in the paper ""2024 Immune Activation in Alzheimer Disease,"" which describes how microbiota depletion can lead to cognitive deficits, including spatial learning impairments.  
D: NOT SUPPORTED — There is no evidence in the provided excerpts that directly states gut microbiota reduces tau levels in AD animal models.  

ANSWER: A, B, C"
5	0	ET-RAG	test.agent_etrag	A0	Cosine baseline	cosine retrieval	1.0	0.0	0.0	9	Which sleep characteristics are associated with AD?	A. Reduced REM duration | B. Abnormal slow-wave oscillations | C. Increased CSF tau during wakefulness | D. Stable sleep architecture	A, B, C	Reduced REM duration | Abnormal slow-wave oscillations | Increased CSF tau during wakefulness	A, B	0.666667	strict_partial_credit	False	0.695057	4.59	1.841	0.0	12	12	0.414448	0.414448	0.5	0.875	0	0	0	0	0	False	False	False	False	False	2023-oxidative-damage-in-neurodegeneration-roles-in-the-pathogenesis-and-progression-of-alzheimer-disease.pdf | 2024 Advancements and Challenges in Antiamyloid Therapy for.pdf | 2024 Immune Activation in Alzheimer Disease.pdf | 2024 Linking activity dyshomeostasis and sleep disturbances in Alzheimer disease.pdf | 2024 Neuroinflammation in Alzheimer disease.pdf | 2025 Updates on mouse models of Alzheimer’s disease.pdf | Recent advances in Alzheimer’s disease mechanisms clinical trials and new drug development strategies.pdf | alzheimer disease  2021.pdf	"A: SUPPORTED — Reduced sharp-wave ripples in NREM sleep and quiet wakefulness are observed in familial Alzheimer disease models, indicating reduced REM duration is associated with AD (Linking activity dyshomeostasis and sleep disturbances in Alzheimer disease, 2024).  
B: SUPPORTED — Abnormal slow-wave oscillations are indicated by reduced UP state durations and failed transitions in AD mouse models, suggesting this characteristic is associated with AD (Linking activity dyshomeostasis and sleep disturbances in Alzheimer disease, 2024).  
C: NOT SUPPORTED — There is no direct evidence in the provided excerpts linking increased CSF tau during wakefulness specifically to sleep characteristics associated with AD.  
D: NOT SUPPORTED — The evidence does not support the notion of stable sleep architecture in the context of AD, as alterations in sleep patterns are noted in the literature (Linking activity dyshomeostasis and sleep disturbances in Alzheimer disease, 2024).  
ANSWER: A, B"	"A: SUPPORTED — Reduced sharp-wave ripples in NREM sleep and quiet wakefulness are observed in familial Alzheimer disease models, indicating reduced REM duration is associated with AD (Linking activity dyshomeostasis and sleep disturbances in Alzheimer disease, 2024).  
B: SUPPORTED — Abnormal slow-wave oscillations are indicated by reduced UP state durations and failed transitions in AD mouse models, suggesting this characteristic is associated with AD (Linking activity dyshomeostasis and sleep disturbances in Alzheimer disease, 2024).  
C: NOT SUPPORTED — There is no direct evidence in the provided excerpts linking increased CSF tau during wakefulness specifically to sleep characteristics associated with AD.  
D: NOT SUPPORTED — The evidence does not support the notion of stable sleep architecture in the context of AD, as alterations in sleep patterns are noted in the literature (Linking activity dyshomeostasis and sleep disturbances in Alzheimer disease, 2024).  
ANSWER: A, B"
5	0	ET-RAG	test.agent_etrag	A0	Cosine baseline	cosine retrieval	1.0	0.0	0.0	10	Which interventions may improve cognition in MCI or early dementia?	A. Melatonin | B. Rivasti gmine | C. Suvorexant | D. Ketogenic diet	A, B, C	Melatonin | Rivasti gmine | Suvorexant	B	0.333333	strict_partial_credit	False	0.709233	4.209	2.278	0.0	23	23	0.454951	0.454951	0.542065	0.854348	0	0	0	0	0	False	False	False	False	False	2023-oxidative-damage-in-neurodegeneration-roles-in-the-pathogenesis-and-progression-of-alzheimer-disease.pdf | 2024 Advancements and Challenges in Antiamyloid Therapy for.pdf | 2024 Linking activity dyshomeostasis and sleep disturbances in Alzheimer disease.pdf | 2025 Updates on mouse models of Alzheimer’s disease.pdf | Recent advances in Alzheimer’s disease mechanisms clinical trials and new drug development strategies.pdf | alzheimer disease  2021.pdf	"A: NOT SUPPORTED — There is no evidence in the provided excerpts that melatonin improves cognition in MCI or early dementia.  
B: SUPPORTED — Cholinesterase inhibitors, including rivastigmine, have been shown to alleviate cognitive impairment in AD patients, as noted in ""Alzheimer disease"" (2021).  
C: NOT SUPPORTED — There is no evidence in the provided excerpts that suvorexant improves cognition in MCI or early dementia.  
D: NOT SUPPORTED — The evidence does not support that a ketogenic diet improves cognition in MCI or early dementia.  

ANSWER: B"	"A: NOT SUPPORTED — There is no evidence in the provided excerpts that melatonin improves cognition in MCI or early dementia.  
B: SUPPORTED — Cholinesterase inhibitors, including rivastigmine, have been shown to alleviate cognitive impairment in AD patients, as noted in ""Alzheimer disease"" (2021).  
C: NOT SUPPORTED — There is no evidence in the provided excerpts that suvorexant improves cognition in MCI or early dementia.  
D: NOT SUPPORTED — The evidence does not support that a ketogenic diet improves cognition in MCI or early dementia.  

ANSWER: B"
