round_number	config_order	agent_family	invocation_source	config_id	configuration	enabled_components	similarity_weight	evidence_weight	temporal_weight	question_number	question	options	correct_answer_keys	correct_answer_texts	predicted_answer_keys	correctness_score	correctness_scheme	is_correct	confidence	execution_time_sec	base_retrieval_time_sec	option_retrieval_time_sec	candidate_count	top_chunk_count	mean_top_retrieval_score	mean_top_cosine_score	mean_top_evidence_score	mean_top_temporal_score	evidence_query_candidates_added	temporal_query_candidates_added	hybrid_context_file_count	hybrid_option_passage_count	hybrid_context_char_count	hybrid_non_regression_guard	hybrid_context	per_option_retrieval	quality_check	quality_changed	source_files	draft_answer	final_answer
1	1	ET-RAG	test.agent_etrag	A1	+ Evidence quality	cosine retrieval + evidence quality	0.7	0.3	0.0	1	Which of the following are components of the A-T-N AD biomarker framework?	A. Amyloid beta | B. Tau | C. Neurodegeneration markers | D. Synaptic vesicle proteins	A, B, C	Amyloid beta | Tau | Neurodegeneration markers	A, B, C	1.0	strict_partial_credit	True	0.738423	5.329	2.303	0.0	29	25	0.538351	0.551701	0.5072	0.852	1	0	0	0	0	False	False	False	False	False	2023-oxidative-damage-in-neurodegeneration-roles-in-the-pathogenesis-and-progression-of-alzheimer-disease.pdf | 2024 Advancements and Challenges in Antiamyloid Therapy for.pdf | 2024 Cell type-specific roles of APOE4 in Alzheimer disease.pdf | 2024 Neuroinflammation in Alzheimer disease.pdf | Recent advances in Alzheimer’s disease mechanisms clinical trials and new drug development strategies.pdf | alzheimer disease  2021.pdf	"A: SUPPORTED — The A-T-N framework includes amyloid beta as a key biomarker for Alzheimer's disease, as stated in ""Alzheimer disease"" (2021).  
B: SUPPORTED — The framework also incorporates tau as a significant biomarker, as mentioned in ""Alzheimer disease"" (2021).  
C: SUPPORTED — Neurodegeneration markers are part of the A-T-N framework, as indicated in ""Alzheimer disease"" (2021).  
D: NOT SUPPORTED — Synaptic vesicle proteins are not mentioned as components of the A-T-N framework in the provided evidence.  

ANSWER: A, B, C"	"A: SUPPORTED — The A-T-N framework includes amyloid beta as a key biomarker for Alzheimer's disease, as stated in ""Alzheimer disease"" (2021).  
B: SUPPORTED — The framework also incorporates tau as a significant biomarker, as mentioned in ""Alzheimer disease"" (2021).  
C: SUPPORTED — Neurodegeneration markers are part of the A-T-N framework, as indicated in ""Alzheimer disease"" (2021).  
D: NOT SUPPORTED — Synaptic vesicle proteins are not mentioned as components of the A-T-N framework in the provided evidence.  

ANSWER: A, B, C"
1	1	ET-RAG	test.agent_etrag	A1	+ Evidence quality	cosine retrieval + evidence quality	0.7	0.3	0.0	2	Which sleep-related conditions are discussed as contributing to AD progression?	A. Sleep apnea | B. Long sleep duration | C. Short sleep duration | D. Insomnia	A, B, C, D	Sleep apnea | Long sleep duration | Short sleep duration | Insomnia	A, B, C, D	1.0	strict_partial_credit	True	0.702104	3.971	2.196	0.0	16	16	0.434583	0.406547	0.5	0.865625	0	0	0	0	0	False	False	False	False	False	2023-oxidative-damage-in-neurodegeneration-roles-in-the-pathogenesis-and-progression-of-alzheimer-disease.pdf | 2024 Advancements and Challenges in Antiamyloid Therapy for.pdf | 2024 Linking activity dyshomeostasis and sleep disturbances in Alzheimer disease.pdf | 2025 Oligodendrocytes in Alzheimer’s disease pathophysiology.pdf | 2025 Updates on mouse models of Alzheimer’s disease.pdf | Recent advances in Alzheimer’s disease mechanisms clinical trials and new drug development strategies.pdf | alzheimer disease  2021.pdf	"A: SUPPORTED — Sleep disturbances, including obstructive sleep apnea, are discussed as contributing factors to the progression of Alzheimer's disease (AD) in the paper ""Alzheimer disease"" (2021).  
B: SUPPORTED — Long sleep duration is mentioned as a factor that may be associated with cognitive decline and AD progression in the paper ""Alzheimer disease"" (2021).  
C: SUPPORTED — Short sleep duration is discussed as a potential contributor to cognitive decline and AD progression in the paper ""Alzheimer disease"" (2021).  
D: SUPPORTED — Insomnia is identified as a sleep disorder that can affect cognitive function and is associated with the progression of Alzheimer's disease in the paper ""Alzheimer disease"" (2021).  
ANSWER: A, B, C, D"	"A: SUPPORTED — Sleep disturbances, including obstructive sleep apnea, are discussed as contributing factors to the progression of Alzheimer's disease (AD) in the paper ""Alzheimer disease"" (2021).  
B: SUPPORTED — Long sleep duration is mentioned as a factor that may be associated with cognitive decline and AD progression in the paper ""Alzheimer disease"" (2021).  
C: SUPPORTED — Short sleep duration is discussed as a potential contributor to cognitive decline and AD progression in the paper ""Alzheimer disease"" (2021).  
D: SUPPORTED — Insomnia is identified as a sleep disorder that can affect cognitive function and is associated with the progression of Alzheimer's disease in the paper ""Alzheimer disease"" (2021).  
ANSWER: A, B, C, D"
1	1	ET-RAG	test.agent_etrag	A1	+ Evidence quality	cosine retrieval + evidence quality	0.7	0.3	0.0	3	Which interventions were identified as promising for sleep-related AD therapy?	A. CBT-I | B. Suvorexant | C. Positive airway pressure treatment | D. Ketamine	A, B, C	CBT-I | Suvorexant | Positive airway pressure treatment	A, C	0.666667	strict_partial_credit	False	0.715706	4.04	2.027	0.0	18	18	0.473446	0.443316	0.54375	0.855556	0	0	0	0	0	False	False	False	False	False	2023-oxidative-damage-in-neurodegeneration-roles-in-the-pathogenesis-and-progression-of-alzheimer-disease.pdf | 2024 Advancements and Challenges in Antiamyloid Therapy for.pdf | 2024 Linking activity dyshomeostasis and sleep disturbances in Alzheimer disease.pdf | 2025 Updates on mouse models of Alzheimer’s disease.pdf | Recent advances in Alzheimer’s disease mechanisms clinical trials and new drug development strategies.pdf | alzheimer disease  2021.pdf	"A: SUPPORTED — Cognitive Behavioral Therapy for Insomnia (CBT-I) is discussed as a non-pharmacological intervention that may benefit patients with Alzheimer's disease experiencing sleep disturbances (Linking activity dyshomeostasis and sleep disturbances in Alzheimer disease, 2024).  
B: NOT SUPPORTED — There is no evidence provided in the excerpts that directly supports the use of Suvorexant as a promising intervention for sleep-related Alzheimer's disease therapy.  
C: SUPPORTED — Positive airway pressure treatment is mentioned as a method to treat comorbid sleep disorders, such as obstructive sleep apnea, in patients with dementia (Alzheimer disease, 2021).  
D: NOT SUPPORTED — The excerpts do not provide evidence supporting the use of Ketamine as a promising intervention for sleep-related Alzheimer's disease therapy.  
ANSWER: A, C"	"A: SUPPORTED — Cognitive Behavioral Therapy for Insomnia (CBT-I) is discussed as a non-pharmacological intervention that may benefit patients with Alzheimer's disease experiencing sleep disturbances (Linking activity dyshomeostasis and sleep disturbances in Alzheimer disease, 2024).  
B: NOT SUPPORTED — There is no evidence provided in the excerpts that directly supports the use of Suvorexant as a promising intervention for sleep-related Alzheimer's disease therapy.  
C: SUPPORTED — Positive airway pressure treatment is mentioned as a method to treat comorbid sleep disorders, such as obstructive sleep apnea, in patients with dementia (Alzheimer disease, 2021).  
D: NOT SUPPORTED — The excerpts do not provide evidence supporting the use of Ketamine as a promising intervention for sleep-related Alzheimer's disease therapy.  
ANSWER: A, C"
1	1	ET-RAG	test.agent_etrag	A1	+ Evidence quality	cosine retrieval + evidence quality	0.7	0.3	0.0	4	Hearing loss in older adults may lead to which of the following?	A. Decreased brain volume | B. Higher tau levels | C. Lower social engagement | D. Enhanced neurogenesis	A, B, C	Decreased brain volume | Higher tau levels | Lower social engagement	A, B, C	1.0	strict_partial_credit	True	0.723335	4.878	2.434	0.0	24	24	0.495244	0.479143	0.532813	0.872917	2	0	0	0	0	False	False	False	False	False	2023-oxidative-damage-in-neurodegeneration-roles-in-the-pathogenesis-and-progression-of-alzheimer-disease.pdf | 2024 Advancements and Challenges in Antiamyloid Therapy for.pdf | 2024 Cell type-specific roles of APOE4 in Alzheimer disease.pdf | 2024 Immune Activation in Alzheimer Disease.pdf | 2024 Linking activity dyshomeostasis and sleep disturbances in Alzheimer disease.pdf | 2024 Neuroinflammation in Alzheimer disease.pdf | 2025 Oligodendrocytes in Alzheimer’s disease pathophysiology.pdf | 2025 Updates on mouse models of Alzheimer’s disease.pdf | Recent advances in Alzheimer’s disease mechanisms clinical trials and new drug development strategies.pdf | alzheimer disease  2021.pdf	"A: SUPPORTED — Hearing loss in older adults is associated with decreased brain volume, as indicated by the evidence that cognitive impairment and increased amyloid by PET lead to accelerated regional atrophy in the temporal and parietal isocortex (Alzheimer disease, 2021).  
B: SUPPORTED — Higher tau levels are discussed in relation to cognitive decline and neurodegeneration, with evidence showing that elevated tau levels are associated with increased risk of cognitive decline in individuals with mild cognitive impairment (Alzheimer disease, 2021).  
C: SUPPORTED — Lower social engagement is noted as a common outcome in individuals with cognitive deficits, including those with hearing loss, as social withdrawal often co-occurs with cognitive decline (Alzheimer disease, 2021).  
D: NOT SUPPORTED — There is no evidence provided that supports the idea that hearing loss in older adults leads to enhanced neurogenesis.  

ANSWER: A, B, C"	"A: SUPPORTED — Hearing loss in older adults is associated with decreased brain volume, as indicated by the evidence that cognitive impairment and increased amyloid by PET lead to accelerated regional atrophy in the temporal and parietal isocortex (Alzheimer disease, 2021).  
B: SUPPORTED — Higher tau levels are discussed in relation to cognitive decline and neurodegeneration, with evidence showing that elevated tau levels are associated with increased risk of cognitive decline in individuals with mild cognitive impairment (Alzheimer disease, 2021).  
C: SUPPORTED — Lower social engagement is noted as a common outcome in individuals with cognitive deficits, including those with hearing loss, as social withdrawal often co-occurs with cognitive decline (Alzheimer disease, 2021).  
D: NOT SUPPORTED — There is no evidence provided that supports the idea that hearing loss in older adults leads to enhanced neurogenesis.  

ANSWER: A, B, C"
1	1	ET-RAG	test.agent_etrag	A1	+ Evidence quality	cosine retrieval + evidence quality	0.7	0.3	0.0	5	Which factors have been epidemiologically linked to AD?	A. Hypoxia | B. Gut microbiota imbalance | C. High education | D. Diet	A, B, D	Hypoxia | Gut microbiota imbalance | Diet	B, D	0.666667	strict_partial_credit	False	0.719547	5.484	2.208	0.0	20	20	0.484421	0.473888	0.509	0.87	0	0	0	0	0	False	False	False	False	False	2023-oxidative-damage-in-neurodegeneration-roles-in-the-pathogenesis-and-progression-of-alzheimer-disease.pdf | 2024 Advancements and Challenges in Antiamyloid Therapy for.pdf | 2024 Cell type-specific roles of APOE4 in Alzheimer disease.pdf | 2024 Immune Activation in Alzheimer Disease.pdf | 2024 Linking activity dyshomeostasis and sleep disturbances in Alzheimer disease.pdf | 2024 Neuroinflammation in Alzheimer disease.pdf | 2025 Updates on mouse models of Alzheimer’s disease.pdf | Recent advances in Alzheimer’s disease mechanisms clinical trials and new drug development strategies.pdf | alzheimer disease  2021.pdf	"A: NOT SUPPORTED — There is no direct evidence linking hypoxia to Alzheimer's disease in the provided excerpts.  
B: SUPPORTED — The microbiota-gut-brain axis hypothesis suggests that gut microbiota imbalance may influence brain function and has been linked to Alzheimer's disease (Recent advances in Alzheimer’s disease: mechanisms, clinical trials and new drug development strategies, year unknown).  
C: NOT SUPPORTED — The evidence does not support a direct link between high education and Alzheimer's disease in the provided excerpts.  
D: SUPPORTED — Specific dietary patterns have been linked to Alzheimer's disease risk, indicating that diet plays a role in the disease (Oxidative damage in neurodegeneration: roles in the pathogenesis and progression of Alzheimer disease, 2023).  
ANSWER: B, D"	"A: NOT SUPPORTED — There is no direct evidence linking hypoxia to Alzheimer's disease in the provided excerpts.  
B: SUPPORTED — The microbiota-gut-brain axis hypothesis suggests that gut microbiota imbalance may influence brain function and has been linked to Alzheimer's disease (Recent advances in Alzheimer’s disease: mechanisms, clinical trials and new drug development strategies, year unknown).  
C: NOT SUPPORTED — The evidence does not support a direct link between high education and Alzheimer's disease in the provided excerpts.  
D: SUPPORTED — Specific dietary patterns have been linked to Alzheimer's disease risk, indicating that diet plays a role in the disease (Oxidative damage in neurodegeneration: roles in the pathogenesis and progression of Alzheimer disease, 2023).  
ANSWER: B, D"
1	1	ET-RAG	test.agent_etrag	A1	+ Evidence quality	cosine retrieval + evidence quality	0.7	0.3	0.0	6	Which imaging biomarkers are used in AD diagnosis?	A. Tau-PET | B. MRI | C. CT | D. FDG-PET	A, B, D	Tau-PET | MRI | FDG-PET	A, B, D	1.0	strict_partial_credit	True	0.736538	4.172	2.089	0.0	28	25	0.532966	0.537837	0.5216	0.858	0	0	0	0	0	False	False	False	False	False	2023-oxidative-damage-in-neurodegeneration-roles-in-the-pathogenesis-and-progression-of-alzheimer-disease.pdf | 2024 Advancements and Challenges in Antiamyloid Therapy for.pdf | 2024 Immune Activation in Alzheimer Disease.pdf | 2024 Neuroinflammation in Alzheimer disease.pdf | 2025 Updates on mouse models of Alzheimer’s disease.pdf | Recent advances in Alzheimer’s disease mechanisms clinical trials and new drug development strategies.pdf | alzheimer disease  2021.pdf	"A: SUPPORTED — ""Tau-PET imaging allows the detection of tauopathy that is largely, though not entirely, specific for AD."" (Alzheimer disease, 2021)  
B: SUPPORTED — ""Structural MRI is also useful to assess patients for cerebral microbleeds that occur as a consequence of cerebral amyloid angiopathy."" (Alzheimer disease, 2021)  
C: NOT SUPPORTED — ""CT was superseded by MRI for research purposes."" (Alzheimer disease, 2021)  
D: SUPPORTED — ""FDG-PET has revealed a pattern of temporal-parietal and hippocampal hypometabolism that precedes volume loss in the same regions and is highly characteristic of AD."" (Alzheimer disease, 2021)  
ANSWER: A, B, D"	"A: SUPPORTED — ""Tau-PET imaging allows the detection of tauopathy that is largely, though not entirely, specific for AD."" (Alzheimer disease, 2021)  
B: SUPPORTED — ""Structural MRI is also useful to assess patients for cerebral microbleeds that occur as a consequence of cerebral amyloid angiopathy."" (Alzheimer disease, 2021)  
C: NOT SUPPORTED — ""CT was superseded by MRI for research purposes."" (Alzheimer disease, 2021)  
D: SUPPORTED — ""FDG-PET has revealed a pattern of temporal-parietal and hippocampal hypometabolism that precedes volume loss in the same regions and is highly characteristic of AD."" (Alzheimer disease, 2021)  
ANSWER: A, B, D"
1	1	ET-RAG	test.agent_etrag	A1	+ Evidence quality	cosine retrieval + evidence quality	0.7	0.3	0.0	7	What roles do CSF biomarkers play in AD diagnosis?	A. Stage disease progression | B. Diagnose mild cognitive impairment | C. Indicate tau pathology | D. Replace neuropsychological testing	A, B, C	Stage disease progression | Diagnose mild cognitive impairment | Indicate tau pathology	B, C	0.666667	strict_partial_credit	False	0.740975	8.736	2.239	0.0	31	25	0.545644	0.556334	0.5207	0.848	0	0	0	0	0	False	False	False	False	False	2024 Advancements and Challenges in Antiamyloid Therapy for.pdf | 2024 Immune Activation in Alzheimer Disease.pdf | 2024 Neuroinflammation in Alzheimer disease.pdf | Recent advances in Alzheimer’s disease mechanisms clinical trials and new drug development strategies.pdf | alzheimer disease  2021.pdf	"A: NOT SUPPORTED — The evidence indicates that CSF biomarkers are not useful for staging disease severity in Alzheimer's disease (AD) (Alzheimer disease, 2021).  
B: SUPPORTED — CSF biomarkers can help diagnose mild cognitive impairment (MCI) and are associated with an increased risk of progression to dementia (Alzheimer disease, 2021).  
C: SUPPORTED — Phosphorylated tau (p-tau181) is recognized as a specific biomarker for tau pathology in Alzheimer's disease (Alzheimer disease, 2021).  
D: NOT SUPPORTED — The evidence does not support the idea that CSF biomarkers can replace neuropsychological testing in the diagnosis of Alzheimer's disease (Alzheimer disease, 2021).  

ANSWER: B, C"	"A: NOT SUPPORTED — The evidence indicates that CSF biomarkers are not useful for staging disease severity in Alzheimer's disease (AD) (Alzheimer disease, 2021).  
B: SUPPORTED — CSF biomarkers can help diagnose mild cognitive impairment (MCI) and are associated with an increased risk of progression to dementia (Alzheimer disease, 2021).  
C: SUPPORTED — Phosphorylated tau (p-tau181) is recognized as a specific biomarker for tau pathology in Alzheimer's disease (Alzheimer disease, 2021).  
D: NOT SUPPORTED — The evidence does not support the idea that CSF biomarkers can replace neuropsychological testing in the diagnosis of Alzheimer's disease (Alzheimer disease, 2021).  

ANSWER: B, C"
1	1	ET-RAG	test.agent_etrag	A1	+ Evidence quality	cosine retrieval + evidence quality	0.7	0.3	0.0	8	What effects does gut microbiota have in AD animal models?	A. Promotes inflammation | B. Improves memory | C. Impairs spatial learning | D. Reduces tau levels	A, C	Promotes inflammation | Impairs spatial learning	A, C	1.0	strict_partial_credit	True	0.727646	3.951	2.17	0.0	10	10	0.50756	0.5108	0.5	0.87	0	0	0	0	0	False	False	False	False	False	2023-oxidative-damage-in-neurodegeneration-roles-in-the-pathogenesis-and-progression-of-alzheimer-disease.pdf | 2024 Advancements and Challenges in Antiamyloid Therapy for.pdf | 2024 Immune Activation in Alzheimer Disease.pdf | 2024 Neuroinflammation in Alzheimer disease.pdf | 2025 Updates on mouse models of Alzheimer’s disease.pdf | Recent advances in Alzheimer’s disease mechanisms clinical trials and new drug development strategies.pdf | alzheimer disease  2021.pdf	"A: SUPPORTED — The evidence indicates that microbiome-originated LPS and SCFAs may impair the permeability of the BBB and affect homeostasis, leading to increased neuroinflammation, as discussed in ""Neuroinflammation in Alzheimer disease"" (2024).  
B: NOT SUPPORTED — There is no evidence provided that directly states gut microbiota improves memory in AD animal models.  
C: SUPPORTED — The evidence suggests that in germ-free mice, there are global defects in microglia morphology and maturity, which can lead to impaired cognitive functions, as mentioned in ""Neuroinflammation in Alzheimer disease"" (2024).  
D: NOT SUPPORTED — There is no evidence provided that directly states gut microbiota reduces tau levels in AD animal models.  

ANSWER: A, C"	"A: SUPPORTED — The evidence indicates that microbiome-originated LPS and SCFAs may impair the permeability of the BBB and affect homeostasis, leading to increased neuroinflammation, as discussed in ""Neuroinflammation in Alzheimer disease"" (2024).  
B: NOT SUPPORTED — There is no evidence provided that directly states gut microbiota improves memory in AD animal models.  
C: SUPPORTED — The evidence suggests that in germ-free mice, there are global defects in microglia morphology and maturity, which can lead to impaired cognitive functions, as mentioned in ""Neuroinflammation in Alzheimer disease"" (2024).  
D: NOT SUPPORTED — There is no evidence provided that directly states gut microbiota reduces tau levels in AD animal models.  

ANSWER: A, C"
1	1	ET-RAG	test.agent_etrag	A1	+ Evidence quality	cosine retrieval + evidence quality	0.7	0.3	0.0	9	Which sleep characteristics are associated with AD?	A. Reduced REM duration | B. Abnormal slow-wave oscillations | C. Increased CSF tau during wakefulness | D. Stable sleep architecture	A, B, C	Reduced REM duration | Abnormal slow-wave oscillations | Increased CSF tau during wakefulness	A, B	0.666667	strict_partial_credit	False	0.704042	5.705	2.767	0.0	12	12	0.44012	0.414457	0.5	0.875	0	0	0	0	0	False	False	False	False	False	2023-oxidative-damage-in-neurodegeneration-roles-in-the-pathogenesis-and-progression-of-alzheimer-disease.pdf | 2024 Advancements and Challenges in Antiamyloid Therapy for.pdf | 2024 Immune Activation in Alzheimer Disease.pdf | 2024 Linking activity dyshomeostasis and sleep disturbances in Alzheimer disease.pdf | 2024 Neuroinflammation in Alzheimer disease.pdf | 2025 Updates on mouse models of Alzheimer’s disease.pdf | Recent advances in Alzheimer’s disease mechanisms clinical trials and new drug development strategies.pdf | alzheimer disease  2021.pdf	"A: SUPPORTED — Reduced sharp-wave ripples in NREM sleep and quiet wakefulness are observed in familial Alzheimer disease models, indicating altered sleep characteristics associated with AD (Linking activity dyshomeostasis and sleep disturbances in Alzheimer disease, 2024).  
B: SUPPORTED — Abnormal slow-wave oscillations are indicated by reduced UP state durations and failed transitions in AD mouse models, suggesting a disruption in normal sleep patterns (Linking activity dyshomeostasis and sleep disturbances in Alzheimer disease, 2024).  
C: NOT SUPPORTED — There is no direct evidence in the provided excerpts linking increased CSF tau during wakefulness specifically to sleep characteristics associated with AD.  
D: NOT SUPPORTED — The evidence does not support the notion of stable sleep architecture in AD, as alterations in sleep patterns are noted in the context of the disease (Linking activity dyshomeostasis and sleep disturbances in Alzheimer disease, 2024).  
ANSWER: A, B"	"A: SUPPORTED — Reduced sharp-wave ripples in NREM sleep and quiet wakefulness are observed in familial Alzheimer disease models, indicating altered sleep characteristics associated with AD (Linking activity dyshomeostasis and sleep disturbances in Alzheimer disease, 2024).  
B: SUPPORTED — Abnormal slow-wave oscillations are indicated by reduced UP state durations and failed transitions in AD mouse models, suggesting a disruption in normal sleep patterns (Linking activity dyshomeostasis and sleep disturbances in Alzheimer disease, 2024).  
C: NOT SUPPORTED — There is no direct evidence in the provided excerpts linking increased CSF tau during wakefulness specifically to sleep characteristics associated with AD.  
D: NOT SUPPORTED — The evidence does not support the notion of stable sleep architecture in AD, as alterations in sleep patterns are noted in the context of the disease (Linking activity dyshomeostasis and sleep disturbances in Alzheimer disease, 2024).  
ANSWER: A, B"
1	1	ET-RAG	test.agent_etrag	A1	+ Evidence quality	cosine retrieval + evidence quality	0.7	0.3	0.0	10	Which interventions may improve cognition in MCI or early dementia?	A. Melatonin | B. Rivasti gmine | C. Suvorexant | D. Ketogenic diet	A, B, C	Melatonin | Rivasti gmine | Suvorexant	B	0.333333	strict_partial_credit	False	0.719542	5.05	2.992	0.0	23	23	0.484407	0.456342	0.549891	0.854348	0	0	0	0	0	False	False	False	False	False	2023-oxidative-damage-in-neurodegeneration-roles-in-the-pathogenesis-and-progression-of-alzheimer-disease.pdf | 2024 Advancements and Challenges in Antiamyloid Therapy for.pdf | 2024 Linking activity dyshomeostasis and sleep disturbances in Alzheimer disease.pdf | 2025 Updates on mouse models of Alzheimer’s disease.pdf | Recent advances in Alzheimer’s disease mechanisms clinical trials and new drug development strategies.pdf | alzheimer disease  2021.pdf	"A: NOT SUPPORTED — There is no evidence in the provided excerpts that melatonin improves cognition in MCI or early dementia.  
B: SUPPORTED — Rivastigmine is a cholinesterase inhibitor that has shown modest benefits in delaying symptom progression in patients with mild to moderate Alzheimer's disease, as noted in the review ""Alzheimer disease"" (2021).  
C: NOT SUPPORTED — There is no evidence in the provided excerpts that suvorexant improves cognition in MCI or early dementia.  
D: NOT SUPPORTED — There is no evidence in the provided excerpts that a ketogenic diet improves cognition in MCI or early dementia.  
ANSWER: B"	"A: NOT SUPPORTED — There is no evidence in the provided excerpts that melatonin improves cognition in MCI or early dementia.  
B: SUPPORTED — Rivastigmine is a cholinesterase inhibitor that has shown modest benefits in delaying symptom progression in patients with mild to moderate Alzheimer's disease, as noted in the review ""Alzheimer disease"" (2021).  
C: NOT SUPPORTED — There is no evidence in the provided excerpts that suvorexant improves cognition in MCI or early dementia.  
D: NOT SUPPORTED — There is no evidence in the provided excerpts that a ketogenic diet improves cognition in MCI or early dementia.  
ANSWER: B"
2	1	ET-RAG	test.agent_etrag	A1	+ Evidence quality	cosine retrieval + evidence quality	0.7	0.3	0.0	1	Which of the following are components of the A-T-N AD biomarker framework?	A. Amyloid beta | B. Tau | C. Neurodegeneration markers | D. Synaptic vesicle proteins	A, B, C	Amyloid beta | Tau | Neurodegeneration markers	A, B, C	1.0	strict_partial_credit	True	0.738423	4.309	2.093	0.0	29	25	0.538351	0.551701	0.5072	0.852	1	0	0	0	0	False	False	False	False	False	2023-oxidative-damage-in-neurodegeneration-roles-in-the-pathogenesis-and-progression-of-alzheimer-disease.pdf | 2024 Advancements and Challenges in Antiamyloid Therapy for.pdf | 2024 Cell type-specific roles of APOE4 in Alzheimer disease.pdf | 2024 Neuroinflammation in Alzheimer disease.pdf | Recent advances in Alzheimer’s disease mechanisms clinical trials and new drug development strategies.pdf | alzheimer disease  2021.pdf	"A: SUPPORTED — The A-T-N framework includes amyloid beta as a key biomarker for Alzheimer's disease, as stated in ""Alzheimer disease"" (2021).  
B: SUPPORTED — Tau is also a component of the A-T-N framework, specifically as an abnormal tau protein biomarker, as mentioned in ""Alzheimer disease"" (2021).  
C: SUPPORTED — Neurodegeneration markers are included in the A-T-N framework, as they are used to indicate the severity of the Alzheimer's disease process, according to ""Alzheimer disease"" (2021).  
D: NOT SUPPORTED — Synaptic vesicle proteins are not mentioned as part of the A-T-N framework in the provided evidence.  

ANSWER: A, B, C"	"A: SUPPORTED — The A-T-N framework includes amyloid beta as a key biomarker for Alzheimer's disease, as stated in ""Alzheimer disease"" (2021).  
B: SUPPORTED — Tau is also a component of the A-T-N framework, specifically as an abnormal tau protein biomarker, as mentioned in ""Alzheimer disease"" (2021).  
C: SUPPORTED — Neurodegeneration markers are included in the A-T-N framework, as they are used to indicate the severity of the Alzheimer's disease process, according to ""Alzheimer disease"" (2021).  
D: NOT SUPPORTED — Synaptic vesicle proteins are not mentioned as part of the A-T-N framework in the provided evidence.  

ANSWER: A, B, C"
2	1	ET-RAG	test.agent_etrag	A1	+ Evidence quality	cosine retrieval + evidence quality	0.7	0.3	0.0	2	Which sleep-related conditions are discussed as contributing to AD progression?	A. Sleep apnea | B. Long sleep duration | C. Short sleep duration | D. Insomnia	A, B, C, D	Sleep apnea | Long sleep duration | Short sleep duration | Insomnia	A, B, C, D	1.0	strict_partial_credit	True	0.702104	11.814	3.474	0.0	16	16	0.434583	0.406548	0.5	0.865625	0	0	0	0	0	False	False	False	False	False	2023-oxidative-damage-in-neurodegeneration-roles-in-the-pathogenesis-and-progression-of-alzheimer-disease.pdf | 2024 Advancements and Challenges in Antiamyloid Therapy for.pdf | 2024 Linking activity dyshomeostasis and sleep disturbances in Alzheimer disease.pdf | 2025 Oligodendrocytes in Alzheimer’s disease pathophysiology.pdf | 2025 Updates on mouse models of Alzheimer’s disease.pdf | Recent advances in Alzheimer’s disease mechanisms clinical trials and new drug development strategies.pdf | alzheimer disease  2021.pdf	"A: SUPPORTED — Sleep disturbances, including obstructive sleep apnea, are discussed as contributing factors to the progression of Alzheimer's disease (AD) in the paper ""Alzheimer disease"" (2021).  
B: SUPPORTED — Long sleep duration is mentioned as a factor that may be associated with cognitive decline and AD progression in the paper ""Alzheimer disease"" (2021).  
C: SUPPORTED — Short sleep duration is discussed as a potential contributor to cognitive decline and AD progression in the paper ""Alzheimer disease"" (2021).  
D: SUPPORTED — Insomnia is identified as a sleep disorder that can affect cognitive function and is associated with the progression of Alzheimer's disease in the paper ""Alzheimer disease"" (2021).  
ANSWER: A, B, C, D"	"A: SUPPORTED — Sleep disturbances, including obstructive sleep apnea, are discussed as contributing factors to the progression of Alzheimer's disease (AD) in the paper ""Alzheimer disease"" (2021).  
B: SUPPORTED — Long sleep duration is mentioned as a factor that may be associated with cognitive decline and AD progression in the paper ""Alzheimer disease"" (2021).  
C: SUPPORTED — Short sleep duration is discussed as a potential contributor to cognitive decline and AD progression in the paper ""Alzheimer disease"" (2021).  
D: SUPPORTED — Insomnia is identified as a sleep disorder that can affect cognitive function and is associated with the progression of Alzheimer's disease in the paper ""Alzheimer disease"" (2021).  
ANSWER: A, B, C, D"
2	1	ET-RAG	test.agent_etrag	A1	+ Evidence quality	cosine retrieval + evidence quality	0.7	0.3	0.0	3	Which interventions were identified as promising for sleep-related AD therapy?	A. CBT-I | B. Suvorexant | C. Positive airway pressure treatment | D. Ketamine	A, B, C	CBT-I | Suvorexant | Positive airway pressure treatment	A, C	0.666667	strict_partial_credit	False	0.715706	4.102	2.106	0.0	18	18	0.473447	0.443317	0.54375	0.855556	0	0	0	0	0	False	False	False	False	False	2023-oxidative-damage-in-neurodegeneration-roles-in-the-pathogenesis-and-progression-of-alzheimer-disease.pdf | 2024 Advancements and Challenges in Antiamyloid Therapy for.pdf | 2024 Linking activity dyshomeostasis and sleep disturbances in Alzheimer disease.pdf | 2025 Updates on mouse models of Alzheimer’s disease.pdf | Recent advances in Alzheimer’s disease mechanisms clinical trials and new drug development strategies.pdf | alzheimer disease  2021.pdf	"A: SUPPORTED — Cognitive Behavioral Therapy for Insomnia (CBT-I) is discussed as a non-pharmacological intervention that may help improve sleep in patients with Alzheimer's disease (Alzheimer disease, 2021).  
B: NOT SUPPORTED — There is no evidence provided in the excerpts that directly supports the use of Suvorexant for sleep-related therapy in Alzheimer's disease.  
C: SUPPORTED — Positive airway pressure treatment is mentioned as a method to treat comorbid sleep disorders like obstructive sleep apnea in patients with dementia (Alzheimer disease, 2021).  
D: NOT SUPPORTED — There is no evidence in the excerpts that supports the use of Ketamine for sleep-related therapy in Alzheimer's disease.  
ANSWER: A, C"	"A: SUPPORTED — Cognitive Behavioral Therapy for Insomnia (CBT-I) is discussed as a non-pharmacological intervention that may help improve sleep in patients with Alzheimer's disease (Alzheimer disease, 2021).  
B: NOT SUPPORTED — There is no evidence provided in the excerpts that directly supports the use of Suvorexant for sleep-related therapy in Alzheimer's disease.  
C: SUPPORTED — Positive airway pressure treatment is mentioned as a method to treat comorbid sleep disorders like obstructive sleep apnea in patients with dementia (Alzheimer disease, 2021).  
D: NOT SUPPORTED — There is no evidence in the excerpts that supports the use of Ketamine for sleep-related therapy in Alzheimer's disease.  
ANSWER: A, C"
2	1	ET-RAG	test.agent_etrag	A1	+ Evidence quality	cosine retrieval + evidence quality	0.7	0.3	0.0	4	Hearing loss in older adults may lead to which of the following?	A. Decreased brain volume | B. Higher tau levels | C. Lower social engagement | D. Enhanced neurogenesis	A, B, C	Decreased brain volume | Higher tau levels | Lower social engagement	A, B, C	1.0	strict_partial_credit	True	0.723338	4.053	1.968	0.0	24	24	0.495251	0.479153	0.532813	0.872917	2	0	0	0	0	False	False	False	False	False	2023-oxidative-damage-in-neurodegeneration-roles-in-the-pathogenesis-and-progression-of-alzheimer-disease.pdf | 2024 Advancements and Challenges in Antiamyloid Therapy for.pdf | 2024 Cell type-specific roles of APOE4 in Alzheimer disease.pdf | 2024 Immune Activation in Alzheimer Disease.pdf | 2024 Linking activity dyshomeostasis and sleep disturbances in Alzheimer disease.pdf | 2024 Neuroinflammation in Alzheimer disease.pdf | 2025 Oligodendrocytes in Alzheimer’s disease pathophysiology.pdf | 2025 Updates on mouse models of Alzheimer’s disease.pdf | Recent advances in Alzheimer’s disease mechanisms clinical trials and new drug development strategies.pdf | alzheimer disease  2021.pdf	"A: SUPPORTED — Hearing loss in older adults is associated with decreased brain volume, as indicated by the evidence that cognitive impairment and increased amyloid levels correlate with accelerated regional atrophy in the temporal and parietal isocortex (Alzheimer disease, 2021).  
B: SUPPORTED — Higher tau levels are associated with cognitive decline and neurodegeneration, as evidenced by the correlation between elevated tau levels and the risk of progression to dementia (Alzheimer disease, 2021).  
C: SUPPORTED — Hearing loss in older adults is linked to lower social engagement, as neuropsychiatric symptoms such as social withdrawal often co-occur with cognitive deficits in dementia (Alzheimer disease, 2021).  
D: NOT SUPPORTED — There is no evidence provided that supports the idea that hearing loss in older adults leads to enhanced neurogenesis.  

ANSWER: A, B, C"	"A: SUPPORTED — Hearing loss in older adults is associated with decreased brain volume, as indicated by the evidence that cognitive impairment and increased amyloid levels correlate with accelerated regional atrophy in the temporal and parietal isocortex (Alzheimer disease, 2021).  
B: SUPPORTED — Higher tau levels are associated with cognitive decline and neurodegeneration, as evidenced by the correlation between elevated tau levels and the risk of progression to dementia (Alzheimer disease, 2021).  
C: SUPPORTED — Hearing loss in older adults is linked to lower social engagement, as neuropsychiatric symptoms such as social withdrawal often co-occur with cognitive deficits in dementia (Alzheimer disease, 2021).  
D: NOT SUPPORTED — There is no evidence provided that supports the idea that hearing loss in older adults leads to enhanced neurogenesis.  

ANSWER: A, B, C"
2	1	ET-RAG	test.agent_etrag	A1	+ Evidence quality	cosine retrieval + evidence quality	0.7	0.3	0.0	5	Which factors have been epidemiologically linked to AD?	A. Hypoxia | B. Gut microbiota imbalance | C. High education | D. Diet	A, B, D	Hypoxia | Gut microbiota imbalance | Diet	B, D	0.666667	strict_partial_credit	False	0.719548	4.02	1.9	0.0	20	20	0.484423	0.47389	0.509	0.87	0	0	0	0	0	False	False	False	False	False	2023-oxidative-damage-in-neurodegeneration-roles-in-the-pathogenesis-and-progression-of-alzheimer-disease.pdf | 2024 Advancements and Challenges in Antiamyloid Therapy for.pdf | 2024 Cell type-specific roles of APOE4 in Alzheimer disease.pdf | 2024 Immune Activation in Alzheimer Disease.pdf | 2024 Linking activity dyshomeostasis and sleep disturbances in Alzheimer disease.pdf | 2024 Neuroinflammation in Alzheimer disease.pdf | 2025 Updates on mouse models of Alzheimer’s disease.pdf | Recent advances in Alzheimer’s disease mechanisms clinical trials and new drug development strategies.pdf | alzheimer disease  2021.pdf	"A: NOT SUPPORTED — There is no direct evidence linking hypoxia to Alzheimer's disease in the provided excerpts.  
B: SUPPORTED — The microbiota-gut-brain axis hypothesis suggests that gut microbiota imbalance may influence brain function and has been linked to Alzheimer's disease (Recent advances in Alzheimer’s disease: mechanisms, clinical trials and new drug development strategies, year unknown).  
C: NOT SUPPORTED — The evidence does not support a direct link between high education and Alzheimer's disease in the provided excerpts.  
D: SUPPORTED — Specific dietary patterns have been linked to Alzheimer's disease risk, indicating that diet plays a role in the disease (Oxidative damage in neurodegeneration: roles in the pathogenesis and progression of Alzheimer disease, 2023).  
ANSWER: B, D"	"A: NOT SUPPORTED — There is no direct evidence linking hypoxia to Alzheimer's disease in the provided excerpts.  
B: SUPPORTED — The microbiota-gut-brain axis hypothesis suggests that gut microbiota imbalance may influence brain function and has been linked to Alzheimer's disease (Recent advances in Alzheimer’s disease: mechanisms, clinical trials and new drug development strategies, year unknown).  
C: NOT SUPPORTED — The evidence does not support a direct link between high education and Alzheimer's disease in the provided excerpts.  
D: SUPPORTED — Specific dietary patterns have been linked to Alzheimer's disease risk, indicating that diet plays a role in the disease (Oxidative damage in neurodegeneration: roles in the pathogenesis and progression of Alzheimer disease, 2023).  
ANSWER: B, D"
2	1	ET-RAG	test.agent_etrag	A1	+ Evidence quality	cosine retrieval + evidence quality	0.7	0.3	0.0	6	Which imaging biomarkers are used in AD diagnosis?	A. Tau-PET | B. MRI | C. CT | D. FDG-PET	A, B, D	Tau-PET | MRI | FDG-PET	A, B, D	1.0	strict_partial_credit	True	0.736538	4.455	2.103	0.0	28	25	0.532966	0.537837	0.5216	0.858	0	0	0	0	0	False	False	False	False	False	2023-oxidative-damage-in-neurodegeneration-roles-in-the-pathogenesis-and-progression-of-alzheimer-disease.pdf | 2024 Advancements and Challenges in Antiamyloid Therapy for.pdf | 2024 Immune Activation in Alzheimer Disease.pdf | 2024 Neuroinflammation in Alzheimer disease.pdf | 2025 Updates on mouse models of Alzheimer’s disease.pdf | Recent advances in Alzheimer’s disease mechanisms clinical trials and new drug development strategies.pdf | alzheimer disease  2021.pdf	"A: SUPPORTED — ""Tau-PET imaging allows the detection of tauopathy that is largely, though not entirely, specific for AD."" (Alzheimer disease, 2021)  
B: SUPPORTED — ""Structural MRI is also useful to assess patients for cerebral microbleeds that occur as a consequence of cerebral amyloid angiopathy."" (Alzheimer disease, 2021)  
C: NOT SUPPORTED — ""CT was superseded by MRI for research purposes."" (Alzheimer disease, 2021)  
D: SUPPORTED — ""FDG-PET has revealed a pattern of temporal-parietal and hippocampal hypometabolism that precedes volume loss in the same regions and is highly characteristic of AD."" (Alzheimer disease, 2021)  
ANSWER: A, B, D"	"A: SUPPORTED — ""Tau-PET imaging allows the detection of tauopathy that is largely, though not entirely, specific for AD."" (Alzheimer disease, 2021)  
B: SUPPORTED — ""Structural MRI is also useful to assess patients for cerebral microbleeds that occur as a consequence of cerebral amyloid angiopathy."" (Alzheimer disease, 2021)  
C: NOT SUPPORTED — ""CT was superseded by MRI for research purposes."" (Alzheimer disease, 2021)  
D: SUPPORTED — ""FDG-PET has revealed a pattern of temporal-parietal and hippocampal hypometabolism that precedes volume loss in the same regions and is highly characteristic of AD."" (Alzheimer disease, 2021)  
ANSWER: A, B, D"
2	1	ET-RAG	test.agent_etrag	A1	+ Evidence quality	cosine retrieval + evidence quality	0.7	0.3	0.0	7	What roles do CSF biomarkers play in AD diagnosis?	A. Stage disease progression | B. Diagnose mild cognitive impairment | C. Indicate tau pathology | D. Replace neuropsychological testing	A, B, C	Stage disease progression | Diagnose mild cognitive impairment | Indicate tau pathology	B, C	0.666667	strict_partial_credit	False	0.740954	4.321	2.132	0.0	31	25	0.545584	0.556248	0.5207	0.848	0	0	0	0	0	False	False	False	False	False	2024 Advancements and Challenges in Antiamyloid Therapy for.pdf | 2024 Immune Activation in Alzheimer Disease.pdf | 2024 Neuroinflammation in Alzheimer disease.pdf | Recent advances in Alzheimer’s disease mechanisms clinical trials and new drug development strategies.pdf | alzheimer disease  2021.pdf	"A: NOT SUPPORTED — The evidence indicates that CSF biomarkers are not useful for staging disease severity in Alzheimer's disease (AD) (Alzheimer disease, 2021).  
B: SUPPORTED — CSF biomarkers can help diagnose mild cognitive impairment (MCI) and are associated with an increased risk of progression to dementia (Alzheimer disease, 2021).  
C: SUPPORTED — Phosphorylated tau (p-tau181) is recognized as a specific biomarker for tau pathology in Alzheimer's disease (Alzheimer disease, 2021).  
D: NOT SUPPORTED — The evidence does not support the idea that CSF biomarkers can replace neuropsychological testing in the diagnosis of Alzheimer's disease (Alzheimer disease, 2021).  
ANSWER: B, C"	"A: NOT SUPPORTED — The evidence indicates that CSF biomarkers are not useful for staging disease severity in Alzheimer's disease (AD) (Alzheimer disease, 2021).  
B: SUPPORTED — CSF biomarkers can help diagnose mild cognitive impairment (MCI) and are associated with an increased risk of progression to dementia (Alzheimer disease, 2021).  
C: SUPPORTED — Phosphorylated tau (p-tau181) is recognized as a specific biomarker for tau pathology in Alzheimer's disease (Alzheimer disease, 2021).  
D: NOT SUPPORTED — The evidence does not support the idea that CSF biomarkers can replace neuropsychological testing in the diagnosis of Alzheimer's disease (Alzheimer disease, 2021).  
ANSWER: B, C"
2	1	ET-RAG	test.agent_etrag	A1	+ Evidence quality	cosine retrieval + evidence quality	0.7	0.3	0.0	8	What effects does gut microbiota have in AD animal models?	A. Promotes inflammation | B. Improves memory | C. Impairs spatial learning | D. Reduces tau levels	A, C	Promotes inflammation | Impairs spatial learning	A, B, C	0.0	strict_partial_credit	False	0.727646	5.755	2.156	0.0	10	10	0.50756	0.5108	0.5	0.87	0	0	0	0	0	False	False	False	False	False	2023-oxidative-damage-in-neurodegeneration-roles-in-the-pathogenesis-and-progression-of-alzheimer-disease.pdf | 2024 Advancements and Challenges in Antiamyloid Therapy for.pdf | 2024 Immune Activation in Alzheimer Disease.pdf | 2024 Neuroinflammation in Alzheimer disease.pdf | 2025 Updates on mouse models of Alzheimer’s disease.pdf | Recent advances in Alzheimer’s disease mechanisms clinical trials and new drug development strategies.pdf | alzheimer disease  2021.pdf	"A: SUPPORTED — The evidence indicates that microbiome-originated LPS and SCFAs may impair the permeability of the BBB and affect homeostasis, leading to increased neuroinflammation in Alzheimer disease (Neuroinflammation in Alzheimer disease, 2024).  
B: SUPPORTED — Therapy with Bifidobacterium and Lactobacillus species-based probiotics after antibiotic administration improves memory deficits in mouse models of AD (Neuroinflammation in Alzheimer disease, 2024).  
C: SUPPORTED — Microglia in germ-free animals have enhanced Aβ uptake at early disease stages and protect against tau-related neurodegeneration, suggesting that alterations in the microbiome can impair spatial learning (Neuroinflammation in Alzheimer disease, 2024).  
D: NOT SUPPORTED — There is no evidence provided that directly states that gut microbiota reduces tau levels in AD animal models.  

ANSWER: A, B, C"	"A: SUPPORTED — The evidence indicates that microbiome-originated LPS and SCFAs may impair the permeability of the BBB and affect homeostasis, leading to increased neuroinflammation in Alzheimer disease (Neuroinflammation in Alzheimer disease, 2024).  
B: SUPPORTED — Therapy with Bifidobacterium and Lactobacillus species-based probiotics after antibiotic administration improves memory deficits in mouse models of AD (Neuroinflammation in Alzheimer disease, 2024).  
C: SUPPORTED — Microglia in germ-free animals have enhanced Aβ uptake at early disease stages and protect against tau-related neurodegeneration, suggesting that alterations in the microbiome can impair spatial learning (Neuroinflammation in Alzheimer disease, 2024).  
D: NOT SUPPORTED — There is no evidence provided that directly states that gut microbiota reduces tau levels in AD animal models.  

ANSWER: A, B, C"
2	1	ET-RAG	test.agent_etrag	A1	+ Evidence quality	cosine retrieval + evidence quality	0.7	0.3	0.0	9	Which sleep characteristics are associated with AD?	A. Reduced REM duration | B. Abnormal slow-wave oscillations | C. Increased CSF tau during wakefulness | D. Stable sleep architecture	A, B, C	Reduced REM duration | Abnormal slow-wave oscillations | Increased CSF tau during wakefulness	A, B	0.666667	strict_partial_credit	False	0.704041	4.976	2.347	0.0	12	12	0.440117	0.414453	0.5	0.875	0	0	0	0	0	False	False	False	False	False	2023-oxidative-damage-in-neurodegeneration-roles-in-the-pathogenesis-and-progression-of-alzheimer-disease.pdf | 2024 Advancements and Challenges in Antiamyloid Therapy for.pdf | 2024 Immune Activation in Alzheimer Disease.pdf | 2024 Linking activity dyshomeostasis and sleep disturbances in Alzheimer disease.pdf | 2024 Neuroinflammation in Alzheimer disease.pdf | 2025 Updates on mouse models of Alzheimer’s disease.pdf | Recent advances in Alzheimer’s disease mechanisms clinical trials and new drug development strategies.pdf | alzheimer disease  2021.pdf	"A: SUPPORTED — Reduced sharp-wave ripples in NREM sleep and quiet wakefulness are observed in familial Alzheimer disease mouse models, indicating reduced REM duration is associated with AD (Linking activity dyshomeostasis and sleep disturbances in Alzheimer disease, 2024).  
B: SUPPORTED — Abnormal slow-wave oscillations are indicated by reduced UP state durations and failed transitions in AD mouse models, suggesting this characteristic is associated with AD (Linking activity dyshomeostasis and sleep disturbances in Alzheimer disease, 2024).  
C: NOT SUPPORTED — There is no direct evidence in the provided excerpts linking increased CSF tau during wakefulness specifically to sleep characteristics associated with AD.  
D: NOT SUPPORTED — The evidence does not support the notion of stable sleep architecture in AD, as alterations in sleep patterns are noted in the context of the disease (Linking activity dyshomeostasis and sleep disturbances in Alzheimer disease, 2024).  
ANSWER: A, B"	"A: SUPPORTED — Reduced sharp-wave ripples in NREM sleep and quiet wakefulness are observed in familial Alzheimer disease mouse models, indicating reduced REM duration is associated with AD (Linking activity dyshomeostasis and sleep disturbances in Alzheimer disease, 2024).  
B: SUPPORTED — Abnormal slow-wave oscillations are indicated by reduced UP state durations and failed transitions in AD mouse models, suggesting this characteristic is associated with AD (Linking activity dyshomeostasis and sleep disturbances in Alzheimer disease, 2024).  
C: NOT SUPPORTED — There is no direct evidence in the provided excerpts linking increased CSF tau during wakefulness specifically to sleep characteristics associated with AD.  
D: NOT SUPPORTED — The evidence does not support the notion of stable sleep architecture in AD, as alterations in sleep patterns are noted in the context of the disease (Linking activity dyshomeostasis and sleep disturbances in Alzheimer disease, 2024).  
ANSWER: A, B"
2	1	ET-RAG	test.agent_etrag	A1	+ Evidence quality	cosine retrieval + evidence quality	0.7	0.3	0.0	10	Which interventions may improve cognition in MCI or early dementia?	A. Melatonin | B. Rivasti gmine | C. Suvorexant | D. Ketogenic diet	A, B, C	Melatonin | Rivasti gmine | Suvorexant	B	0.333333	strict_partial_credit	False	0.719541	4.655	2.324	0.0	23	23	0.484403	0.456337	0.549891	0.854348	0	0	0	0	0	False	False	False	False	False	2023-oxidative-damage-in-neurodegeneration-roles-in-the-pathogenesis-and-progression-of-alzheimer-disease.pdf | 2024 Advancements and Challenges in Antiamyloid Therapy for.pdf | 2024 Linking activity dyshomeostasis and sleep disturbances in Alzheimer disease.pdf | 2025 Updates on mouse models of Alzheimer’s disease.pdf | Recent advances in Alzheimer’s disease mechanisms clinical trials and new drug development strategies.pdf | alzheimer disease  2021.pdf	"A: NOT SUPPORTED — There is no evidence in the provided excerpts that melatonin improves cognition in MCI or early dementia.  
B: SUPPORTED — Rivastigmine is a cholinesterase inhibitor that has shown modest benefits in delaying symptom progression in patients with mild to moderate Alzheimer's disease, as noted in the paper ""Alzheimer disease"" (2021).  
C: NOT SUPPORTED — There is no evidence in the provided excerpts that suvorexant improves cognition in MCI or early dementia.  
D: NOT SUPPORTED — There is no evidence in the provided excerpts that a ketogenic diet improves cognition in MCI or early dementia.  

ANSWER: B"	"A: NOT SUPPORTED — There is no evidence in the provided excerpts that melatonin improves cognition in MCI or early dementia.  
B: SUPPORTED — Rivastigmine is a cholinesterase inhibitor that has shown modest benefits in delaying symptom progression in patients with mild to moderate Alzheimer's disease, as noted in the paper ""Alzheimer disease"" (2021).  
C: NOT SUPPORTED — There is no evidence in the provided excerpts that suvorexant improves cognition in MCI or early dementia.  
D: NOT SUPPORTED — There is no evidence in the provided excerpts that a ketogenic diet improves cognition in MCI or early dementia.  

ANSWER: B"
3	1	ET-RAG	test.agent_etrag	A1	+ Evidence quality	cosine retrieval + evidence quality	0.7	0.3	0.0	1	Which of the following are components of the A-T-N AD biomarker framework?	A. Amyloid beta | B. Tau | C. Neurodegeneration markers | D. Synaptic vesicle proteins	A, B, C	Amyloid beta | Tau | Neurodegeneration markers	A, B, C	1.0	strict_partial_credit	True	0.738423	4.113	2.124	0.0	29	25	0.538351	0.551701	0.5072	0.852	1	0	0	0	0	False	False	False	False	False	2023-oxidative-damage-in-neurodegeneration-roles-in-the-pathogenesis-and-progression-of-alzheimer-disease.pdf | 2024 Advancements and Challenges in Antiamyloid Therapy for.pdf | 2024 Cell type-specific roles of APOE4 in Alzheimer disease.pdf | 2024 Neuroinflammation in Alzheimer disease.pdf | Recent advances in Alzheimer’s disease mechanisms clinical trials and new drug development strategies.pdf | alzheimer disease  2021.pdf	"A: SUPPORTED — The A-T-N framework includes amyloid beta as a key biomarker for Alzheimer's disease, as stated in ""Alzheimer disease"" (2021).  
B: SUPPORTED — Tau is also a component of the A-T-N framework, specifically as an abnormal tau protein biomarker, as mentioned in ""Alzheimer disease"" (2021).  
C: SUPPORTED — Neurodegeneration markers are included in the A-T-N framework, as they are used to indicate the severity of the Alzheimer's disease process, according to ""Alzheimer disease"" (2021).  
D: NOT SUPPORTED — Synaptic vesicle proteins are not mentioned as part of the A-T-N framework in the provided evidence.  

ANSWER: A, B, C"	"A: SUPPORTED — The A-T-N framework includes amyloid beta as a key biomarker for Alzheimer's disease, as stated in ""Alzheimer disease"" (2021).  
B: SUPPORTED — Tau is also a component of the A-T-N framework, specifically as an abnormal tau protein biomarker, as mentioned in ""Alzheimer disease"" (2021).  
C: SUPPORTED — Neurodegeneration markers are included in the A-T-N framework, as they are used to indicate the severity of the Alzheimer's disease process, according to ""Alzheimer disease"" (2021).  
D: NOT SUPPORTED — Synaptic vesicle proteins are not mentioned as part of the A-T-N framework in the provided evidence.  

ANSWER: A, B, C"
3	1	ET-RAG	test.agent_etrag	A1	+ Evidence quality	cosine retrieval + evidence quality	0.7	0.3	0.0	2	Which sleep-related conditions are discussed as contributing to AD progression?	A. Sleep apnea | B. Long sleep duration | C. Short sleep duration | D. Insomnia	A, B, C, D	Sleep apnea | Long sleep duration | Short sleep duration | Insomnia	A, B, C, D	1.0	strict_partial_credit	True	0.702103	3.849	2.083	0.0	16	16	0.43458	0.406543	0.5	0.865625	0	0	0	0	0	False	False	False	False	False	2023-oxidative-damage-in-neurodegeneration-roles-in-the-pathogenesis-and-progression-of-alzheimer-disease.pdf | 2024 Advancements and Challenges in Antiamyloid Therapy for.pdf | 2024 Linking activity dyshomeostasis and sleep disturbances in Alzheimer disease.pdf | 2025 Oligodendrocytes in Alzheimer’s disease pathophysiology.pdf | 2025 Updates on mouse models of Alzheimer’s disease.pdf | Recent advances in Alzheimer’s disease mechanisms clinical trials and new drug development strategies.pdf | alzheimer disease  2021.pdf	"A: SUPPORTED — Sleep disturbances, including obstructive sleep apnea, are discussed as contributing factors to the progression of Alzheimer's disease (AD) in the paper ""Alzheimer disease"" (2021).  
B: SUPPORTED — Long sleep duration is mentioned as a potential factor associated with cognitive decline in Alzheimer's disease in the paper ""Alzheimer disease"" (2021).  
C: SUPPORTED — Short sleep duration is discussed as a contributing factor to cognitive decline in Alzheimer's disease in the paper ""Alzheimer disease"" (2021).  
D: SUPPORTED — Insomnia is identified as a sleep disorder that can affect individuals with Alzheimer's disease and is discussed in the context of its impact on cognitive function in the paper ""Alzheimer disease"" (2021).  
ANSWER: A, B, C, D"	"A: SUPPORTED — Sleep disturbances, including obstructive sleep apnea, are discussed as contributing factors to the progression of Alzheimer's disease (AD) in the paper ""Alzheimer disease"" (2021).  
B: SUPPORTED — Long sleep duration is mentioned as a potential factor associated with cognitive decline in Alzheimer's disease in the paper ""Alzheimer disease"" (2021).  
C: SUPPORTED — Short sleep duration is discussed as a contributing factor to cognitive decline in Alzheimer's disease in the paper ""Alzheimer disease"" (2021).  
D: SUPPORTED — Insomnia is identified as a sleep disorder that can affect individuals with Alzheimer's disease and is discussed in the context of its impact on cognitive function in the paper ""Alzheimer disease"" (2021).  
ANSWER: A, B, C, D"
3	1	ET-RAG	test.agent_etrag	A1	+ Evidence quality	cosine retrieval + evidence quality	0.7	0.3	0.0	3	Which interventions were identified as promising for sleep-related AD therapy?	A. CBT-I | B. Suvorexant | C. Positive airway pressure treatment | D. Ketamine	A, B, C	CBT-I | Suvorexant | Positive airway pressure treatment	A, C	0.666667	strict_partial_credit	False	0.71571	6.98	4.356	0.0	18	18	0.473457	0.443332	0.54375	0.855556	0	0	0	0	0	False	False	False	False	False	2023-oxidative-damage-in-neurodegeneration-roles-in-the-pathogenesis-and-progression-of-alzheimer-disease.pdf | 2024 Advancements and Challenges in Antiamyloid Therapy for.pdf | 2024 Linking activity dyshomeostasis and sleep disturbances in Alzheimer disease.pdf | 2025 Updates on mouse models of Alzheimer’s disease.pdf | Recent advances in Alzheimer’s disease mechanisms clinical trials and new drug development strategies.pdf | alzheimer disease  2021.pdf	"A: SUPPORTED — Cognitive Behavioral Therapy for Insomnia (CBT-I) is discussed as a non-pharmacological intervention that may benefit patients with Alzheimer's disease experiencing sleep disturbances (Linking activity dyshomeostasis and sleep disturbances in Alzheimer disease, 2024).  
B: NOT SUPPORTED — There is no evidence provided in the excerpts that directly supports the use of Suvorexant for sleep-related therapy in Alzheimer's disease.  
C: SUPPORTED — Positive airway pressure treatment is mentioned as a method to treat comorbid sleep disorders like obstructive sleep apnea in patients with dementia (Alzheimer disease, 2021).  
D: NOT SUPPORTED — There is no evidence in the excerpts that supports the use of Ketamine for sleep-related therapy in Alzheimer's disease.  
ANSWER: A, C"	"A: SUPPORTED — Cognitive Behavioral Therapy for Insomnia (CBT-I) is discussed as a non-pharmacological intervention that may benefit patients with Alzheimer's disease experiencing sleep disturbances (Linking activity dyshomeostasis and sleep disturbances in Alzheimer disease, 2024).  
B: NOT SUPPORTED — There is no evidence provided in the excerpts that directly supports the use of Suvorexant for sleep-related therapy in Alzheimer's disease.  
C: SUPPORTED — Positive airway pressure treatment is mentioned as a method to treat comorbid sleep disorders like obstructive sleep apnea in patients with dementia (Alzheimer disease, 2021).  
D: NOT SUPPORTED — There is no evidence in the excerpts that supports the use of Ketamine for sleep-related therapy in Alzheimer's disease.  
ANSWER: A, C"
3	1	ET-RAG	test.agent_etrag	A1	+ Evidence quality	cosine retrieval + evidence quality	0.7	0.3	0.0	4	Hearing loss in older adults may lead to which of the following?	A. Decreased brain volume | B. Higher tau levels | C. Lower social engagement | D. Enhanced neurogenesis	A, B, C	Decreased brain volume | Higher tau levels | Lower social engagement	A, B, C, D	0.0	strict_partial_credit	False	0.723338	4.94	2.594	0.0	24	24	0.495251	0.479154	0.532813	0.872917	2	0	0	0	0	False	False	False	False	False	2023-oxidative-damage-in-neurodegeneration-roles-in-the-pathogenesis-and-progression-of-alzheimer-disease.pdf | 2024 Advancements and Challenges in Antiamyloid Therapy for.pdf | 2024 Cell type-specific roles of APOE4 in Alzheimer disease.pdf | 2024 Immune Activation in Alzheimer Disease.pdf | 2024 Linking activity dyshomeostasis and sleep disturbances in Alzheimer disease.pdf | 2024 Neuroinflammation in Alzheimer disease.pdf | 2025 Oligodendrocytes in Alzheimer’s disease pathophysiology.pdf | 2025 Updates on mouse models of Alzheimer’s disease.pdf | Recent advances in Alzheimer’s disease mechanisms clinical trials and new drug development strategies.pdf | alzheimer disease  2021.pdf	"A: SUPPORTED — Hearing loss in older adults is associated with decreased brain volume, as indicated by the evidence that cognitive impairment and increased amyloid by PET correlate with accelerated regional atrophy in the temporal and parietal isocortex (Alzheimer disease, 2021).  
B: SUPPORTED — Higher tau levels are associated with cognitive decline and neurodegeneration, as evidenced by the correlation between elevated tau biomarkers and increased risk of cognitive impairment (Alzheimer disease, 2021).  
C: SUPPORTED — Hearing loss in older adults is linked to lower social engagement, as neuropsychiatric symptoms such as social withdrawal often co-occur with cognitive deficits (Alzheimer disease, 2021).  
D: NOT SUPPORTED — There is no evidence provided that supports the idea that hearing loss in older adults leads to enhanced neurogenesis.  

ANSWER: A, B, C, D"	"A: SUPPORTED — Hearing loss in older adults is associated with decreased brain volume, as indicated by the evidence that cognitive impairment and increased amyloid by PET correlate with accelerated regional atrophy in the temporal and parietal isocortex (Alzheimer disease, 2021).  
B: SUPPORTED — Higher tau levels are associated with cognitive decline and neurodegeneration, as evidenced by the correlation between elevated tau biomarkers and increased risk of cognitive impairment (Alzheimer disease, 2021).  
C: SUPPORTED — Hearing loss in older adults is linked to lower social engagement, as neuropsychiatric symptoms such as social withdrawal often co-occur with cognitive deficits (Alzheimer disease, 2021).  
D: NOT SUPPORTED — There is no evidence provided that supports the idea that hearing loss in older adults leads to enhanced neurogenesis.  

ANSWER: A, B, C, D"
3	1	ET-RAG	test.agent_etrag	A1	+ Evidence quality	cosine retrieval + evidence quality	0.7	0.3	0.0	5	Which factors have been epidemiologically linked to AD?	A. Hypoxia | B. Gut microbiota imbalance | C. High education | D. Diet	A, B, D	Hypoxia | Gut microbiota imbalance | Diet	B, D	0.666667	strict_partial_credit	False	0.719548	4.435	2.688	0.0	20	20	0.484423	0.473891	0.509	0.87	0	0	0	0	0	False	False	False	False	False	2023-oxidative-damage-in-neurodegeneration-roles-in-the-pathogenesis-and-progression-of-alzheimer-disease.pdf | 2024 Advancements and Challenges in Antiamyloid Therapy for.pdf | 2024 Cell type-specific roles of APOE4 in Alzheimer disease.pdf | 2024 Immune Activation in Alzheimer Disease.pdf | 2024 Linking activity dyshomeostasis and sleep disturbances in Alzheimer disease.pdf | 2024 Neuroinflammation in Alzheimer disease.pdf | 2025 Updates on mouse models of Alzheimer’s disease.pdf | Recent advances in Alzheimer’s disease mechanisms clinical trials and new drug development strategies.pdf | alzheimer disease  2021.pdf	"A: NOT SUPPORTED — There is no direct evidence linking hypoxia to Alzheimer's disease in the provided excerpts.  
B: SUPPORTED — The microbiota-gut-brain axis hypothesis suggests that gut microbiota imbalance may influence brain function and has been linked to Alzheimer's disease (Recent advances in Alzheimer’s disease: mechanisms, clinical trials and new drug development strategies, year unknown).  
C: NOT SUPPORTED — The evidence does not support a direct link between high education and Alzheimer's disease in the provided excerpts.  
D: SUPPORTED — Specific dietary patterns have been linked to Alzheimer's disease risk, indicating that diet plays a role in the disease (Oxidative damage in neurodegeneration: roles in the pathogenesis and progression of Alzheimer disease, 2023).  
ANSWER: B, D"	"A: NOT SUPPORTED — There is no direct evidence linking hypoxia to Alzheimer's disease in the provided excerpts.  
B: SUPPORTED — The microbiota-gut-brain axis hypothesis suggests that gut microbiota imbalance may influence brain function and has been linked to Alzheimer's disease (Recent advances in Alzheimer’s disease: mechanisms, clinical trials and new drug development strategies, year unknown).  
C: NOT SUPPORTED — The evidence does not support a direct link between high education and Alzheimer's disease in the provided excerpts.  
D: SUPPORTED — Specific dietary patterns have been linked to Alzheimer's disease risk, indicating that diet plays a role in the disease (Oxidative damage in neurodegeneration: roles in the pathogenesis and progression of Alzheimer disease, 2023).  
ANSWER: B, D"
3	1	ET-RAG	test.agent_etrag	A1	+ Evidence quality	cosine retrieval + evidence quality	0.7	0.3	0.0	6	Which imaging biomarkers are used in AD diagnosis?	A. Tau-PET | B. MRI | C. CT | D. FDG-PET	A, B, D	Tau-PET | MRI | FDG-PET	A, B, D	1.0	strict_partial_credit	True	0.736548	4.369	2.174	0.0	28	25	0.532993	0.537876	0.5216	0.858	0	0	0	0	0	False	False	False	False	False	2023-oxidative-damage-in-neurodegeneration-roles-in-the-pathogenesis-and-progression-of-alzheimer-disease.pdf | 2024 Advancements and Challenges in Antiamyloid Therapy for.pdf | 2024 Immune Activation in Alzheimer Disease.pdf | 2024 Neuroinflammation in Alzheimer disease.pdf | 2025 Updates on mouse models of Alzheimer’s disease.pdf | Recent advances in Alzheimer’s disease mechanisms clinical trials and new drug development strategies.pdf | alzheimer disease  2021.pdf	"A: SUPPORTED — ""Tau-PET imaging allows the detection of tauopathy that is largely, though not entirely, specific for AD."" (Alzheimer disease, 2021)  
B: SUPPORTED — ""Structural MRI is also useful to assess patients for cerebral microbleeds that occur as a consequence of cerebral amyloid angiopathy."" (Alzheimer disease, 2021)  
C: NOT SUPPORTED — ""CT was superseded by MRI for research purposes."" (Alzheimer disease, 2021)  
D: SUPPORTED — ""FDG-PET has revealed a pattern of temporal-parietal and hippocampal hypometabolism that precedes volume loss in the same regions and is highly characteristic of AD."" (Alzheimer disease, 2021)  
ANSWER: A, B, D"	"A: SUPPORTED — ""Tau-PET imaging allows the detection of tauopathy that is largely, though not entirely, specific for AD."" (Alzheimer disease, 2021)  
B: SUPPORTED — ""Structural MRI is also useful to assess patients for cerebral microbleeds that occur as a consequence of cerebral amyloid angiopathy."" (Alzheimer disease, 2021)  
C: NOT SUPPORTED — ""CT was superseded by MRI for research purposes."" (Alzheimer disease, 2021)  
D: SUPPORTED — ""FDG-PET has revealed a pattern of temporal-parietal and hippocampal hypometabolism that precedes volume loss in the same regions and is highly characteristic of AD."" (Alzheimer disease, 2021)  
ANSWER: A, B, D"
3	1	ET-RAG	test.agent_etrag	A1	+ Evidence quality	cosine retrieval + evidence quality	0.7	0.3	0.0	7	What roles do CSF biomarkers play in AD diagnosis?	A. Stage disease progression | B. Diagnose mild cognitive impairment | C. Indicate tau pathology | D. Replace neuropsychological testing	A, B, C	Stage disease progression | Diagnose mild cognitive impairment | Indicate tau pathology	B, C	0.666667	strict_partial_credit	False	0.740975	4.271	2.313	0.0	31	25	0.545644	0.556334	0.5207	0.848	0	0	0	0	0	False	False	False	False	False	2024 Advancements and Challenges in Antiamyloid Therapy for.pdf | 2024 Immune Activation in Alzheimer Disease.pdf | 2024 Neuroinflammation in Alzheimer disease.pdf | Recent advances in Alzheimer’s disease mechanisms clinical trials and new drug development strategies.pdf | alzheimer disease  2021.pdf	"A: NOT SUPPORTED — The evidence indicates that CSF biomarkers are not useful for staging disease severity in Alzheimer's disease (AD) (Alzheimer disease, 2021).  
B: SUPPORTED — CSF biomarkers can help diagnose mild cognitive impairment (MCI) and are associated with an increased risk of progression to dementia (Alzheimer disease, 2021).  
C: SUPPORTED — Phosphorylated tau (p-tau181) is recognized as a specific biomarker for tau pathology in Alzheimer's disease (Alzheimer disease, 2021).  
D: NOT SUPPORTED — The evidence does not support the idea that CSF biomarkers can replace neuropsychological testing in the diagnosis of Alzheimer's disease (Alzheimer disease, 2021).  
ANSWER: B, C"	"A: NOT SUPPORTED — The evidence indicates that CSF biomarkers are not useful for staging disease severity in Alzheimer's disease (AD) (Alzheimer disease, 2021).  
B: SUPPORTED — CSF biomarkers can help diagnose mild cognitive impairment (MCI) and are associated with an increased risk of progression to dementia (Alzheimer disease, 2021).  
C: SUPPORTED — Phosphorylated tau (p-tau181) is recognized as a specific biomarker for tau pathology in Alzheimer's disease (Alzheimer disease, 2021).  
D: NOT SUPPORTED — The evidence does not support the idea that CSF biomarkers can replace neuropsychological testing in the diagnosis of Alzheimer's disease (Alzheimer disease, 2021).  
ANSWER: B, C"
3	1	ET-RAG	test.agent_etrag	A1	+ Evidence quality	cosine retrieval + evidence quality	0.7	0.3	0.0	8	What effects does gut microbiota have in AD animal models?	A. Promotes inflammation | B. Improves memory | C. Impairs spatial learning | D. Reduces tau levels	A, C	Promotes inflammation | Impairs spatial learning	A, B, C	0.0	strict_partial_credit	False	0.727648	7.071	2.464	0.0	10	10	0.507566	0.510808	0.5	0.87	0	0	0	0	0	False	False	False	False	False	2023-oxidative-damage-in-neurodegeneration-roles-in-the-pathogenesis-and-progression-of-alzheimer-disease.pdf | 2024 Advancements and Challenges in Antiamyloid Therapy for.pdf | 2024 Immune Activation in Alzheimer Disease.pdf | 2024 Neuroinflammation in Alzheimer disease.pdf | 2025 Updates on mouse models of Alzheimer’s disease.pdf | Recent advances in Alzheimer’s disease mechanisms clinical trials and new drug development strategies.pdf | alzheimer disease  2021.pdf	"A: SUPPORTED — The evidence indicates that microbiome-originated LPS and SCFAs may impair the permeability of the BBB and affect homeostasis, leading to increased inflammation in the brain, as discussed in ""Neuroinflammation in Alzheimer disease"" (2024).  
B: SUPPORTED — The therapy with Bifidobacterium and Lactobacillus species-based probiotics after antibiotic administration improves memory deficits in mouse models of AD, as noted in ""Neuroinflammation in Alzheimer disease"" (2024).  
C: SUPPORTED — The evidence suggests that microglia in germ-free animals have enhanced Aβ uptake and protect against tau-related neurodegeneration, which implies that the absence of gut microbiota may impair spatial learning, as mentioned in ""Neuroinflammation in Alzheimer disease"" (2024).  
D: NOT SUPPORTED — There is no evidence provided that directly states gut microbiota reduces tau levels in AD animal models.  

ANSWER: A, B, C"	"A: SUPPORTED — The evidence indicates that microbiome-originated LPS and SCFAs may impair the permeability of the BBB and affect homeostasis, leading to increased inflammation in the brain, as discussed in ""Neuroinflammation in Alzheimer disease"" (2024).  
B: SUPPORTED — The therapy with Bifidobacterium and Lactobacillus species-based probiotics after antibiotic administration improves memory deficits in mouse models of AD, as noted in ""Neuroinflammation in Alzheimer disease"" (2024).  
C: SUPPORTED — The evidence suggests that microglia in germ-free animals have enhanced Aβ uptake and protect against tau-related neurodegeneration, which implies that the absence of gut microbiota may impair spatial learning, as mentioned in ""Neuroinflammation in Alzheimer disease"" (2024).  
D: NOT SUPPORTED — There is no evidence provided that directly states gut microbiota reduces tau levels in AD animal models.  

ANSWER: A, B, C"
3	1	ET-RAG	test.agent_etrag	A1	+ Evidence quality	cosine retrieval + evidence quality	0.7	0.3	0.0	9	Which sleep characteristics are associated with AD?	A. Reduced REM duration | B. Abnormal slow-wave oscillations | C. Increased CSF tau during wakefulness | D. Stable sleep architecture	A, B, C	Reduced REM duration | Abnormal slow-wave oscillations | Increased CSF tau during wakefulness	A, B	0.666667	strict_partial_credit	False	0.704035	5.347	2.189	0.0	12	12	0.4401	0.414429	0.5	0.875	0	0	0	0	0	False	False	False	False	False	2023-oxidative-damage-in-neurodegeneration-roles-in-the-pathogenesis-and-progression-of-alzheimer-disease.pdf | 2024 Advancements and Challenges in Antiamyloid Therapy for.pdf | 2024 Immune Activation in Alzheimer Disease.pdf | 2024 Linking activity dyshomeostasis and sleep disturbances in Alzheimer disease.pdf | 2024 Neuroinflammation in Alzheimer disease.pdf | 2025 Updates on mouse models of Alzheimer’s disease.pdf | Recent advances in Alzheimer’s disease mechanisms clinical trials and new drug development strategies.pdf | alzheimer disease  2021.pdf	"A: SUPPORTED — Reduced sharp-wave ripples in NREM sleep and quiet wakefulness are observed in familial Alzheimer disease mouse models, indicating reduced REM duration is associated with AD (Linking activity dyshomeostasis and sleep disturbances in Alzheimer disease, 2024).  
B: SUPPORTED — Abnormal slow-wave oscillations are indicated by reduced UP state durations and failed transitions in AD mouse models, suggesting this characteristic is associated with AD (Linking activity dyshomeostasis and sleep disturbances in Alzheimer disease, 2024).  
C: NOT SUPPORTED — There is no direct evidence in the provided excerpts linking increased CSF tau during wakefulness specifically to sleep characteristics associated with AD.  
D: NOT SUPPORTED — The evidence does not support the notion of stable sleep architecture in the context of AD, as alterations in sleep patterns are noted in the literature (Linking activity dyshomeostasis and sleep disturbances in Alzheimer disease, 2024).  

ANSWER: A, B"	"A: SUPPORTED — Reduced sharp-wave ripples in NREM sleep and quiet wakefulness are observed in familial Alzheimer disease mouse models, indicating reduced REM duration is associated with AD (Linking activity dyshomeostasis and sleep disturbances in Alzheimer disease, 2024).  
B: SUPPORTED — Abnormal slow-wave oscillations are indicated by reduced UP state durations and failed transitions in AD mouse models, suggesting this characteristic is associated with AD (Linking activity dyshomeostasis and sleep disturbances in Alzheimer disease, 2024).  
C: NOT SUPPORTED — There is no direct evidence in the provided excerpts linking increased CSF tau during wakefulness specifically to sleep characteristics associated with AD.  
D: NOT SUPPORTED — The evidence does not support the notion of stable sleep architecture in the context of AD, as alterations in sleep patterns are noted in the literature (Linking activity dyshomeostasis and sleep disturbances in Alzheimer disease, 2024).  

ANSWER: A, B"
3	1	ET-RAG	test.agent_etrag	A1	+ Evidence quality	cosine retrieval + evidence quality	0.7	0.3	0.0	10	Which interventions may improve cognition in MCI or early dementia?	A. Melatonin | B. Rivasti gmine | C. Suvorexant | D. Ketogenic diet	A, B, C	Melatonin | Rivasti gmine | Suvorexant	B	0.333333	strict_partial_credit	False	0.719544	4.127	2.232	0.0	23	23	0.484411	0.456348	0.549891	0.854348	0	0	0	0	0	False	False	False	False	False	2023-oxidative-damage-in-neurodegeneration-roles-in-the-pathogenesis-and-progression-of-alzheimer-disease.pdf | 2024 Advancements and Challenges in Antiamyloid Therapy for.pdf | 2024 Linking activity dyshomeostasis and sleep disturbances in Alzheimer disease.pdf | 2025 Updates on mouse models of Alzheimer’s disease.pdf | Recent advances in Alzheimer’s disease mechanisms clinical trials and new drug development strategies.pdf | alzheimer disease  2021.pdf	"A: NOT SUPPORTED — There is no evidence in the provided excerpts that melatonin improves cognition in MCI or early dementia.  
B: SUPPORTED — Rivastigmine is a cholinesterase inhibitor that has shown modest benefits in delaying symptom progression in patients with mild to moderate Alzheimer's disease, as noted in the review ""Alzheimer disease"" (2021).  
C: NOT SUPPORTED — There is no evidence in the provided excerpts that suvorexant improves cognition in MCI or early dementia.  
D: NOT SUPPORTED — There is no evidence in the provided excerpts that a ketogenic diet improves cognition in MCI or early dementia.  
ANSWER: B"	"A: NOT SUPPORTED — There is no evidence in the provided excerpts that melatonin improves cognition in MCI or early dementia.  
B: SUPPORTED — Rivastigmine is a cholinesterase inhibitor that has shown modest benefits in delaying symptom progression in patients with mild to moderate Alzheimer's disease, as noted in the review ""Alzheimer disease"" (2021).  
C: NOT SUPPORTED — There is no evidence in the provided excerpts that suvorexant improves cognition in MCI or early dementia.  
D: NOT SUPPORTED — There is no evidence in the provided excerpts that a ketogenic diet improves cognition in MCI or early dementia.  
ANSWER: B"
4	1	ET-RAG	test.agent_etrag	A1	+ Evidence quality	cosine retrieval + evidence quality	0.7	0.3	0.0	1	Which of the following are components of the A-T-N AD biomarker framework?	A. Amyloid beta | B. Tau | C. Neurodegeneration markers | D. Synaptic vesicle proteins	A, B, C	Amyloid beta | Tau | Neurodegeneration markers	A, B, C	1.0	strict_partial_credit	True	0.738424	4.483	2.147	0.0	29	25	0.538353	0.551705	0.5072	0.852	1	0	0	0	0	False	False	False	False	False	2023-oxidative-damage-in-neurodegeneration-roles-in-the-pathogenesis-and-progression-of-alzheimer-disease.pdf | 2024 Advancements and Challenges in Antiamyloid Therapy for.pdf | 2024 Cell type-specific roles of APOE4 in Alzheimer disease.pdf | 2024 Neuroinflammation in Alzheimer disease.pdf | Recent advances in Alzheimer’s disease mechanisms clinical trials and new drug development strategies.pdf | alzheimer disease  2021.pdf	"A: SUPPORTED — The A-T-N framework includes amyloid beta as a key biomarker for Alzheimer's disease, as stated in ""Alzheimer disease"" (2021).  
B: SUPPORTED — The framework also incorporates tau as a significant biomarker, as mentioned in ""Alzheimer disease"" (2021).  
C: SUPPORTED — Neurodegeneration markers are part of the A-T-N framework, as indicated in ""Alzheimer disease"" (2021).  
D: NOT SUPPORTED — Synaptic vesicle proteins are not mentioned as components of the A-T-N framework in the provided evidence.  

ANSWER: A, B, C"	"A: SUPPORTED — The A-T-N framework includes amyloid beta as a key biomarker for Alzheimer's disease, as stated in ""Alzheimer disease"" (2021).  
B: SUPPORTED — The framework also incorporates tau as a significant biomarker, as mentioned in ""Alzheimer disease"" (2021).  
C: SUPPORTED — Neurodegeneration markers are part of the A-T-N framework, as indicated in ""Alzheimer disease"" (2021).  
D: NOT SUPPORTED — Synaptic vesicle proteins are not mentioned as components of the A-T-N framework in the provided evidence.  

ANSWER: A, B, C"
4	1	ET-RAG	test.agent_etrag	A1	+ Evidence quality	cosine retrieval + evidence quality	0.7	0.3	0.0	2	Which sleep-related conditions are discussed as contributing to AD progression?	A. Sleep apnea | B. Long sleep duration | C. Short sleep duration | D. Insomnia	A, B, C, D	Sleep apnea | Long sleep duration | Short sleep duration | Insomnia	A, B, C, D	1.0	strict_partial_credit	True	0.702106	3.739	2.029	0.0	16	16	0.434589	0.406555	0.5	0.865625	0	0	0	0	0	False	False	False	False	False	2023-oxidative-damage-in-neurodegeneration-roles-in-the-pathogenesis-and-progression-of-alzheimer-disease.pdf | 2024 Advancements and Challenges in Antiamyloid Therapy for.pdf | 2024 Linking activity dyshomeostasis and sleep disturbances in Alzheimer disease.pdf | 2025 Oligodendrocytes in Alzheimer’s disease pathophysiology.pdf | 2025 Updates on mouse models of Alzheimer’s disease.pdf | Recent advances in Alzheimer’s disease mechanisms clinical trials and new drug development strategies.pdf | alzheimer disease  2021.pdf	"A: SUPPORTED — Sleep disturbances, including obstructive sleep apnea, are discussed as contributing factors to the progression of Alzheimer's disease (AD) in the paper ""Alzheimer disease"" (2021).  
B: SUPPORTED — Long sleep duration is mentioned as a factor that may be associated with cognitive decline in Alzheimer's disease in the paper ""Alzheimer disease"" (2021).  
C: SUPPORTED — Short sleep duration is discussed as a potential contributor to cognitive decline in Alzheimer's disease in the paper ""Alzheimer disease"" (2021).  
D: SUPPORTED — Insomnia is identified as a sleep disorder that can affect individuals with Alzheimer's disease and is discussed in the context of its impact on cognitive function in the paper ""Alzheimer disease"" (2021).  
ANSWER: A, B, C, D"	"A: SUPPORTED — Sleep disturbances, including obstructive sleep apnea, are discussed as contributing factors to the progression of Alzheimer's disease (AD) in the paper ""Alzheimer disease"" (2021).  
B: SUPPORTED — Long sleep duration is mentioned as a factor that may be associated with cognitive decline in Alzheimer's disease in the paper ""Alzheimer disease"" (2021).  
C: SUPPORTED — Short sleep duration is discussed as a potential contributor to cognitive decline in Alzheimer's disease in the paper ""Alzheimer disease"" (2021).  
D: SUPPORTED — Insomnia is identified as a sleep disorder that can affect individuals with Alzheimer's disease and is discussed in the context of its impact on cognitive function in the paper ""Alzheimer disease"" (2021).  
ANSWER: A, B, C, D"
4	1	ET-RAG	test.agent_etrag	A1	+ Evidence quality	cosine retrieval + evidence quality	0.7	0.3	0.0	3	Which interventions were identified as promising for sleep-related AD therapy?	A. CBT-I | B. Suvorexant | C. Positive airway pressure treatment | D. Ketamine	A, B, C	CBT-I | Suvorexant | Positive airway pressure treatment	A, C	0.666667	strict_partial_credit	False	0.715707	4.178	2.001	0.0	18	18	0.473448	0.443319	0.54375	0.855556	0	0	0	0	0	False	False	False	False	False	2023-oxidative-damage-in-neurodegeneration-roles-in-the-pathogenesis-and-progression-of-alzheimer-disease.pdf | 2024 Advancements and Challenges in Antiamyloid Therapy for.pdf | 2024 Linking activity dyshomeostasis and sleep disturbances in Alzheimer disease.pdf | 2025 Updates on mouse models of Alzheimer’s disease.pdf | Recent advances in Alzheimer’s disease mechanisms clinical trials and new drug development strategies.pdf | alzheimer disease  2021.pdf	"A: SUPPORTED — Cognitive Behavioral Therapy for Insomnia (CBT-I) is discussed as a non-pharmacological intervention that may help improve sleep in patients with Alzheimer's disease (Alzheimer disease, 2021).  
B: NOT SUPPORTED — There is no evidence provided in the excerpts that directly supports the use of Suvorexant as a promising intervention for sleep-related Alzheimer's disease therapy.  
C: SUPPORTED — Positive airway pressure treatment is mentioned as a method to treat comorbid sleep disorders, such as obstructive sleep apnea, in patients with dementia (Alzheimer disease, 2021).  
D: NOT SUPPORTED — There is no evidence in the excerpts that supports the use of Ketamine as a promising intervention for sleep-related Alzheimer's disease therapy.  
ANSWER: A, C"	"A: SUPPORTED — Cognitive Behavioral Therapy for Insomnia (CBT-I) is discussed as a non-pharmacological intervention that may help improve sleep in patients with Alzheimer's disease (Alzheimer disease, 2021).  
B: NOT SUPPORTED — There is no evidence provided in the excerpts that directly supports the use of Suvorexant as a promising intervention for sleep-related Alzheimer's disease therapy.  
C: SUPPORTED — Positive airway pressure treatment is mentioned as a method to treat comorbid sleep disorders, such as obstructive sleep apnea, in patients with dementia (Alzheimer disease, 2021).  
D: NOT SUPPORTED — There is no evidence in the excerpts that supports the use of Ketamine as a promising intervention for sleep-related Alzheimer's disease therapy.  
ANSWER: A, C"
4	1	ET-RAG	test.agent_etrag	A1	+ Evidence quality	cosine retrieval + evidence quality	0.7	0.3	0.0	4	Hearing loss in older adults may lead to which of the following?	A. Decreased brain volume | B. Higher tau levels | C. Lower social engagement | D. Enhanced neurogenesis	A, B, C	Decreased brain volume | Higher tau levels | Lower social engagement	A, B, C, D	0.0	strict_partial_credit	False	0.723338	4.03	2.219	0.0	24	24	0.495252	0.479155	0.532813	0.872917	2	0	0	0	0	False	False	False	False	False	2023-oxidative-damage-in-neurodegeneration-roles-in-the-pathogenesis-and-progression-of-alzheimer-disease.pdf | 2024 Advancements and Challenges in Antiamyloid Therapy for.pdf | 2024 Cell type-specific roles of APOE4 in Alzheimer disease.pdf | 2024 Immune Activation in Alzheimer Disease.pdf | 2024 Linking activity dyshomeostasis and sleep disturbances in Alzheimer disease.pdf | 2024 Neuroinflammation in Alzheimer disease.pdf | 2025 Oligodendrocytes in Alzheimer’s disease pathophysiology.pdf | 2025 Updates on mouse models of Alzheimer’s disease.pdf | Recent advances in Alzheimer’s disease mechanisms clinical trials and new drug development strategies.pdf | alzheimer disease  2021.pdf	"A: SUPPORTED — Hearing loss in older adults is associated with decreased brain volume, as indicated by the evidence that cognitive impairment and increased amyloid levels correlate with accelerated regional atrophy in the temporal and parietal isocortex (Alzheimer disease, 2021).  
B: SUPPORTED — Higher tau levels are discussed in relation to cognitive decline and neurodegeneration, with evidence showing that elevated tau levels are associated with increased risk of cognitive impairment (Alzheimer disease, 2021).  
C: SUPPORTED — Hearing loss is linked to lower social engagement, as individuals with cognitive impairment often experience social withdrawal (Alzheimer disease, 2021).  
D: NOT SUPPORTED — There is no evidence provided that supports the idea that hearing loss in older adults leads to enhanced neurogenesis.  

ANSWER: A, B, C, D"	"A: SUPPORTED — Hearing loss in older adults is associated with decreased brain volume, as indicated by the evidence that cognitive impairment and increased amyloid levels correlate with accelerated regional atrophy in the temporal and parietal isocortex (Alzheimer disease, 2021).  
B: SUPPORTED — Higher tau levels are discussed in relation to cognitive decline and neurodegeneration, with evidence showing that elevated tau levels are associated with increased risk of cognitive impairment (Alzheimer disease, 2021).  
C: SUPPORTED — Hearing loss is linked to lower social engagement, as individuals with cognitive impairment often experience social withdrawal (Alzheimer disease, 2021).  
D: NOT SUPPORTED — There is no evidence provided that supports the idea that hearing loss in older adults leads to enhanced neurogenesis.  

ANSWER: A, B, C, D"
4	1	ET-RAG	test.agent_etrag	A1	+ Evidence quality	cosine retrieval + evidence quality	0.7	0.3	0.0	5	Which factors have been epidemiologically linked to AD?	A. Hypoxia | B. Gut microbiota imbalance | C. High education | D. Diet	A, B, D	Hypoxia | Gut microbiota imbalance | Diet	B, D	0.666667	strict_partial_credit	False	0.719548	4.007	2.264	0.0	20	20	0.484424	0.473892	0.509	0.87	0	0	0	0	0	False	False	False	False	False	2023-oxidative-damage-in-neurodegeneration-roles-in-the-pathogenesis-and-progression-of-alzheimer-disease.pdf | 2024 Advancements and Challenges in Antiamyloid Therapy for.pdf | 2024 Cell type-specific roles of APOE4 in Alzheimer disease.pdf | 2024 Immune Activation in Alzheimer Disease.pdf | 2024 Linking activity dyshomeostasis and sleep disturbances in Alzheimer disease.pdf | 2024 Neuroinflammation in Alzheimer disease.pdf | 2025 Updates on mouse models of Alzheimer’s disease.pdf | Recent advances in Alzheimer’s disease mechanisms clinical trials and new drug development strategies.pdf | alzheimer disease  2021.pdf	"A: NOT SUPPORTED — There is no direct evidence linking hypoxia to Alzheimer's disease in the provided excerpts.  
B: SUPPORTED — The microbiota-gut-brain axis hypothesis suggests that gut microbiota imbalance may influence brain function and has been linked to Alzheimer's disease (Recent advances in Alzheimer’s disease: mechanisms, clinical trials and new drug development strategies, year unknown).  
C: NOT SUPPORTED — The evidence does not support a direct link between high education and Alzheimer's disease in the provided excerpts.  
D: SUPPORTED — Specific dietary patterns have been linked to Alzheimer's disease risk, indicating that diet plays a role in the disease (Oxidative damage in neurodegeneration: roles in the pathogenesis and progression of Alzheimer disease, 2023).  
ANSWER: B, D"	"A: NOT SUPPORTED — There is no direct evidence linking hypoxia to Alzheimer's disease in the provided excerpts.  
B: SUPPORTED — The microbiota-gut-brain axis hypothesis suggests that gut microbiota imbalance may influence brain function and has been linked to Alzheimer's disease (Recent advances in Alzheimer’s disease: mechanisms, clinical trials and new drug development strategies, year unknown).  
C: NOT SUPPORTED — The evidence does not support a direct link between high education and Alzheimer's disease in the provided excerpts.  
D: SUPPORTED — Specific dietary patterns have been linked to Alzheimer's disease risk, indicating that diet plays a role in the disease (Oxidative damage in neurodegeneration: roles in the pathogenesis and progression of Alzheimer disease, 2023).  
ANSWER: B, D"
4	1	ET-RAG	test.agent_etrag	A1	+ Evidence quality	cosine retrieval + evidence quality	0.7	0.3	0.0	6	Which imaging biomarkers are used in AD diagnosis?	A. Tau-PET | B. MRI | C. CT | D. FDG-PET	A, B, D	Tau-PET | MRI | FDG-PET	A, B, D	1.0	strict_partial_credit	True	0.736534	6.457	4.446	0.0	28	25	0.532954	0.53782	0.5216	0.858	0	0	0	0	0	False	False	False	False	False	2023-oxidative-damage-in-neurodegeneration-roles-in-the-pathogenesis-and-progression-of-alzheimer-disease.pdf | 2024 Advancements and Challenges in Antiamyloid Therapy for.pdf | 2024 Immune Activation in Alzheimer Disease.pdf | 2024 Neuroinflammation in Alzheimer disease.pdf | 2025 Updates on mouse models of Alzheimer’s disease.pdf | Recent advances in Alzheimer’s disease mechanisms clinical trials and new drug development strategies.pdf | alzheimer disease  2021.pdf	"A: SUPPORTED — ""Tau-PET imaging allows the detection of tauopathy that is largely, though not entirely, specific for AD."" (Alzheimer disease, 2021)  
B: SUPPORTED — ""Structural MRI is also useful to assess patients for cerebral microbleeds that occur as a consequence of cerebral amyloid angiopathy."" (Alzheimer disease, 2021)  
C: NOT SUPPORTED — ""CT was superseded by MRI for research purposes."" (Alzheimer disease, 2021)  
D: SUPPORTED — ""FDG-PET has revealed a pattern of temporal-parietal and hippocampal hypometabolism that precedes volume loss in the same regions and is highly characteristic of AD."" (Alzheimer disease, 2021)  
ANSWER: A, B, D"	"A: SUPPORTED — ""Tau-PET imaging allows the detection of tauopathy that is largely, though not entirely, specific for AD."" (Alzheimer disease, 2021)  
B: SUPPORTED — ""Structural MRI is also useful to assess patients for cerebral microbleeds that occur as a consequence of cerebral amyloid angiopathy."" (Alzheimer disease, 2021)  
C: NOT SUPPORTED — ""CT was superseded by MRI for research purposes."" (Alzheimer disease, 2021)  
D: SUPPORTED — ""FDG-PET has revealed a pattern of temporal-parietal and hippocampal hypometabolism that precedes volume loss in the same regions and is highly characteristic of AD."" (Alzheimer disease, 2021)  
ANSWER: A, B, D"
4	1	ET-RAG	test.agent_etrag	A1	+ Evidence quality	cosine retrieval + evidence quality	0.7	0.3	0.0	7	What roles do CSF biomarkers play in AD diagnosis?	A. Stage disease progression | B. Diagnose mild cognitive impairment | C. Indicate tau pathology | D. Replace neuropsychological testing	A, B, C	Stage disease progression | Diagnose mild cognitive impairment | Indicate tau pathology	B, C	0.666667	strict_partial_credit	False	0.740976	5.576	2.322	0.0	31	25	0.545645	0.556336	0.5207	0.848	0	0	0	0	0	False	False	False	False	False	2024 Advancements and Challenges in Antiamyloid Therapy for.pdf | 2024 Immune Activation in Alzheimer Disease.pdf | 2024 Neuroinflammation in Alzheimer disease.pdf | Recent advances in Alzheimer’s disease mechanisms clinical trials and new drug development strategies.pdf | alzheimer disease  2021.pdf	"A: NOT SUPPORTED — The evidence indicates that CSF biomarkers are not useful for staging disease severity in Alzheimer's disease (AD) (Alzheimer disease, 2021).  
B: SUPPORTED — CSF biomarkers can help diagnose mild cognitive impairment (MCI) and are associated with an increased risk of progression to dementia (Alzheimer disease, 2021).  
C: SUPPORTED — Phosphorylated tau (p-tau181) is recognized as a specific biomarker for tau pathology in Alzheimer's disease (Alzheimer disease, 2021).  
D: NOT SUPPORTED — The evidence does not support the idea that CSF biomarkers can replace neuropsychological testing in the diagnosis of Alzheimer's disease (Alzheimer disease, 2021).  
ANSWER: B, C"	"A: NOT SUPPORTED — The evidence indicates that CSF biomarkers are not useful for staging disease severity in Alzheimer's disease (AD) (Alzheimer disease, 2021).  
B: SUPPORTED — CSF biomarkers can help diagnose mild cognitive impairment (MCI) and are associated with an increased risk of progression to dementia (Alzheimer disease, 2021).  
C: SUPPORTED — Phosphorylated tau (p-tau181) is recognized as a specific biomarker for tau pathology in Alzheimer's disease (Alzheimer disease, 2021).  
D: NOT SUPPORTED — The evidence does not support the idea that CSF biomarkers can replace neuropsychological testing in the diagnosis of Alzheimer's disease (Alzheimer disease, 2021).  
ANSWER: B, C"
4	1	ET-RAG	test.agent_etrag	A1	+ Evidence quality	cosine retrieval + evidence quality	0.7	0.3	0.0	8	What effects does gut microbiota have in AD animal models?	A. Promotes inflammation | B. Improves memory | C. Impairs spatial learning | D. Reduces tau levels	A, C	Promotes inflammation | Impairs spatial learning	A, B, C	0.0	strict_partial_credit	False	0.727644	4.136	2.22	0.0	10	10	0.507553	0.51079	0.5	0.87	0	0	0	0	0	False	False	False	False	False	2023-oxidative-damage-in-neurodegeneration-roles-in-the-pathogenesis-and-progression-of-alzheimer-disease.pdf | 2024 Advancements and Challenges in Antiamyloid Therapy for.pdf | 2024 Immune Activation in Alzheimer Disease.pdf | 2024 Neuroinflammation in Alzheimer disease.pdf | 2025 Updates on mouse models of Alzheimer’s disease.pdf | Recent advances in Alzheimer’s disease mechanisms clinical trials and new drug development strategies.pdf | alzheimer disease  2021.pdf	"A: SUPPORTED — The evidence indicates that microbiome-originated LPS and SCFAs may impair the permeability of the BBB and affect homeostasis, leading to increased neuroinflammation, as discussed in ""Neuroinflammation in Alzheimer disease"" (2024).  
B: SUPPORTED — Therapy with Bifidobacterium and Lactobacillus species-based probiotics after antibiotic administration improves memory deficits in mouse models of AD, as noted in ""Neuroinflammation in Alzheimer disease"" (2024).  
C: SUPPORTED — Microglia in germ-free animals have enhanced Aβ uptake at early disease stages and protect against tau-related neurodegeneration, which implies impairment in spatial learning, as mentioned in ""Neuroinflammation in Alzheimer disease"" (2024).  
D: NOT SUPPORTED — There is no evidence provided that directly states gut microbiota reduces tau levels in AD animal models.  

ANSWER: A, B, C"	"A: SUPPORTED — The evidence indicates that microbiome-originated LPS and SCFAs may impair the permeability of the BBB and affect homeostasis, leading to increased neuroinflammation, as discussed in ""Neuroinflammation in Alzheimer disease"" (2024).  
B: SUPPORTED — Therapy with Bifidobacterium and Lactobacillus species-based probiotics after antibiotic administration improves memory deficits in mouse models of AD, as noted in ""Neuroinflammation in Alzheimer disease"" (2024).  
C: SUPPORTED — Microglia in germ-free animals have enhanced Aβ uptake at early disease stages and protect against tau-related neurodegeneration, which implies impairment in spatial learning, as mentioned in ""Neuroinflammation in Alzheimer disease"" (2024).  
D: NOT SUPPORTED — There is no evidence provided that directly states gut microbiota reduces tau levels in AD animal models.  

ANSWER: A, B, C"
4	1	ET-RAG	test.agent_etrag	A1	+ Evidence quality	cosine retrieval + evidence quality	0.7	0.3	0.0	9	Which sleep characteristics are associated with AD?	A. Reduced REM duration | B. Abnormal slow-wave oscillations | C. Increased CSF tau during wakefulness | D. Stable sleep architecture	A, B, C	Reduced REM duration | Abnormal slow-wave oscillations | Increased CSF tau during wakefulness	A, B	0.666667	strict_partial_credit	False	0.704035	4.875	1.975	0.0	12	12	0.4401	0.414429	0.5	0.875	0	0	0	0	0	False	False	False	False	False	2023-oxidative-damage-in-neurodegeneration-roles-in-the-pathogenesis-and-progression-of-alzheimer-disease.pdf | 2024 Advancements and Challenges in Antiamyloid Therapy for.pdf | 2024 Immune Activation in Alzheimer Disease.pdf | 2024 Linking activity dyshomeostasis and sleep disturbances in Alzheimer disease.pdf | 2024 Neuroinflammation in Alzheimer disease.pdf | 2025 Updates on mouse models of Alzheimer’s disease.pdf | Recent advances in Alzheimer’s disease mechanisms clinical trials and new drug development strategies.pdf | alzheimer disease  2021.pdf	"A: SUPPORTED — Reduced sharp-wave ripples in NREM sleep and quiet wakefulness are observed in familial Alzheimer disease mouse models, indicating reduced REM duration is associated with AD (Linking activity dyshomeostasis and sleep disturbances in Alzheimer disease, 2024).  
B: SUPPORTED — Abnormal slow-wave oscillations are indicated by reduced UP state durations and failed transitions in AD mouse models, suggesting this characteristic is associated with AD (Linking activity dyshomeostasis and sleep disturbances in Alzheimer disease, 2024).  
C: NOT SUPPORTED — There is no direct evidence in the provided excerpts linking increased CSF tau during wakefulness specifically to sleep characteristics associated with AD.  
D: NOT SUPPORTED — The evidence does not support stable sleep architecture as being associated with AD; rather, alterations in sleep patterns are noted (Linking activity dyshomeostasis and sleep disturbances in Alzheimer disease, 2024).  
ANSWER: A, B"	"A: SUPPORTED — Reduced sharp-wave ripples in NREM sleep and quiet wakefulness are observed in familial Alzheimer disease mouse models, indicating reduced REM duration is associated with AD (Linking activity dyshomeostasis and sleep disturbances in Alzheimer disease, 2024).  
B: SUPPORTED — Abnormal slow-wave oscillations are indicated by reduced UP state durations and failed transitions in AD mouse models, suggesting this characteristic is associated with AD (Linking activity dyshomeostasis and sleep disturbances in Alzheimer disease, 2024).  
C: NOT SUPPORTED — There is no direct evidence in the provided excerpts linking increased CSF tau during wakefulness specifically to sleep characteristics associated with AD.  
D: NOT SUPPORTED — The evidence does not support stable sleep architecture as being associated with AD; rather, alterations in sleep patterns are noted (Linking activity dyshomeostasis and sleep disturbances in Alzheimer disease, 2024).  
ANSWER: A, B"
4	1	ET-RAG	test.agent_etrag	A1	+ Evidence quality	cosine retrieval + evidence quality	0.7	0.3	0.0	10	Which interventions may improve cognition in MCI or early dementia?	A. Melatonin | B. Rivasti gmine | C. Suvorexant | D. Ketogenic diet	A, B, C	Melatonin | Rivasti gmine | Suvorexant	B	0.333333	strict_partial_credit	False	0.719544	6.016	1.866	0.0	23	23	0.484411	0.456349	0.549891	0.854348	0	0	0	0	0	False	False	False	False	False	2023-oxidative-damage-in-neurodegeneration-roles-in-the-pathogenesis-and-progression-of-alzheimer-disease.pdf | 2024 Advancements and Challenges in Antiamyloid Therapy for.pdf | 2024 Linking activity dyshomeostasis and sleep disturbances in Alzheimer disease.pdf | 2025 Updates on mouse models of Alzheimer’s disease.pdf | Recent advances in Alzheimer’s disease mechanisms clinical trials and new drug development strategies.pdf | alzheimer disease  2021.pdf	"A: NOT SUPPORTED — There is no evidence in the provided excerpts that melatonin improves cognition in MCI or early dementia.  
B: SUPPORTED — Rivastigmine is a cholinesterase inhibitor that has shown modest benefits in delaying symptom progression in patients with mild to moderate Alzheimer's disease, as noted in the paper ""Alzheimer disease"" (2021).  
C: NOT SUPPORTED — There is no evidence in the provided excerpts that suvorexant improves cognition in MCI or early dementia.  
D: NOT SUPPORTED — There is no evidence in the provided excerpts that a ketogenic diet improves cognition in MCI or early dementia.  

ANSWER: B"	"A: NOT SUPPORTED — There is no evidence in the provided excerpts that melatonin improves cognition in MCI or early dementia.  
B: SUPPORTED — Rivastigmine is a cholinesterase inhibitor that has shown modest benefits in delaying symptom progression in patients with mild to moderate Alzheimer's disease, as noted in the paper ""Alzheimer disease"" (2021).  
C: NOT SUPPORTED — There is no evidence in the provided excerpts that suvorexant improves cognition in MCI or early dementia.  
D: NOT SUPPORTED — There is no evidence in the provided excerpts that a ketogenic diet improves cognition in MCI or early dementia.  

ANSWER: B"
5	1	ET-RAG	test.agent_etrag	A1	+ Evidence quality	cosine retrieval + evidence quality	0.7	0.3	0.0	1	Which of the following are components of the A-T-N AD biomarker framework?	A. Amyloid beta | B. Tau | C. Neurodegeneration markers | D. Synaptic vesicle proteins	A, B, C	Amyloid beta | Tau | Neurodegeneration markers	A, B, C	1.0	strict_partial_credit	True	0.738423	4.256	2.098	0.0	29	25	0.538351	0.551701	0.5072	0.852	1	0	0	0	0	False	False	False	False	False	2023-oxidative-damage-in-neurodegeneration-roles-in-the-pathogenesis-and-progression-of-alzheimer-disease.pdf | 2024 Advancements and Challenges in Antiamyloid Therapy for.pdf | 2024 Cell type-specific roles of APOE4 in Alzheimer disease.pdf | 2024 Neuroinflammation in Alzheimer disease.pdf | Recent advances in Alzheimer’s disease mechanisms clinical trials and new drug development strategies.pdf | alzheimer disease  2021.pdf	"A: SUPPORTED — The A-T-N framework includes amyloid beta as a key biomarker, as stated in ""Alzheimer disease"" (2021).  
B: SUPPORTED — Tau is also a component of the A-T-N framework, as indicated in ""Alzheimer disease"" (2021).  
C: SUPPORTED — Neurodegeneration markers are part of the A-T-N framework, as discussed in ""Alzheimer disease"" (2021).  
D: NOT SUPPORTED — Synaptic vesicle proteins are not mentioned as part of the A-T-N framework in the provided evidence.  

ANSWER: A, B, C"	"A: SUPPORTED — The A-T-N framework includes amyloid beta as a key biomarker, as stated in ""Alzheimer disease"" (2021).  
B: SUPPORTED — Tau is also a component of the A-T-N framework, as indicated in ""Alzheimer disease"" (2021).  
C: SUPPORTED — Neurodegeneration markers are part of the A-T-N framework, as discussed in ""Alzheimer disease"" (2021).  
D: NOT SUPPORTED — Synaptic vesicle proteins are not mentioned as part of the A-T-N framework in the provided evidence.  

ANSWER: A, B, C"
5	1	ET-RAG	test.agent_etrag	A1	+ Evidence quality	cosine retrieval + evidence quality	0.7	0.3	0.0	2	Which sleep-related conditions are discussed as contributing to AD progression?	A. Sleep apnea | B. Long sleep duration | C. Short sleep duration | D. Insomnia	A, B, C, D	Sleep apnea | Long sleep duration | Short sleep duration | Insomnia	A, B, C, D	1.0	strict_partial_credit	True	0.702103	3.936	2.068	0.0	16	16	0.43458	0.406543	0.5	0.865625	0	0	0	0	0	False	False	False	False	False	2023-oxidative-damage-in-neurodegeneration-roles-in-the-pathogenesis-and-progression-of-alzheimer-disease.pdf | 2024 Advancements and Challenges in Antiamyloid Therapy for.pdf | 2024 Linking activity dyshomeostasis and sleep disturbances in Alzheimer disease.pdf | 2025 Oligodendrocytes in Alzheimer’s disease pathophysiology.pdf | 2025 Updates on mouse models of Alzheimer’s disease.pdf | Recent advances in Alzheimer’s disease mechanisms clinical trials and new drug development strategies.pdf | alzheimer disease  2021.pdf	"A: SUPPORTED — Sleep disturbances, including obstructive sleep apnea, are discussed as contributing factors to the progression of Alzheimer's disease (AD) in the paper ""Alzheimer disease"" (2021).  
B: SUPPORTED — Long sleep duration is mentioned as a potential factor associated with cognitive decline in Alzheimer's disease in the paper ""Alzheimer disease"" (2021).  
C: SUPPORTED — Short sleep duration is discussed as a contributing factor to cognitive decline in Alzheimer's disease in the paper ""Alzheimer disease"" (2021).  
D: SUPPORTED — Insomnia is identified as a sleep disorder that can affect individuals with Alzheimer's disease and is discussed in the context of its impact on cognitive function in the paper ""Alzheimer disease"" (2021).  
ANSWER: A, B, C, D"	"A: SUPPORTED — Sleep disturbances, including obstructive sleep apnea, are discussed as contributing factors to the progression of Alzheimer's disease (AD) in the paper ""Alzheimer disease"" (2021).  
B: SUPPORTED — Long sleep duration is mentioned as a potential factor associated with cognitive decline in Alzheimer's disease in the paper ""Alzheimer disease"" (2021).  
C: SUPPORTED — Short sleep duration is discussed as a contributing factor to cognitive decline in Alzheimer's disease in the paper ""Alzheimer disease"" (2021).  
D: SUPPORTED — Insomnia is identified as a sleep disorder that can affect individuals with Alzheimer's disease and is discussed in the context of its impact on cognitive function in the paper ""Alzheimer disease"" (2021).  
ANSWER: A, B, C, D"
5	1	ET-RAG	test.agent_etrag	A1	+ Evidence quality	cosine retrieval + evidence quality	0.7	0.3	0.0	3	Which interventions were identified as promising for sleep-related AD therapy?	A. CBT-I | B. Suvorexant | C. Positive airway pressure treatment | D. Ketamine	A, B, C	CBT-I | Suvorexant | Positive airway pressure treatment	A, C	0.666667	strict_partial_credit	False	0.715706	4.438	2.093	0.0	18	18	0.473447	0.443317	0.54375	0.855556	0	0	0	0	0	False	False	False	False	False	2023-oxidative-damage-in-neurodegeneration-roles-in-the-pathogenesis-and-progression-of-alzheimer-disease.pdf | 2024 Advancements and Challenges in Antiamyloid Therapy for.pdf | 2024 Linking activity dyshomeostasis and sleep disturbances in Alzheimer disease.pdf | 2025 Updates on mouse models of Alzheimer’s disease.pdf | Recent advances in Alzheimer’s disease mechanisms clinical trials and new drug development strategies.pdf | alzheimer disease  2021.pdf	"A: SUPPORTED — Cognitive Behavioral Therapy for Insomnia (CBT-I) is discussed as a non-pharmacological intervention that may benefit patients with Alzheimer's disease experiencing sleep disturbances (Linking activity dyshomeostasis and sleep disturbances in Alzheimer disease, 2024).  
B: NOT SUPPORTED — There is no evidence provided in the excerpts that directly supports the use of Suvorexant for sleep-related therapy in Alzheimer's disease.  
C: SUPPORTED — Positive airway pressure treatment is mentioned as a method to treat comorbid sleep disorders, such as obstructive sleep apnea, in patients with dementia (Alzheimer disease, 2021).  
D: NOT SUPPORTED — There is no evidence in the excerpts that supports the use of Ketamine for sleep-related therapy in Alzheimer's disease.  

ANSWER: A, C"	"A: SUPPORTED — Cognitive Behavioral Therapy for Insomnia (CBT-I) is discussed as a non-pharmacological intervention that may benefit patients with Alzheimer's disease experiencing sleep disturbances (Linking activity dyshomeostasis and sleep disturbances in Alzheimer disease, 2024).  
B: NOT SUPPORTED — There is no evidence provided in the excerpts that directly supports the use of Suvorexant for sleep-related therapy in Alzheimer's disease.  
C: SUPPORTED — Positive airway pressure treatment is mentioned as a method to treat comorbid sleep disorders, such as obstructive sleep apnea, in patients with dementia (Alzheimer disease, 2021).  
D: NOT SUPPORTED — There is no evidence in the excerpts that supports the use of Ketamine for sleep-related therapy in Alzheimer's disease.  

ANSWER: A, C"
5	1	ET-RAG	test.agent_etrag	A1	+ Evidence quality	cosine retrieval + evidence quality	0.7	0.3	0.0	4	Hearing loss in older adults may lead to which of the following?	A. Decreased brain volume | B. Higher tau levels | C. Lower social engagement | D. Enhanced neurogenesis	A, B, C	Decreased brain volume | Higher tau levels | Lower social engagement	A, B, C	1.0	strict_partial_credit	True	0.723339	4.504	2.058	0.0	24	24	0.495253	0.479156	0.532813	0.872917	2	0	0	0	0	False	False	False	False	False	2023-oxidative-damage-in-neurodegeneration-roles-in-the-pathogenesis-and-progression-of-alzheimer-disease.pdf | 2024 Advancements and Challenges in Antiamyloid Therapy for.pdf | 2024 Cell type-specific roles of APOE4 in Alzheimer disease.pdf | 2024 Immune Activation in Alzheimer Disease.pdf | 2024 Linking activity dyshomeostasis and sleep disturbances in Alzheimer disease.pdf | 2024 Neuroinflammation in Alzheimer disease.pdf | 2025 Oligodendrocytes in Alzheimer’s disease pathophysiology.pdf | 2025 Updates on mouse models of Alzheimer’s disease.pdf | Recent advances in Alzheimer’s disease mechanisms clinical trials and new drug development strategies.pdf | alzheimer disease  2021.pdf	"A: SUPPORTED — Hearing loss in older adults is associated with decreased brain volume, as indicated by the evidence that cognitive impairment and increased amyloid by PET are linked to accelerated regional atrophy in the temporal and parietal isocortex (Alzheimer disease, 2021).  
B: SUPPORTED — Higher tau levels are discussed in relation to cognitive decline and neurodegeneration, with evidence showing that elevated tau levels are associated with increased risk of cognitive decline in individuals with mild cognitive impairment (Alzheimer disease, 2021).  
C: SUPPORTED — Lower social engagement is noted as a common outcome in individuals with cognitive deficits, including those with hearing loss, as neuropsychiatric symptoms such as social withdrawal often co-occur with cognitive decline (Alzheimer disease, 2021).  
D: NOT SUPPORTED — There is no evidence provided that supports the idea that hearing loss in older adults leads to enhanced neurogenesis; rather, the evidence focuses on cognitive decline and neurodegeneration (Alzheimer disease, 2021).  
ANSWER: A, B, C"	"A: SUPPORTED — Hearing loss in older adults is associated with decreased brain volume, as indicated by the evidence that cognitive impairment and increased amyloid by PET are linked to accelerated regional atrophy in the temporal and parietal isocortex (Alzheimer disease, 2021).  
B: SUPPORTED — Higher tau levels are discussed in relation to cognitive decline and neurodegeneration, with evidence showing that elevated tau levels are associated with increased risk of cognitive decline in individuals with mild cognitive impairment (Alzheimer disease, 2021).  
C: SUPPORTED — Lower social engagement is noted as a common outcome in individuals with cognitive deficits, including those with hearing loss, as neuropsychiatric symptoms such as social withdrawal often co-occur with cognitive decline (Alzheimer disease, 2021).  
D: NOT SUPPORTED — There is no evidence provided that supports the idea that hearing loss in older adults leads to enhanced neurogenesis; rather, the evidence focuses on cognitive decline and neurodegeneration (Alzheimer disease, 2021).  
ANSWER: A, B, C"
5	1	ET-RAG	test.agent_etrag	A1	+ Evidence quality	cosine retrieval + evidence quality	0.7	0.3	0.0	5	Which factors have been epidemiologically linked to AD?	A. Hypoxia | B. Gut microbiota imbalance | C. High education | D. Diet	A, B, D	Hypoxia | Gut microbiota imbalance | Diet	B, D	0.666667	strict_partial_credit	False	0.719548	3.918	2.134	0.0	20	20	0.484422	0.473889	0.509	0.87	0	0	0	0	0	False	False	False	False	False	2023-oxidative-damage-in-neurodegeneration-roles-in-the-pathogenesis-and-progression-of-alzheimer-disease.pdf | 2024 Advancements and Challenges in Antiamyloid Therapy for.pdf | 2024 Cell type-specific roles of APOE4 in Alzheimer disease.pdf | 2024 Immune Activation in Alzheimer Disease.pdf | 2024 Linking activity dyshomeostasis and sleep disturbances in Alzheimer disease.pdf | 2024 Neuroinflammation in Alzheimer disease.pdf | 2025 Updates on mouse models of Alzheimer’s disease.pdf | Recent advances in Alzheimer’s disease mechanisms clinical trials and new drug development strategies.pdf | alzheimer disease  2021.pdf	"A: NOT SUPPORTED — There is no direct evidence linking hypoxia to Alzheimer's disease in the provided excerpts.  
B: SUPPORTED — The microbiota-gut-brain axis hypothesis suggests that gut microbiota imbalance may influence brain function and has been linked to Alzheimer's disease (Recent advances in Alzheimer’s disease: mechanisms, clinical trials and new drug development strategies, year unknown).  
C: NOT SUPPORTED — The evidence does not support a direct link between high education and Alzheimer's disease in the provided excerpts.  
D: SUPPORTED — Specific dietary patterns have been linked to Alzheimer's disease risk, indicating that diet plays a role in the disease (Oxidative damage in neurodegeneration: roles in the pathogenesis and progression of Alzheimer disease, 2023).  
ANSWER: B, D"	"A: NOT SUPPORTED — There is no direct evidence linking hypoxia to Alzheimer's disease in the provided excerpts.  
B: SUPPORTED — The microbiota-gut-brain axis hypothesis suggests that gut microbiota imbalance may influence brain function and has been linked to Alzheimer's disease (Recent advances in Alzheimer’s disease: mechanisms, clinical trials and new drug development strategies, year unknown).  
C: NOT SUPPORTED — The evidence does not support a direct link between high education and Alzheimer's disease in the provided excerpts.  
D: SUPPORTED — Specific dietary patterns have been linked to Alzheimer's disease risk, indicating that diet plays a role in the disease (Oxidative damage in neurodegeneration: roles in the pathogenesis and progression of Alzheimer disease, 2023).  
ANSWER: B, D"
5	1	ET-RAG	test.agent_etrag	A1	+ Evidence quality	cosine retrieval + evidence quality	0.7	0.3	0.0	6	Which imaging biomarkers are used in AD diagnosis?	A. Tau-PET | B. MRI | C. CT | D. FDG-PET	A, B, D	Tau-PET | MRI | FDG-PET	A, B, D	1.0	strict_partial_credit	True	0.736538	4.669	2.682	0.0	28	25	0.532966	0.537837	0.5216	0.858	0	0	0	0	0	False	False	False	False	False	2023-oxidative-damage-in-neurodegeneration-roles-in-the-pathogenesis-and-progression-of-alzheimer-disease.pdf | 2024 Advancements and Challenges in Antiamyloid Therapy for.pdf | 2024 Immune Activation in Alzheimer Disease.pdf | 2024 Neuroinflammation in Alzheimer disease.pdf | 2025 Updates on mouse models of Alzheimer’s disease.pdf | Recent advances in Alzheimer’s disease mechanisms clinical trials and new drug development strategies.pdf | alzheimer disease  2021.pdf	"A: SUPPORTED — Tau-PET imaging allows the detection of tauopathy that is largely specific for Alzheimer's disease, providing a measure of regional tau abundance and distribution (Alzheimer disease, 2021).  
B: SUPPORTED — Structural MRI is often used as a first step to exclude other causes of cognitive impairment and allows the assessment of macroscopic brain atrophy, which is associated with Alzheimer's disease (Alzheimer disease, 2021).  
C: NOT SUPPORTED — While CT is mentioned as an imaging modality used to evaluate cognitive impairment, it lacks specificity or sensitivity for Alzheimer's disease and is not supported as a current biomarker for diagnosis (Alzheimer disease, 2021).  
D: SUPPORTED — FDG-PET detects reduced glucose metabolism in the posterior cingulate and temporoparietal lobes, which is characteristic of Alzheimer's disease and supports its use in diagnosis (Alzheimer disease, 2021).  
ANSWER: A, B, D"	"A: SUPPORTED — Tau-PET imaging allows the detection of tauopathy that is largely specific for Alzheimer's disease, providing a measure of regional tau abundance and distribution (Alzheimer disease, 2021).  
B: SUPPORTED — Structural MRI is often used as a first step to exclude other causes of cognitive impairment and allows the assessment of macroscopic brain atrophy, which is associated with Alzheimer's disease (Alzheimer disease, 2021).  
C: NOT SUPPORTED — While CT is mentioned as an imaging modality used to evaluate cognitive impairment, it lacks specificity or sensitivity for Alzheimer's disease and is not supported as a current biomarker for diagnosis (Alzheimer disease, 2021).  
D: SUPPORTED — FDG-PET detects reduced glucose metabolism in the posterior cingulate and temporoparietal lobes, which is characteristic of Alzheimer's disease and supports its use in diagnosis (Alzheimer disease, 2021).  
ANSWER: A, B, D"
5	1	ET-RAG	test.agent_etrag	A1	+ Evidence quality	cosine retrieval + evidence quality	0.7	0.3	0.0	7	What roles do CSF biomarkers play in AD diagnosis?	A. Stage disease progression | B. Diagnose mild cognitive impairment | C. Indicate tau pathology | D. Replace neuropsychological testing	A, B, C	Stage disease progression | Diagnose mild cognitive impairment | Indicate tau pathology	B, C	0.666667	strict_partial_credit	False	0.740975	4.397	2.047	0.0	31	25	0.545644	0.556334	0.5207	0.848	0	0	0	0	0	False	False	False	False	False	2024 Advancements and Challenges in Antiamyloid Therapy for.pdf | 2024 Immune Activation in Alzheimer Disease.pdf | 2024 Neuroinflammation in Alzheimer disease.pdf | Recent advances in Alzheimer’s disease mechanisms clinical trials and new drug development strategies.pdf | alzheimer disease  2021.pdf	"A: NOT SUPPORTED — The evidence indicates that CSF biomarkers are not useful for staging disease severity in Alzheimer's disease (AD) (Alzheimer disease, 2021).  
B: SUPPORTED — CSF biomarkers can help diagnose mild cognitive impairment (MCI) and are associated with an increased risk of progression to dementia (Alzheimer disease, 2021).  
C: SUPPORTED — Phosphorylated tau (p-tau181) is recognized as a specific biomarker for tau pathology in Alzheimer's disease (Alzheimer disease, 2021).  
D: NOT SUPPORTED — The evidence does not support the idea that CSF biomarkers can replace neuropsychological testing in the diagnosis of Alzheimer's disease (Alzheimer disease, 2021).  
ANSWER: B, C"	"A: NOT SUPPORTED — The evidence indicates that CSF biomarkers are not useful for staging disease severity in Alzheimer's disease (AD) (Alzheimer disease, 2021).  
B: SUPPORTED — CSF biomarkers can help diagnose mild cognitive impairment (MCI) and are associated with an increased risk of progression to dementia (Alzheimer disease, 2021).  
C: SUPPORTED — Phosphorylated tau (p-tau181) is recognized as a specific biomarker for tau pathology in Alzheimer's disease (Alzheimer disease, 2021).  
D: NOT SUPPORTED — The evidence does not support the idea that CSF biomarkers can replace neuropsychological testing in the diagnosis of Alzheimer's disease (Alzheimer disease, 2021).  
ANSWER: B, C"
5	1	ET-RAG	test.agent_etrag	A1	+ Evidence quality	cosine retrieval + evidence quality	0.7	0.3	0.0	8	What effects does gut microbiota have in AD animal models?	A. Promotes inflammation | B. Improves memory | C. Impairs spatial learning | D. Reduces tau levels	A, C	Promotes inflammation | Impairs spatial learning	A, B, C	0.0	strict_partial_credit	False	0.727644	4.062	2.121	0.0	10	10	0.507553	0.51079	0.5	0.87	0	0	0	0	0	False	False	False	False	False	2023-oxidative-damage-in-neurodegeneration-roles-in-the-pathogenesis-and-progression-of-alzheimer-disease.pdf | 2024 Advancements and Challenges in Antiamyloid Therapy for.pdf | 2024 Immune Activation in Alzheimer Disease.pdf | 2024 Neuroinflammation in Alzheimer disease.pdf | 2025 Updates on mouse models of Alzheimer’s disease.pdf | Recent advances in Alzheimer’s disease mechanisms clinical trials and new drug development strategies.pdf | alzheimer disease  2021.pdf	"A: SUPPORTED — The evidence indicates that microbiome-originated LPS and SCFAs may impair the permeability of the BBB and affect homeostasis, leading to increased neuroinflammation in Alzheimer disease models (Neuroinflammation in Alzheimer disease, 2024).  
B: SUPPORTED — Therapy with Bifidobacterium and Lactobacillus species-based probiotics after antibiotic administration improves memory deficits in mouse models of AD (Neuroinflammation in Alzheimer disease, 2024).  
C: SUPPORTED — Microglia in germ-free animals have enhanced Aβ uptake at early disease stages and protect against tau-related neurodegeneration, suggesting that alterations in the microbiome can impair spatial learning (Neuroinflammation in Alzheimer disease, 2024).  
D: NOT SUPPORTED — There is no evidence provided that directly states that gut microbiota reduces tau levels in AD animal models.  

ANSWER: A, B, C"	"A: SUPPORTED — The evidence indicates that microbiome-originated LPS and SCFAs may impair the permeability of the BBB and affect homeostasis, leading to increased neuroinflammation in Alzheimer disease models (Neuroinflammation in Alzheimer disease, 2024).  
B: SUPPORTED — Therapy with Bifidobacterium and Lactobacillus species-based probiotics after antibiotic administration improves memory deficits in mouse models of AD (Neuroinflammation in Alzheimer disease, 2024).  
C: SUPPORTED — Microglia in germ-free animals have enhanced Aβ uptake at early disease stages and protect against tau-related neurodegeneration, suggesting that alterations in the microbiome can impair spatial learning (Neuroinflammation in Alzheimer disease, 2024).  
D: NOT SUPPORTED — There is no evidence provided that directly states that gut microbiota reduces tau levels in AD animal models.  

ANSWER: A, B, C"
5	1	ET-RAG	test.agent_etrag	A1	+ Evidence quality	cosine retrieval + evidence quality	0.7	0.3	0.0	9	Which sleep characteristics are associated with AD?	A. Reduced REM duration | B. Abnormal slow-wave oscillations | C. Increased CSF tau during wakefulness | D. Stable sleep architecture	A, B, C	Reduced REM duration | Abnormal slow-wave oscillations | Increased CSF tau during wakefulness	A, B	0.666667	strict_partial_credit	False	0.704039	7.149	1.959	0.0	12	12	0.440111	0.414444	0.5	0.875	0	0	0	0	0	False	False	False	False	False	2023-oxidative-damage-in-neurodegeneration-roles-in-the-pathogenesis-and-progression-of-alzheimer-disease.pdf | 2024 Advancements and Challenges in Antiamyloid Therapy for.pdf | 2024 Immune Activation in Alzheimer Disease.pdf | 2024 Linking activity dyshomeostasis and sleep disturbances in Alzheimer disease.pdf | 2024 Neuroinflammation in Alzheimer disease.pdf | 2025 Updates on mouse models of Alzheimer’s disease.pdf | Recent advances in Alzheimer’s disease mechanisms clinical trials and new drug development strategies.pdf | alzheimer disease  2021.pdf	"A: SUPPORTED — Reduced sharp-wave ripples in NREM sleep and quiet wakefulness are observed in familial Alzheimer disease mouse models, indicating reduced REM duration is associated with AD (Linking activity dyshomeostasis and sleep disturbances in Alzheimer disease, 2024).  
B: SUPPORTED — Abnormal slow-wave oscillations are indicated by reduced UP state durations and failed transitions in AD mouse models, suggesting this characteristic is associated with AD (Linking activity dyshomeostasis and sleep disturbances in Alzheimer disease, 2024).  
C: NOT SUPPORTED — There is no direct evidence in the provided excerpts linking increased CSF tau during wakefulness specifically to sleep characteristics associated with AD.  
D: NOT SUPPORTED — The evidence does not support the notion of stable sleep architecture in the context of AD, as alterations in sleep patterns are noted in the literature (Linking activity dyshomeostasis and sleep disturbances in Alzheimer disease, 2024).  
ANSWER: A, B"	"A: SUPPORTED — Reduced sharp-wave ripples in NREM sleep and quiet wakefulness are observed in familial Alzheimer disease mouse models, indicating reduced REM duration is associated with AD (Linking activity dyshomeostasis and sleep disturbances in Alzheimer disease, 2024).  
B: SUPPORTED — Abnormal slow-wave oscillations are indicated by reduced UP state durations and failed transitions in AD mouse models, suggesting this characteristic is associated with AD (Linking activity dyshomeostasis and sleep disturbances in Alzheimer disease, 2024).  
C: NOT SUPPORTED — There is no direct evidence in the provided excerpts linking increased CSF tau during wakefulness specifically to sleep characteristics associated with AD.  
D: NOT SUPPORTED — The evidence does not support the notion of stable sleep architecture in the context of AD, as alterations in sleep patterns are noted in the literature (Linking activity dyshomeostasis and sleep disturbances in Alzheimer disease, 2024).  
ANSWER: A, B"
5	1	ET-RAG	test.agent_etrag	A1	+ Evidence quality	cosine retrieval + evidence quality	0.7	0.3	0.0	10	Which interventions may improve cognition in MCI or early dementia?	A. Melatonin | B. Rivasti gmine | C. Suvorexant | D. Ketogenic diet	A, B, C	Melatonin | Rivasti gmine | Suvorexant	B	0.333333	strict_partial_credit	False	0.71954	5.186	3.194	0.0	23	23	0.484401	0.456334	0.549891	0.854348	0	0	0	0	0	False	False	False	False	False	2023-oxidative-damage-in-neurodegeneration-roles-in-the-pathogenesis-and-progression-of-alzheimer-disease.pdf | 2024 Advancements and Challenges in Antiamyloid Therapy for.pdf | 2024 Linking activity dyshomeostasis and sleep disturbances in Alzheimer disease.pdf | 2025 Updates on mouse models of Alzheimer’s disease.pdf | Recent advances in Alzheimer’s disease mechanisms clinical trials and new drug development strategies.pdf | alzheimer disease  2021.pdf	"A: NOT SUPPORTED — There is no evidence indicating that melatonin improves cognition in MCI or early dementia.  
B: SUPPORTED — Rivastigmine is a cholinesterase inhibitor that has shown modest benefits in delaying symptom progression in patients with mild to moderate Alzheimer's disease, as noted in the review ""Alzheimer disease"" (2021).  
C: NOT SUPPORTED — There is no evidence indicating that suvorexant improves cognition in MCI or early dementia.  
D: NOT SUPPORTED — There is no evidence indicating that a ketogenic diet improves cognition in MCI or early dementia.  

ANSWER: B"	"A: NOT SUPPORTED — There is no evidence indicating that melatonin improves cognition in MCI or early dementia.  
B: SUPPORTED — Rivastigmine is a cholinesterase inhibitor that has shown modest benefits in delaying symptom progression in patients with mild to moderate Alzheimer's disease, as noted in the review ""Alzheimer disease"" (2021).  
C: NOT SUPPORTED — There is no evidence indicating that suvorexant improves cognition in MCI or early dementia.  
D: NOT SUPPORTED — There is no evidence indicating that a ketogenic diet improves cognition in MCI or early dementia.  

ANSWER: B"
