round_number	config_order	agent_family	invocation_source	config_id	configuration	enabled_components	similarity_weight	evidence_weight	temporal_weight	question_number	question	options	correct_answer_keys	correct_answer_texts	predicted_answer_keys	correctness_score	correctness_scheme	is_correct	confidence	execution_time_sec	base_retrieval_time_sec	option_retrieval_time_sec	candidate_count	top_chunk_count	mean_top_retrieval_score	mean_top_cosine_score	mean_top_evidence_score	mean_top_temporal_score	evidence_query_candidates_added	temporal_query_candidates_added	hybrid_context_file_count	hybrid_option_passage_count	hybrid_context_char_count	hybrid_non_regression_guard	hybrid_context	per_option_retrieval	quality_check	quality_changed	source_files	draft_answer	final_answer
1	2	ET-RAG	test.agent_etrag	A2	+ Temporal recency	cosine retrieval + evidence quality + temporal recency	0.5	0.3	0.2	1	Which of the following are components of the A-T-N AD biomarker framework?	A. Amyloid beta | B. Tau | C. Neurodegeneration markers | D. Synaptic vesicle proteins	A, B, C	Amyloid beta | Tau | Neurodegeneration markers	A, B, C	1.0	strict_partial_credit	True	0.760394	13.579	6.962	0.0	29	25	0.601124	0.551529	0.5072	0.866	1	0	0	0	0	False	False	False	False	False	2023-oxidative-damage-in-neurodegeneration-roles-in-the-pathogenesis-and-progression-of-alzheimer-disease.pdf | 2024 Advancements and Challenges in Antiamyloid Therapy for.pdf | 2024 Cell type-specific roles of APOE4 in Alzheimer disease.pdf | 2024 Neuroinflammation in Alzheimer disease.pdf | alzheimer disease  2021.pdf	"A: SUPPORTED — The A-T-N framework includes amyloid beta (Aβ) as a key biomarker for Alzheimer's disease, as stated in ""Alzheimer disease"" (2021).  
B: SUPPORTED — The framework also incorporates tau (T) as a significant biomarker, as discussed in ""Alzheimer disease"" (2021).  
C: SUPPORTED — Neurodegeneration markers (N) are part of the A-T-N framework, as indicated in ""Alzheimer disease"" (2021).  
D: NOT SUPPORTED — Synaptic vesicle proteins are not mentioned as part of the A-T-N framework in the provided evidence.  

ANSWER: A, B, C"	"A: SUPPORTED — The A-T-N framework includes amyloid beta (Aβ) as a key biomarker for Alzheimer's disease, as stated in ""Alzheimer disease"" (2021).  
B: SUPPORTED — The framework also incorporates tau (T) as a significant biomarker, as discussed in ""Alzheimer disease"" (2021).  
C: SUPPORTED — Neurodegeneration markers (N) are part of the A-T-N framework, as indicated in ""Alzheimer disease"" (2021).  
D: NOT SUPPORTED — Synaptic vesicle proteins are not mentioned as part of the A-T-N framework in the provided evidence.  

ANSWER: A, B, C"
1	2	ET-RAG	test.agent_etrag	A2	+ Temporal recency	cosine retrieval + evidence quality + temporal recency	0.5	0.3	0.2	2	Which sleep-related conditions are discussed as contributing to AD progression?	A. Sleep apnea | B. Long sleep duration | C. Short sleep duration | D. Insomnia	A, B, C, D	Sleep apnea | Long sleep duration | Short sleep duration | Insomnia	A, B, C, D	1.0	strict_partial_credit	True	0.734406	4.147	2.159	0.0	16	16	0.526875	0.4075	0.5	0.865625	0	0	0	0	0	False	False	False	False	False	2023-oxidative-damage-in-neurodegeneration-roles-in-the-pathogenesis-and-progression-of-alzheimer-disease.pdf | 2024 Advancements and Challenges in Antiamyloid Therapy for.pdf | 2024 Linking activity dyshomeostasis and sleep disturbances in Alzheimer disease.pdf | 2025 Oligodendrocytes in Alzheimer’s disease pathophysiology.pdf | 2025 Updates on mouse models of Alzheimer’s disease.pdf | Recent advances in Alzheimer’s disease mechanisms clinical trials and new drug development strategies.pdf | alzheimer disease  2021.pdf	"A: SUPPORTED — Sleep disturbances, including obstructive sleep apnea, are discussed as contributing factors to the progression of Alzheimer's disease (AD) in the paper ""Alzheimer disease"" (2021).  
B: SUPPORTED — Long sleep duration is mentioned as a sleep-related condition that may contribute to the progression of Alzheimer's disease in the paper ""Alzheimer disease"" (2021).  
C: SUPPORTED — Short sleep duration is discussed as a factor that may contribute to the progression of Alzheimer's disease in the paper ""Alzheimer disease"" (2021).  
D: SUPPORTED — Insomnia is identified as a sleep-related condition that can contribute to the progression of Alzheimer's disease in the paper ""Alzheimer disease"" (2021).  
ANSWER: A, B, C, D"	"A: SUPPORTED — Sleep disturbances, including obstructive sleep apnea, are discussed as contributing factors to the progression of Alzheimer's disease (AD) in the paper ""Alzheimer disease"" (2021).  
B: SUPPORTED — Long sleep duration is mentioned as a sleep-related condition that may contribute to the progression of Alzheimer's disease in the paper ""Alzheimer disease"" (2021).  
C: SUPPORTED — Short sleep duration is discussed as a factor that may contribute to the progression of Alzheimer's disease in the paper ""Alzheimer disease"" (2021).  
D: SUPPORTED — Insomnia is identified as a sleep-related condition that can contribute to the progression of Alzheimer's disease in the paper ""Alzheimer disease"" (2021).  
ANSWER: A, B, C, D"
1	2	ET-RAG	test.agent_etrag	A2	+ Temporal recency	cosine retrieval + evidence quality + temporal recency	0.5	0.3	0.2	3	Which interventions were identified as promising for sleep-related AD therapy?	A. CBT-I | B. Suvorexant | C. Positive airway pressure treatment | D. Ketamine	A, B, C	CBT-I | Suvorexant | Positive airway pressure treatment	A, C	0.666667	strict_partial_credit	False	0.744563	6.165	4.036	0.0	18	18	0.555895	0.443317	0.54375	0.855556	0	0	0	0	0	False	False	False	False	False	2023-oxidative-damage-in-neurodegeneration-roles-in-the-pathogenesis-and-progression-of-alzheimer-disease.pdf | 2024 Advancements and Challenges in Antiamyloid Therapy for.pdf | 2024 Linking activity dyshomeostasis and sleep disturbances in Alzheimer disease.pdf | 2025 Updates on mouse models of Alzheimer’s disease.pdf | Recent advances in Alzheimer’s disease mechanisms clinical trials and new drug development strategies.pdf | alzheimer disease  2021.pdf	"A: SUPPORTED — Cognitive Behavioral Therapy for Insomnia (CBT-I) is discussed as a non-pharmacological intervention that may help improve sleep in patients with Alzheimer's disease (AD) (Linking activity dyshomeostasis and sleep disturbances in Alzheimer disease, 2024).  
B: NOT SUPPORTED — There is no evidence provided in the excerpts that directly supports the use of Suvorexant as a promising intervention for sleep-related AD therapy.  
C: SUPPORTED — Positive airway pressure treatment is mentioned as a method to treat comorbid sleep disorders, such as obstructive sleep apnea, in patients with dementia (Alzheimer disease, 2021).  
D: NOT SUPPORTED — There is no evidence in the excerpts that supports the use of Ketamine as a promising intervention for sleep-related AD therapy.  

ANSWER: A, C"	"A: SUPPORTED — Cognitive Behavioral Therapy for Insomnia (CBT-I) is discussed as a non-pharmacological intervention that may help improve sleep in patients with Alzheimer's disease (AD) (Linking activity dyshomeostasis and sleep disturbances in Alzheimer disease, 2024).  
B: NOT SUPPORTED — There is no evidence provided in the excerpts that directly supports the use of Suvorexant as a promising intervention for sleep-related AD therapy.  
C: SUPPORTED — Positive airway pressure treatment is mentioned as a method to treat comorbid sleep disorders, such as obstructive sleep apnea, in patients with dementia (Alzheimer disease, 2021).  
D: NOT SUPPORTED — There is no evidence in the excerpts that supports the use of Ketamine as a promising intervention for sleep-related AD therapy.  

ANSWER: A, C"
1	2	ET-RAG	test.agent_etrag	A2	+ Temporal recency	cosine retrieval + evidence quality + temporal recency	0.5	0.3	0.2	4	Hearing loss in older adults may lead to which of the following?	A. Decreased brain volume | B. Higher tau levels | C. Lower social engagement | D. Enhanced neurogenesis	A, B, C	Decreased brain volume | Higher tau levels | Lower social engagement	A, B, C	1.0	strict_partial_credit	True	0.751134	5.42	2.627	0.0	24	24	0.574668	0.480482	0.532813	0.872917	2	0	0	0	0	False	False	False	False	False	2023-oxidative-damage-in-neurodegeneration-roles-in-the-pathogenesis-and-progression-of-alzheimer-disease.pdf | 2024 Advancements and Challenges in Antiamyloid Therapy for.pdf | 2024 Cell type-specific roles of APOE4 in Alzheimer disease.pdf | 2024 Immune Activation in Alzheimer Disease.pdf | 2024 Linking activity dyshomeostasis and sleep disturbances in Alzheimer disease.pdf | 2024 Neuroinflammation in Alzheimer disease.pdf | 2025 Oligodendrocytes in Alzheimer’s disease pathophysiology.pdf | 2025 Updates on mouse models of Alzheimer’s disease.pdf | Recent advances in Alzheimer’s disease mechanisms clinical trials and new drug development strategies.pdf | alzheimer disease  2021.pdf	"A: SUPPORTED — Hearing loss in older adults is associated with decreased brain volume, as indicated by the evidence that structural imaging can assess macroscopic brain atrophy, which reflects tissue loss in individuals with cognitive impairment (Alzheimer disease, 2021).  
B: SUPPORTED — Higher tau levels are discussed in relation to cognitive decline and neurodegeneration, with evidence showing that elevated tau levels are associated with increased risk of cognitive impairment and dementia (Alzheimer disease, 2021).  
C: SUPPORTED — Lower social engagement is noted as a common consequence of cognitive decline in older adults, with neuropsychiatric symptoms such as social withdrawal being evident in mild dementia (Alzheimer disease, 2021).  
D: NOT SUPPORTED — There is no evidence provided that supports the idea that hearing loss in older adults leads to enhanced neurogenesis; rather, the evidence focuses on cognitive decline and neurodegeneration (Alzheimer disease, 2021).  
ANSWER: A, B, C"	"A: SUPPORTED — Hearing loss in older adults is associated with decreased brain volume, as indicated by the evidence that structural imaging can assess macroscopic brain atrophy, which reflects tissue loss in individuals with cognitive impairment (Alzheimer disease, 2021).  
B: SUPPORTED — Higher tau levels are discussed in relation to cognitive decline and neurodegeneration, with evidence showing that elevated tau levels are associated with increased risk of cognitive impairment and dementia (Alzheimer disease, 2021).  
C: SUPPORTED — Lower social engagement is noted as a common consequence of cognitive decline in older adults, with neuropsychiatric symptoms such as social withdrawal being evident in mild dementia (Alzheimer disease, 2021).  
D: NOT SUPPORTED — There is no evidence provided that supports the idea that hearing loss in older adults leads to enhanced neurogenesis; rather, the evidence focuses on cognitive decline and neurodegeneration (Alzheimer disease, 2021).  
ANSWER: A, B, C"
1	2	ET-RAG	test.agent_etrag	A2	+ Temporal recency	cosine retrieval + evidence quality + temporal recency	0.5	0.3	0.2	5	Which factors have been epidemiologically linked to AD?	A. Hypoxia | B. Gut microbiota imbalance | C. High education | D. Diet	A, B, D	Hypoxia | Gut microbiota imbalance | Diet	B, D	0.666667	strict_partial_credit	False	0.747743	4.282	2.111	0.0	20	20	0.56498	0.47656	0.509	0.87	0	0	0	0	0	False	False	False	False	False	2023-oxidative-damage-in-neurodegeneration-roles-in-the-pathogenesis-and-progression-of-alzheimer-disease.pdf | 2024 Advancements and Challenges in Antiamyloid Therapy for.pdf | 2024 Cell type-specific roles of APOE4 in Alzheimer disease.pdf | 2024 Immune Activation in Alzheimer Disease.pdf | 2024 Linking activity dyshomeostasis and sleep disturbances in Alzheimer disease.pdf | 2024 Neuroinflammation in Alzheimer disease.pdf | 2025 Updates on mouse models of Alzheimer’s disease.pdf | Recent advances in Alzheimer’s disease mechanisms clinical trials and new drug development strategies.pdf | alzheimer disease  2021.pdf	"A: NOT SUPPORTED — There is no direct evidence linking hypoxia to Alzheimer's disease in the provided excerpts.  
B: SUPPORTED — The microbiota-gut-brain axis hypothesis suggests that gut microbiota imbalance may influence brain function and is discussed in the context of Alzheimer's disease (Recent advances in Alzheimer’s disease: mechanisms, clinical trials and new drug development strategies, year unknown).  
C: NOT SUPPORTED — High education is not mentioned in the context of Alzheimer's disease in the provided excerpts.  
D: SUPPORTED — Specific dietary patterns have been linked to Alzheimer's disease risk, indicating that diet plays a role in the disease (Oxidative damage in neurodegeneration: roles in the pathogenesis and progression of Alzheimer disease, 2023).  
ANSWER: B, D"	"A: NOT SUPPORTED — There is no direct evidence linking hypoxia to Alzheimer's disease in the provided excerpts.  
B: SUPPORTED — The microbiota-gut-brain axis hypothesis suggests that gut microbiota imbalance may influence brain function and is discussed in the context of Alzheimer's disease (Recent advances in Alzheimer’s disease: mechanisms, clinical trials and new drug development strategies, year unknown).  
C: NOT SUPPORTED — High education is not mentioned in the context of Alzheimer's disease in the provided excerpts.  
D: SUPPORTED — Specific dietary patterns have been linked to Alzheimer's disease risk, indicating that diet plays a role in the disease (Oxidative damage in neurodegeneration: roles in the pathogenesis and progression of Alzheimer disease, 2023).  
ANSWER: B, D"
1	2	ET-RAG	test.agent_etrag	A2	+ Temporal recency	cosine retrieval + evidence quality + temporal recency	0.5	0.3	0.2	6	Which imaging biomarkers are used in AD diagnosis?	A. Tau-PET | B. MRI | C. CT | D. FDG-PET	A, B, D	Tau-PET | MRI | FDG-PET	A, B, D	1.0	strict_partial_credit	True	0.759333	4.723	2.785	0.0	28	25	0.598095	0.540031	0.5216	0.858	0	0	0	0	0	False	False	False	False	False	2023-oxidative-damage-in-neurodegeneration-roles-in-the-pathogenesis-and-progression-of-alzheimer-disease.pdf | 2024 Advancements and Challenges in Antiamyloid Therapy for.pdf | 2024 Immune Activation in Alzheimer Disease.pdf | 2024 Neuroinflammation in Alzheimer disease.pdf | 2025 Updates on mouse models of Alzheimer’s disease.pdf | Recent advances in Alzheimer’s disease mechanisms clinical trials and new drug development strategies.pdf | alzheimer disease  2021.pdf	"A: SUPPORTED — Tau-PET imaging allows the detection of tauopathy that is largely specific for Alzheimer's disease and is used as a biomarker in the diagnosis of the disease (Alzheimer disease, 2021).  
B: SUPPORTED — Structural MRI is often used as a first step to exclude other causes of cognitive impairment and is associated with Alzheimer's disease (Alzheimer disease, 2021).  
C: NOT SUPPORTED — While CT is mentioned as a method used in the initial evaluation of cognitive impairment, it is not specifically supported as a biomarker for Alzheimer's disease diagnosis (Alzheimer disease, 2021).  
D: SUPPORTED — FDG-PET has revealed a pattern of hypometabolism that is highly characteristic of Alzheimer's disease and is used in its diagnostic investigation (Alzheimer disease, 2021).  
ANSWER: A, B, D"	"A: SUPPORTED — Tau-PET imaging allows the detection of tauopathy that is largely specific for Alzheimer's disease and is used as a biomarker in the diagnosis of the disease (Alzheimer disease, 2021).  
B: SUPPORTED — Structural MRI is often used as a first step to exclude other causes of cognitive impairment and is associated with Alzheimer's disease (Alzheimer disease, 2021).  
C: NOT SUPPORTED — While CT is mentioned as a method used in the initial evaluation of cognitive impairment, it is not specifically supported as a biomarker for Alzheimer's disease diagnosis (Alzheimer disease, 2021).  
D: SUPPORTED — FDG-PET has revealed a pattern of hypometabolism that is highly characteristic of Alzheimer's disease and is used in its diagnostic investigation (Alzheimer disease, 2021).  
ANSWER: A, B, D"
1	2	ET-RAG	test.agent_etrag	A2	+ Temporal recency	cosine retrieval + evidence quality + temporal recency	0.5	0.3	0.2	7	What roles do CSF biomarkers play in AD diagnosis?	A. Stage disease progression | B. Diagnose mild cognitive impairment | C. Indicate tau pathology | D. Replace neuropsychological testing	A, B, C	Stage disease progression | Diagnose mild cognitive impairment | Indicate tau pathology	A, B, C, D	0.0	strict_partial_credit	False	0.762346	6.211	2.656	0.0	31	25	0.606704	0.554588	0.5207	0.866	0	0	0	0	0	False	False	False	False	False	2023-oxidative-damage-in-neurodegeneration-roles-in-the-pathogenesis-and-progression-of-alzheimer-disease.pdf | 2024 Advancements and Challenges in Antiamyloid Therapy for.pdf | 2024 Immune Activation in Alzheimer Disease.pdf | 2024 Neuroinflammation in Alzheimer disease.pdf | alzheimer disease  2021.pdf	"A: SUPPORTED — CSF biomarkers are recognized by research guidelines for their diagnostic utility in Alzheimer's disease (AD) and are used clinically to indicate the presence of AD pathology (Alzheimer disease, 2021).  
B: SUPPORTED — CSF biomarkers can help diagnose mild cognitive impairment (MCI) and are associated with an increased risk of progression to dementia (Alzheimer disease, 2021).  
C: SUPPORTED — Phosphorylated tau (p-tau181) is considered a specific biomarker for tau pathology in Alzheimer's disease (Alzheimer disease, 2021).  
D: NOT SUPPORTED — There is no evidence that CSF biomarkers can replace neuropsychological testing in the diagnosis of Alzheimer's disease (Alzheimer disease, 2021).  
ANSWER: A, B, C, D"	"A: SUPPORTED — CSF biomarkers are recognized by research guidelines for their diagnostic utility in Alzheimer's disease (AD) and are used clinically to indicate the presence of AD pathology (Alzheimer disease, 2021).  
B: SUPPORTED — CSF biomarkers can help diagnose mild cognitive impairment (MCI) and are associated with an increased risk of progression to dementia (Alzheimer disease, 2021).  
C: SUPPORTED — Phosphorylated tau (p-tau181) is considered a specific biomarker for tau pathology in Alzheimer's disease (Alzheimer disease, 2021).  
D: NOT SUPPORTED — There is no evidence that CSF biomarkers can replace neuropsychological testing in the diagnosis of Alzheimer's disease (Alzheimer disease, 2021).  
ANSWER: A, B, C, D"
1	2	ET-RAG	test.agent_etrag	A2	+ Temporal recency	cosine retrieval + evidence quality + temporal recency	0.5	0.3	0.2	8	What effects does gut microbiota have in AD animal models?	A. Promotes inflammation | B. Improves memory | C. Impairs spatial learning | D. Reduces tau levels	A, C	Promotes inflammation | Impairs spatial learning	A, B, C	0.0	strict_partial_credit	False	0.753465	5.523	3.691	0.0	10	10	0.581328	0.514657	0.5	0.87	0	0	0	0	0	False	False	False	False	False	2023-oxidative-damage-in-neurodegeneration-roles-in-the-pathogenesis-and-progression-of-alzheimer-disease.pdf | 2024 Advancements and Challenges in Antiamyloid Therapy for.pdf | 2024 Immune Activation in Alzheimer Disease.pdf | 2024 Neuroinflammation in Alzheimer disease.pdf | 2025 Updates on mouse models of Alzheimer’s disease.pdf | Recent advances in Alzheimer’s disease mechanisms clinical trials and new drug development strategies.pdf | alzheimer disease  2021.pdf	"A: SUPPORTED — The evidence indicates that microbiome-originated LPS and SCFAs may impair the permeability of the BBB and affect homeostasis, leading to increased neuroinflammation in Alzheimer disease models (Neuroinflammation in Alzheimer disease, 2024).  
B: SUPPORTED — Therapy with Bifidobacterium and Lactobacillus species-based probiotics after antibiotic administration improves memory deficits in mouse models of AD (Neuroinflammation in Alzheimer disease, 2024).  
C: SUPPORTED — Microglia in germ-free animals have enhanced Aβ uptake at early disease stages and protect against tau-related neurodegeneration, suggesting that alterations in the microbiome can impair spatial learning (Neuroinflammation in Alzheimer disease, 2024).  
D: NOT SUPPORTED — There is no evidence provided that directly states that gut microbiota reduces tau levels in AD animal models.  

ANSWER: A, B, C"	"A: SUPPORTED — The evidence indicates that microbiome-originated LPS and SCFAs may impair the permeability of the BBB and affect homeostasis, leading to increased neuroinflammation in Alzheimer disease models (Neuroinflammation in Alzheimer disease, 2024).  
B: SUPPORTED — Therapy with Bifidobacterium and Lactobacillus species-based probiotics after antibiotic administration improves memory deficits in mouse models of AD (Neuroinflammation in Alzheimer disease, 2024).  
C: SUPPORTED — Microglia in germ-free animals have enhanced Aβ uptake at early disease stages and protect against tau-related neurodegeneration, suggesting that alterations in the microbiome can impair spatial learning (Neuroinflammation in Alzheimer disease, 2024).  
D: NOT SUPPORTED — There is no evidence provided that directly states that gut microbiota reduces tau levels in AD animal models.  

ANSWER: A, B, C"
1	2	ET-RAG	test.agent_etrag	A2	+ Temporal recency	cosine retrieval + evidence quality + temporal recency	0.5	0.3	0.2	9	Which sleep characteristics are associated with AD?	A. Reduced REM duration | B. Abnormal slow-wave oscillations | C. Increased CSF tau during wakefulness | D. Stable sleep architecture	A, B, C	Reduced REM duration | Abnormal slow-wave oscillations | Increased CSF tau during wakefulness	A, B	0.666667	strict_partial_credit	False	0.736279	4.876	2.371	0.0	12	12	0.532225	0.414451	0.5	0.875	0	0	0	0	0	False	False	False	False	False	2023-oxidative-damage-in-neurodegeneration-roles-in-the-pathogenesis-and-progression-of-alzheimer-disease.pdf | 2024 Advancements and Challenges in Antiamyloid Therapy for.pdf | 2024 Immune Activation in Alzheimer Disease.pdf | 2024 Linking activity dyshomeostasis and sleep disturbances in Alzheimer disease.pdf | 2024 Neuroinflammation in Alzheimer disease.pdf | 2025 Updates on mouse models of Alzheimer’s disease.pdf | Recent advances in Alzheimer’s disease mechanisms clinical trials and new drug development strategies.pdf | alzheimer disease  2021.pdf	"A: SUPPORTED — Reduced sharp-wave ripples in NREM sleep and quiet wakefulness are observed in familial Alzheimer disease mouse models, indicating reduced REM duration is associated with AD (Linking activity dyshomeostasis and sleep disturbances in Alzheimer disease, 2024).  
B: SUPPORTED — Abnormal slow-wave oscillations are indicated by reduced UP state durations and failed transitions in AD mouse models, suggesting this characteristic is associated with AD (Linking activity dyshomeostasis and sleep disturbances in Alzheimer disease, 2024).  
C: NOT SUPPORTED — There is no direct evidence in the provided excerpts linking increased CSF tau during wakefulness specifically to sleep characteristics associated with AD.  
D: NOT SUPPORTED — The evidence does not support the notion of stable sleep architecture in the context of AD, as alterations in sleep patterns are noted in the literature.  

ANSWER: A, B"	"A: SUPPORTED — Reduced sharp-wave ripples in NREM sleep and quiet wakefulness are observed in familial Alzheimer disease mouse models, indicating reduced REM duration is associated with AD (Linking activity dyshomeostasis and sleep disturbances in Alzheimer disease, 2024).  
B: SUPPORTED — Abnormal slow-wave oscillations are indicated by reduced UP state durations and failed transitions in AD mouse models, suggesting this characteristic is associated with AD (Linking activity dyshomeostasis and sleep disturbances in Alzheimer disease, 2024).  
C: NOT SUPPORTED — There is no direct evidence in the provided excerpts linking increased CSF tau during wakefulness specifically to sleep characteristics associated with AD.  
D: NOT SUPPORTED — The evidence does not support the notion of stable sleep architecture in the context of AD, as alterations in sleep patterns are noted in the literature.  

ANSWER: A, B"
1	2	ET-RAG	test.agent_etrag	A2	+ Temporal recency	cosine retrieval + evidence quality + temporal recency	0.5	0.3	0.2	10	Which interventions may improve cognition in MCI or early dementia?	A. Melatonin | B. Rivasti gmine | C. Suvorexant | D. Ketogenic diet	A, B, C	Melatonin | Rivasti gmine | Suvorexant	B	0.333333	strict_partial_credit	False	0.747427	5.425	3.105	0.0	23	23	0.564076	0.456478	0.549891	0.854348	0	0	0	0	0	False	False	False	False	False	2023-oxidative-damage-in-neurodegeneration-roles-in-the-pathogenesis-and-progression-of-alzheimer-disease.pdf | 2024 Advancements and Challenges in Antiamyloid Therapy for.pdf | 2024 Linking activity dyshomeostasis and sleep disturbances in Alzheimer disease.pdf | 2025 Updates on mouse models of Alzheimer’s disease.pdf | Recent advances in Alzheimer’s disease mechanisms clinical trials and new drug development strategies.pdf | alzheimer disease  2021.pdf	"A: NOT SUPPORTED — There is no evidence in the provided excerpts that melatonin improves cognition in MCI or early dementia.  
B: SUPPORTED — Rivastigmine is mentioned as a cholinesterase inhibitor that has shown modest benefits in delaying symptom progression in patients with Alzheimer's disease, which includes those with MCI (Alzheimer disease, 2021).  
C: NOT SUPPORTED — There is no evidence in the provided excerpts that suvorexant improves cognition in MCI or early dementia.  
D: NOT SUPPORTED — There is no evidence in the provided excerpts that a ketogenic diet improves cognition in MCI or early dementia.  

ANSWER: B"	"A: NOT SUPPORTED — There is no evidence in the provided excerpts that melatonin improves cognition in MCI or early dementia.  
B: SUPPORTED — Rivastigmine is mentioned as a cholinesterase inhibitor that has shown modest benefits in delaying symptom progression in patients with Alzheimer's disease, which includes those with MCI (Alzheimer disease, 2021).  
C: NOT SUPPORTED — There is no evidence in the provided excerpts that suvorexant improves cognition in MCI or early dementia.  
D: NOT SUPPORTED — There is no evidence in the provided excerpts that a ketogenic diet improves cognition in MCI or early dementia.  

ANSWER: B"
2	2	ET-RAG	test.agent_etrag	A2	+ Temporal recency	cosine retrieval + evidence quality + temporal recency	0.5	0.3	0.2	1	Which of the following are components of the A-T-N AD biomarker framework?	A. Amyloid beta | B. Tau | C. Neurodegeneration markers | D. Synaptic vesicle proteins	A, B, C	Amyloid beta | Tau | Neurodegeneration markers	A, B, C	1.0	strict_partial_credit	True	0.760395	4.333	2.143	0.0	29	25	0.601128	0.551536	0.5072	0.866	1	0	0	0	0	False	False	False	False	False	2023-oxidative-damage-in-neurodegeneration-roles-in-the-pathogenesis-and-progression-of-alzheimer-disease.pdf | 2024 Advancements and Challenges in Antiamyloid Therapy for.pdf | 2024 Cell type-specific roles of APOE4 in Alzheimer disease.pdf | 2024 Neuroinflammation in Alzheimer disease.pdf | alzheimer disease  2021.pdf	"A: SUPPORTED — The A-T-N framework includes amyloid beta (Aβ) as a key biomarker for Alzheimer's disease, as stated in ""Alzheimer disease"" (2021).  
B: SUPPORTED — Tau is explicitly mentioned as a component of the A-T-N framework in the same paper, ""Alzheimer disease"" (2021).  
C: SUPPORTED — Neurodegeneration markers are included in the A-T-N framework, as indicated in ""Alzheimer disease"" (2021).  
D: NOT SUPPORTED — Synaptic vesicle proteins are not mentioned as part of the A-T-N framework in the provided evidence.  

ANSWER: A, B, C"	"A: SUPPORTED — The A-T-N framework includes amyloid beta (Aβ) as a key biomarker for Alzheimer's disease, as stated in ""Alzheimer disease"" (2021).  
B: SUPPORTED — Tau is explicitly mentioned as a component of the A-T-N framework in the same paper, ""Alzheimer disease"" (2021).  
C: SUPPORTED — Neurodegeneration markers are included in the A-T-N framework, as indicated in ""Alzheimer disease"" (2021).  
D: NOT SUPPORTED — Synaptic vesicle proteins are not mentioned as part of the A-T-N framework in the provided evidence.  

ANSWER: A, B, C"
2	2	ET-RAG	test.agent_etrag	A2	+ Temporal recency	cosine retrieval + evidence quality + temporal recency	0.5	0.3	0.2	2	Which sleep-related conditions are discussed as contributing to AD progression?	A. Sleep apnea | B. Long sleep duration | C. Short sleep duration | D. Insomnia	A, B, C, D	Sleep apnea | Long sleep duration | Short sleep duration | Insomnia	A, C, D	0.75	strict_partial_credit	False	0.734406	9.075	2.431	0.0	16	16	0.526874	0.407498	0.5	0.865625	0	0	0	0	0	False	False	False	False	False	2023-oxidative-damage-in-neurodegeneration-roles-in-the-pathogenesis-and-progression-of-alzheimer-disease.pdf | 2024 Advancements and Challenges in Antiamyloid Therapy for.pdf | 2024 Linking activity dyshomeostasis and sleep disturbances in Alzheimer disease.pdf | 2025 Oligodendrocytes in Alzheimer’s disease pathophysiology.pdf | 2025 Updates on mouse models of Alzheimer’s disease.pdf | Recent advances in Alzheimer’s disease mechanisms clinical trials and new drug development strategies.pdf | alzheimer disease  2021.pdf	"A: SUPPORTED — Sleep apnea is discussed as a comorbid sleep disorder that should be treated in patients with dementia, as noted in the paper ""Alzheimer disease"" (2021).  
B: NOT SUPPORTED — There is no evidence provided in the excerpts that directly associates long sleep duration with the progression of Alzheimer's disease.  
C: SUPPORTED — Short sleep duration is implied to be associated with cognitive decline in Alzheimer's disease, as indicated in the paper ""Linking activity dyshomeostasis and sleep disturbances in Alzheimer disease"" (2024).  
D: SUPPORTED — Insomnia is mentioned as a comorbid condition that can affect the quality of life in patients with Alzheimer's disease, as discussed in the paper ""Alzheimer disease"" (2021).  
ANSWER: A, C, D"	"A: SUPPORTED — Sleep apnea is discussed as a comorbid sleep disorder that should be treated in patients with dementia, as noted in the paper ""Alzheimer disease"" (2021).  
B: NOT SUPPORTED — There is no evidence provided in the excerpts that directly associates long sleep duration with the progression of Alzheimer's disease.  
C: SUPPORTED — Short sleep duration is implied to be associated with cognitive decline in Alzheimer's disease, as indicated in the paper ""Linking activity dyshomeostasis and sleep disturbances in Alzheimer disease"" (2024).  
D: SUPPORTED — Insomnia is mentioned as a comorbid condition that can affect the quality of life in patients with Alzheimer's disease, as discussed in the paper ""Alzheimer disease"" (2021).  
ANSWER: A, C, D"
2	2	ET-RAG	test.agent_etrag	A2	+ Temporal recency	cosine retrieval + evidence quality + temporal recency	0.5	0.3	0.2	3	Which interventions were identified as promising for sleep-related AD therapy?	A. CBT-I | B. Suvorexant | C. Positive airway pressure treatment | D. Ketamine	A, B, C	CBT-I | Suvorexant | Positive airway pressure treatment	A, C	0.666667	strict_partial_credit	False	0.744566	6.742	4.567	0.0	18	18	0.555902	0.443332	0.54375	0.855556	0	0	0	0	0	False	False	False	False	False	2023-oxidative-damage-in-neurodegeneration-roles-in-the-pathogenesis-and-progression-of-alzheimer-disease.pdf | 2024 Advancements and Challenges in Antiamyloid Therapy for.pdf | 2024 Linking activity dyshomeostasis and sleep disturbances in Alzheimer disease.pdf | 2025 Updates on mouse models of Alzheimer’s disease.pdf | Recent advances in Alzheimer’s disease mechanisms clinical trials and new drug development strategies.pdf | alzheimer disease  2021.pdf	"A: SUPPORTED — Cognitive Behavioral Therapy for Insomnia (CBT-I) is discussed as a non-pharmacological intervention that may help improve sleep in patients with Alzheimer's disease (AD) (Linking activity dyshomeostasis and sleep disturbances in Alzheimer disease, 2024).  
B: NOT SUPPORTED — There is no evidence provided in the excerpts that directly supports the use of Suvorexant as a promising intervention for sleep-related AD therapy.  
C: SUPPORTED — Positive airway pressure treatment is mentioned as a method to treat comorbid sleep disorders, such as obstructive sleep apnea, in patients with dementia (Alzheimer disease, 2021).  
D: NOT SUPPORTED — There is no evidence in the excerpts that supports the use of Ketamine as a promising intervention for sleep-related AD therapy.  

ANSWER: A, C"	"A: SUPPORTED — Cognitive Behavioral Therapy for Insomnia (CBT-I) is discussed as a non-pharmacological intervention that may help improve sleep in patients with Alzheimer's disease (AD) (Linking activity dyshomeostasis and sleep disturbances in Alzheimer disease, 2024).  
B: NOT SUPPORTED — There is no evidence provided in the excerpts that directly supports the use of Suvorexant as a promising intervention for sleep-related AD therapy.  
C: SUPPORTED — Positive airway pressure treatment is mentioned as a method to treat comorbid sleep disorders, such as obstructive sleep apnea, in patients with dementia (Alzheimer disease, 2021).  
D: NOT SUPPORTED — There is no evidence in the excerpts that supports the use of Ketamine as a promising intervention for sleep-related AD therapy.  

ANSWER: A, C"
2	2	ET-RAG	test.agent_etrag	A2	+ Temporal recency	cosine retrieval + evidence quality + temporal recency	0.5	0.3	0.2	4	Hearing loss in older adults may lead to which of the following?	A. Decreased brain volume | B. Higher tau levels | C. Lower social engagement | D. Enhanced neurogenesis	A, B, C	Decreased brain volume | Higher tau levels | Lower social engagement	A, B, C	1.0	strict_partial_credit	True	0.751135	6.794	2.278	0.0	24	24	0.574671	0.480488	0.532813	0.872917	2	0	0	0	0	False	False	False	False	False	2023-oxidative-damage-in-neurodegeneration-roles-in-the-pathogenesis-and-progression-of-alzheimer-disease.pdf | 2024 Advancements and Challenges in Antiamyloid Therapy for.pdf | 2024 Cell type-specific roles of APOE4 in Alzheimer disease.pdf | 2024 Immune Activation in Alzheimer Disease.pdf | 2024 Linking activity dyshomeostasis and sleep disturbances in Alzheimer disease.pdf | 2024 Neuroinflammation in Alzheimer disease.pdf | 2025 Oligodendrocytes in Alzheimer’s disease pathophysiology.pdf | 2025 Updates on mouse models of Alzheimer’s disease.pdf | Recent advances in Alzheimer’s disease mechanisms clinical trials and new drug development strategies.pdf | alzheimer disease  2021.pdf	"A: SUPPORTED — Hearing loss in older adults is associated with decreased brain volume, as indicated by the evidence that structural imaging can assess macroscopic brain atrophy, which reflects tissue loss in individuals with cognitive impairment (Alzheimer disease, 2021).  
B: SUPPORTED — Higher tau levels are discussed in relation to cognitive decline and neurodegeneration, with evidence showing that elevated tau levels are associated with increased risk of cognitive impairment and dementia (Alzheimer disease, 2021).  
C: SUPPORTED — Lower social engagement is noted as a common outcome in individuals with cognitive decline, including those with hearing loss, as neuropsychiatric symptoms such as social withdrawal often co-occur with cognitive deficits (Alzheimer disease, 2021).  
D: NOT SUPPORTED — There is no evidence provided that supports the idea that hearing loss in older adults leads to enhanced neurogenesis; rather, the evidence focuses on neurodegeneration and cognitive decline (Alzheimer disease, 2021).  
ANSWER: A, B, C"	"A: SUPPORTED — Hearing loss in older adults is associated with decreased brain volume, as indicated by the evidence that structural imaging can assess macroscopic brain atrophy, which reflects tissue loss in individuals with cognitive impairment (Alzheimer disease, 2021).  
B: SUPPORTED — Higher tau levels are discussed in relation to cognitive decline and neurodegeneration, with evidence showing that elevated tau levels are associated with increased risk of cognitive impairment and dementia (Alzheimer disease, 2021).  
C: SUPPORTED — Lower social engagement is noted as a common outcome in individuals with cognitive decline, including those with hearing loss, as neuropsychiatric symptoms such as social withdrawal often co-occur with cognitive deficits (Alzheimer disease, 2021).  
D: NOT SUPPORTED — There is no evidence provided that supports the idea that hearing loss in older adults leads to enhanced neurogenesis; rather, the evidence focuses on neurodegeneration and cognitive decline (Alzheimer disease, 2021).  
ANSWER: A, B, C"
2	2	ET-RAG	test.agent_etrag	A2	+ Temporal recency	cosine retrieval + evidence quality + temporal recency	0.5	0.3	0.2	5	Which factors have been epidemiologically linked to AD?	A. Hypoxia | B. Gut microbiota imbalance | C. High education | D. Diet	A, B, D	Hypoxia | Gut microbiota imbalance | Diet	B, D	0.666667	strict_partial_credit	False	0.747743	4.787	3.133	0.0	20	20	0.56498	0.47656	0.509	0.87	0	0	0	0	0	False	False	False	False	False	2023-oxidative-damage-in-neurodegeneration-roles-in-the-pathogenesis-and-progression-of-alzheimer-disease.pdf | 2024 Advancements and Challenges in Antiamyloid Therapy for.pdf | 2024 Cell type-specific roles of APOE4 in Alzheimer disease.pdf | 2024 Immune Activation in Alzheimer Disease.pdf | 2024 Linking activity dyshomeostasis and sleep disturbances in Alzheimer disease.pdf | 2024 Neuroinflammation in Alzheimer disease.pdf | 2025 Updates on mouse models of Alzheimer’s disease.pdf | Recent advances in Alzheimer’s disease mechanisms clinical trials and new drug development strategies.pdf | alzheimer disease  2021.pdf	"A: NOT SUPPORTED — There is no direct evidence linking hypoxia to Alzheimer's disease in the provided excerpts.  
B: SUPPORTED — The microbiota-gut-brain axis hypothesis suggests that gut microbiota imbalance may influence brain function and is discussed in the context of Alzheimer's disease (Recent advances in Alzheimer’s disease: mechanisms, clinical trials and new drug development strategies, year unknown).  
C: NOT SUPPORTED — High education is not mentioned in the provided excerpts as a factor linked to Alzheimer's disease.  
D: SUPPORTED — Specific dietary patterns have been linked to Alzheimer's disease risk, indicating that diet plays a role in the disease (Oxidative damage in neurodegeneration: roles in the pathogenesis and progression of Alzheimer disease, 2023).  
ANSWER: B, D"	"A: NOT SUPPORTED — There is no direct evidence linking hypoxia to Alzheimer's disease in the provided excerpts.  
B: SUPPORTED — The microbiota-gut-brain axis hypothesis suggests that gut microbiota imbalance may influence brain function and is discussed in the context of Alzheimer's disease (Recent advances in Alzheimer’s disease: mechanisms, clinical trials and new drug development strategies, year unknown).  
C: NOT SUPPORTED — High education is not mentioned in the provided excerpts as a factor linked to Alzheimer's disease.  
D: SUPPORTED — Specific dietary patterns have been linked to Alzheimer's disease risk, indicating that diet plays a role in the disease (Oxidative damage in neurodegeneration: roles in the pathogenesis and progression of Alzheimer disease, 2023).  
ANSWER: B, D"
2	2	ET-RAG	test.agent_etrag	A2	+ Temporal recency	cosine retrieval + evidence quality + temporal recency	0.5	0.3	0.2	6	Which imaging biomarkers are used in AD diagnosis?	A. Tau-PET | B. MRI | C. CT | D. FDG-PET	A, B, D	Tau-PET | MRI | FDG-PET	A, B, D	1.0	strict_partial_credit	True	0.759333	4.439	2.503	0.0	28	25	0.598095	0.54003	0.5216	0.858	0	0	0	0	0	False	False	False	False	False	2023-oxidative-damage-in-neurodegeneration-roles-in-the-pathogenesis-and-progression-of-alzheimer-disease.pdf | 2024 Advancements and Challenges in Antiamyloid Therapy for.pdf | 2024 Immune Activation in Alzheimer Disease.pdf | 2024 Neuroinflammation in Alzheimer disease.pdf | 2025 Updates on mouse models of Alzheimer’s disease.pdf | Recent advances in Alzheimer’s disease mechanisms clinical trials and new drug development strategies.pdf | alzheimer disease  2021.pdf	"A: SUPPORTED — Tau-PET imaging allows the detection of tauopathy that is largely specific for Alzheimer's disease, as stated in ""Alzheimer disease"" (2021).  
B: SUPPORTED — Structural MRI is often used as a first step to exclude other causes of cognitive impairment and is associated with Alzheimer's disease, as mentioned in ""Alzheimer disease"" (2021).  
C: NOT SUPPORTED — The evidence does not support the use of CT as a specific imaging biomarker for Alzheimer's disease diagnosis; it is mentioned as less specific compared to MRI.  
D: SUPPORTED — FDG-PET has revealed a pattern of hypometabolism that is highly characteristic of Alzheimer's disease, as discussed in ""Alzheimer disease"" (2021).  
ANSWER: A, B, D"	"A: SUPPORTED — Tau-PET imaging allows the detection of tauopathy that is largely specific for Alzheimer's disease, as stated in ""Alzheimer disease"" (2021).  
B: SUPPORTED — Structural MRI is often used as a first step to exclude other causes of cognitive impairment and is associated with Alzheimer's disease, as mentioned in ""Alzheimer disease"" (2021).  
C: NOT SUPPORTED — The evidence does not support the use of CT as a specific imaging biomarker for Alzheimer's disease diagnosis; it is mentioned as less specific compared to MRI.  
D: SUPPORTED — FDG-PET has revealed a pattern of hypometabolism that is highly characteristic of Alzheimer's disease, as discussed in ""Alzheimer disease"" (2021).  
ANSWER: A, B, D"
2	2	ET-RAG	test.agent_etrag	A2	+ Temporal recency	cosine retrieval + evidence quality + temporal recency	0.5	0.3	0.2	7	What roles do CSF biomarkers play in AD diagnosis?	A. Stage disease progression | B. Diagnose mild cognitive impairment | C. Indicate tau pathology | D. Replace neuropsychological testing	A, B, C	Stage disease progression | Diagnose mild cognitive impairment | Indicate tau pathology	A, B, C	1.0	strict_partial_credit	True	0.762346	11.995	2.379	0.0	31	25	0.606704	0.554588	0.5207	0.866	0	0	0	0	0	False	False	False	False	False	2023-oxidative-damage-in-neurodegeneration-roles-in-the-pathogenesis-and-progression-of-alzheimer-disease.pdf | 2024 Advancements and Challenges in Antiamyloid Therapy for.pdf | 2024 Immune Activation in Alzheimer Disease.pdf | 2024 Neuroinflammation in Alzheimer disease.pdf | alzheimer disease  2021.pdf	"A: SUPPORTED — CSF biomarkers are recognized by research guidelines for their diagnostic utility in Alzheimer’s disease, including the ability to indicate disease progression (Alzheimer disease, 2021).  
B: SUPPORTED — CSF biomarkers can help diagnose mild cognitive impairment, as individuals with abnormal Aβ biomarkers are at increased risk for cognitive decline (Alzheimer disease, 2021).  
C: SUPPORTED — p-tau181 is considered a specific biomarker for tau pathology in Alzheimer’s disease (Alzheimer disease, 2021).  
D: NOT SUPPORTED — The evidence does not support the idea that CSF biomarkers can replace neuropsychological testing in the diagnosis of Alzheimer’s disease (Alzheimer disease, 2021).  
ANSWER: A, B, C"	"A: SUPPORTED — CSF biomarkers are recognized by research guidelines for their diagnostic utility in Alzheimer’s disease, including the ability to indicate disease progression (Alzheimer disease, 2021).  
B: SUPPORTED — CSF biomarkers can help diagnose mild cognitive impairment, as individuals with abnormal Aβ biomarkers are at increased risk for cognitive decline (Alzheimer disease, 2021).  
C: SUPPORTED — p-tau181 is considered a specific biomarker for tau pathology in Alzheimer’s disease (Alzheimer disease, 2021).  
D: NOT SUPPORTED — The evidence does not support the idea that CSF biomarkers can replace neuropsychological testing in the diagnosis of Alzheimer’s disease (Alzheimer disease, 2021).  
ANSWER: A, B, C"
2	2	ET-RAG	test.agent_etrag	A2	+ Temporal recency	cosine retrieval + evidence quality + temporal recency	0.5	0.3	0.2	8	What effects does gut microbiota have in AD animal models?	A. Promotes inflammation | B. Improves memory | C. Impairs spatial learning | D. Reduces tau levels	A, C	Promotes inflammation | Impairs spatial learning	A, B, C	0.0	strict_partial_credit	False	0.753462	4.036	2.158	0.0	10	10	0.581319	0.514637	0.5	0.87	0	0	0	0	0	False	False	False	False	False	2023-oxidative-damage-in-neurodegeneration-roles-in-the-pathogenesis-and-progression-of-alzheimer-disease.pdf | 2024 Advancements and Challenges in Antiamyloid Therapy for.pdf | 2024 Immune Activation in Alzheimer Disease.pdf | 2024 Neuroinflammation in Alzheimer disease.pdf | 2025 Updates on mouse models of Alzheimer’s disease.pdf | Recent advances in Alzheimer’s disease mechanisms clinical trials and new drug development strategies.pdf | alzheimer disease  2021.pdf	"A: SUPPORTED — The evidence indicates that microbiome-originated LPS and SCFAs may impair the permeability of the BBB and affect homeostasis, leading to increased neuroinflammation in Alzheimer disease models (Neuroinflammation in Alzheimer disease, 2024).  
B: SUPPORTED — Therapy with Bifidobacterium and Lactobacillus species-based probiotics after antibiotic administration improves memory deficits in mouse models of AD (Neuroinflammation in Alzheimer disease, 2024).  
C: SUPPORTED — Microglia in germ-free animals have enhanced Aβ uptake at early disease stages and protect against tau-related neurodegeneration, suggesting that alterations in the microbiome can impair spatial learning (Neuroinflammation in Alzheimer disease, 2024).  
D: NOT SUPPORTED — There is no evidence provided that directly states that gut microbiota reduces tau levels in AD animal models.  

ANSWER: A, B, C"	"A: SUPPORTED — The evidence indicates that microbiome-originated LPS and SCFAs may impair the permeability of the BBB and affect homeostasis, leading to increased neuroinflammation in Alzheimer disease models (Neuroinflammation in Alzheimer disease, 2024).  
B: SUPPORTED — Therapy with Bifidobacterium and Lactobacillus species-based probiotics after antibiotic administration improves memory deficits in mouse models of AD (Neuroinflammation in Alzheimer disease, 2024).  
C: SUPPORTED — Microglia in germ-free animals have enhanced Aβ uptake at early disease stages and protect against tau-related neurodegeneration, suggesting that alterations in the microbiome can impair spatial learning (Neuroinflammation in Alzheimer disease, 2024).  
D: NOT SUPPORTED — There is no evidence provided that directly states that gut microbiota reduces tau levels in AD animal models.  

ANSWER: A, B, C"
2	2	ET-RAG	test.agent_etrag	A2	+ Temporal recency	cosine retrieval + evidence quality + temporal recency	0.5	0.3	0.2	9	Which sleep characteristics are associated with AD?	A. Reduced REM duration | B. Abnormal slow-wave oscillations | C. Increased CSF tau during wakefulness | D. Stable sleep architecture	A, B, C	Reduced REM duration | Abnormal slow-wave oscillations | Increased CSF tau during wakefulness	A, B, C, D	0.0	strict_partial_credit	False	0.73628	4.654	2.346	0.0	12	12	0.532228	0.414457	0.5	0.875	0	0	0	0	0	False	False	False	False	False	2023-oxidative-damage-in-neurodegeneration-roles-in-the-pathogenesis-and-progression-of-alzheimer-disease.pdf | 2024 Advancements and Challenges in Antiamyloid Therapy for.pdf | 2024 Immune Activation in Alzheimer Disease.pdf | 2024 Linking activity dyshomeostasis and sleep disturbances in Alzheimer disease.pdf | 2024 Neuroinflammation in Alzheimer disease.pdf | 2025 Updates on mouse models of Alzheimer’s disease.pdf | Recent advances in Alzheimer’s disease mechanisms clinical trials and new drug development strategies.pdf | alzheimer disease  2021.pdf	"A: SUPPORTED — Reduced sharp-wave ripples in NREM sleep and quiet wakefulness are associated with Alzheimer disease, as indicated in the paper ""Linking activity dyshomeostasis and sleep disturbances in Alzheimer disease"" (2024).  
B: SUPPORTED — Abnormal slow-wave oscillations are discussed in the context of altered sleep patterns in Alzheimer disease, as noted in the paper ""Linking activity dyshomeostasis and sleep disturbances in Alzheimer disease"" (2024).  
C: NOT SUPPORTED — There is no direct evidence linking increased CSF tau during wakefulness to sleep characteristics in Alzheimer disease in the provided excerpts.  
D: NOT SUPPORTED — The evidence does not support the notion of stable sleep architecture in Alzheimer disease, as the excerpts indicate alterations in sleep patterns.  

ANSWER: A, B, C, D"	"A: SUPPORTED — Reduced sharp-wave ripples in NREM sleep and quiet wakefulness are associated with Alzheimer disease, as indicated in the paper ""Linking activity dyshomeostasis and sleep disturbances in Alzheimer disease"" (2024).  
B: SUPPORTED — Abnormal slow-wave oscillations are discussed in the context of altered sleep patterns in Alzheimer disease, as noted in the paper ""Linking activity dyshomeostasis and sleep disturbances in Alzheimer disease"" (2024).  
C: NOT SUPPORTED — There is no direct evidence linking increased CSF tau during wakefulness to sleep characteristics in Alzheimer disease in the provided excerpts.  
D: NOT SUPPORTED — The evidence does not support the notion of stable sleep architecture in Alzheimer disease, as the excerpts indicate alterations in sleep patterns.  

ANSWER: A, B, C, D"
2	2	ET-RAG	test.agent_etrag	A2	+ Temporal recency	cosine retrieval + evidence quality + temporal recency	0.5	0.3	0.2	10	Which interventions may improve cognition in MCI or early dementia?	A. Melatonin | B. Rivasti gmine | C. Suvorexant | D. Ketogenic diet	A, B, C	Melatonin | Rivasti gmine | Suvorexant	B	0.333333	strict_partial_credit	False	0.747423	4.682	2.622	0.0	23	23	0.564066	0.456458	0.549891	0.854348	0	0	0	0	0	False	False	False	False	False	2023-oxidative-damage-in-neurodegeneration-roles-in-the-pathogenesis-and-progression-of-alzheimer-disease.pdf | 2024 Advancements and Challenges in Antiamyloid Therapy for.pdf | 2024 Linking activity dyshomeostasis and sleep disturbances in Alzheimer disease.pdf | 2025 Updates on mouse models of Alzheimer’s disease.pdf | Recent advances in Alzheimer’s disease mechanisms clinical trials and new drug development strategies.pdf | alzheimer disease  2021.pdf	"A: NOT SUPPORTED — There is no evidence in the provided excerpts that melatonin improves cognition in MCI or early dementia.  
B: SUPPORTED — Rivastigmine is mentioned as a cholinesterase inhibitor that has shown modest benefits in delaying symptom progression in patients with Alzheimer's disease, which includes those with MCI (Alzheimer disease, 2021).  
C: NOT SUPPORTED — There is no evidence in the provided excerpts that suvorexant improves cognition in MCI or early dementia.  
D: NOT SUPPORTED — There is no evidence in the provided excerpts that a ketogenic diet improves cognition in MCI or early dementia.  

ANSWER: B"	"A: NOT SUPPORTED — There is no evidence in the provided excerpts that melatonin improves cognition in MCI or early dementia.  
B: SUPPORTED — Rivastigmine is mentioned as a cholinesterase inhibitor that has shown modest benefits in delaying symptom progression in patients with Alzheimer's disease, which includes those with MCI (Alzheimer disease, 2021).  
C: NOT SUPPORTED — There is no evidence in the provided excerpts that suvorexant improves cognition in MCI or early dementia.  
D: NOT SUPPORTED — There is no evidence in the provided excerpts that a ketogenic diet improves cognition in MCI or early dementia.  

ANSWER: B"
3	2	ET-RAG	test.agent_etrag	A2	+ Temporal recency	cosine retrieval + evidence quality + temporal recency	0.5	0.3	0.2	1	Which of the following are components of the A-T-N AD biomarker framework?	A. Amyloid beta | B. Tau | C. Neurodegeneration markers | D. Synaptic vesicle proteins	A, B, C	Amyloid beta | Tau | Neurodegeneration markers	A, B, C	1.0	strict_partial_credit	True	0.760394	4.402	2.514	0.0	29	25	0.601124	0.551529	0.5072	0.866	1	0	0	0	0	False	False	False	False	False	2023-oxidative-damage-in-neurodegeneration-roles-in-the-pathogenesis-and-progression-of-alzheimer-disease.pdf | 2024 Advancements and Challenges in Antiamyloid Therapy for.pdf | 2024 Cell type-specific roles of APOE4 in Alzheimer disease.pdf | 2024 Neuroinflammation in Alzheimer disease.pdf | alzheimer disease  2021.pdf	"A: SUPPORTED — The A-T-N framework includes amyloid beta (Aβ) as a key component, as stated in ""Alzheimer disease"" (2021).  
B: SUPPORTED — Tau is explicitly mentioned as a component of the A-T-N framework in ""Alzheimer disease"" (2021).  
C: SUPPORTED — Neurodegeneration markers are included in the A-T-N framework, as discussed in ""Alzheimer disease"" (2021).  
D: NOT SUPPORTED — Synaptic vesicle proteins are not mentioned as part of the A-T-N framework in the provided evidence.  

ANSWER: A, B, C"	"A: SUPPORTED — The A-T-N framework includes amyloid beta (Aβ) as a key component, as stated in ""Alzheimer disease"" (2021).  
B: SUPPORTED — Tau is explicitly mentioned as a component of the A-T-N framework in ""Alzheimer disease"" (2021).  
C: SUPPORTED — Neurodegeneration markers are included in the A-T-N framework, as discussed in ""Alzheimer disease"" (2021).  
D: NOT SUPPORTED — Synaptic vesicle proteins are not mentioned as part of the A-T-N framework in the provided evidence.  

ANSWER: A, B, C"
3	2	ET-RAG	test.agent_etrag	A2	+ Temporal recency	cosine retrieval + evidence quality + temporal recency	0.5	0.3	0.2	2	Which sleep-related conditions are discussed as contributing to AD progression?	A. Sleep apnea | B. Long sleep duration | C. Short sleep duration | D. Insomnia	A, B, C, D	Sleep apnea | Long sleep duration | Short sleep duration | Insomnia	A, B, C, D	1.0	strict_partial_credit	True	0.734405	3.95	2.358	0.0	16	16	0.526871	0.407492	0.5	0.865625	0	0	0	0	0	False	False	False	False	False	2023-oxidative-damage-in-neurodegeneration-roles-in-the-pathogenesis-and-progression-of-alzheimer-disease.pdf | 2024 Advancements and Challenges in Antiamyloid Therapy for.pdf | 2024 Linking activity dyshomeostasis and sleep disturbances in Alzheimer disease.pdf | 2025 Oligodendrocytes in Alzheimer’s disease pathophysiology.pdf | 2025 Updates on mouse models of Alzheimer’s disease.pdf | Recent advances in Alzheimer’s disease mechanisms clinical trials and new drug development strategies.pdf | alzheimer disease  2021.pdf	"A: SUPPORTED — Sleep disturbances, including obstructive sleep apnea, are discussed as contributing factors to the progression of Alzheimer's disease (AD) in the paper ""Alzheimer disease"" (2021).  
B: SUPPORTED — Long sleep duration is mentioned as a sleep-related condition that may contribute to the progression of Alzheimer's disease in the paper ""Alzheimer disease"" (2021).  
C: SUPPORTED — Short sleep duration is discussed as a factor that may contribute to the progression of Alzheimer's disease in the paper ""Alzheimer disease"" (2021).  
D: SUPPORTED — Insomnia is identified as a sleep-related condition that can contribute to the progression of Alzheimer's disease in the paper ""Alzheimer disease"" (2021).  
ANSWER: A, B, C, D"	"A: SUPPORTED — Sleep disturbances, including obstructive sleep apnea, are discussed as contributing factors to the progression of Alzheimer's disease (AD) in the paper ""Alzheimer disease"" (2021).  
B: SUPPORTED — Long sleep duration is mentioned as a sleep-related condition that may contribute to the progression of Alzheimer's disease in the paper ""Alzheimer disease"" (2021).  
C: SUPPORTED — Short sleep duration is discussed as a factor that may contribute to the progression of Alzheimer's disease in the paper ""Alzheimer disease"" (2021).  
D: SUPPORTED — Insomnia is identified as a sleep-related condition that can contribute to the progression of Alzheimer's disease in the paper ""Alzheimer disease"" (2021).  
ANSWER: A, B, C, D"
3	2	ET-RAG	test.agent_etrag	A2	+ Temporal recency	cosine retrieval + evidence quality + temporal recency	0.5	0.3	0.2	3	Which interventions were identified as promising for sleep-related AD therapy?	A. CBT-I | B. Suvorexant | C. Positive airway pressure treatment | D. Ketamine	A, B, C	CBT-I | Suvorexant | Positive airway pressure treatment	A, C	0.666667	strict_partial_credit	False	0.744563	5.234	3.191	0.0	18	18	0.555896	0.443319	0.54375	0.855556	0	0	0	0	0	False	False	False	False	False	2023-oxidative-damage-in-neurodegeneration-roles-in-the-pathogenesis-and-progression-of-alzheimer-disease.pdf | 2024 Advancements and Challenges in Antiamyloid Therapy for.pdf | 2024 Linking activity dyshomeostasis and sleep disturbances in Alzheimer disease.pdf | 2025 Updates on mouse models of Alzheimer’s disease.pdf | Recent advances in Alzheimer’s disease mechanisms clinical trials and new drug development strategies.pdf | alzheimer disease  2021.pdf	"A: SUPPORTED — Cognitive Behavioral Therapy for Insomnia (CBT-I) is discussed as a promising intervention for sleep-related issues in Alzheimer's disease (AD) in the paper ""Linking activity dyshomeostasis and sleep disturbances in Alzheimer disease"" (2024).

B: NOT SUPPORTED — There is no evidence provided in the excerpts that directly supports the use of Suvorexant as a promising intervention for sleep-related AD therapy.

C: SUPPORTED — Positive airway pressure treatment is mentioned as a necessary intervention for comorbid sleep disorders like obstructive sleep apnea in patients with dementia, as noted in the paper ""Alzheimer disease"" (2021).

D: NOT SUPPORTED — The excerpts do not provide evidence that supports the use of Ketamine as a promising intervention for sleep-related AD therapy.

ANSWER: A, C"	"A: SUPPORTED — Cognitive Behavioral Therapy for Insomnia (CBT-I) is discussed as a promising intervention for sleep-related issues in Alzheimer's disease (AD) in the paper ""Linking activity dyshomeostasis and sleep disturbances in Alzheimer disease"" (2024).

B: NOT SUPPORTED — There is no evidence provided in the excerpts that directly supports the use of Suvorexant as a promising intervention for sleep-related AD therapy.

C: SUPPORTED — Positive airway pressure treatment is mentioned as a necessary intervention for comorbid sleep disorders like obstructive sleep apnea in patients with dementia, as noted in the paper ""Alzheimer disease"" (2021).

D: NOT SUPPORTED — The excerpts do not provide evidence that supports the use of Ketamine as a promising intervention for sleep-related AD therapy.

ANSWER: A, C"
3	2	ET-RAG	test.agent_etrag	A2	+ Temporal recency	cosine retrieval + evidence quality + temporal recency	0.5	0.3	0.2	4	Hearing loss in older adults may lead to which of the following?	A. Decreased brain volume | B. Higher tau levels | C. Lower social engagement | D. Enhanced neurogenesis	A, B, C	Decreased brain volume | Higher tau levels | Lower social engagement	A, B, C	1.0	strict_partial_credit	True	0.751133	4.525	2.322	0.0	24	24	0.574665	0.480476	0.532813	0.872917	2	0	0	0	0	False	False	False	False	False	2023-oxidative-damage-in-neurodegeneration-roles-in-the-pathogenesis-and-progression-of-alzheimer-disease.pdf | 2024 Advancements and Challenges in Antiamyloid Therapy for.pdf | 2024 Cell type-specific roles of APOE4 in Alzheimer disease.pdf | 2024 Immune Activation in Alzheimer Disease.pdf | 2024 Linking activity dyshomeostasis and sleep disturbances in Alzheimer disease.pdf | 2024 Neuroinflammation in Alzheimer disease.pdf | 2025 Oligodendrocytes in Alzheimer’s disease pathophysiology.pdf | 2025 Updates on mouse models of Alzheimer’s disease.pdf | Recent advances in Alzheimer’s disease mechanisms clinical trials and new drug development strategies.pdf | alzheimer disease  2021.pdf	"A: SUPPORTED — Hearing loss in older adults is associated with decreased brain volume, as indicated by the evidence that structural imaging can assess macroscopic brain atrophy, which reflects tissue loss in individuals with cognitive impairment (Alzheimer disease, 2021).  
B: SUPPORTED — Higher tau levels are discussed in relation to cognitive decline and neurodegeneration, with evidence showing that elevated tau levels are associated with increased risk of cognitive impairment and dementia (Alzheimer disease, 2021).  
C: SUPPORTED — Lower social engagement is noted as a common consequence of cognitive decline in older adults, with neuropsychiatric symptoms such as social withdrawal being evident in mild dementia (Alzheimer disease, 2021).  
D: NOT SUPPORTED — There is no evidence provided that supports the idea that hearing loss in older adults leads to enhanced neurogenesis; rather, the evidence focuses on neurodegeneration and cognitive decline (Alzheimer disease, 2021).  
ANSWER: A, B, C"	"A: SUPPORTED — Hearing loss in older adults is associated with decreased brain volume, as indicated by the evidence that structural imaging can assess macroscopic brain atrophy, which reflects tissue loss in individuals with cognitive impairment (Alzheimer disease, 2021).  
B: SUPPORTED — Higher tau levels are discussed in relation to cognitive decline and neurodegeneration, with evidence showing that elevated tau levels are associated with increased risk of cognitive impairment and dementia (Alzheimer disease, 2021).  
C: SUPPORTED — Lower social engagement is noted as a common consequence of cognitive decline in older adults, with neuropsychiatric symptoms such as social withdrawal being evident in mild dementia (Alzheimer disease, 2021).  
D: NOT SUPPORTED — There is no evidence provided that supports the idea that hearing loss in older adults leads to enhanced neurogenesis; rather, the evidence focuses on neurodegeneration and cognitive decline (Alzheimer disease, 2021).  
ANSWER: A, B, C"
3	2	ET-RAG	test.agent_etrag	A2	+ Temporal recency	cosine retrieval + evidence quality + temporal recency	0.5	0.3	0.2	5	Which factors have been epidemiologically linked to AD?	A. Hypoxia | B. Gut microbiota imbalance | C. High education | D. Diet	A, B, D	Hypoxia | Gut microbiota imbalance | Diet	B, D	0.666667	strict_partial_credit	False	0.747742	4.765	2.67	0.0	20	20	0.564978	0.476557	0.509	0.87	0	0	0	0	0	False	False	False	False	False	2023-oxidative-damage-in-neurodegeneration-roles-in-the-pathogenesis-and-progression-of-alzheimer-disease.pdf | 2024 Advancements and Challenges in Antiamyloid Therapy for.pdf | 2024 Cell type-specific roles of APOE4 in Alzheimer disease.pdf | 2024 Immune Activation in Alzheimer Disease.pdf | 2024 Linking activity dyshomeostasis and sleep disturbances in Alzheimer disease.pdf | 2024 Neuroinflammation in Alzheimer disease.pdf | 2025 Updates on mouse models of Alzheimer’s disease.pdf | Recent advances in Alzheimer’s disease mechanisms clinical trials and new drug development strategies.pdf | alzheimer disease  2021.pdf	"A: NOT SUPPORTED — There is no direct evidence linking hypoxia to Alzheimer's disease in the provided excerpts.  
B: SUPPORTED — The microbiota-gut-brain axis hypothesis suggests that gut microbiota imbalance may influence brain function and is discussed in the context of Alzheimer's disease (Recent advances in Alzheimer’s disease: mechanisms, clinical trials and new drug development strategies, year unknown).  
C: NOT SUPPORTED — High education is not mentioned in the provided excerpts as a factor linked to Alzheimer's disease.  
D: SUPPORTED — Specific dietary patterns have been linked to Alzheimer's disease risk, indicating that diet plays a role in the disease (Oxidative damage in neurodegeneration: roles in the pathogenesis and progression of Alzheimer disease, 2023).  
ANSWER: B, D"	"A: NOT SUPPORTED — There is no direct evidence linking hypoxia to Alzheimer's disease in the provided excerpts.  
B: SUPPORTED — The microbiota-gut-brain axis hypothesis suggests that gut microbiota imbalance may influence brain function and is discussed in the context of Alzheimer's disease (Recent advances in Alzheimer’s disease: mechanisms, clinical trials and new drug development strategies, year unknown).  
C: NOT SUPPORTED — High education is not mentioned in the provided excerpts as a factor linked to Alzheimer's disease.  
D: SUPPORTED — Specific dietary patterns have been linked to Alzheimer's disease risk, indicating that diet plays a role in the disease (Oxidative damage in neurodegeneration: roles in the pathogenesis and progression of Alzheimer disease, 2023).  
ANSWER: B, D"
3	2	ET-RAG	test.agent_etrag	A2	+ Temporal recency	cosine retrieval + evidence quality + temporal recency	0.5	0.3	0.2	6	Which imaging biomarkers are used in AD diagnosis?	A. Tau-PET | B. MRI | C. CT | D. FDG-PET	A, B, D	Tau-PET | MRI | FDG-PET	A, B, D	1.0	strict_partial_credit	True	0.759333	4.13	2.293	0.0	28	25	0.598095	0.540031	0.5216	0.858	0	0	0	0	0	False	False	False	False	False	2023-oxidative-damage-in-neurodegeneration-roles-in-the-pathogenesis-and-progression-of-alzheimer-disease.pdf | 2024 Advancements and Challenges in Antiamyloid Therapy for.pdf | 2024 Immune Activation in Alzheimer Disease.pdf | 2024 Neuroinflammation in Alzheimer disease.pdf | 2025 Updates on mouse models of Alzheimer’s disease.pdf | Recent advances in Alzheimer’s disease mechanisms clinical trials and new drug development strategies.pdf | alzheimer disease  2021.pdf	"A: SUPPORTED — Tau-PET imaging allows the detection of tauopathy that is largely specific for Alzheimer's disease, as stated in ""Alzheimer disease"" (2021).  
B: SUPPORTED — Structural MRI is often used as a first step to exclude other causes of cognitive impairment and is associated with Alzheimer's disease, as mentioned in ""Alzheimer disease"" (2021).  
C: NOT SUPPORTED — The evidence does not support the use of CT as a specific imaging biomarker for Alzheimer's disease diagnosis; it is mentioned as less specific compared to MRI.  
D: SUPPORTED — FDG-PET has revealed a pattern of hypometabolism that is highly characteristic of Alzheimer's disease, as discussed in ""Alzheimer disease"" (2021).  
ANSWER: A, B, D"	"A: SUPPORTED — Tau-PET imaging allows the detection of tauopathy that is largely specific for Alzheimer's disease, as stated in ""Alzheimer disease"" (2021).  
B: SUPPORTED — Structural MRI is often used as a first step to exclude other causes of cognitive impairment and is associated with Alzheimer's disease, as mentioned in ""Alzheimer disease"" (2021).  
C: NOT SUPPORTED — The evidence does not support the use of CT as a specific imaging biomarker for Alzheimer's disease diagnosis; it is mentioned as less specific compared to MRI.  
D: SUPPORTED — FDG-PET has revealed a pattern of hypometabolism that is highly characteristic of Alzheimer's disease, as discussed in ""Alzheimer disease"" (2021).  
ANSWER: A, B, D"
3	2	ET-RAG	test.agent_etrag	A2	+ Temporal recency	cosine retrieval + evidence quality + temporal recency	0.5	0.3	0.2	7	What roles do CSF biomarkers play in AD diagnosis?	A. Stage disease progression | B. Diagnose mild cognitive impairment | C. Indicate tau pathology | D. Replace neuropsychological testing	A, B, C	Stage disease progression | Diagnose mild cognitive impairment | Indicate tau pathology	A, B, C	1.0	strict_partial_credit	True	0.762345	11.164	3.132	0.0	31	25	0.606699	0.554579	0.5207	0.866	0	0	0	0	0	False	False	False	False	False	2023-oxidative-damage-in-neurodegeneration-roles-in-the-pathogenesis-and-progression-of-alzheimer-disease.pdf | 2024 Advancements and Challenges in Antiamyloid Therapy for.pdf | 2024 Immune Activation in Alzheimer Disease.pdf | 2024 Neuroinflammation in Alzheimer disease.pdf | alzheimer disease  2021.pdf	"A: SUPPORTED — CSF biomarkers are recognized by research guidelines for their diagnostic utility in Alzheimer's disease, including their ability to indicate disease progression (Alzheimer disease, 2021).  
B: SUPPORTED — CSF biomarkers, particularly Aβ42 and tau levels, are used to diagnose mild cognitive impairment and predict progression to dementia (Alzheimer disease, 2021).  
C: SUPPORTED — p-tau181 is considered a specific biomarker for tau pathology in Alzheimer's disease (Alzheimer disease, 2021).  
D: NOT SUPPORTED — CSF biomarkers are not intended to replace neuropsychological testing but rather to complement it in the diagnostic process (Alzheimer disease, 2021).  
ANSWER: A, B, C"	"A: SUPPORTED — CSF biomarkers are recognized by research guidelines for their diagnostic utility in Alzheimer's disease, including their ability to indicate disease progression (Alzheimer disease, 2021).  
B: SUPPORTED — CSF biomarkers, particularly Aβ42 and tau levels, are used to diagnose mild cognitive impairment and predict progression to dementia (Alzheimer disease, 2021).  
C: SUPPORTED — p-tau181 is considered a specific biomarker for tau pathology in Alzheimer's disease (Alzheimer disease, 2021).  
D: NOT SUPPORTED — CSF biomarkers are not intended to replace neuropsychological testing but rather to complement it in the diagnostic process (Alzheimer disease, 2021).  
ANSWER: A, B, C"
3	2	ET-RAG	test.agent_etrag	A2	+ Temporal recency	cosine retrieval + evidence quality + temporal recency	0.5	0.3	0.2	8	What effects does gut microbiota have in AD animal models?	A. Promotes inflammation | B. Improves memory | C. Impairs spatial learning | D. Reduces tau levels	A, C	Promotes inflammation | Impairs spatial learning	A, B, C	0.0	strict_partial_credit	False	0.753463	4.444	2.302	0.0	10	10	0.581324	0.514647	0.5	0.87	0	0	0	0	0	False	False	False	False	False	2023-oxidative-damage-in-neurodegeneration-roles-in-the-pathogenesis-and-progression-of-alzheimer-disease.pdf | 2024 Advancements and Challenges in Antiamyloid Therapy for.pdf | 2024 Immune Activation in Alzheimer Disease.pdf | 2024 Neuroinflammation in Alzheimer disease.pdf | 2025 Updates on mouse models of Alzheimer’s disease.pdf | Recent advances in Alzheimer’s disease mechanisms clinical trials and new drug development strategies.pdf | alzheimer disease  2021.pdf	"A: SUPPORTED — The evidence indicates that microbiome-originated LPS and SCFAs may impair the permeability of the BBB and affect homeostasis, leading to increased neuroinflammation in Alzheimer disease models (Neuroinflammation in Alzheimer disease, 2024).  
B: SUPPORTED — Therapy with Bifidobacterium and Lactobacillus species-based probiotics after antibiotic administration improves memory deficits in mouse models of AD (Neuroinflammation in Alzheimer disease, 2024).  
C: SUPPORTED — Microglia in germ-free animals have enhanced Aβ uptake at early disease stages and protect against tau-related neurodegeneration, suggesting that alterations in the microbiome can impair spatial learning (Neuroinflammation in Alzheimer disease, 2024).  
D: NOT SUPPORTED — There is no evidence provided that directly states that gut microbiota reduces tau levels in AD animal models.  

ANSWER: A, B, C"	"A: SUPPORTED — The evidence indicates that microbiome-originated LPS and SCFAs may impair the permeability of the BBB and affect homeostasis, leading to increased neuroinflammation in Alzheimer disease models (Neuroinflammation in Alzheimer disease, 2024).  
B: SUPPORTED — Therapy with Bifidobacterium and Lactobacillus species-based probiotics after antibiotic administration improves memory deficits in mouse models of AD (Neuroinflammation in Alzheimer disease, 2024).  
C: SUPPORTED — Microglia in germ-free animals have enhanced Aβ uptake at early disease stages and protect against tau-related neurodegeneration, suggesting that alterations in the microbiome can impair spatial learning (Neuroinflammation in Alzheimer disease, 2024).  
D: NOT SUPPORTED — There is no evidence provided that directly states that gut microbiota reduces tau levels in AD animal models.  

ANSWER: A, B, C"
3	2	ET-RAG	test.agent_etrag	A2	+ Temporal recency	cosine retrieval + evidence quality + temporal recency	0.5	0.3	0.2	9	Which sleep characteristics are associated with AD?	A. Reduced REM duration | B. Abnormal slow-wave oscillations | C. Increased CSF tau during wakefulness | D. Stable sleep architecture	A, B, C	Reduced REM duration | Abnormal slow-wave oscillations | Increased CSF tau during wakefulness	A, B, C, D	0.0	strict_partial_credit	False	0.736278	4.183	2.277	0.0	12	12	0.532222	0.414443	0.5	0.875	0	0	0	0	0	False	False	False	False	False	2023-oxidative-damage-in-neurodegeneration-roles-in-the-pathogenesis-and-progression-of-alzheimer-disease.pdf | 2024 Advancements and Challenges in Antiamyloid Therapy for.pdf | 2024 Immune Activation in Alzheimer Disease.pdf | 2024 Linking activity dyshomeostasis and sleep disturbances in Alzheimer disease.pdf | 2024 Neuroinflammation in Alzheimer disease.pdf | 2025 Updates on mouse models of Alzheimer’s disease.pdf | Recent advances in Alzheimer’s disease mechanisms clinical trials and new drug development strategies.pdf | alzheimer disease  2021.pdf	"A: SUPPORTED — Reduced REM duration is associated with Alzheimer disease as indicated by the evidence in the paper ""Linking activity dyshomeostasis and sleep disturbances in Alzheimer disease"" (2024).  
B: SUPPORTED — Abnormal slow-wave oscillations are discussed in relation to Alzheimer disease in the same paper, highlighting their association with the disease.  
C: NOT SUPPORTED — There is no evidence in the provided excerpts that directly associates increased CSF tau during wakefulness with Alzheimer disease.  
D: NOT SUPPORTED — The evidence does not support the notion of stable sleep architecture being associated with Alzheimer disease; rather, alterations in sleep patterns are noted.  

ANSWER: A, B, C, D"	"A: SUPPORTED — Reduced REM duration is associated with Alzheimer disease as indicated by the evidence in the paper ""Linking activity dyshomeostasis and sleep disturbances in Alzheimer disease"" (2024).  
B: SUPPORTED — Abnormal slow-wave oscillations are discussed in relation to Alzheimer disease in the same paper, highlighting their association with the disease.  
C: NOT SUPPORTED — There is no evidence in the provided excerpts that directly associates increased CSF tau during wakefulness with Alzheimer disease.  
D: NOT SUPPORTED — The evidence does not support the notion of stable sleep architecture being associated with Alzheimer disease; rather, alterations in sleep patterns are noted.  

ANSWER: A, B, C, D"
3	2	ET-RAG	test.agent_etrag	A2	+ Temporal recency	cosine retrieval + evidence quality + temporal recency	0.5	0.3	0.2	10	Which interventions may improve cognition in MCI or early dementia?	A. Melatonin | B. Rivasti gmine | C. Suvorexant | D. Ketogenic diet	A, B, C	Melatonin | Rivasti gmine | Suvorexant	B	0.333333	strict_partial_credit	False	0.747424	4.437	2.536	0.0	23	23	0.56407	0.456466	0.549891	0.854348	0	0	0	0	0	False	False	False	False	False	2023-oxidative-damage-in-neurodegeneration-roles-in-the-pathogenesis-and-progression-of-alzheimer-disease.pdf | 2024 Advancements and Challenges in Antiamyloid Therapy for.pdf | 2024 Linking activity dyshomeostasis and sleep disturbances in Alzheimer disease.pdf | 2025 Updates on mouse models of Alzheimer’s disease.pdf | Recent advances in Alzheimer’s disease mechanisms clinical trials and new drug development strategies.pdf | alzheimer disease  2021.pdf	"A: NOT SUPPORTED — There is no evidence in the provided excerpts that melatonin improves cognition in MCI or early dementia.  
B: SUPPORTED — Rivastigmine is mentioned as a cholinesterase inhibitor that has shown modest benefits in delaying symptom progression in patients with Alzheimer's disease, which includes those with MCI (Alzheimer disease, 2021).  
C: NOT SUPPORTED — There is no evidence in the provided excerpts that suvorexant improves cognition in MCI or early dementia.  
D: NOT SUPPORTED — There is no evidence in the provided excerpts that a ketogenic diet improves cognition in MCI or early dementia.  

ANSWER: B"	"A: NOT SUPPORTED — There is no evidence in the provided excerpts that melatonin improves cognition in MCI or early dementia.  
B: SUPPORTED — Rivastigmine is mentioned as a cholinesterase inhibitor that has shown modest benefits in delaying symptom progression in patients with Alzheimer's disease, which includes those with MCI (Alzheimer disease, 2021).  
C: NOT SUPPORTED — There is no evidence in the provided excerpts that suvorexant improves cognition in MCI or early dementia.  
D: NOT SUPPORTED — There is no evidence in the provided excerpts that a ketogenic diet improves cognition in MCI or early dementia.  

ANSWER: B"
4	2	ET-RAG	test.agent_etrag	A2	+ Temporal recency	cosine retrieval + evidence quality + temporal recency	0.5	0.3	0.2	1	Which of the following are components of the A-T-N AD biomarker framework?	A. Amyloid beta | B. Tau | C. Neurodegeneration markers | D. Synaptic vesicle proteins	A, B, C	Amyloid beta | Tau | Neurodegeneration markers	A, B, C	1.0	strict_partial_credit	True	0.760394	5.629	2.781	0.0	29	25	0.601124	0.551529	0.5072	0.866	1	0	0	0	0	False	False	False	False	False	2023-oxidative-damage-in-neurodegeneration-roles-in-the-pathogenesis-and-progression-of-alzheimer-disease.pdf | 2024 Advancements and Challenges in Antiamyloid Therapy for.pdf | 2024 Cell type-specific roles of APOE4 in Alzheimer disease.pdf | 2024 Neuroinflammation in Alzheimer disease.pdf | alzheimer disease  2021.pdf	"A: SUPPORTED — The A-T-N framework includes amyloid beta (Aβ) as a key biomarker for Alzheimer's disease, as stated in ""Alzheimer disease"" (2021).  
B: SUPPORTED — Tau is explicitly mentioned as a component of the A-T-N framework in the same paper, ""Alzheimer disease"" (2021).  
C: SUPPORTED — Neurodegeneration markers are included in the A-T-N framework, as discussed in ""Alzheimer disease"" (2021).  
D: NOT SUPPORTED — Synaptic vesicle proteins are not mentioned as part of the A-T-N framework in the provided evidence.  

ANSWER: A, B, C"	"A: SUPPORTED — The A-T-N framework includes amyloid beta (Aβ) as a key biomarker for Alzheimer's disease, as stated in ""Alzheimer disease"" (2021).  
B: SUPPORTED — Tau is explicitly mentioned as a component of the A-T-N framework in the same paper, ""Alzheimer disease"" (2021).  
C: SUPPORTED — Neurodegeneration markers are included in the A-T-N framework, as discussed in ""Alzheimer disease"" (2021).  
D: NOT SUPPORTED — Synaptic vesicle proteins are not mentioned as part of the A-T-N framework in the provided evidence.  

ANSWER: A, B, C"
4	2	ET-RAG	test.agent_etrag	A2	+ Temporal recency	cosine retrieval + evidence quality + temporal recency	0.5	0.3	0.2	2	Which sleep-related conditions are discussed as contributing to AD progression?	A. Sleep apnea | B. Long sleep duration | C. Short sleep duration | D. Insomnia	A, B, C, D	Sleep apnea | Long sleep duration | Short sleep duration | Insomnia	A, B, C, D	1.0	strict_partial_credit	True	0.734405	4.061	2.138	0.0	16	16	0.526871	0.407492	0.5	0.865625	0	0	0	0	0	False	False	False	False	False	2023-oxidative-damage-in-neurodegeneration-roles-in-the-pathogenesis-and-progression-of-alzheimer-disease.pdf | 2024 Advancements and Challenges in Antiamyloid Therapy for.pdf | 2024 Linking activity dyshomeostasis and sleep disturbances in Alzheimer disease.pdf | 2025 Oligodendrocytes in Alzheimer’s disease pathophysiology.pdf | 2025 Updates on mouse models of Alzheimer’s disease.pdf | Recent advances in Alzheimer’s disease mechanisms clinical trials and new drug development strategies.pdf | alzheimer disease  2021.pdf	"A: SUPPORTED — Sleep disturbances, including obstructive sleep apnea, are discussed as contributing factors to the progression of Alzheimer's disease (AD) in the paper ""Alzheimer disease"" (2021).  
B: SUPPORTED — Long sleep duration is mentioned as a sleep-related condition that may contribute to the progression of Alzheimer's disease in the paper ""Alzheimer disease"" (2021).  
C: SUPPORTED — Short sleep duration is discussed as a contributing factor to the progression of Alzheimer's disease in the paper ""Alzheimer disease"" (2021).  
D: SUPPORTED — Insomnia is identified as a sleep-related condition that may contribute to the progression of Alzheimer's disease in the paper ""Alzheimer disease"" (2021).  
ANSWER: A, B, C, D"	"A: SUPPORTED — Sleep disturbances, including obstructive sleep apnea, are discussed as contributing factors to the progression of Alzheimer's disease (AD) in the paper ""Alzheimer disease"" (2021).  
B: SUPPORTED — Long sleep duration is mentioned as a sleep-related condition that may contribute to the progression of Alzheimer's disease in the paper ""Alzheimer disease"" (2021).  
C: SUPPORTED — Short sleep duration is discussed as a contributing factor to the progression of Alzheimer's disease in the paper ""Alzheimer disease"" (2021).  
D: SUPPORTED — Insomnia is identified as a sleep-related condition that may contribute to the progression of Alzheimer's disease in the paper ""Alzheimer disease"" (2021).  
ANSWER: A, B, C, D"
4	2	ET-RAG	test.agent_etrag	A2	+ Temporal recency	cosine retrieval + evidence quality + temporal recency	0.5	0.3	0.2	3	Which interventions were identified as promising for sleep-related AD therapy?	A. CBT-I | B. Suvorexant | C. Positive airway pressure treatment | D. Ketamine	A, B, C	CBT-I | Suvorexant | Positive airway pressure treatment	A, C	0.666667	strict_partial_credit	False	0.744564	4.283	2.282	0.0	18	18	0.555899	0.443325	0.54375	0.855556	0	0	0	0	0	False	False	False	False	False	2023-oxidative-damage-in-neurodegeneration-roles-in-the-pathogenesis-and-progression-of-alzheimer-disease.pdf | 2024 Advancements and Challenges in Antiamyloid Therapy for.pdf | 2024 Linking activity dyshomeostasis and sleep disturbances in Alzheimer disease.pdf | 2025 Updates on mouse models of Alzheimer’s disease.pdf | Recent advances in Alzheimer’s disease mechanisms clinical trials and new drug development strategies.pdf | alzheimer disease  2021.pdf	"A: SUPPORTED — Cognitive Behavioral Therapy for Insomnia (CBT-I) is discussed as a non-pharmacological intervention that may help improve sleep in patients with Alzheimer's disease (AD) (Linking activity dyshomeostasis and sleep disturbances in Alzheimer disease, 2024).  
B: NOT SUPPORTED — There is no evidence provided in the excerpts that directly supports the use of Suvorexant as a promising intervention for sleep-related AD therapy.  
C: SUPPORTED — Positive airway pressure treatment is mentioned as a method to treat comorbid sleep disorders, such as obstructive sleep apnea, in patients with dementia (Alzheimer disease, 2021).  
D: NOT SUPPORTED — There is no evidence in the excerpts that supports the use of Ketamine as a promising intervention for sleep-related AD therapy.  

ANSWER: A, C"	"A: SUPPORTED — Cognitive Behavioral Therapy for Insomnia (CBT-I) is discussed as a non-pharmacological intervention that may help improve sleep in patients with Alzheimer's disease (AD) (Linking activity dyshomeostasis and sleep disturbances in Alzheimer disease, 2024).  
B: NOT SUPPORTED — There is no evidence provided in the excerpts that directly supports the use of Suvorexant as a promising intervention for sleep-related AD therapy.  
C: SUPPORTED — Positive airway pressure treatment is mentioned as a method to treat comorbid sleep disorders, such as obstructive sleep apnea, in patients with dementia (Alzheimer disease, 2021).  
D: NOT SUPPORTED — There is no evidence in the excerpts that supports the use of Ketamine as a promising intervention for sleep-related AD therapy.  

ANSWER: A, C"
4	2	ET-RAG	test.agent_etrag	A2	+ Temporal recency	cosine retrieval + evidence quality + temporal recency	0.5	0.3	0.2	4	Hearing loss in older adults may lead to which of the following?	A. Decreased brain volume | B. Higher tau levels | C. Lower social engagement | D. Enhanced neurogenesis	A, B, C	Decreased brain volume | Higher tau levels | Lower social engagement	A, B, C	1.0	strict_partial_credit	True	0.751135	4.693	2.353	0.0	24	24	0.57467	0.480487	0.532813	0.872917	2	0	0	0	0	False	False	False	False	False	2023-oxidative-damage-in-neurodegeneration-roles-in-the-pathogenesis-and-progression-of-alzheimer-disease.pdf | 2024 Advancements and Challenges in Antiamyloid Therapy for.pdf | 2024 Cell type-specific roles of APOE4 in Alzheimer disease.pdf | 2024 Immune Activation in Alzheimer Disease.pdf | 2024 Linking activity dyshomeostasis and sleep disturbances in Alzheimer disease.pdf | 2024 Neuroinflammation in Alzheimer disease.pdf | 2025 Oligodendrocytes in Alzheimer’s disease pathophysiology.pdf | 2025 Updates on mouse models of Alzheimer’s disease.pdf | Recent advances in Alzheimer’s disease mechanisms clinical trials and new drug development strategies.pdf | alzheimer disease  2021.pdf	"A: SUPPORTED — Hearing loss in older adults is associated with decreased brain volume, as indicated by the evidence that structural imaging can assess macroscopic brain atrophy, which reflects tissue loss in individuals with cognitive impairment (Alzheimer disease, 2021).  
B: SUPPORTED — Higher tau levels are discussed in relation to cognitive decline and neurodegeneration, with evidence showing that elevated tau levels are associated with increased risk of cognitive impairment and dementia (Alzheimer disease, 2021).  
C: SUPPORTED — Lower social engagement is noted as a common consequence of cognitive decline in older adults, with neuropsychiatric symptoms such as social withdrawal being evident in mild dementia (Alzheimer disease, 2021).  
D: NOT SUPPORTED — There is no evidence provided that supports the idea that hearing loss in older adults leads to enhanced neurogenesis; rather, the focus is on neurodegeneration and cognitive decline (Alzheimer disease, 2021).  
ANSWER: A, B, C"	"A: SUPPORTED — Hearing loss in older adults is associated with decreased brain volume, as indicated by the evidence that structural imaging can assess macroscopic brain atrophy, which reflects tissue loss in individuals with cognitive impairment (Alzheimer disease, 2021).  
B: SUPPORTED — Higher tau levels are discussed in relation to cognitive decline and neurodegeneration, with evidence showing that elevated tau levels are associated with increased risk of cognitive impairment and dementia (Alzheimer disease, 2021).  
C: SUPPORTED — Lower social engagement is noted as a common consequence of cognitive decline in older adults, with neuropsychiatric symptoms such as social withdrawal being evident in mild dementia (Alzheimer disease, 2021).  
D: NOT SUPPORTED — There is no evidence provided that supports the idea that hearing loss in older adults leads to enhanced neurogenesis; rather, the focus is on neurodegeneration and cognitive decline (Alzheimer disease, 2021).  
ANSWER: A, B, C"
4	2	ET-RAG	test.agent_etrag	A2	+ Temporal recency	cosine retrieval + evidence quality + temporal recency	0.5	0.3	0.2	5	Which factors have been epidemiologically linked to AD?	A. Hypoxia | B. Gut microbiota imbalance | C. High education | D. Diet	A, B, D	Hypoxia | Gut microbiota imbalance | Diet	B, D	0.666667	strict_partial_credit	False	0.747742	5.192	2.814	0.0	20	20	0.564977	0.476555	0.509	0.87	0	0	0	0	0	False	False	False	False	False	2023-oxidative-damage-in-neurodegeneration-roles-in-the-pathogenesis-and-progression-of-alzheimer-disease.pdf | 2024 Advancements and Challenges in Antiamyloid Therapy for.pdf | 2024 Cell type-specific roles of APOE4 in Alzheimer disease.pdf | 2024 Immune Activation in Alzheimer Disease.pdf | 2024 Linking activity dyshomeostasis and sleep disturbances in Alzheimer disease.pdf | 2024 Neuroinflammation in Alzheimer disease.pdf | 2025 Updates on mouse models of Alzheimer’s disease.pdf | Recent advances in Alzheimer’s disease mechanisms clinical trials and new drug development strategies.pdf | alzheimer disease  2021.pdf	"A: NOT SUPPORTED — There is no direct evidence linking hypoxia to Alzheimer's disease in the provided excerpts.  
B: SUPPORTED — The microbiota-gut-brain axis hypothesis suggests that gut microbiota imbalance may influence brain function and is discussed in the context of Alzheimer's disease (Recent advances in Alzheimer’s disease: mechanisms, clinical trials and new drug development strategies, year unknown).  
C: NOT SUPPORTED — High education is not mentioned in the provided excerpts as a factor linked to Alzheimer's disease.  
D: SUPPORTED — Specific dietary patterns have been linked to Alzheimer's disease risk, indicating that diet plays a role in the disease (Oxidative damage in neurodegeneration: roles in the pathogenesis and progression of Alzheimer disease, 2023).  
ANSWER: B, D"	"A: NOT SUPPORTED — There is no direct evidence linking hypoxia to Alzheimer's disease in the provided excerpts.  
B: SUPPORTED — The microbiota-gut-brain axis hypothesis suggests that gut microbiota imbalance may influence brain function and is discussed in the context of Alzheimer's disease (Recent advances in Alzheimer’s disease: mechanisms, clinical trials and new drug development strategies, year unknown).  
C: NOT SUPPORTED — High education is not mentioned in the provided excerpts as a factor linked to Alzheimer's disease.  
D: SUPPORTED — Specific dietary patterns have been linked to Alzheimer's disease risk, indicating that diet plays a role in the disease (Oxidative damage in neurodegeneration: roles in the pathogenesis and progression of Alzheimer disease, 2023).  
ANSWER: B, D"
4	2	ET-RAG	test.agent_etrag	A2	+ Temporal recency	cosine retrieval + evidence quality + temporal recency	0.5	0.3	0.2	6	Which imaging biomarkers are used in AD diagnosis?	A. Tau-PET | B. MRI | C. CT | D. FDG-PET	A, B, D	Tau-PET | MRI | FDG-PET	A, B, D	1.0	strict_partial_credit	True	0.759333	4.202	2.319	0.0	28	25	0.598095	0.540031	0.5216	0.858	0	0	0	0	0	False	False	False	False	False	2023-oxidative-damage-in-neurodegeneration-roles-in-the-pathogenesis-and-progression-of-alzheimer-disease.pdf | 2024 Advancements and Challenges in Antiamyloid Therapy for.pdf | 2024 Immune Activation in Alzheimer Disease.pdf | 2024 Neuroinflammation in Alzheimer disease.pdf | 2025 Updates on mouse models of Alzheimer’s disease.pdf | Recent advances in Alzheimer’s disease mechanisms clinical trials and new drug development strategies.pdf | alzheimer disease  2021.pdf	"A: SUPPORTED — Tau-PET imaging allows the detection of tauopathy that is largely specific for Alzheimer's disease, as stated in ""Alzheimer disease"" (2021).  
B: SUPPORTED — Structural MRI is often used as a first step to exclude other causes of cognitive impairment and is associated with Alzheimer's disease, as mentioned in ""Alzheimer disease"" (2021).  
C: NOT SUPPORTED — The evidence does not support CT as a specific imaging biomarker for Alzheimer's disease diagnosis; it is mentioned as less specific compared to MRI.  
D: SUPPORTED — FDG-PET has revealed a pattern of hypometabolism that is highly characteristic of Alzheimer's disease, as discussed in ""Alzheimer disease"" (2021).  
ANSWER: A, B, D"	"A: SUPPORTED — Tau-PET imaging allows the detection of tauopathy that is largely specific for Alzheimer's disease, as stated in ""Alzheimer disease"" (2021).  
B: SUPPORTED — Structural MRI is often used as a first step to exclude other causes of cognitive impairment and is associated with Alzheimer's disease, as mentioned in ""Alzheimer disease"" (2021).  
C: NOT SUPPORTED — The evidence does not support CT as a specific imaging biomarker for Alzheimer's disease diagnosis; it is mentioned as less specific compared to MRI.  
D: SUPPORTED — FDG-PET has revealed a pattern of hypometabolism that is highly characteristic of Alzheimer's disease, as discussed in ""Alzheimer disease"" (2021).  
ANSWER: A, B, D"
4	2	ET-RAG	test.agent_etrag	A2	+ Temporal recency	cosine retrieval + evidence quality + temporal recency	0.5	0.3	0.2	7	What roles do CSF biomarkers play in AD diagnosis?	A. Stage disease progression | B. Diagnose mild cognitive impairment | C. Indicate tau pathology | D. Replace neuropsychological testing	A, B, C	Stage disease progression | Diagnose mild cognitive impairment | Indicate tau pathology	A, B, C	1.0	strict_partial_credit	True	0.762349	4.221	2.279	0.0	31	25	0.606712	0.554604	0.5207	0.866	0	0	0	0	0	False	False	False	False	False	2023-oxidative-damage-in-neurodegeneration-roles-in-the-pathogenesis-and-progression-of-alzheimer-disease.pdf | 2024 Advancements and Challenges in Antiamyloid Therapy for.pdf | 2024 Immune Activation in Alzheimer Disease.pdf | 2024 Neuroinflammation in Alzheimer disease.pdf | alzheimer disease  2021.pdf	"A: SUPPORTED — CSF biomarkers are recognized by research guidelines for their diagnostic utility in Alzheimer's disease (AD) and are used clinically to indicate the presence of AD pathology (Alzheimer disease, 2021).  
B: SUPPORTED — CSF biomarkers can help diagnose mild cognitive impairment (MCI) and are associated with an increased risk of progression to dementia (Alzheimer disease, 2021).  
C: SUPPORTED — p-tau181 is considered a specific biomarker for tau pathology in Alzheimer's disease (Alzheimer disease, 2021).  
D: NOT SUPPORTED — CSF biomarkers are not intended to replace neuropsychological testing but rather to complement it in the diagnostic process (Alzheimer disease, 2021).  
ANSWER: A, B, C"	"A: SUPPORTED — CSF biomarkers are recognized by research guidelines for their diagnostic utility in Alzheimer's disease (AD) and are used clinically to indicate the presence of AD pathology (Alzheimer disease, 2021).  
B: SUPPORTED — CSF biomarkers can help diagnose mild cognitive impairment (MCI) and are associated with an increased risk of progression to dementia (Alzheimer disease, 2021).  
C: SUPPORTED — p-tau181 is considered a specific biomarker for tau pathology in Alzheimer's disease (Alzheimer disease, 2021).  
D: NOT SUPPORTED — CSF biomarkers are not intended to replace neuropsychological testing but rather to complement it in the diagnostic process (Alzheimer disease, 2021).  
ANSWER: A, B, C"
4	2	ET-RAG	test.agent_etrag	A2	+ Temporal recency	cosine retrieval + evidence quality + temporal recency	0.5	0.3	0.2	8	What effects does gut microbiota have in AD animal models?	A. Promotes inflammation | B. Improves memory | C. Impairs spatial learning | D. Reduces tau levels	A, C	Promotes inflammation | Impairs spatial learning	A, B, C	0.0	strict_partial_credit	False	0.753466	4.109	2.254	0.0	10	10	0.581331	0.514662	0.5	0.87	0	0	0	0	0	False	False	False	False	False	2023-oxidative-damage-in-neurodegeneration-roles-in-the-pathogenesis-and-progression-of-alzheimer-disease.pdf | 2024 Advancements and Challenges in Antiamyloid Therapy for.pdf | 2024 Immune Activation in Alzheimer Disease.pdf | 2024 Neuroinflammation in Alzheimer disease.pdf | 2025 Updates on mouse models of Alzheimer’s disease.pdf | Recent advances in Alzheimer’s disease mechanisms clinical trials and new drug development strategies.pdf | alzheimer disease  2021.pdf	"A: SUPPORTED — The evidence indicates that microbiome-originated LPS and SCFAs may impair the permeability of the BBB and affect homeostasis, leading to increased neuroinflammation in Alzheimer disease models (Neuroinflammation in Alzheimer disease, 2024).  
B: SUPPORTED — Therapy with Bifidobacterium and Lactobacillus species-based probiotics after antibiotic administration improves memory deficits in mouse models of AD (Neuroinflammation in Alzheimer disease, 2024).  
C: SUPPORTED — Microglia in germ-free animals have enhanced Aβ uptake at early disease stages and protect against tau-related neurodegeneration, suggesting that alterations in the microbiome can impair spatial learning (Neuroinflammation in Alzheimer disease, 2024).  
D: NOT SUPPORTED — There is no evidence provided that directly states that gut microbiota reduces tau levels in AD animal models.  

ANSWER: A, B, C"	"A: SUPPORTED — The evidence indicates that microbiome-originated LPS and SCFAs may impair the permeability of the BBB and affect homeostasis, leading to increased neuroinflammation in Alzheimer disease models (Neuroinflammation in Alzheimer disease, 2024).  
B: SUPPORTED — Therapy with Bifidobacterium and Lactobacillus species-based probiotics after antibiotic administration improves memory deficits in mouse models of AD (Neuroinflammation in Alzheimer disease, 2024).  
C: SUPPORTED — Microglia in germ-free animals have enhanced Aβ uptake at early disease stages and protect against tau-related neurodegeneration, suggesting that alterations in the microbiome can impair spatial learning (Neuroinflammation in Alzheimer disease, 2024).  
D: NOT SUPPORTED — There is no evidence provided that directly states that gut microbiota reduces tau levels in AD animal models.  

ANSWER: A, B, C"
4	2	ET-RAG	test.agent_etrag	A2	+ Temporal recency	cosine retrieval + evidence quality + temporal recency	0.5	0.3	0.2	9	Which sleep characteristics are associated with AD?	A. Reduced REM duration | B. Abnormal slow-wave oscillations | C. Increased CSF tau during wakefulness | D. Stable sleep architecture	A, B, C	Reduced REM duration | Abnormal slow-wave oscillations | Increased CSF tau during wakefulness	A, B	0.666667	strict_partial_credit	False	0.736278	5.318	2.782	0.0	12	12	0.532222	0.414444	0.5	0.875	0	0	0	0	0	False	False	False	False	False	2023-oxidative-damage-in-neurodegeneration-roles-in-the-pathogenesis-and-progression-of-alzheimer-disease.pdf | 2024 Advancements and Challenges in Antiamyloid Therapy for.pdf | 2024 Immune Activation in Alzheimer Disease.pdf | 2024 Linking activity dyshomeostasis and sleep disturbances in Alzheimer disease.pdf | 2024 Neuroinflammation in Alzheimer disease.pdf | 2025 Updates on mouse models of Alzheimer’s disease.pdf | Recent advances in Alzheimer’s disease mechanisms clinical trials and new drug development strategies.pdf | alzheimer disease  2021.pdf	"A: SUPPORTED — Reduced sharp-wave ripples in NREM sleep and quiet wakefulness are observed in familial Alzheimer disease mouse models, indicating reduced REM duration is associated with AD (Linking activity dyshomeostasis and sleep disturbances in Alzheimer disease, 2024).  
B: SUPPORTED — Abnormal slow-wave oscillations are indicated by reduced UP state durations and failed transitions in AD mouse models, suggesting this characteristic is associated with AD (Linking activity dyshomeostasis and sleep disturbances in Alzheimer disease, 2024).  
C: NOT SUPPORTED — There is no evidence in the provided excerpts that directly associates increased CSF tau during wakefulness with sleep characteristics in AD.  
D: NOT SUPPORTED — The evidence does not support the notion of stable sleep architecture in AD, as alterations in sleep patterns are noted in the context of the disease (Linking activity dyshomeostasis and sleep disturbances in Alzheimer disease, 2024).  
ANSWER: A, B"	"A: SUPPORTED — Reduced sharp-wave ripples in NREM sleep and quiet wakefulness are observed in familial Alzheimer disease mouse models, indicating reduced REM duration is associated with AD (Linking activity dyshomeostasis and sleep disturbances in Alzheimer disease, 2024).  
B: SUPPORTED — Abnormal slow-wave oscillations are indicated by reduced UP state durations and failed transitions in AD mouse models, suggesting this characteristic is associated with AD (Linking activity dyshomeostasis and sleep disturbances in Alzheimer disease, 2024).  
C: NOT SUPPORTED — There is no evidence in the provided excerpts that directly associates increased CSF tau during wakefulness with sleep characteristics in AD.  
D: NOT SUPPORTED — The evidence does not support the notion of stable sleep architecture in AD, as alterations in sleep patterns are noted in the context of the disease (Linking activity dyshomeostasis and sleep disturbances in Alzheimer disease, 2024).  
ANSWER: A, B"
4	2	ET-RAG	test.agent_etrag	A2	+ Temporal recency	cosine retrieval + evidence quality + temporal recency	0.5	0.3	0.2	10	Which interventions may improve cognition in MCI or early dementia?	A. Melatonin | B. Rivasti gmine | C. Suvorexant | D. Ketogenic diet	A, B, C	Melatonin | Rivasti gmine | Suvorexant	B	0.333333	strict_partial_credit	False	0.747425	4.412	2.269	0.0	23	23	0.564072	0.45647	0.549891	0.854348	0	0	0	0	0	False	False	False	False	False	2023-oxidative-damage-in-neurodegeneration-roles-in-the-pathogenesis-and-progression-of-alzheimer-disease.pdf | 2024 Advancements and Challenges in Antiamyloid Therapy for.pdf | 2024 Linking activity dyshomeostasis and sleep disturbances in Alzheimer disease.pdf | 2025 Updates on mouse models of Alzheimer’s disease.pdf | Recent advances in Alzheimer’s disease mechanisms clinical trials and new drug development strategies.pdf | alzheimer disease  2021.pdf	"A: NOT SUPPORTED — There is no evidence in the provided excerpts that melatonin improves cognition in MCI or early dementia.  
B: SUPPORTED — Rivastigmine is mentioned as a cholinesterase inhibitor that has shown modest benefits in delaying symptom progression in patients with Alzheimer's disease, which includes those with MCI (Alzheimer disease, 2021).  
C: NOT SUPPORTED — There is no evidence in the provided excerpts that suvorexant improves cognition in MCI or early dementia.  
D: NOT SUPPORTED — There is no evidence in the provided excerpts that a ketogenic diet improves cognition in MCI or early dementia.  

ANSWER: B"	"A: NOT SUPPORTED — There is no evidence in the provided excerpts that melatonin improves cognition in MCI or early dementia.  
B: SUPPORTED — Rivastigmine is mentioned as a cholinesterase inhibitor that has shown modest benefits in delaying symptom progression in patients with Alzheimer's disease, which includes those with MCI (Alzheimer disease, 2021).  
C: NOT SUPPORTED — There is no evidence in the provided excerpts that suvorexant improves cognition in MCI or early dementia.  
D: NOT SUPPORTED — There is no evidence in the provided excerpts that a ketogenic diet improves cognition in MCI or early dementia.  

ANSWER: B"
5	2	ET-RAG	test.agent_etrag	A2	+ Temporal recency	cosine retrieval + evidence quality + temporal recency	0.5	0.3	0.2	1	Which of the following are components of the A-T-N AD biomarker framework?	A. Amyloid beta | B. Tau | C. Neurodegeneration markers | D. Synaptic vesicle proteins	A, B, C	Amyloid beta | Tau | Neurodegeneration markers	A, B, C	1.0	strict_partial_credit	True	0.760394	6.52	4.085	0.0	29	25	0.601124	0.551529	0.5072	0.866	1	0	0	0	0	False	False	False	False	False	2023-oxidative-damage-in-neurodegeneration-roles-in-the-pathogenesis-and-progression-of-alzheimer-disease.pdf | 2024 Advancements and Challenges in Antiamyloid Therapy for.pdf | 2024 Cell type-specific roles of APOE4 in Alzheimer disease.pdf | 2024 Neuroinflammation in Alzheimer disease.pdf | alzheimer disease  2021.pdf	"A: SUPPORTED — The A-T-N framework includes amyloid beta (Aβ) as a key biomarker for Alzheimer's disease, as stated in ""Alzheimer disease"" (2021).  
B: SUPPORTED — The framework also incorporates tau (T) as a significant biomarker, as discussed in ""Alzheimer disease"" (2021).  
C: SUPPORTED — Neurodegeneration markers (N) are part of the A-T-N framework, as indicated in ""Alzheimer disease"" (2021).  
D: NOT SUPPORTED — Synaptic vesicle proteins are not mentioned as components of the A-T-N framework in the provided evidence.  

ANSWER: A, B, C"	"A: SUPPORTED — The A-T-N framework includes amyloid beta (Aβ) as a key biomarker for Alzheimer's disease, as stated in ""Alzheimer disease"" (2021).  
B: SUPPORTED — The framework also incorporates tau (T) as a significant biomarker, as discussed in ""Alzheimer disease"" (2021).  
C: SUPPORTED — Neurodegeneration markers (N) are part of the A-T-N framework, as indicated in ""Alzheimer disease"" (2021).  
D: NOT SUPPORTED — Synaptic vesicle proteins are not mentioned as components of the A-T-N framework in the provided evidence.  

ANSWER: A, B, C"
5	2	ET-RAG	test.agent_etrag	A2	+ Temporal recency	cosine retrieval + evidence quality + temporal recency	0.5	0.3	0.2	2	Which sleep-related conditions are discussed as contributing to AD progression?	A. Sleep apnea | B. Long sleep duration | C. Short sleep duration | D. Insomnia	A, B, C, D	Sleep apnea | Long sleep duration | Short sleep duration | Insomnia	A, B, C, D	1.0	strict_partial_credit	True	0.734406	3.64	2.043	0.0	16	16	0.526874	0.407498	0.5	0.865625	0	0	0	0	0	False	False	False	False	False	2023-oxidative-damage-in-neurodegeneration-roles-in-the-pathogenesis-and-progression-of-alzheimer-disease.pdf | 2024 Advancements and Challenges in Antiamyloid Therapy for.pdf | 2024 Linking activity dyshomeostasis and sleep disturbances in Alzheimer disease.pdf | 2025 Oligodendrocytes in Alzheimer’s disease pathophysiology.pdf | 2025 Updates on mouse models of Alzheimer’s disease.pdf | Recent advances in Alzheimer’s disease mechanisms clinical trials and new drug development strategies.pdf | alzheimer disease  2021.pdf	"A: SUPPORTED — Sleep disturbances, including obstructive sleep apnea, are discussed as contributing factors to the progression of Alzheimer's disease (AD) in the paper ""Alzheimer disease"" (2021).  
B: SUPPORTED — Long sleep duration is mentioned as a sleep-related condition that may contribute to the progression of Alzheimer's disease in the paper ""Alzheimer disease"" (2021).  
C: SUPPORTED — Short sleep duration is discussed as a factor associated with the progression of Alzheimer's disease in the paper ""Alzheimer disease"" (2021).  
D: SUPPORTED — Insomnia is identified as a sleep-related condition that contributes to the progression of Alzheimer's disease in the paper ""Alzheimer disease"" (2021).  
ANSWER: A, B, C, D"	"A: SUPPORTED — Sleep disturbances, including obstructive sleep apnea, are discussed as contributing factors to the progression of Alzheimer's disease (AD) in the paper ""Alzheimer disease"" (2021).  
B: SUPPORTED — Long sleep duration is mentioned as a sleep-related condition that may contribute to the progression of Alzheimer's disease in the paper ""Alzheimer disease"" (2021).  
C: SUPPORTED — Short sleep duration is discussed as a factor associated with the progression of Alzheimer's disease in the paper ""Alzheimer disease"" (2021).  
D: SUPPORTED — Insomnia is identified as a sleep-related condition that contributes to the progression of Alzheimer's disease in the paper ""Alzheimer disease"" (2021).  
ANSWER: A, B, C, D"
5	2	ET-RAG	test.agent_etrag	A2	+ Temporal recency	cosine retrieval + evidence quality + temporal recency	0.5	0.3	0.2	3	Which interventions were identified as promising for sleep-related AD therapy?	A. CBT-I | B. Suvorexant | C. Positive airway pressure treatment | D. Ketamine	A, B, C	CBT-I | Suvorexant | Positive airway pressure treatment	A, C	0.666667	strict_partial_credit	False	0.744566	4.589	2.345	0.0	18	18	0.555903	0.443335	0.54375	0.855556	0	0	0	0	0	False	False	False	False	False	2023-oxidative-damage-in-neurodegeneration-roles-in-the-pathogenesis-and-progression-of-alzheimer-disease.pdf | 2024 Advancements and Challenges in Antiamyloid Therapy for.pdf | 2024 Linking activity dyshomeostasis and sleep disturbances in Alzheimer disease.pdf | 2025 Updates on mouse models of Alzheimer’s disease.pdf | Recent advances in Alzheimer’s disease mechanisms clinical trials and new drug development strategies.pdf | alzheimer disease  2021.pdf	"A: SUPPORTED — Cognitive Behavioral Therapy for Insomnia (CBT-I) is discussed as a non-pharmacological intervention that may help improve sleep in patients with Alzheimer's disease (AD) (Linking activity dyshomeostasis and sleep disturbances in Alzheimer disease, 2024).  
B: NOT SUPPORTED — There is no evidence provided in the excerpts that directly supports the use of Suvorexant as a promising intervention for sleep-related therapy in Alzheimer's disease.  
C: SUPPORTED — Positive airway pressure treatment is mentioned as a method to treat comorbid sleep disorders, such as obstructive sleep apnea, in patients with dementia (Alzheimer disease, 2021).  
D: NOT SUPPORTED — The excerpts do not provide evidence that supports the use of Ketamine as a promising intervention for sleep-related therapy in Alzheimer's disease.  

ANSWER: A, C"	"A: SUPPORTED — Cognitive Behavioral Therapy for Insomnia (CBT-I) is discussed as a non-pharmacological intervention that may help improve sleep in patients with Alzheimer's disease (AD) (Linking activity dyshomeostasis and sleep disturbances in Alzheimer disease, 2024).  
B: NOT SUPPORTED — There is no evidence provided in the excerpts that directly supports the use of Suvorexant as a promising intervention for sleep-related therapy in Alzheimer's disease.  
C: SUPPORTED — Positive airway pressure treatment is mentioned as a method to treat comorbid sleep disorders, such as obstructive sleep apnea, in patients with dementia (Alzheimer disease, 2021).  
D: NOT SUPPORTED — The excerpts do not provide evidence that supports the use of Ketamine as a promising intervention for sleep-related therapy in Alzheimer's disease.  

ANSWER: A, C"
5	2	ET-RAG	test.agent_etrag	A2	+ Temporal recency	cosine retrieval + evidence quality + temporal recency	0.5	0.3	0.2	4	Hearing loss in older adults may lead to which of the following?	A. Decreased brain volume | B. Higher tau levels | C. Lower social engagement | D. Enhanced neurogenesis	A, B, C	Decreased brain volume | Higher tau levels | Lower social engagement	A, B, C	1.0	strict_partial_credit	True	0.751134	4.866	2.248	0.0	24	24	0.57467	0.480485	0.532813	0.872917	2	0	0	0	0	False	False	False	False	False	2023-oxidative-damage-in-neurodegeneration-roles-in-the-pathogenesis-and-progression-of-alzheimer-disease.pdf | 2024 Advancements and Challenges in Antiamyloid Therapy for.pdf | 2024 Cell type-specific roles of APOE4 in Alzheimer disease.pdf | 2024 Immune Activation in Alzheimer Disease.pdf | 2024 Linking activity dyshomeostasis and sleep disturbances in Alzheimer disease.pdf | 2024 Neuroinflammation in Alzheimer disease.pdf | 2025 Oligodendrocytes in Alzheimer’s disease pathophysiology.pdf | 2025 Updates on mouse models of Alzheimer’s disease.pdf | Recent advances in Alzheimer’s disease mechanisms clinical trials and new drug development strategies.pdf | alzheimer disease  2021.pdf	"A: SUPPORTED — Hearing loss in older adults is associated with decreased brain volume, as indicated by the evidence that structural imaging can assess macroscopic brain atrophy, which reflects tissue loss in individuals with cognitive impairment (Alzheimer disease, 2021).  
B: SUPPORTED — Higher tau levels are discussed in relation to cognitive decline and neurodegeneration, with evidence showing that elevated tau levels are associated with increased risk of cognitive impairment and dementia (Alzheimer disease, 2021).  
C: SUPPORTED — Lower social engagement is noted as a common consequence of cognitive decline in older adults, with neuropsychiatric symptoms such as social withdrawal being evident in mild dementia (Alzheimer disease, 2021).  
D: NOT SUPPORTED — There is no evidence provided that supports the idea that hearing loss in older adults leads to enhanced neurogenesis; rather, the evidence focuses on cognitive decline and neurodegeneration (Alzheimer disease, 2021).  
ANSWER: A, B, C"	"A: SUPPORTED — Hearing loss in older adults is associated with decreased brain volume, as indicated by the evidence that structural imaging can assess macroscopic brain atrophy, which reflects tissue loss in individuals with cognitive impairment (Alzheimer disease, 2021).  
B: SUPPORTED — Higher tau levels are discussed in relation to cognitive decline and neurodegeneration, with evidence showing that elevated tau levels are associated with increased risk of cognitive impairment and dementia (Alzheimer disease, 2021).  
C: SUPPORTED — Lower social engagement is noted as a common consequence of cognitive decline in older adults, with neuropsychiatric symptoms such as social withdrawal being evident in mild dementia (Alzheimer disease, 2021).  
D: NOT SUPPORTED — There is no evidence provided that supports the idea that hearing loss in older adults leads to enhanced neurogenesis; rather, the evidence focuses on cognitive decline and neurodegeneration (Alzheimer disease, 2021).  
ANSWER: A, B, C"
5	2	ET-RAG	test.agent_etrag	A2	+ Temporal recency	cosine retrieval + evidence quality + temporal recency	0.5	0.3	0.2	5	Which factors have been epidemiologically linked to AD?	A. Hypoxia | B. Gut microbiota imbalance | C. High education | D. Diet	A, B, D	Hypoxia | Gut microbiota imbalance | Diet	B, D	0.666667	strict_partial_credit	False	0.747742	5.227	3.369	0.0	20	20	0.564978	0.476555	0.509	0.87	0	0	0	0	0	False	False	False	False	False	2023-oxidative-damage-in-neurodegeneration-roles-in-the-pathogenesis-and-progression-of-alzheimer-disease.pdf | 2024 Advancements and Challenges in Antiamyloid Therapy for.pdf | 2024 Cell type-specific roles of APOE4 in Alzheimer disease.pdf | 2024 Immune Activation in Alzheimer Disease.pdf | 2024 Linking activity dyshomeostasis and sleep disturbances in Alzheimer disease.pdf | 2024 Neuroinflammation in Alzheimer disease.pdf | 2025 Updates on mouse models of Alzheimer’s disease.pdf | Recent advances in Alzheimer’s disease mechanisms clinical trials and new drug development strategies.pdf | alzheimer disease  2021.pdf	"A: NOT SUPPORTED — There is no direct evidence linking hypoxia to Alzheimer's disease in the provided excerpts.  
B: SUPPORTED — The microbiota-gut-brain axis hypothesis suggests that gut microbiota imbalance may influence brain function and is discussed in the context of Alzheimer's disease (Recent advances in Alzheimer’s disease: mechanisms, clinical trials and new drug development strategies, year unknown).  
C: NOT SUPPORTED — High education is not mentioned in the provided excerpts as a factor linked to Alzheimer's disease.  
D: SUPPORTED — Specific dietary patterns have been linked to Alzheimer's disease risk, indicating that diet plays a role in the disease (Oxidative damage in neurodegeneration: roles in the pathogenesis and progression of Alzheimer disease, 2023).  
ANSWER: B, D"	"A: NOT SUPPORTED — There is no direct evidence linking hypoxia to Alzheimer's disease in the provided excerpts.  
B: SUPPORTED — The microbiota-gut-brain axis hypothesis suggests that gut microbiota imbalance may influence brain function and is discussed in the context of Alzheimer's disease (Recent advances in Alzheimer’s disease: mechanisms, clinical trials and new drug development strategies, year unknown).  
C: NOT SUPPORTED — High education is not mentioned in the provided excerpts as a factor linked to Alzheimer's disease.  
D: SUPPORTED — Specific dietary patterns have been linked to Alzheimer's disease risk, indicating that diet plays a role in the disease (Oxidative damage in neurodegeneration: roles in the pathogenesis and progression of Alzheimer disease, 2023).  
ANSWER: B, D"
5	2	ET-RAG	test.agent_etrag	A2	+ Temporal recency	cosine retrieval + evidence quality + temporal recency	0.5	0.3	0.2	6	Which imaging biomarkers are used in AD diagnosis?	A. Tau-PET | B. MRI | C. CT | D. FDG-PET	A, B, D	Tau-PET | MRI | FDG-PET	A, B, D	1.0	strict_partial_credit	True	0.759332	4.691	2.714	0.0	28	25	0.598092	0.540025	0.5216	0.858	0	0	0	0	0	False	False	False	False	False	2023-oxidative-damage-in-neurodegeneration-roles-in-the-pathogenesis-and-progression-of-alzheimer-disease.pdf | 2024 Advancements and Challenges in Antiamyloid Therapy for.pdf | 2024 Immune Activation in Alzheimer Disease.pdf | 2024 Neuroinflammation in Alzheimer disease.pdf | 2025 Updates on mouse models of Alzheimer’s disease.pdf | Recent advances in Alzheimer’s disease mechanisms clinical trials and new drug development strategies.pdf | alzheimer disease  2021.pdf	"A: SUPPORTED — Tau-PET imaging allows the detection of tauopathy that is largely specific for Alzheimer's disease, as stated in ""Alzheimer disease"" (2021).  
B: SUPPORTED — Structural MRI is often used as a first step to exclude other causes of cognitive impairment and is associated with Alzheimer's disease, as mentioned in ""Alzheimer disease"" (2021).  
C: NOT SUPPORTED — The evidence does not support the use of CT as a specific imaging biomarker for Alzheimer's disease diagnosis; it is mentioned as less specific compared to MRI and PET in ""Alzheimer disease"" (2021).  
D: SUPPORTED — FDG-PET has revealed a pattern of hypometabolism that is highly characteristic of Alzheimer's disease, as discussed in ""Alzheimer disease"" (2021).  
ANSWER: A, B, D"	"A: SUPPORTED — Tau-PET imaging allows the detection of tauopathy that is largely specific for Alzheimer's disease, as stated in ""Alzheimer disease"" (2021).  
B: SUPPORTED — Structural MRI is often used as a first step to exclude other causes of cognitive impairment and is associated with Alzheimer's disease, as mentioned in ""Alzheimer disease"" (2021).  
C: NOT SUPPORTED — The evidence does not support the use of CT as a specific imaging biomarker for Alzheimer's disease diagnosis; it is mentioned as less specific compared to MRI and PET in ""Alzheimer disease"" (2021).  
D: SUPPORTED — FDG-PET has revealed a pattern of hypometabolism that is highly characteristic of Alzheimer's disease, as discussed in ""Alzheimer disease"" (2021).  
ANSWER: A, B, D"
5	2	ET-RAG	test.agent_etrag	A2	+ Temporal recency	cosine retrieval + evidence quality + temporal recency	0.5	0.3	0.2	7	What roles do CSF biomarkers play in AD diagnosis?	A. Stage disease progression | B. Diagnose mild cognitive impairment | C. Indicate tau pathology | D. Replace neuropsychological testing	A, B, C	Stage disease progression | Diagnose mild cognitive impairment | Indicate tau pathology	A, B, C	1.0	strict_partial_credit	True	0.76235	5.471	2.475	0.0	31	25	0.606713	0.554606	0.5207	0.866	0	0	0	0	0	False	False	False	False	False	2023-oxidative-damage-in-neurodegeneration-roles-in-the-pathogenesis-and-progression-of-alzheimer-disease.pdf | 2024 Advancements and Challenges in Antiamyloid Therapy for.pdf | 2024 Immune Activation in Alzheimer Disease.pdf | 2024 Neuroinflammation in Alzheimer disease.pdf | alzheimer disease  2021.pdf	"A: SUPPORTED — CSF biomarkers are recognized by research guidelines for their diagnostic utility in Alzheimer's disease, including their ability to indicate disease progression (Alzheimer disease, 2021).  
B: SUPPORTED — CSF biomarkers, particularly Aβ42 and tau levels, are used to diagnose mild cognitive impairment and predict progression to Alzheimer's disease (Alzheimer disease, 2021).  
C: SUPPORTED — p-tau181 is considered a specific biomarker for tau pathology in Alzheimer's disease (Alzheimer disease, 2021).  
D: NOT SUPPORTED — CSF biomarkers are not intended to replace neuropsychological testing but rather to complement it in the diagnostic process (Alzheimer disease, 2021).  
ANSWER: A, B, C"	"A: SUPPORTED — CSF biomarkers are recognized by research guidelines for their diagnostic utility in Alzheimer's disease, including their ability to indicate disease progression (Alzheimer disease, 2021).  
B: SUPPORTED — CSF biomarkers, particularly Aβ42 and tau levels, are used to diagnose mild cognitive impairment and predict progression to Alzheimer's disease (Alzheimer disease, 2021).  
C: SUPPORTED — p-tau181 is considered a specific biomarker for tau pathology in Alzheimer's disease (Alzheimer disease, 2021).  
D: NOT SUPPORTED — CSF biomarkers are not intended to replace neuropsychological testing but rather to complement it in the diagnostic process (Alzheimer disease, 2021).  
ANSWER: A, B, C"
5	2	ET-RAG	test.agent_etrag	A2	+ Temporal recency	cosine retrieval + evidence quality + temporal recency	0.5	0.3	0.2	8	What effects does gut microbiota have in AD animal models?	A. Promotes inflammation | B. Improves memory | C. Impairs spatial learning | D. Reduces tau levels	A, C	Promotes inflammation | Impairs spatial learning	A, B, C	0.0	strict_partial_credit	False	0.753465	4.604	2.202	0.0	10	10	0.581328	0.514657	0.5	0.87	0	0	0	0	0	False	False	False	False	False	2023-oxidative-damage-in-neurodegeneration-roles-in-the-pathogenesis-and-progression-of-alzheimer-disease.pdf | 2024 Advancements and Challenges in Antiamyloid Therapy for.pdf | 2024 Immune Activation in Alzheimer Disease.pdf | 2024 Neuroinflammation in Alzheimer disease.pdf | 2025 Updates on mouse models of Alzheimer’s disease.pdf | Recent advances in Alzheimer’s disease mechanisms clinical trials and new drug development strategies.pdf | alzheimer disease  2021.pdf	"A: SUPPORTED — The evidence indicates that microbiome-originated LPS and SCFAs may impair the permeability of the BBB and affect homeostasis, leading to increased inflammation in the brain (Neuroinflammation in Alzheimer disease, 2024).  
B: SUPPORTED — Therapy with Bifidobacterium and Lactobacillus species-based probiotics after antibiotic administration improves memory deficits in mouse models of AD (Neuroinflammation in Alzheimer disease, 2024).  
C: SUPPORTED — Microglia in germ-free animals have enhanced Aβ uptake at early disease stages and protect against tau-related neurodegeneration, suggesting that alterations in the microbiome can impair spatial learning (Neuroinflammation in Alzheimer disease, 2024).  
D: NOT SUPPORTED — There is no evidence provided that directly states that gut microbiota reduces tau levels in AD animal models.  

ANSWER: A, B, C"	"A: SUPPORTED — The evidence indicates that microbiome-originated LPS and SCFAs may impair the permeability of the BBB and affect homeostasis, leading to increased inflammation in the brain (Neuroinflammation in Alzheimer disease, 2024).  
B: SUPPORTED — Therapy with Bifidobacterium and Lactobacillus species-based probiotics after antibiotic administration improves memory deficits in mouse models of AD (Neuroinflammation in Alzheimer disease, 2024).  
C: SUPPORTED — Microglia in germ-free animals have enhanced Aβ uptake at early disease stages and protect against tau-related neurodegeneration, suggesting that alterations in the microbiome can impair spatial learning (Neuroinflammation in Alzheimer disease, 2024).  
D: NOT SUPPORTED — There is no evidence provided that directly states that gut microbiota reduces tau levels in AD animal models.  

ANSWER: A, B, C"
5	2	ET-RAG	test.agent_etrag	A2	+ Temporal recency	cosine retrieval + evidence quality + temporal recency	0.5	0.3	0.2	9	Which sleep characteristics are associated with AD?	A. Reduced REM duration | B. Abnormal slow-wave oscillations | C. Increased CSF tau during wakefulness | D. Stable sleep architecture	A, B, C	Reduced REM duration | Abnormal slow-wave oscillations | Increased CSF tau during wakefulness	A, B, C, D	0.0	strict_partial_credit	False	0.736279	5.825	2.365	0.0	12	12	0.532225	0.414451	0.5	0.875	0	0	0	0	0	False	False	False	False	False	2023-oxidative-damage-in-neurodegeneration-roles-in-the-pathogenesis-and-progression-of-alzheimer-disease.pdf | 2024 Advancements and Challenges in Antiamyloid Therapy for.pdf | 2024 Immune Activation in Alzheimer Disease.pdf | 2024 Linking activity dyshomeostasis and sleep disturbances in Alzheimer disease.pdf | 2024 Neuroinflammation in Alzheimer disease.pdf | 2025 Updates on mouse models of Alzheimer’s disease.pdf | Recent advances in Alzheimer’s disease mechanisms clinical trials and new drug development strategies.pdf | alzheimer disease  2021.pdf	"A: SUPPORTED — Reduced REM duration is associated with Alzheimer disease as indicated by the evidence in the paper ""Linking activity dyshomeostasis and sleep disturbances in Alzheimer disease"" (2024).  
B: SUPPORTED — Abnormal slow-wave oscillations are discussed in relation to Alzheimer disease in the same paper, highlighting their association with the disease.  
C: NOT SUPPORTED — There is no direct evidence in the provided excerpts linking increased CSF tau during wakefulness specifically to sleep characteristics associated with Alzheimer disease.  
D: NOT SUPPORTED — The evidence does not support the notion of stable sleep architecture being associated with Alzheimer disease; rather, it suggests alterations in sleep patterns.  

ANSWER: A, B, C, D"	"A: SUPPORTED — Reduced REM duration is associated with Alzheimer disease as indicated by the evidence in the paper ""Linking activity dyshomeostasis and sleep disturbances in Alzheimer disease"" (2024).  
B: SUPPORTED — Abnormal slow-wave oscillations are discussed in relation to Alzheimer disease in the same paper, highlighting their association with the disease.  
C: NOT SUPPORTED — There is no direct evidence in the provided excerpts linking increased CSF tau during wakefulness specifically to sleep characteristics associated with Alzheimer disease.  
D: NOT SUPPORTED — The evidence does not support the notion of stable sleep architecture being associated with Alzheimer disease; rather, it suggests alterations in sleep patterns.  

ANSWER: A, B, C, D"
5	2	ET-RAG	test.agent_etrag	A2	+ Temporal recency	cosine retrieval + evidence quality + temporal recency	0.5	0.3	0.2	10	Which interventions may improve cognition in MCI or early dementia?	A. Melatonin | B. Rivasti gmine | C. Suvorexant | D. Ketogenic diet	A, B, C	Melatonin | Rivasti gmine | Suvorexant	B	0.333333	strict_partial_credit	False	0.747422	3.955	2.175	0.0	23	23	0.564064	0.456454	0.549891	0.854348	0	0	0	0	0	False	False	False	False	False	2023-oxidative-damage-in-neurodegeneration-roles-in-the-pathogenesis-and-progression-of-alzheimer-disease.pdf | 2024 Advancements and Challenges in Antiamyloid Therapy for.pdf | 2024 Linking activity dyshomeostasis and sleep disturbances in Alzheimer disease.pdf | 2025 Updates on mouse models of Alzheimer’s disease.pdf | Recent advances in Alzheimer’s disease mechanisms clinical trials and new drug development strategies.pdf | alzheimer disease  2021.pdf	"A: NOT SUPPORTED — There is no evidence in the provided excerpts that melatonin improves cognition in MCI or early dementia.  
B: SUPPORTED — Rivastigmine is mentioned as a cholinesterase inhibitor that has shown modest benefits in delaying symptom progression in patients with Alzheimer's disease, which includes those with MCI (Alzheimer disease, 2021).  
C: NOT SUPPORTED — There is no evidence in the provided excerpts that suvorexant improves cognition in MCI or early dementia.  
D: NOT SUPPORTED — There is no evidence in the provided excerpts that a ketogenic diet improves cognition in MCI or early dementia.  

ANSWER: B"	"A: NOT SUPPORTED — There is no evidence in the provided excerpts that melatonin improves cognition in MCI or early dementia.  
B: SUPPORTED — Rivastigmine is mentioned as a cholinesterase inhibitor that has shown modest benefits in delaying symptom progression in patients with Alzheimer's disease, which includes those with MCI (Alzheimer disease, 2021).  
C: NOT SUPPORTED — There is no evidence in the provided excerpts that suvorexant improves cognition in MCI or early dementia.  
D: NOT SUPPORTED — There is no evidence in the provided excerpts that a ketogenic diet improves cognition in MCI or early dementia.  

ANSWER: B"
