round_number	config_order	agent_family	invocation_source	config_id	configuration	enabled_components	similarity_weight	evidence_weight	temporal_weight	question_number	question	options	correct_answer_keys	correct_answer_texts	predicted_answer_keys	correctness_score	correctness_scheme	is_correct	confidence	execution_time_sec	base_retrieval_time_sec	option_retrieval_time_sec	candidate_count	top_chunk_count	mean_top_retrieval_score	mean_top_cosine_score	mean_top_evidence_score	mean_top_temporal_score	evidence_query_candidates_added	temporal_query_candidates_added	hybrid_context_file_count	hybrid_option_passage_count	hybrid_context_char_count	hybrid_non_regression_guard	hybrid_context	per_option_retrieval	quality_check	quality_changed	source_files	draft_answer	final_answer
1	3	ET-RAG	test.agent_etrag	A3	+ Hybrid context	cosine retrieval + evidence quality + temporal recency + hybrid paper context	0.5	0.3	0.2	1	Which of the following are components of the A-T-N AD biomarker framework?	A. Amyloid beta | B. Tau | C. Neurodegeneration markers | D. Synaptic vesicle proteins	A, B, C	Amyloid beta | Tau | Neurodegeneration markers	A, B, C	1.0	strict_partial_credit	True	0.760394	5.958	2.125	0.0	29	25	0.601127	0.551533	0.5072	0.866	1	0	5	4	7459	True	True	False	False	False	2023-oxidative-damage-in-neurodegeneration-roles-in-the-pathogenesis-and-progression-of-alzheimer-disease.pdf | 2024 Advancements and Challenges in Antiamyloid Therapy for.pdf | 2024 Cell type-specific roles of APOE4 in Alzheimer disease.pdf | 2024 Neuroinflammation in Alzheimer disease.pdf | alzheimer disease  2021.pdf	"A: SUPPORTED — The A-T-N framework includes amyloid beta (Aβ) as a key biomarker for Alzheimer's disease, as stated in ""Alzheimer disease"" (2021).  
B: SUPPORTED — Tau is explicitly mentioned as a component of the A-T-N framework in the same paper, ""Alzheimer disease"" (2021).  
C: SUPPORTED — Neurodegeneration markers are included in the A-T-N framework, as discussed in ""Alzheimer disease"" (2021).  
D: NOT SUPPORTED — Synaptic vesicle proteins are not mentioned as part of the A-T-N framework in the provided evidence.  

ANSWER: A, B, C"	"A: SUPPORTED — The A-T-N framework includes amyloid beta (Aβ) as a key biomarker for Alzheimer's disease, as stated in ""Alzheimer disease"" (2021).  
B: SUPPORTED — Tau is explicitly mentioned as a component of the A-T-N framework in the same paper, ""Alzheimer disease"" (2021).  
C: SUPPORTED — Neurodegeneration markers are included in the A-T-N framework, as discussed in ""Alzheimer disease"" (2021).  
D: NOT SUPPORTED — Synaptic vesicle proteins are not mentioned as part of the A-T-N framework in the provided evidence.  

ANSWER: A, B, C"
1	3	ET-RAG	test.agent_etrag	A3	+ Hybrid context	cosine retrieval + evidence quality + temporal recency + hybrid paper context	0.5	0.3	0.2	2	Which sleep-related conditions are discussed as contributing to AD progression?	A. Sleep apnea | B. Long sleep duration | C. Short sleep duration | D. Insomnia	A, B, C, D	Sleep apnea | Long sleep duration | Short sleep duration | Insomnia	A, C, D	0.75	strict_partial_credit	False	0.734406	7.522	3.613	0.0	16	16	0.526874	0.407498	0.5	0.865625	0	0	3	4	7796	True	True	False	False	False	2023-oxidative-damage-in-neurodegeneration-roles-in-the-pathogenesis-and-progression-of-alzheimer-disease.pdf | 2024 Advancements and Challenges in Antiamyloid Therapy for.pdf | 2024 Linking activity dyshomeostasis and sleep disturbances in Alzheimer disease.pdf | 2025 Oligodendrocytes in Alzheimer’s disease pathophysiology.pdf | 2025 Updates on mouse models of Alzheimer’s disease.pdf | Recent advances in Alzheimer’s disease mechanisms clinical trials and new drug development strategies.pdf | alzheimer disease  2021.pdf	"A: SUPPORTED — Sleep apnea is discussed as a comorbidity that may affect cognition in individuals with Alzheimer's disease, as noted in ""Oxidative damage in neurodegeneration: roles in the pathogenesis and progression of Alzheimer disease"" (2023).  
B: NOT SUPPORTED — There is no evidence provided that specifically discusses long sleep duration as contributing to Alzheimer's disease progression.  
C: SUPPORTED — Short sleep duration is associated with cognitive impairments in Alzheimer's disease, as indicated in ""Linking activity dyshomeostasis and sleep disturbances in Alzheimer disease"" (2024).  
D: SUPPORTED — Insomnia is mentioned as a sleep disorder that can impact cognitive function in Alzheimer's disease, as discussed in ""Linking activity dyshomeostasis and sleep disturbances in Alzheimer disease"" (2024).  
ANSWER: A, C, D"	"A: SUPPORTED — Sleep apnea is discussed as a comorbidity that may affect cognition in individuals with Alzheimer's disease, as noted in ""Oxidative damage in neurodegeneration: roles in the pathogenesis and progression of Alzheimer disease"" (2023).  
B: NOT SUPPORTED — There is no evidence provided that specifically discusses long sleep duration as contributing to Alzheimer's disease progression.  
C: SUPPORTED — Short sleep duration is associated with cognitive impairments in Alzheimer's disease, as indicated in ""Linking activity dyshomeostasis and sleep disturbances in Alzheimer disease"" (2024).  
D: SUPPORTED — Insomnia is mentioned as a sleep disorder that can impact cognitive function in Alzheimer's disease, as discussed in ""Linking activity dyshomeostasis and sleep disturbances in Alzheimer disease"" (2024).  
ANSWER: A, C, D"
1	3	ET-RAG	test.agent_etrag	A3	+ Hybrid context	cosine retrieval + evidence quality + temporal recency + hybrid paper context	0.5	0.3	0.2	3	Which interventions were identified as promising for sleep-related AD therapy?	A. CBT-I | B. Suvorexant | C. Positive airway pressure treatment | D. Ketamine	A, B, C	CBT-I | Suvorexant | Positive airway pressure treatment	A, C	0.666667	strict_partial_credit	False	0.744565	5.589	2.548	0.0	18	18	0.5559	0.443328	0.54375	0.855556	0	0	5	3	8403	True	True	False	False	False	2023-oxidative-damage-in-neurodegeneration-roles-in-the-pathogenesis-and-progression-of-alzheimer-disease.pdf | 2024 Advancements and Challenges in Antiamyloid Therapy for.pdf | 2024 Linking activity dyshomeostasis and sleep disturbances in Alzheimer disease.pdf | 2025 Updates on mouse models of Alzheimer’s disease.pdf | Recent advances in Alzheimer’s disease mechanisms clinical trials and new drug development strategies.pdf | alzheimer disease  2021.pdf	"A: SUPPORTED — Cognitive Behavioral Therapy for Insomnia (CBT-I) is discussed as a non-pharmacological intervention that may benefit patients with Alzheimer's disease by improving sleep quality (Linking activity dyshomeostasis and sleep disturbances in Alzheimer disease, 2024).  
B: NOT SUPPORTED — There is no evidence provided that directly supports the use of Suvorexant as a promising intervention for sleep-related Alzheimer's disease therapy.  
C: SUPPORTED — Positive airway pressure treatment is mentioned as a method to treat comorbid sleep disorders, such as obstructive sleep apnea, in patients with dementia (Alzheimer disease, 2021).  
D: NOT SUPPORTED — There is no evidence provided that supports the use of Ketamine as a promising intervention for sleep-related Alzheimer's disease therapy.  

ANSWER: A, C"	"A: SUPPORTED — Cognitive Behavioral Therapy for Insomnia (CBT-I) is discussed as a non-pharmacological intervention that may benefit patients with Alzheimer's disease by improving sleep quality (Linking activity dyshomeostasis and sleep disturbances in Alzheimer disease, 2024).  
B: NOT SUPPORTED — There is no evidence provided that directly supports the use of Suvorexant as a promising intervention for sleep-related Alzheimer's disease therapy.  
C: SUPPORTED — Positive airway pressure treatment is mentioned as a method to treat comorbid sleep disorders, such as obstructive sleep apnea, in patients with dementia (Alzheimer disease, 2021).  
D: NOT SUPPORTED — There is no evidence provided that supports the use of Ketamine as a promising intervention for sleep-related Alzheimer's disease therapy.  

ANSWER: A, C"
1	3	ET-RAG	test.agent_etrag	A3	+ Hybrid context	cosine retrieval + evidence quality + temporal recency + hybrid paper context	0.5	0.3	0.2	4	Hearing loss in older adults may lead to which of the following?	A. Decreased brain volume | B. Higher tau levels | C. Lower social engagement | D. Enhanced neurogenesis	A, B, C	Decreased brain volume | Higher tau levels | Lower social engagement	A, B, C	1.0	strict_partial_credit	True	0.751135	9.689	2.507	0.0	24	24	0.57467	0.480486	0.532813	0.872917	2	0	4	4	9473	True	True	False	False	False	2023-oxidative-damage-in-neurodegeneration-roles-in-the-pathogenesis-and-progression-of-alzheimer-disease.pdf | 2024 Advancements and Challenges in Antiamyloid Therapy for.pdf | 2024 Cell type-specific roles of APOE4 in Alzheimer disease.pdf | 2024 Immune Activation in Alzheimer Disease.pdf | 2024 Linking activity dyshomeostasis and sleep disturbances in Alzheimer disease.pdf | 2024 Neuroinflammation in Alzheimer disease.pdf | 2025 Oligodendrocytes in Alzheimer’s disease pathophysiology.pdf | 2025 Updates on mouse models of Alzheimer’s disease.pdf | Recent advances in Alzheimer’s disease mechanisms clinical trials and new drug development strategies.pdf | alzheimer disease  2021.pdf	"A: SUPPORTED — Hearing loss in older adults is associated with decreased brain volume, as indicated by the evidence that cognitive impairment and increased amyloid burden correlate with accelerated regional atrophy in the temporal and parietal isocortex (Alzheimer disease, 2021).  
B: SUPPORTED — Higher tau levels are associated with cognitive decline and neurodegeneration in Alzheimer's disease, as evidenced by the relationship between tau pathology and cognitive impairment (Cell type-specific roles of APOE4 in Alzheimer disease, 2024).  
C: SUPPORTED — Hearing loss in older adults can lead to lower social engagement, as it is noted that cognitive impairment and sensory deficits can affect the quality of life and social interactions (Alzheimer disease, 2021).  
D: NOT SUPPORTED — There is no evidence supporting the claim that hearing loss in older adults leads to enhanced neurogenesis; rather, neurodegeneration is typically associated with cognitive decline (Oxidative damage in neurodegeneration: roles in the pathogenesis and progression of Alzheimer disease, 2023).  
ANSWER: A, B, C"	"A: SUPPORTED — Hearing loss in older adults is associated with decreased brain volume, as indicated by the evidence that cognitive impairment and increased amyloid burden correlate with accelerated regional atrophy in the temporal and parietal isocortex (Alzheimer disease, 2021).  
B: SUPPORTED — Higher tau levels are associated with cognitive decline and neurodegeneration in Alzheimer's disease, as evidenced by the relationship between tau pathology and cognitive impairment (Cell type-specific roles of APOE4 in Alzheimer disease, 2024).  
C: SUPPORTED — Hearing loss in older adults can lead to lower social engagement, as it is noted that cognitive impairment and sensory deficits can affect the quality of life and social interactions (Alzheimer disease, 2021).  
D: NOT SUPPORTED — There is no evidence supporting the claim that hearing loss in older adults leads to enhanced neurogenesis; rather, neurodegeneration is typically associated with cognitive decline (Oxidative damage in neurodegeneration: roles in the pathogenesis and progression of Alzheimer disease, 2023).  
ANSWER: A, B, C"
1	3	ET-RAG	test.agent_etrag	A3	+ Hybrid context	cosine retrieval + evidence quality + temporal recency + hybrid paper context	0.5	0.3	0.2	5	Which factors have been epidemiologically linked to AD?	A. Hypoxia | B. Gut microbiota imbalance | C. High education | D. Diet	A, B, D	Hypoxia | Gut microbiota imbalance | Diet	B, C, D	0.0	strict_partial_credit	False	0.747742	6.422	3.243	0.0	20	20	0.564978	0.476556	0.509	0.87	0	0	5	4	8743	True	True	False	False	False	2023-oxidative-damage-in-neurodegeneration-roles-in-the-pathogenesis-and-progression-of-alzheimer-disease.pdf | 2024 Advancements and Challenges in Antiamyloid Therapy for.pdf | 2024 Cell type-specific roles of APOE4 in Alzheimer disease.pdf | 2024 Immune Activation in Alzheimer Disease.pdf | 2024 Linking activity dyshomeostasis and sleep disturbances in Alzheimer disease.pdf | 2024 Neuroinflammation in Alzheimer disease.pdf | 2025 Updates on mouse models of Alzheimer’s disease.pdf | Recent advances in Alzheimer’s disease mechanisms clinical trials and new drug development strategies.pdf | alzheimer disease  2021.pdf	"A: NOT SUPPORTED — There is no direct evidence linking hypoxia to an increased risk of Alzheimer's disease in the provided excerpts.  
B: SUPPORTED — The gut microbiota imbalance is discussed as a factor that may lead to systemic inflammation, which can impact neuroinflammation and contribute to Alzheimer's disease (Recent advances in Alzheimer’s disease: mechanisms, clinical trials and new drug development strategies, Unknown).  
C: SUPPORTED — High education is associated with a lower incidence of dementia, suggesting it may be a protective factor against Alzheimer's disease (Alzheimer disease, 2021).  
D: SUPPORTED — A balanced diet is linked to a reduced risk of dementia, while unbalanced diets are associated with increased risk factors for Alzheimer's disease (Neuroinflammation in Alzheimer disease, 2024).  
ANSWER: B, C, D"	"A: NOT SUPPORTED — There is no direct evidence linking hypoxia to an increased risk of Alzheimer's disease in the provided excerpts.  
B: SUPPORTED — The gut microbiota imbalance is discussed as a factor that may lead to systemic inflammation, which can impact neuroinflammation and contribute to Alzheimer's disease (Recent advances in Alzheimer’s disease: mechanisms, clinical trials and new drug development strategies, Unknown).  
C: SUPPORTED — High education is associated with a lower incidence of dementia, suggesting it may be a protective factor against Alzheimer's disease (Alzheimer disease, 2021).  
D: SUPPORTED — A balanced diet is linked to a reduced risk of dementia, while unbalanced diets are associated with increased risk factors for Alzheimer's disease (Neuroinflammation in Alzheimer disease, 2024).  
ANSWER: B, C, D"
1	3	ET-RAG	test.agent_etrag	A3	+ Hybrid context	cosine retrieval + evidence quality + temporal recency + hybrid paper context	0.5	0.3	0.2	6	Which imaging biomarkers are used in AD diagnosis?	A. Tau-PET | B. MRI | C. CT | D. FDG-PET	A, B, D	Tau-PET | MRI | FDG-PET	A, B, D	1.0	strict_partial_credit	True	0.759332	5.584	2.489	0.0	28	25	0.598092	0.540025	0.5216	0.858	0	0	6	4	9221	True	True	False	False	False	2023-oxidative-damage-in-neurodegeneration-roles-in-the-pathogenesis-and-progression-of-alzheimer-disease.pdf | 2024 Advancements and Challenges in Antiamyloid Therapy for.pdf | 2024 Immune Activation in Alzheimer Disease.pdf | 2024 Neuroinflammation in Alzheimer disease.pdf | 2025 Updates on mouse models of Alzheimer’s disease.pdf | Recent advances in Alzheimer’s disease mechanisms clinical trials and new drug development strategies.pdf | alzheimer disease  2021.pdf	"A: SUPPORTED — Tau-PET imaging allows the detection of tauopathy that is largely specific for Alzheimer's disease and is highly predictive of subsequent cognitive decline in both asymptomatic and symptomatic individuals (Alzheimer disease, 2021).  
B: SUPPORTED — Structural MRI is often used as a first step to exclude other causes of cognitive impairment and allows the assessment of macroscopic brain atrophy as a reflection of tissue loss, which is associated with Alzheimer's disease (Alzheimer disease, 2021).  
C: NOT SUPPORTED — There is no specific evidence provided that supports CT as a biomarker used in the diagnosis of Alzheimer's disease (Alzheimer disease, 2021).  
D: SUPPORTED — FDG-PET has revealed a pattern of temporal-parietal and hippocampal hypometabolism that is highly characteristic of Alzheimer's disease and correlates with the overall severity of cognitive impairment (Alzheimer disease, 2021).  
ANSWER: A, B, D"	"A: SUPPORTED — Tau-PET imaging allows the detection of tauopathy that is largely specific for Alzheimer's disease and is highly predictive of subsequent cognitive decline in both asymptomatic and symptomatic individuals (Alzheimer disease, 2021).  
B: SUPPORTED — Structural MRI is often used as a first step to exclude other causes of cognitive impairment and allows the assessment of macroscopic brain atrophy as a reflection of tissue loss, which is associated with Alzheimer's disease (Alzheimer disease, 2021).  
C: NOT SUPPORTED — There is no specific evidence provided that supports CT as a biomarker used in the diagnosis of Alzheimer's disease (Alzheimer disease, 2021).  
D: SUPPORTED — FDG-PET has revealed a pattern of temporal-parietal and hippocampal hypometabolism that is highly characteristic of Alzheimer's disease and correlates with the overall severity of cognitive impairment (Alzheimer disease, 2021).  
ANSWER: A, B, D"
1	3	ET-RAG	test.agent_etrag	A3	+ Hybrid context	cosine retrieval + evidence quality + temporal recency + hybrid paper context	0.5	0.3	0.2	7	What roles do CSF biomarkers play in AD diagnosis?	A. Stage disease progression | B. Diagnose mild cognitive impairment | C. Indicate tau pathology | D. Replace neuropsychological testing	A, B, C	Stage disease progression | Diagnose mild cognitive impairment | Indicate tau pathology	A, B, C	1.0	strict_partial_credit	True	0.76235	5.98	2.724	0.0	31	25	0.606713	0.554606	0.5207	0.866	0	0	5	4	7498	True	True	False	False	False	2023-oxidative-damage-in-neurodegeneration-roles-in-the-pathogenesis-and-progression-of-alzheimer-disease.pdf | 2024 Advancements and Challenges in Antiamyloid Therapy for.pdf | 2024 Immune Activation in Alzheimer Disease.pdf | 2024 Neuroinflammation in Alzheimer disease.pdf | alzheimer disease  2021.pdf	"A: SUPPORTED — CSF biomarkers are recognized by research guidelines for their diagnostic utility in Alzheimer's disease, including the staging of disease progression (Alzheimer disease, 2021).  
B: SUPPORTED — CSF biomarkers can help diagnose mild cognitive impairment, as individuals with abnormal Aβ biomarkers are at increased risk for cognitive decline (Alzheimer disease, 2021).  
C: SUPPORTED — p-tau181 is considered a specific biomarker for tau pathology in Alzheimer's disease (Alzheimer disease, 2021).  
D: NOT SUPPORTED — Neuropsychological testing is still considered beneficial for determining the severity of cognitive impairment and is not replaced by CSF biomarkers (Alzheimer disease, 2021).  
ANSWER: A, B, C"	"A: SUPPORTED — CSF biomarkers are recognized by research guidelines for their diagnostic utility in Alzheimer's disease, including the staging of disease progression (Alzheimer disease, 2021).  
B: SUPPORTED — CSF biomarkers can help diagnose mild cognitive impairment, as individuals with abnormal Aβ biomarkers are at increased risk for cognitive decline (Alzheimer disease, 2021).  
C: SUPPORTED — p-tau181 is considered a specific biomarker for tau pathology in Alzheimer's disease (Alzheimer disease, 2021).  
D: NOT SUPPORTED — Neuropsychological testing is still considered beneficial for determining the severity of cognitive impairment and is not replaced by CSF biomarkers (Alzheimer disease, 2021).  
ANSWER: A, B, C"
1	3	ET-RAG	test.agent_etrag	A3	+ Hybrid context	cosine retrieval + evidence quality + temporal recency + hybrid paper context	0.5	0.3	0.2	8	What effects does gut microbiota have in AD animal models?	A. Promotes inflammation | B. Improves memory | C. Impairs spatial learning | D. Reduces tau levels	A, C	Promotes inflammation | Impairs spatial learning	A, C	1.0	strict_partial_credit	True	0.753459	5.669	2.203	0.0	10	10	0.581312	0.514623	0.5	0.87	0	0	4	4	8827	True	True	False	False	False	2023-oxidative-damage-in-neurodegeneration-roles-in-the-pathogenesis-and-progression-of-alzheimer-disease.pdf | 2024 Advancements and Challenges in Antiamyloid Therapy for.pdf | 2024 Immune Activation in Alzheimer Disease.pdf | 2024 Neuroinflammation in Alzheimer disease.pdf | 2025 Updates on mouse models of Alzheimer’s disease.pdf | Recent advances in Alzheimer’s disease mechanisms clinical trials and new drug development strategies.pdf | alzheimer disease  2021.pdf	"A: SUPPORTED — The evidence indicates that the neuronal ε4 variant promotes tau phosphorylation and leads to increased neuroinflammation and cell death, as discussed in ""Neuroinflammation in Alzheimer disease"" (2024).  
B: NOT SUPPORTED — There is no evidence provided that directly supports the claim that gut microbiota improves memory in AD animal models.  
C: SUPPORTED — The evidence shows that sodium selenate-treated transgenic TAU441 mice demonstrated significantly lower levels of phosphorylated and total Tau and exhibited significantly improved spatial learning and memory, as mentioned in ""Oxidative damage in neurodegeneration: roles in the pathogenesis and progression of Alzheimer disease"" (2023).  
D: NOT SUPPORTED — The evidence does not support the claim that gut microbiota reduces tau levels; rather, it discusses the role of microglia in tau hyperphosphorylation and NFT formation in ""2024 Immune Activation in Alzheimer Disease"" (2024).  

ANSWER: A, C"	"A: SUPPORTED — The evidence indicates that the neuronal ε4 variant promotes tau phosphorylation and leads to increased neuroinflammation and cell death, as discussed in ""Neuroinflammation in Alzheimer disease"" (2024).  
B: NOT SUPPORTED — There is no evidence provided that directly supports the claim that gut microbiota improves memory in AD animal models.  
C: SUPPORTED — The evidence shows that sodium selenate-treated transgenic TAU441 mice demonstrated significantly lower levels of phosphorylated and total Tau and exhibited significantly improved spatial learning and memory, as mentioned in ""Oxidative damage in neurodegeneration: roles in the pathogenesis and progression of Alzheimer disease"" (2023).  
D: NOT SUPPORTED — The evidence does not support the claim that gut microbiota reduces tau levels; rather, it discusses the role of microglia in tau hyperphosphorylation and NFT formation in ""2024 Immune Activation in Alzheimer Disease"" (2024).  

ANSWER: A, C"
1	3	ET-RAG	test.agent_etrag	A3	+ Hybrid context	cosine retrieval + evidence quality + temporal recency + hybrid paper context	0.5	0.3	0.2	9	Which sleep characteristics are associated with AD?	A. Reduced REM duration | B. Abnormal slow-wave oscillations | C. Increased CSF tau during wakefulness | D. Stable sleep architecture	A, B, C	Reduced REM duration | Abnormal slow-wave oscillations | Increased CSF tau during wakefulness	A, B	0.666667	strict_partial_credit	False	0.736279	6.457	2.45	0.0	12	12	0.532225	0.414451	0.5	0.875	0	0	4	4	8963	True	True	False	False	False	2023-oxidative-damage-in-neurodegeneration-roles-in-the-pathogenesis-and-progression-of-alzheimer-disease.pdf | 2024 Advancements and Challenges in Antiamyloid Therapy for.pdf | 2024 Immune Activation in Alzheimer Disease.pdf | 2024 Linking activity dyshomeostasis and sleep disturbances in Alzheimer disease.pdf | 2024 Neuroinflammation in Alzheimer disease.pdf | 2025 Updates on mouse models of Alzheimer’s disease.pdf | Recent advances in Alzheimer’s disease mechanisms clinical trials and new drug development strategies.pdf | alzheimer disease  2021.pdf	"A: SUPPORTED — The evidence states that ""the duration of NREM3 and REM sleep stages is significantly reduced"" in Alzheimer's disease (Linking activity dyshomeostasis and sleep disturbances in Alzheimer disease, 2024).  
B: SUPPORTED — The evidence indicates that ""slow-wave deficits that are specific to lower frequencies (<1 Hz) during NREM sleep"" are observed in Alzheimer's disease (Linking activity dyshomeostasis and sleep disturbances in Alzheimer disease, 2024).  
C: NOT SUPPORTED — There is no evidence provided that directly associates increased CSF tau during wakefulness with Alzheimer's disease in the excerpts.  
D: NOT SUPPORTED — The evidence suggests that sleep architecture is disrupted in Alzheimer's disease, rather than being stable (Linking activity dyshomeostasis and sleep disturbances in Alzheimer disease, 2024).  

ANSWER: A, B"	"A: SUPPORTED — The evidence states that ""the duration of NREM3 and REM sleep stages is significantly reduced"" in Alzheimer's disease (Linking activity dyshomeostasis and sleep disturbances in Alzheimer disease, 2024).  
B: SUPPORTED — The evidence indicates that ""slow-wave deficits that are specific to lower frequencies (<1 Hz) during NREM sleep"" are observed in Alzheimer's disease (Linking activity dyshomeostasis and sleep disturbances in Alzheimer disease, 2024).  
C: NOT SUPPORTED — There is no evidence provided that directly associates increased CSF tau during wakefulness with Alzheimer's disease in the excerpts.  
D: NOT SUPPORTED — The evidence suggests that sleep architecture is disrupted in Alzheimer's disease, rather than being stable (Linking activity dyshomeostasis and sleep disturbances in Alzheimer disease, 2024).  

ANSWER: A, B"
1	3	ET-RAG	test.agent_etrag	A3	+ Hybrid context	cosine retrieval + evidence quality + temporal recency + hybrid paper context	0.5	0.3	0.2	10	Which interventions may improve cognition in MCI or early dementia?	A. Melatonin | B. Rivasti gmine | C. Suvorexant | D. Ketogenic diet	A, B, C	Melatonin | Rivasti gmine | Suvorexant	B	0.333333	strict_partial_credit	False	0.747423	5.279	2.396	0.0	23	23	0.564066	0.456458	0.549891	0.854348	0	0	3	4	9483	True	True	False	False	False	2023-oxidative-damage-in-neurodegeneration-roles-in-the-pathogenesis-and-progression-of-alzheimer-disease.pdf | 2024 Advancements and Challenges in Antiamyloid Therapy for.pdf | 2024 Linking activity dyshomeostasis and sleep disturbances in Alzheimer disease.pdf | 2025 Updates on mouse models of Alzheimer’s disease.pdf | Recent advances in Alzheimer’s disease mechanisms clinical trials and new drug development strategies.pdf | alzheimer disease  2021.pdf	"A: NOT SUPPORTED — There is no evidence indicating that melatonin improves cognition in MCI or early dementia.  
B: SUPPORTED — Rivastigmine is a cholinesterase inhibitor approved for mild to moderate dementia due to Alzheimer's disease and has shown modest benefits in delaying symptom progression (Alzheimer disease, 2021).  
C: NOT SUPPORTED — There is no evidence indicating that suvorexant improves cognition in MCI or early dementia.  
D: NOT SUPPORTED — There is no evidence indicating that a ketogenic diet improves cognition in MCI or early dementia.  

ANSWER: B"	"A: NOT SUPPORTED — There is no evidence indicating that melatonin improves cognition in MCI or early dementia.  
B: SUPPORTED — Rivastigmine is a cholinesterase inhibitor approved for mild to moderate dementia due to Alzheimer's disease and has shown modest benefits in delaying symptom progression (Alzheimer disease, 2021).  
C: NOT SUPPORTED — There is no evidence indicating that suvorexant improves cognition in MCI or early dementia.  
D: NOT SUPPORTED — There is no evidence indicating that a ketogenic diet improves cognition in MCI or early dementia.  

ANSWER: B"
2	3	ET-RAG	test.agent_etrag	A3	+ Hybrid context	cosine retrieval + evidence quality + temporal recency + hybrid paper context	0.5	0.3	0.2	1	Which of the following are components of the A-T-N AD biomarker framework?	A. Amyloid beta | B. Tau | C. Neurodegeneration markers | D. Synaptic vesicle proteins	A, B, C	Amyloid beta | Tau | Neurodegeneration markers	A, B, C	1.0	strict_partial_credit	True	0.760394	6.336	3.01	0.0	29	25	0.601124	0.551529	0.5072	0.866	1	0	5	4	7459	True	True	False	False	False	2023-oxidative-damage-in-neurodegeneration-roles-in-the-pathogenesis-and-progression-of-alzheimer-disease.pdf | 2024 Advancements and Challenges in Antiamyloid Therapy for.pdf | 2024 Cell type-specific roles of APOE4 in Alzheimer disease.pdf | 2024 Neuroinflammation in Alzheimer disease.pdf | alzheimer disease  2021.pdf	"A: SUPPORTED — The A-T-N framework includes amyloid beta (A), tau (T), and neurodegeneration markers (N) as core components, as stated in ""Alzheimer disease"" (2021).  
B: SUPPORTED — Tau is explicitly mentioned as a component of the A-T-N framework in ""Alzheimer disease"" (2021).  
C: SUPPORTED — Neurodegeneration markers are included in the A-T-N framework as indicated in ""Alzheimer disease"" (2021).  
D: NOT SUPPORTED — Synaptic vesicle proteins are not mentioned as part of the A-T-N framework in the provided evidence.  

ANSWER: A, B, C"	"A: SUPPORTED — The A-T-N framework includes amyloid beta (A), tau (T), and neurodegeneration markers (N) as core components, as stated in ""Alzheimer disease"" (2021).  
B: SUPPORTED — Tau is explicitly mentioned as a component of the A-T-N framework in ""Alzheimer disease"" (2021).  
C: SUPPORTED — Neurodegeneration markers are included in the A-T-N framework as indicated in ""Alzheimer disease"" (2021).  
D: NOT SUPPORTED — Synaptic vesicle proteins are not mentioned as part of the A-T-N framework in the provided evidence.  

ANSWER: A, B, C"
2	3	ET-RAG	test.agent_etrag	A3	+ Hybrid context	cosine retrieval + evidence quality + temporal recency + hybrid paper context	0.5	0.3	0.2	2	Which sleep-related conditions are discussed as contributing to AD progression?	A. Sleep apnea | B. Long sleep duration | C. Short sleep duration | D. Insomnia	A, B, C, D	Sleep apnea | Long sleep duration | Short sleep duration | Insomnia	A, C, D	0.75	strict_partial_credit	False	0.734405	5.263	2.346	0.0	16	16	0.526871	0.407492	0.5	0.865625	0	0	3	4	7796	True	True	False	False	False	2023-oxidative-damage-in-neurodegeneration-roles-in-the-pathogenesis-and-progression-of-alzheimer-disease.pdf | 2024 Advancements and Challenges in Antiamyloid Therapy for.pdf | 2024 Linking activity dyshomeostasis and sleep disturbances in Alzheimer disease.pdf | 2025 Oligodendrocytes in Alzheimer’s disease pathophysiology.pdf | 2025 Updates on mouse models of Alzheimer’s disease.pdf | Recent advances in Alzheimer’s disease mechanisms clinical trials and new drug development strategies.pdf | alzheimer disease  2021.pdf	"A: SUPPORTED — Sleep apnea is discussed as a comorbidity that may affect cognition in individuals with Alzheimer's disease, as noted in ""Oxidative damage in neurodegeneration: roles in the pathogenesis and progression of Alzheimer disease"" (2023).  
B: NOT SUPPORTED — There is no direct evidence linking long sleep duration to the progression of Alzheimer's disease in the provided excerpts.  
C: SUPPORTED — Short sleep duration is associated with cognitive impairments in Alzheimer's disease, as indicated in ""Linking activity dyshomeostasis and sleep disturbances in Alzheimer disease"" (2024).  
D: SUPPORTED — Insomnia is mentioned as a sleep disorder that may impact cognitive function in Alzheimer's disease, as discussed in ""Linking activity dyshomeostasis and sleep disturbances in Alzheimer disease"" (2024).  
ANSWER: A, C, D"	"A: SUPPORTED — Sleep apnea is discussed as a comorbidity that may affect cognition in individuals with Alzheimer's disease, as noted in ""Oxidative damage in neurodegeneration: roles in the pathogenesis and progression of Alzheimer disease"" (2023).  
B: NOT SUPPORTED — There is no direct evidence linking long sleep duration to the progression of Alzheimer's disease in the provided excerpts.  
C: SUPPORTED — Short sleep duration is associated with cognitive impairments in Alzheimer's disease, as indicated in ""Linking activity dyshomeostasis and sleep disturbances in Alzheimer disease"" (2024).  
D: SUPPORTED — Insomnia is mentioned as a sleep disorder that may impact cognitive function in Alzheimer's disease, as discussed in ""Linking activity dyshomeostasis and sleep disturbances in Alzheimer disease"" (2024).  
ANSWER: A, C, D"
2	3	ET-RAG	test.agent_etrag	A3	+ Hybrid context	cosine retrieval + evidence quality + temporal recency + hybrid paper context	0.5	0.3	0.2	3	Which interventions were identified as promising for sleep-related AD therapy?	A. CBT-I | B. Suvorexant | C. Positive airway pressure treatment | D. Ketamine	A, B, C	CBT-I | Suvorexant | Positive airway pressure treatment	A, C	0.666667	strict_partial_credit	False	0.744564	10.948	6.855	0.0	18	18	0.555898	0.443323	0.54375	0.855556	0	0	5	3	8403	True	True	False	False	False	2023-oxidative-damage-in-neurodegeneration-roles-in-the-pathogenesis-and-progression-of-alzheimer-disease.pdf | 2024 Advancements and Challenges in Antiamyloid Therapy for.pdf | 2024 Linking activity dyshomeostasis and sleep disturbances in Alzheimer disease.pdf | 2025 Updates on mouse models of Alzheimer’s disease.pdf | Recent advances in Alzheimer’s disease mechanisms clinical trials and new drug development strategies.pdf | alzheimer disease  2021.pdf	"A: SUPPORTED — Cognitive Behavioral Therapy for Insomnia (CBT-I) is discussed as a potential intervention for sleep-related issues in Alzheimer's disease (AD) in the paper ""Linking activity dyshomeostasis and sleep disturbances in Alzheimer disease"" (2024).  
B: NOT SUPPORTED — There is no direct evidence in the provided excerpts linking suvorexant to sleep-related therapy for Alzheimer's disease.  
C: SUPPORTED — Positive airway pressure treatment is mentioned as a method to treat comorbid sleep disorders, such as obstructive sleep apnea, in patients with dementia in the paper ""Alzheimer disease"" (2021).  
D: NOT SUPPORTED — There is no evidence in the provided excerpts supporting the use of ketamine for sleep-related therapy in Alzheimer's disease.  
ANSWER: A, C"	"A: SUPPORTED — Cognitive Behavioral Therapy for Insomnia (CBT-I) is discussed as a potential intervention for sleep-related issues in Alzheimer's disease (AD) in the paper ""Linking activity dyshomeostasis and sleep disturbances in Alzheimer disease"" (2024).  
B: NOT SUPPORTED — There is no direct evidence in the provided excerpts linking suvorexant to sleep-related therapy for Alzheimer's disease.  
C: SUPPORTED — Positive airway pressure treatment is mentioned as a method to treat comorbid sleep disorders, such as obstructive sleep apnea, in patients with dementia in the paper ""Alzheimer disease"" (2021).  
D: NOT SUPPORTED — There is no evidence in the provided excerpts supporting the use of ketamine for sleep-related therapy in Alzheimer's disease.  
ANSWER: A, C"
2	3	ET-RAG	test.agent_etrag	A3	+ Hybrid context	cosine retrieval + evidence quality + temporal recency + hybrid paper context	0.5	0.3	0.2	4	Hearing loss in older adults may lead to which of the following?	A. Decreased brain volume | B. Higher tau levels | C. Lower social engagement | D. Enhanced neurogenesis	A, B, C	Decreased brain volume | Higher tau levels | Lower social engagement	A, B, C	1.0	strict_partial_credit	True	0.751134	6.641	2.988	0.0	24	24	0.574669	0.480485	0.532813	0.872917	2	0	4	4	9473	True	True	False	False	False	2023-oxidative-damage-in-neurodegeneration-roles-in-the-pathogenesis-and-progression-of-alzheimer-disease.pdf | 2024 Advancements and Challenges in Antiamyloid Therapy for.pdf | 2024 Cell type-specific roles of APOE4 in Alzheimer disease.pdf | 2024 Immune Activation in Alzheimer Disease.pdf | 2024 Linking activity dyshomeostasis and sleep disturbances in Alzheimer disease.pdf | 2024 Neuroinflammation in Alzheimer disease.pdf | 2025 Oligodendrocytes in Alzheimer’s disease pathophysiology.pdf | 2025 Updates on mouse models of Alzheimer’s disease.pdf | Recent advances in Alzheimer’s disease mechanisms clinical trials and new drug development strategies.pdf | alzheimer disease  2021.pdf	"A: SUPPORTED — Hearing loss in older adults is associated with decreased brain volume, as indicated by the evidence that cognitive impairment and increased amyloid burden correlate with accelerated regional atrophy in the temporal and parietal isocortex (Alzheimer disease, 2021).  
B: SUPPORTED — Higher tau levels are associated with cognitive decline and neurodegeneration in Alzheimer's disease, as evidenced by the relationship between tau pathology and cognitive impairment (Cell type-specific roles of APOE4 in Alzheimer disease, 2024).  
C: SUPPORTED — Hearing loss in older adults can lead to lower social engagement, as cognitive decline and mood disorders, including social withdrawal, are common in individuals with dementia (Alzheimer disease, 2021).  
D: NOT SUPPORTED — There is no evidence supporting the claim that hearing loss in older adults leads to enhanced neurogenesis; rather, neurodegeneration is typically associated with cognitive decline (Oxidative damage in neurodegeneration: roles in the pathogenesis and progression of Alzheimer disease, 2023).  
ANSWER: A, B, C"	"A: SUPPORTED — Hearing loss in older adults is associated with decreased brain volume, as indicated by the evidence that cognitive impairment and increased amyloid burden correlate with accelerated regional atrophy in the temporal and parietal isocortex (Alzheimer disease, 2021).  
B: SUPPORTED — Higher tau levels are associated with cognitive decline and neurodegeneration in Alzheimer's disease, as evidenced by the relationship between tau pathology and cognitive impairment (Cell type-specific roles of APOE4 in Alzheimer disease, 2024).  
C: SUPPORTED — Hearing loss in older adults can lead to lower social engagement, as cognitive decline and mood disorders, including social withdrawal, are common in individuals with dementia (Alzheimer disease, 2021).  
D: NOT SUPPORTED — There is no evidence supporting the claim that hearing loss in older adults leads to enhanced neurogenesis; rather, neurodegeneration is typically associated with cognitive decline (Oxidative damage in neurodegeneration: roles in the pathogenesis and progression of Alzheimer disease, 2023).  
ANSWER: A, B, C"
2	3	ET-RAG	test.agent_etrag	A3	+ Hybrid context	cosine retrieval + evidence quality + temporal recency + hybrid paper context	0.5	0.3	0.2	5	Which factors have been epidemiologically linked to AD?	A. Hypoxia | B. Gut microbiota imbalance | C. High education | D. Diet	A, B, D	Hypoxia | Gut microbiota imbalance | Diet	B, C, D	0.0	strict_partial_credit	False	0.747749	5.679	2.773	0.0	20	20	0.564997	0.476594	0.509	0.87	0	0	5	4	8743	True	True	False	False	False	2023-oxidative-damage-in-neurodegeneration-roles-in-the-pathogenesis-and-progression-of-alzheimer-disease.pdf | 2024 Advancements and Challenges in Antiamyloid Therapy for.pdf | 2024 Cell type-specific roles of APOE4 in Alzheimer disease.pdf | 2024 Immune Activation in Alzheimer Disease.pdf | 2024 Linking activity dyshomeostasis and sleep disturbances in Alzheimer disease.pdf | 2024 Neuroinflammation in Alzheimer disease.pdf | 2025 Updates on mouse models of Alzheimer’s disease.pdf | Recent advances in Alzheimer’s disease mechanisms clinical trials and new drug development strategies.pdf | alzheimer disease  2021.pdf	"A: NOT SUPPORTED — There is no direct evidence linking hypoxia to an increased risk of Alzheimer's disease in the provided excerpts.  
B: SUPPORTED — The microbiota-gut-brain axis hypothesis suggests that gut microbiota imbalance may lead to systemic inflammation, which can impact neuroinflammation and contribute to Alzheimer's disease (Recent advances in Alzheimer’s disease: mechanisms, clinical trials and new drug development strategies, Unknown).  
C: SUPPORTED — Higher education levels are associated with a lower incidence of dementia, potentially due to educational, socio-economic, and lifestyle changes (Alzheimer disease, 2021).  
D: SUPPORTED — A balanced diet, particularly the Mediterranean diet, is linked to a reduced risk of dementia and cognitive decline, while unbalanced diets are associated with increased risk (Neuroinflammation in Alzheimer disease, 2024).  
ANSWER: B, C, D"	"A: NOT SUPPORTED — There is no direct evidence linking hypoxia to an increased risk of Alzheimer's disease in the provided excerpts.  
B: SUPPORTED — The microbiota-gut-brain axis hypothesis suggests that gut microbiota imbalance may lead to systemic inflammation, which can impact neuroinflammation and contribute to Alzheimer's disease (Recent advances in Alzheimer’s disease: mechanisms, clinical trials and new drug development strategies, Unknown).  
C: SUPPORTED — Higher education levels are associated with a lower incidence of dementia, potentially due to educational, socio-economic, and lifestyle changes (Alzheimer disease, 2021).  
D: SUPPORTED — A balanced diet, particularly the Mediterranean diet, is linked to a reduced risk of dementia and cognitive decline, while unbalanced diets are associated with increased risk (Neuroinflammation in Alzheimer disease, 2024).  
ANSWER: B, C, D"
2	3	ET-RAG	test.agent_etrag	A3	+ Hybrid context	cosine retrieval + evidence quality + temporal recency + hybrid paper context	0.5	0.3	0.2	6	Which imaging biomarkers are used in AD diagnosis?	A. Tau-PET | B. MRI | C. CT | D. FDG-PET	A, B, D	Tau-PET | MRI | FDG-PET	A, B, D	1.0	strict_partial_credit	True	0.759333	5.122	2.448	0.0	28	25	0.598095	0.540031	0.5216	0.858	0	0	6	4	9221	True	True	False	False	False	2023-oxidative-damage-in-neurodegeneration-roles-in-the-pathogenesis-and-progression-of-alzheimer-disease.pdf | 2024 Advancements and Challenges in Antiamyloid Therapy for.pdf | 2024 Immune Activation in Alzheimer Disease.pdf | 2024 Neuroinflammation in Alzheimer disease.pdf | 2025 Updates on mouse models of Alzheimer’s disease.pdf | Recent advances in Alzheimer’s disease mechanisms clinical trials and new drug development strategies.pdf | alzheimer disease  2021.pdf	"A: SUPPORTED — Tau-PET imaging allows the detection of tauopathy that is largely specific for Alzheimer's disease and is highly predictive of subsequent cognitive decline in both asymptomatic and symptomatic individuals (Alzheimer disease, 2021).  
B: SUPPORTED — Structural MRI is often used as a first step to exclude other causes of cognitive impairment and allows the assessment of macroscopic brain atrophy, which is associated with Alzheimer's disease (Alzheimer disease, 2021).  
C: NOT SUPPORTED — There is no specific evidence provided in the excerpts that supports CT as a biomarker used in the diagnosis of Alzheimer's disease.  
D: SUPPORTED — FDG-PET has revealed a pattern of temporal-parietal and hippocampal hypometabolism that is highly characteristic of Alzheimer's disease and correlates with the overall severity of cognitive impairment (Alzheimer disease, 2021).  
ANSWER: A, B, D"	"A: SUPPORTED — Tau-PET imaging allows the detection of tauopathy that is largely specific for Alzheimer's disease and is highly predictive of subsequent cognitive decline in both asymptomatic and symptomatic individuals (Alzheimer disease, 2021).  
B: SUPPORTED — Structural MRI is often used as a first step to exclude other causes of cognitive impairment and allows the assessment of macroscopic brain atrophy, which is associated with Alzheimer's disease (Alzheimer disease, 2021).  
C: NOT SUPPORTED — There is no specific evidence provided in the excerpts that supports CT as a biomarker used in the diagnosis of Alzheimer's disease.  
D: SUPPORTED — FDG-PET has revealed a pattern of temporal-parietal and hippocampal hypometabolism that is highly characteristic of Alzheimer's disease and correlates with the overall severity of cognitive impairment (Alzheimer disease, 2021).  
ANSWER: A, B, D"
2	3	ET-RAG	test.agent_etrag	A3	+ Hybrid context	cosine retrieval + evidence quality + temporal recency + hybrid paper context	0.5	0.3	0.2	7	What roles do CSF biomarkers play in AD diagnosis?	A. Stage disease progression | B. Diagnose mild cognitive impairment | C. Indicate tau pathology | D. Replace neuropsychological testing	A, B, C	Stage disease progression | Diagnose mild cognitive impairment | Indicate tau pathology	A, B, C	1.0	strict_partial_credit	True	0.762345	5.977	2.443	0.0	31	25	0.606699	0.554579	0.5207	0.866	0	0	5	4	7498	True	True	False	False	False	2023-oxidative-damage-in-neurodegeneration-roles-in-the-pathogenesis-and-progression-of-alzheimer-disease.pdf | 2024 Advancements and Challenges in Antiamyloid Therapy for.pdf | 2024 Immune Activation in Alzheimer Disease.pdf | 2024 Neuroinflammation in Alzheimer disease.pdf | alzheimer disease  2021.pdf	"A: SUPPORTED — CSF biomarkers are recognized by research guidelines for their diagnostic utility in Alzheimer’s disease, including decreases in Aβ42 and increases in phosphorylated tau (p-tau181) (Alzheimer disease, 2021).  
B: SUPPORTED — CSF biomarkers can help diagnose mild cognitive impairment (MCI) and are associated with an increased risk of progression to dementia (Alzheimer disease, 2021).  
C: SUPPORTED — p-tau181 is considered a specific biomarker for tau pathology in Alzheimer’s disease (Alzheimer disease, 2021).  
D: NOT SUPPORTED — Neuropsychological testing is still considered beneficial for determining the severity of cognitive impairment and is not replaced by CSF biomarkers (Alzheimer disease, 2021).  
ANSWER: A, B, C"	"A: SUPPORTED — CSF biomarkers are recognized by research guidelines for their diagnostic utility in Alzheimer’s disease, including decreases in Aβ42 and increases in phosphorylated tau (p-tau181) (Alzheimer disease, 2021).  
B: SUPPORTED — CSF biomarkers can help diagnose mild cognitive impairment (MCI) and are associated with an increased risk of progression to dementia (Alzheimer disease, 2021).  
C: SUPPORTED — p-tau181 is considered a specific biomarker for tau pathology in Alzheimer’s disease (Alzheimer disease, 2021).  
D: NOT SUPPORTED — Neuropsychological testing is still considered beneficial for determining the severity of cognitive impairment and is not replaced by CSF biomarkers (Alzheimer disease, 2021).  
ANSWER: A, B, C"
2	3	ET-RAG	test.agent_etrag	A3	+ Hybrid context	cosine retrieval + evidence quality + temporal recency + hybrid paper context	0.5	0.3	0.2	8	What effects does gut microbiota have in AD animal models?	A. Promotes inflammation | B. Improves memory | C. Impairs spatial learning | D. Reduces tau levels	A, C	Promotes inflammation | Impairs spatial learning	A, C	1.0	strict_partial_credit	True	0.753462	5.348	2.378	0.0	10	10	0.581321	0.514643	0.5	0.87	0	0	4	4	8827	True	True	False	False	False	2023-oxidative-damage-in-neurodegeneration-roles-in-the-pathogenesis-and-progression-of-alzheimer-disease.pdf | 2024 Advancements and Challenges in Antiamyloid Therapy for.pdf | 2024 Immune Activation in Alzheimer Disease.pdf | 2024 Neuroinflammation in Alzheimer disease.pdf | 2025 Updates on mouse models of Alzheimer’s disease.pdf | Recent advances in Alzheimer’s disease mechanisms clinical trials and new drug development strategies.pdf | alzheimer disease  2021.pdf	"A: SUPPORTED — The evidence indicates that the neuronal ε4 variant promotes tau phosphorylation and leads to increased neuroinflammation and cell death, as discussed in ""Neuroinflammation in Alzheimer disease"" (2024).  
B: NOT SUPPORTED — There is no evidence provided that directly supports the claim that gut microbiota improves memory in AD animal models.  
C: SUPPORTED — The evidence suggests that tauopathy mouse models exhibit increased microglial activation and neuroinflammation, which can impair spatial learning, as indicated in ""Oxidative damage in neurodegeneration: roles in the pathogenesis and progression of Alzheimer disease"" (2023).  
D: NOT SUPPORTED — The evidence does not support the claim that gut microbiota reduces tau levels; rather, it discusses the role of microglia in tau hyperphosphorylation and neurofibrillary tangle formation in ""2024 Immune Activation in Alzheimer Disease"" (2024).  

ANSWER: A, C"	"A: SUPPORTED — The evidence indicates that the neuronal ε4 variant promotes tau phosphorylation and leads to increased neuroinflammation and cell death, as discussed in ""Neuroinflammation in Alzheimer disease"" (2024).  
B: NOT SUPPORTED — There is no evidence provided that directly supports the claim that gut microbiota improves memory in AD animal models.  
C: SUPPORTED — The evidence suggests that tauopathy mouse models exhibit increased microglial activation and neuroinflammation, which can impair spatial learning, as indicated in ""Oxidative damage in neurodegeneration: roles in the pathogenesis and progression of Alzheimer disease"" (2023).  
D: NOT SUPPORTED — The evidence does not support the claim that gut microbiota reduces tau levels; rather, it discusses the role of microglia in tau hyperphosphorylation and neurofibrillary tangle formation in ""2024 Immune Activation in Alzheimer Disease"" (2024).  

ANSWER: A, C"
2	3	ET-RAG	test.agent_etrag	A3	+ Hybrid context	cosine retrieval + evidence quality + temporal recency + hybrid paper context	0.5	0.3	0.2	9	Which sleep characteristics are associated with AD?	A. Reduced REM duration | B. Abnormal slow-wave oscillations | C. Increased CSF tau during wakefulness | D. Stable sleep architecture	A, B, C	Reduced REM duration | Abnormal slow-wave oscillations | Increased CSF tau during wakefulness	A, B	0.666667	strict_partial_credit	False	0.736278	5.928	2.335	0.0	12	12	0.532222	0.414443	0.5	0.875	0	0	4	4	8963	True	True	False	False	False	2023-oxidative-damage-in-neurodegeneration-roles-in-the-pathogenesis-and-progression-of-alzheimer-disease.pdf | 2024 Advancements and Challenges in Antiamyloid Therapy for.pdf | 2024 Immune Activation in Alzheimer Disease.pdf | 2024 Linking activity dyshomeostasis and sleep disturbances in Alzheimer disease.pdf | 2024 Neuroinflammation in Alzheimer disease.pdf | 2025 Updates on mouse models of Alzheimer’s disease.pdf | Recent advances in Alzheimer’s disease mechanisms clinical trials and new drug development strategies.pdf | alzheimer disease  2021.pdf	"A: SUPPORTED — The evidence states that ""the duration of NREM3 and REM sleep stages is significantly reduced"" in Alzheimer's disease, indicating reduced REM duration (Linking activity dyshomeostasis and sleep disturbances in Alzheimer disease, 2024).  
B: SUPPORTED — The evidence discusses ""slow-wave deficits that are specific to lower frequencies (<1 Hz) during NREM sleep"" in Alzheimer's disease, indicating abnormal slow-wave oscillations (Linking activity dyshomeostasis and sleep disturbances in Alzheimer disease, 2024).  
C: NOT SUPPORTED — There is no evidence provided that directly associates increased CSF tau during wakefulness with Alzheimer's disease in the excerpts.  
D: NOT SUPPORTED — The evidence indicates that sleep architecture is disrupted in Alzheimer's disease, contradicting the notion of stable sleep architecture (Linking activity dyshomeostasis and sleep disturbances in Alzheimer disease, 2024).  
ANSWER: A, B"	"A: SUPPORTED — The evidence states that ""the duration of NREM3 and REM sleep stages is significantly reduced"" in Alzheimer's disease, indicating reduced REM duration (Linking activity dyshomeostasis and sleep disturbances in Alzheimer disease, 2024).  
B: SUPPORTED — The evidence discusses ""slow-wave deficits that are specific to lower frequencies (<1 Hz) during NREM sleep"" in Alzheimer's disease, indicating abnormal slow-wave oscillations (Linking activity dyshomeostasis and sleep disturbances in Alzheimer disease, 2024).  
C: NOT SUPPORTED — There is no evidence provided that directly associates increased CSF tau during wakefulness with Alzheimer's disease in the excerpts.  
D: NOT SUPPORTED — The evidence indicates that sleep architecture is disrupted in Alzheimer's disease, contradicting the notion of stable sleep architecture (Linking activity dyshomeostasis and sleep disturbances in Alzheimer disease, 2024).  
ANSWER: A, B"
2	3	ET-RAG	test.agent_etrag	A3	+ Hybrid context	cosine retrieval + evidence quality + temporal recency + hybrid paper context	0.5	0.3	0.2	10	Which interventions may improve cognition in MCI or early dementia?	A. Melatonin | B. Rivasti gmine | C. Suvorexant | D. Ketogenic diet	A, B, C	Melatonin | Rivasti gmine | Suvorexant	B	0.333333	strict_partial_credit	False	0.747425	7.749	4.957	0.0	23	23	0.564072	0.456471	0.549891	0.854348	0	0	3	4	9483	True	True	False	False	False	2023-oxidative-damage-in-neurodegeneration-roles-in-the-pathogenesis-and-progression-of-alzheimer-disease.pdf | 2024 Advancements and Challenges in Antiamyloid Therapy for.pdf | 2024 Linking activity dyshomeostasis and sleep disturbances in Alzheimer disease.pdf | 2025 Updates on mouse models of Alzheimer’s disease.pdf | Recent advances in Alzheimer’s disease mechanisms clinical trials and new drug development strategies.pdf | alzheimer disease  2021.pdf	"A: NOT SUPPORTED — There is no evidence indicating that melatonin improves cognition in MCI or early dementia. 

B: SUPPORTED — Rivastigmine is a cholinesterase inhibitor approved for mild to moderate dementia due to Alzheimer's disease and has shown modest benefits in delaying symptom progression (Alzheimer disease, 2021).

C: NOT SUPPORTED — There is no evidence indicating that suvorexant improves cognition in MCI or early dementia.

D: NOT SUPPORTED — There is no evidence indicating that a ketogenic diet improves cognition in MCI or early dementia.

ANSWER: B"	"A: NOT SUPPORTED — There is no evidence indicating that melatonin improves cognition in MCI or early dementia. 

B: SUPPORTED — Rivastigmine is a cholinesterase inhibitor approved for mild to moderate dementia due to Alzheimer's disease and has shown modest benefits in delaying symptom progression (Alzheimer disease, 2021).

C: NOT SUPPORTED — There is no evidence indicating that suvorexant improves cognition in MCI or early dementia.

D: NOT SUPPORTED — There is no evidence indicating that a ketogenic diet improves cognition in MCI or early dementia.

ANSWER: B"
3	3	ET-RAG	test.agent_etrag	A3	+ Hybrid context	cosine retrieval + evidence quality + temporal recency + hybrid paper context	0.5	0.3	0.2	1	Which of the following are components of the A-T-N AD biomarker framework?	A. Amyloid beta | B. Tau | C. Neurodegeneration markers | D. Synaptic vesicle proteins	A, B, C	Amyloid beta | Tau | Neurodegeneration markers	A, B, C	1.0	strict_partial_credit	True	0.760394	5.4	2.42	0.0	29	25	0.601124	0.551529	0.5072	0.866	1	0	5	4	7459	True	True	False	False	False	2023-oxidative-damage-in-neurodegeneration-roles-in-the-pathogenesis-and-progression-of-alzheimer-disease.pdf | 2024 Advancements and Challenges in Antiamyloid Therapy for.pdf | 2024 Cell type-specific roles of APOE4 in Alzheimer disease.pdf | 2024 Neuroinflammation in Alzheimer disease.pdf | alzheimer disease  2021.pdf	"A: SUPPORTED — The A-T-N framework includes amyloid beta (Aβ) as a key biomarker for Alzheimer's disease, as stated in ""Alzheimer disease"" (2021).  
B: SUPPORTED — Tau is also a component of the A-T-N framework, specifically as phosphorylated tau (p-tau), as mentioned in ""Alzheimer disease"" (2021).  
C: SUPPORTED — Neurodegeneration markers, such as neurofilament light chain (NfL), are included in the A-T-N framework, as discussed in ""Alzheimer disease"" (2021).  
D: NOT SUPPORTED — Synaptic vesicle proteins are not mentioned as part of the A-T-N framework in the provided evidence.  

ANSWER: A, B, C"	"A: SUPPORTED — The A-T-N framework includes amyloid beta (Aβ) as a key biomarker for Alzheimer's disease, as stated in ""Alzheimer disease"" (2021).  
B: SUPPORTED — Tau is also a component of the A-T-N framework, specifically as phosphorylated tau (p-tau), as mentioned in ""Alzheimer disease"" (2021).  
C: SUPPORTED — Neurodegeneration markers, such as neurofilament light chain (NfL), are included in the A-T-N framework, as discussed in ""Alzheimer disease"" (2021).  
D: NOT SUPPORTED — Synaptic vesicle proteins are not mentioned as part of the A-T-N framework in the provided evidence.  

ANSWER: A, B, C"
3	3	ET-RAG	test.agent_etrag	A3	+ Hybrid context	cosine retrieval + evidence quality + temporal recency + hybrid paper context	0.5	0.3	0.2	2	Which sleep-related conditions are discussed as contributing to AD progression?	A. Sleep apnea | B. Long sleep duration | C. Short sleep duration | D. Insomnia	A, B, C, D	Sleep apnea | Long sleep duration | Short sleep duration | Insomnia	A, C, D	0.75	strict_partial_credit	False	0.734408	5.12	2.362	0.0	16	16	0.526879	0.407509	0.5	0.865625	0	0	3	4	7796	True	True	False	False	False	2023-oxidative-damage-in-neurodegeneration-roles-in-the-pathogenesis-and-progression-of-alzheimer-disease.pdf | 2024 Advancements and Challenges in Antiamyloid Therapy for.pdf | 2024 Linking activity dyshomeostasis and sleep disturbances in Alzheimer disease.pdf | 2025 Oligodendrocytes in Alzheimer’s disease pathophysiology.pdf | 2025 Updates on mouse models of Alzheimer’s disease.pdf | Recent advances in Alzheimer’s disease mechanisms clinical trials and new drug development strategies.pdf | alzheimer disease  2021.pdf	"A: SUPPORTED — Sleep apnea is discussed as a comorbidity that may affect cognition in individuals with Alzheimer's disease, as noted in ""Oxidative damage in neurodegeneration: roles in the pathogenesis and progression of Alzheimer disease"" (2023).  
B: NOT SUPPORTED — There is no direct evidence linking long sleep duration to the progression of Alzheimer's disease in the provided excerpts.  
C: SUPPORTED — Short sleep duration is associated with cognitive impairments in Alzheimer's disease, as indicated in ""Linking activity dyshomeostasis and sleep disturbances in Alzheimer disease"" (2024).  
D: SUPPORTED — Insomnia is discussed in relation to sleep disturbances that may impact Alzheimer's disease progression, as mentioned in ""Linking activity dyshomeostasis and sleep disturbances in Alzheimer disease"" (2024).  
ANSWER: A, C, D"	"A: SUPPORTED — Sleep apnea is discussed as a comorbidity that may affect cognition in individuals with Alzheimer's disease, as noted in ""Oxidative damage in neurodegeneration: roles in the pathogenesis and progression of Alzheimer disease"" (2023).  
B: NOT SUPPORTED — There is no direct evidence linking long sleep duration to the progression of Alzheimer's disease in the provided excerpts.  
C: SUPPORTED — Short sleep duration is associated with cognitive impairments in Alzheimer's disease, as indicated in ""Linking activity dyshomeostasis and sleep disturbances in Alzheimer disease"" (2024).  
D: SUPPORTED — Insomnia is discussed in relation to sleep disturbances that may impact Alzheimer's disease progression, as mentioned in ""Linking activity dyshomeostasis and sleep disturbances in Alzheimer disease"" (2024).  
ANSWER: A, C, D"
3	3	ET-RAG	test.agent_etrag	A3	+ Hybrid context	cosine retrieval + evidence quality + temporal recency + hybrid paper context	0.5	0.3	0.2	3	Which interventions were identified as promising for sleep-related AD therapy?	A. CBT-I | B. Suvorexant | C. Positive airway pressure treatment | D. Ketamine	A, B, C	CBT-I | Suvorexant | Positive airway pressure treatment	A, C	0.666667	strict_partial_credit	False	0.744565	5.783	2.421	0.0	18	18	0.555899	0.443327	0.54375	0.855556	0	0	5	3	8403	True	True	False	False	False	2023-oxidative-damage-in-neurodegeneration-roles-in-the-pathogenesis-and-progression-of-alzheimer-disease.pdf | 2024 Advancements and Challenges in Antiamyloid Therapy for.pdf | 2024 Linking activity dyshomeostasis and sleep disturbances in Alzheimer disease.pdf | 2025 Updates on mouse models of Alzheimer’s disease.pdf | Recent advances in Alzheimer’s disease mechanisms clinical trials and new drug development strategies.pdf | alzheimer disease  2021.pdf	"A: SUPPORTED — Cognitive Behavioral Therapy for Insomnia (CBT-I) is discussed as a potential intervention for sleep-related issues in Alzheimer's disease (AD) in the paper ""Linking activity dyshomeostasis and sleep disturbances in Alzheimer disease"" (2024).

B: NOT SUPPORTED — There is no direct evidence in the provided excerpts that supports the use of Suvorexant as a promising intervention for sleep-related therapy in Alzheimer's disease.

C: SUPPORTED — Positive airway pressure treatment is mentioned as a necessary intervention for comorbid sleep disorders, such as obstructive sleep apnea, in patients with dementia, as noted in the paper ""Alzheimer disease"" (2021).

D: NOT SUPPORTED — There is no evidence in the provided excerpts that supports the use of Ketamine as a promising intervention for sleep-related therapy in Alzheimer's disease.

ANSWER: A, C"	"A: SUPPORTED — Cognitive Behavioral Therapy for Insomnia (CBT-I) is discussed as a potential intervention for sleep-related issues in Alzheimer's disease (AD) in the paper ""Linking activity dyshomeostasis and sleep disturbances in Alzheimer disease"" (2024).

B: NOT SUPPORTED — There is no direct evidence in the provided excerpts that supports the use of Suvorexant as a promising intervention for sleep-related therapy in Alzheimer's disease.

C: SUPPORTED — Positive airway pressure treatment is mentioned as a necessary intervention for comorbid sleep disorders, such as obstructive sleep apnea, in patients with dementia, as noted in the paper ""Alzheimer disease"" (2021).

D: NOT SUPPORTED — There is no evidence in the provided excerpts that supports the use of Ketamine as a promising intervention for sleep-related therapy in Alzheimer's disease.

ANSWER: A, C"
3	3	ET-RAG	test.agent_etrag	A3	+ Hybrid context	cosine retrieval + evidence quality + temporal recency + hybrid paper context	0.5	0.3	0.2	4	Hearing loss in older adults may lead to which of the following?	A. Decreased brain volume | B. Higher tau levels | C. Lower social engagement | D. Enhanced neurogenesis	A, B, C	Decreased brain volume | Higher tau levels | Lower social engagement	A, B, C	1.0	strict_partial_credit	True	0.751135	9.558	5.999	0.0	24	24	0.57467	0.480487	0.532813	0.872917	2	0	4	4	9473	True	True	False	False	False	2023-oxidative-damage-in-neurodegeneration-roles-in-the-pathogenesis-and-progression-of-alzheimer-disease.pdf | 2024 Advancements and Challenges in Antiamyloid Therapy for.pdf | 2024 Cell type-specific roles of APOE4 in Alzheimer disease.pdf | 2024 Immune Activation in Alzheimer Disease.pdf | 2024 Linking activity dyshomeostasis and sleep disturbances in Alzheimer disease.pdf | 2024 Neuroinflammation in Alzheimer disease.pdf | 2025 Oligodendrocytes in Alzheimer’s disease pathophysiology.pdf | 2025 Updates on mouse models of Alzheimer’s disease.pdf | Recent advances in Alzheimer’s disease mechanisms clinical trials and new drug development strategies.pdf | alzheimer disease  2021.pdf	"A: SUPPORTED — Hearing loss in older adults is associated with decreased brain volume, as indicated by the evidence that cognitive impairment and increased amyloid burden correlate with brain atrophy (Alzheimer disease, 2021).  
B: SUPPORTED — Higher tau levels are linked to cognitive decline and neurodegeneration in Alzheimer's disease, as tau pathology is a significant factor in the progression of the disease (Cell type-specific roles of APOE4 in Alzheimer disease, 2024).  
C: SUPPORTED — Hearing loss in older adults is associated with lower social engagement, as cognitive impairment and sensory deficits can lead to social withdrawal (Alzheimer disease, 2021).  
D: NOT SUPPORTED — There is no evidence supporting the claim that hearing loss in older adults leads to enhanced neurogenesis; rather, neurodegeneration is typically associated with cognitive decline (Oxidative damage in neurodegeneration: roles in the pathogenesis and progression of Alzheimer disease, 2023).  
ANSWER: A, B, C"	"A: SUPPORTED — Hearing loss in older adults is associated with decreased brain volume, as indicated by the evidence that cognitive impairment and increased amyloid burden correlate with brain atrophy (Alzheimer disease, 2021).  
B: SUPPORTED — Higher tau levels are linked to cognitive decline and neurodegeneration in Alzheimer's disease, as tau pathology is a significant factor in the progression of the disease (Cell type-specific roles of APOE4 in Alzheimer disease, 2024).  
C: SUPPORTED — Hearing loss in older adults is associated with lower social engagement, as cognitive impairment and sensory deficits can lead to social withdrawal (Alzheimer disease, 2021).  
D: NOT SUPPORTED — There is no evidence supporting the claim that hearing loss in older adults leads to enhanced neurogenesis; rather, neurodegeneration is typically associated with cognitive decline (Oxidative damage in neurodegeneration: roles in the pathogenesis and progression of Alzheimer disease, 2023).  
ANSWER: A, B, C"
3	3	ET-RAG	test.agent_etrag	A3	+ Hybrid context	cosine retrieval + evidence quality + temporal recency + hybrid paper context	0.5	0.3	0.2	5	Which factors have been epidemiologically linked to AD?	A. Hypoxia | B. Gut microbiota imbalance | C. High education | D. Diet	A, B, D	Hypoxia | Gut microbiota imbalance | Diet	B, C, D	0.0	strict_partial_credit	False	0.747742	5.592	2.373	0.0	20	20	0.564977	0.476555	0.509	0.87	0	0	5	4	8743	True	True	False	False	False	2023-oxidative-damage-in-neurodegeneration-roles-in-the-pathogenesis-and-progression-of-alzheimer-disease.pdf | 2024 Advancements and Challenges in Antiamyloid Therapy for.pdf | 2024 Cell type-specific roles of APOE4 in Alzheimer disease.pdf | 2024 Immune Activation in Alzheimer Disease.pdf | 2024 Linking activity dyshomeostasis and sleep disturbances in Alzheimer disease.pdf | 2024 Neuroinflammation in Alzheimer disease.pdf | 2025 Updates on mouse models of Alzheimer’s disease.pdf | Recent advances in Alzheimer’s disease mechanisms clinical trials and new drug development strategies.pdf | alzheimer disease  2021.pdf	"A: NOT SUPPORTED — There is no direct evidence linking hypoxia to an increased risk of Alzheimer's disease in the provided excerpts.  
B: SUPPORTED — The microbiota-gut-brain axis hypothesis suggests that gut microbiota imbalance may lead to systemic inflammation, which can impact neuroinflammation and contribute to Alzheimer's disease (Recent advances in Alzheimer’s disease: mechanisms, clinical trials and new drug development strategies, Unknown).  
C: SUPPORTED — Higher education is associated with a lower incidence of dementia, potentially due to educational, socio-economic, and lifestyle changes (Alzheimer disease, 2021).  
D: SUPPORTED — A balanced diet, particularly the Mediterranean diet, is linked to a reduced risk of dementia and cognitive decline (Neuroinflammation in Alzheimer disease, 2024).  
ANSWER: B, C, D"	"A: NOT SUPPORTED — There is no direct evidence linking hypoxia to an increased risk of Alzheimer's disease in the provided excerpts.  
B: SUPPORTED — The microbiota-gut-brain axis hypothesis suggests that gut microbiota imbalance may lead to systemic inflammation, which can impact neuroinflammation and contribute to Alzheimer's disease (Recent advances in Alzheimer’s disease: mechanisms, clinical trials and new drug development strategies, Unknown).  
C: SUPPORTED — Higher education is associated with a lower incidence of dementia, potentially due to educational, socio-economic, and lifestyle changes (Alzheimer disease, 2021).  
D: SUPPORTED — A balanced diet, particularly the Mediterranean diet, is linked to a reduced risk of dementia and cognitive decline (Neuroinflammation in Alzheimer disease, 2024).  
ANSWER: B, C, D"
3	3	ET-RAG	test.agent_etrag	A3	+ Hybrid context	cosine retrieval + evidence quality + temporal recency + hybrid paper context	0.5	0.3	0.2	6	Which imaging biomarkers are used in AD diagnosis?	A. Tau-PET | B. MRI | C. CT | D. FDG-PET	A, B, D	Tau-PET | MRI | FDG-PET	A, B, D	1.0	strict_partial_credit	True	0.759332	5.725	2.411	0.0	28	25	0.598092	0.540025	0.5216	0.858	0	0	6	4	9221	True	True	False	False	False	2023-oxidative-damage-in-neurodegeneration-roles-in-the-pathogenesis-and-progression-of-alzheimer-disease.pdf | 2024 Advancements and Challenges in Antiamyloid Therapy for.pdf | 2024 Immune Activation in Alzheimer Disease.pdf | 2024 Neuroinflammation in Alzheimer disease.pdf | 2025 Updates on mouse models of Alzheimer’s disease.pdf | Recent advances in Alzheimer’s disease mechanisms clinical trials and new drug development strategies.pdf | alzheimer disease  2021.pdf	"A: SUPPORTED — Tau-PET imaging allows the detection of tauopathy that is largely specific for Alzheimer's disease and is highly predictive of subsequent cognitive decline in both asymptomatic and symptomatic individuals (Alzheimer disease, 2021).  
B: SUPPORTED — Structural MRI is often used as a first step to exclude other causes of cognitive impairment and allows the assessment of macroscopic brain atrophy as a reflection of tissue loss, which is associated with Alzheimer's disease (Alzheimer disease, 2021).  
C: NOT SUPPORTED — There is no specific evidence provided that supports CT as an imaging biomarker used in the diagnosis of Alzheimer's disease (Alzheimer disease, 2021).  
D: SUPPORTED — FDG-PET has revealed a pattern of temporal-parietal and hippocampal hypometabolism that is highly characteristic of Alzheimer's disease and correlates with the overall severity of cognitive impairment (Alzheimer disease, 2021).  
ANSWER: A, B, D"	"A: SUPPORTED — Tau-PET imaging allows the detection of tauopathy that is largely specific for Alzheimer's disease and is highly predictive of subsequent cognitive decline in both asymptomatic and symptomatic individuals (Alzheimer disease, 2021).  
B: SUPPORTED — Structural MRI is often used as a first step to exclude other causes of cognitive impairment and allows the assessment of macroscopic brain atrophy as a reflection of tissue loss, which is associated with Alzheimer's disease (Alzheimer disease, 2021).  
C: NOT SUPPORTED — There is no specific evidence provided that supports CT as an imaging biomarker used in the diagnosis of Alzheimer's disease (Alzheimer disease, 2021).  
D: SUPPORTED — FDG-PET has revealed a pattern of temporal-parietal and hippocampal hypometabolism that is highly characteristic of Alzheimer's disease and correlates with the overall severity of cognitive impairment (Alzheimer disease, 2021).  
ANSWER: A, B, D"
3	3	ET-RAG	test.agent_etrag	A3	+ Hybrid context	cosine retrieval + evidence quality + temporal recency + hybrid paper context	0.5	0.3	0.2	7	What roles do CSF biomarkers play in AD diagnosis?	A. Stage disease progression | B. Diagnose mild cognitive impairment | C. Indicate tau pathology | D. Replace neuropsychological testing	A, B, C	Stage disease progression | Diagnose mild cognitive impairment | Indicate tau pathology	A, B, C	1.0	strict_partial_credit	True	0.762345	5.645	2.553	0.0	31	25	0.606699	0.554579	0.5207	0.866	0	0	5	4	7498	True	True	False	False	False	2023-oxidative-damage-in-neurodegeneration-roles-in-the-pathogenesis-and-progression-of-alzheimer-disease.pdf | 2024 Advancements and Challenges in Antiamyloid Therapy for.pdf | 2024 Immune Activation in Alzheimer Disease.pdf | 2024 Neuroinflammation in Alzheimer disease.pdf | alzheimer disease  2021.pdf	"A: SUPPORTED — CSF biomarkers such as Aβ42 and p-tau181 are recognized for their diagnostic utility in Alzheimer's disease, helping to indicate disease progression (Alzheimer disease, 2021).  
B: SUPPORTED — CSF biomarkers can help diagnose mild cognitive impairment (MCI) and predict progression to dementia (Alzheimer disease, 2021).  
C: SUPPORTED — p-tau181 is considered a specific biomarker for tau pathology in Alzheimer's disease (Alzheimer disease, 2021).  
D: NOT SUPPORTED — Neuropsychological testing is still essential for determining the severity of cognitive impairment and cannot be replaced by biomarkers alone (Alzheimer disease, 2021).  
ANSWER: A, B, C"	"A: SUPPORTED — CSF biomarkers such as Aβ42 and p-tau181 are recognized for their diagnostic utility in Alzheimer's disease, helping to indicate disease progression (Alzheimer disease, 2021).  
B: SUPPORTED — CSF biomarkers can help diagnose mild cognitive impairment (MCI) and predict progression to dementia (Alzheimer disease, 2021).  
C: SUPPORTED — p-tau181 is considered a specific biomarker for tau pathology in Alzheimer's disease (Alzheimer disease, 2021).  
D: NOT SUPPORTED — Neuropsychological testing is still essential for determining the severity of cognitive impairment and cannot be replaced by biomarkers alone (Alzheimer disease, 2021).  
ANSWER: A, B, C"
3	3	ET-RAG	test.agent_etrag	A3	+ Hybrid context	cosine retrieval + evidence quality + temporal recency + hybrid paper context	0.5	0.3	0.2	8	What effects does gut microbiota have in AD animal models?	A. Promotes inflammation | B. Improves memory | C. Impairs spatial learning | D. Reduces tau levels	A, C	Promotes inflammation | Impairs spatial learning	A, C	1.0	strict_partial_credit	True	0.753462	7.056	2.299	0.0	10	10	0.581319	0.514637	0.5	0.87	0	0	4	4	8827	True	True	False	False	False	2023-oxidative-damage-in-neurodegeneration-roles-in-the-pathogenesis-and-progression-of-alzheimer-disease.pdf | 2024 Advancements and Challenges in Antiamyloid Therapy for.pdf | 2024 Immune Activation in Alzheimer Disease.pdf | 2024 Neuroinflammation in Alzheimer disease.pdf | 2025 Updates on mouse models of Alzheimer’s disease.pdf | Recent advances in Alzheimer’s disease mechanisms clinical trials and new drug development strategies.pdf | alzheimer disease  2021.pdf	"A: SUPPORTED — The evidence indicates that the neuronal ε4 variant promotes tau phosphorylation and leads to increased neuroinflammation and cell death, as discussed in ""Neuroinflammation in Alzheimer disease"" (2024).  
B: NOT SUPPORTED — There is no evidence provided that directly supports the claim that gut microbiota improves memory in AD animal models.  
C: SUPPORTED — The evidence suggests that tauopathy mouse models exhibit increased microglial activation and neuroinflammation, which can impair spatial learning, as discussed in ""Oxidative damage in neurodegeneration: roles in the pathogenesis and progression of Alzheimer disease"" (2023).  
D: NOT SUPPORTED — The evidence indicates that microglia-secreted IL-1β participates in the hyperphosphorylation of tau, which does not support the claim that gut microbiota reduces tau levels, as discussed in ""2024 Immune Activation in Alzheimer Disease"" (2024).  

ANSWER: A, C"	"A: SUPPORTED — The evidence indicates that the neuronal ε4 variant promotes tau phosphorylation and leads to increased neuroinflammation and cell death, as discussed in ""Neuroinflammation in Alzheimer disease"" (2024).  
B: NOT SUPPORTED — There is no evidence provided that directly supports the claim that gut microbiota improves memory in AD animal models.  
C: SUPPORTED — The evidence suggests that tauopathy mouse models exhibit increased microglial activation and neuroinflammation, which can impair spatial learning, as discussed in ""Oxidative damage in neurodegeneration: roles in the pathogenesis and progression of Alzheimer disease"" (2023).  
D: NOT SUPPORTED — The evidence indicates that microglia-secreted IL-1β participates in the hyperphosphorylation of tau, which does not support the claim that gut microbiota reduces tau levels, as discussed in ""2024 Immune Activation in Alzheimer Disease"" (2024).  

ANSWER: A, C"
3	3	ET-RAG	test.agent_etrag	A3	+ Hybrid context	cosine retrieval + evidence quality + temporal recency + hybrid paper context	0.5	0.3	0.2	9	Which sleep characteristics are associated with AD?	A. Reduced REM duration | B. Abnormal slow-wave oscillations | C. Increased CSF tau during wakefulness | D. Stable sleep architecture	A, B, C	Reduced REM duration | Abnormal slow-wave oscillations | Increased CSF tau during wakefulness	A, B	0.666667	strict_partial_credit	False	0.736275	6.652	2.976	0.0	12	12	0.532214	0.414427	0.5	0.875	0	0	4	4	8963	True	True	False	False	False	2023-oxidative-damage-in-neurodegeneration-roles-in-the-pathogenesis-and-progression-of-alzheimer-disease.pdf | 2024 Advancements and Challenges in Antiamyloid Therapy for.pdf | 2024 Immune Activation in Alzheimer Disease.pdf | 2024 Linking activity dyshomeostasis and sleep disturbances in Alzheimer disease.pdf | 2024 Neuroinflammation in Alzheimer disease.pdf | 2025 Updates on mouse models of Alzheimer’s disease.pdf | Recent advances in Alzheimer’s disease mechanisms clinical trials and new drug development strategies.pdf | alzheimer disease  2021.pdf	"A: SUPPORTED — The evidence states that ""the duration of NREM3 and REM sleep stages is significantly reduced"" in Alzheimer's disease (Linking activity dyshomeostasis and sleep disturbances in Alzheimer disease, 2024).  
B: SUPPORTED — The evidence indicates that ""slow-wave deficits that are specific to lower frequencies (<1 Hz) during NREM sleep"" are observed in Alzheimer's disease (Linking activity dyshomeostasis and sleep disturbances in Alzheimer disease, 2024).  
C: NOT SUPPORTED — There is no evidence provided that directly associates increased CSF tau during wakefulness with Alzheimer's disease in the excerpts.  
D: NOT SUPPORTED — The evidence suggests that sleep architecture is disrupted in Alzheimer's disease, rather than being stable (Linking activity dyshomeostasis and sleep disturbances in Alzheimer disease, 2024).  

ANSWER: A, B"	"A: SUPPORTED — The evidence states that ""the duration of NREM3 and REM sleep stages is significantly reduced"" in Alzheimer's disease (Linking activity dyshomeostasis and sleep disturbances in Alzheimer disease, 2024).  
B: SUPPORTED — The evidence indicates that ""slow-wave deficits that are specific to lower frequencies (<1 Hz) during NREM sleep"" are observed in Alzheimer's disease (Linking activity dyshomeostasis and sleep disturbances in Alzheimer disease, 2024).  
C: NOT SUPPORTED — There is no evidence provided that directly associates increased CSF tau during wakefulness with Alzheimer's disease in the excerpts.  
D: NOT SUPPORTED — The evidence suggests that sleep architecture is disrupted in Alzheimer's disease, rather than being stable (Linking activity dyshomeostasis and sleep disturbances in Alzheimer disease, 2024).  

ANSWER: A, B"
3	3	ET-RAG	test.agent_etrag	A3	+ Hybrid context	cosine retrieval + evidence quality + temporal recency + hybrid paper context	0.5	0.3	0.2	10	Which interventions may improve cognition in MCI or early dementia?	A. Melatonin | B. Rivasti gmine | C. Suvorexant | D. Ketogenic diet	A, B, C	Melatonin | Rivasti gmine | Suvorexant	B	0.333333	strict_partial_credit	False	0.747425	6.415	3.51	0.0	23	23	0.564071	0.456469	0.549891	0.854348	0	0	3	4	9483	True	True	False	False	False	2023-oxidative-damage-in-neurodegeneration-roles-in-the-pathogenesis-and-progression-of-alzheimer-disease.pdf | 2024 Advancements and Challenges in Antiamyloid Therapy for.pdf | 2024 Linking activity dyshomeostasis and sleep disturbances in Alzheimer disease.pdf | 2025 Updates on mouse models of Alzheimer’s disease.pdf | Recent advances in Alzheimer’s disease mechanisms clinical trials and new drug development strategies.pdf | alzheimer disease  2021.pdf	"A: NOT SUPPORTED — There is no evidence indicating that melatonin improves cognition in MCI or early dementia. 

B: SUPPORTED — Rivastigmine is a cholinesterase inhibitor approved for mild to moderate dementia due to Alzheimer's disease and has shown modest benefits in delaying symptom progression (Alzheimer disease, 2021).

C: NOT SUPPORTED — There is no evidence indicating that suvorexant improves cognition in MCI or early dementia.

D: NOT SUPPORTED — There is no evidence indicating that a ketogenic diet improves cognition in MCI or early dementia.

ANSWER: B"	"A: NOT SUPPORTED — There is no evidence indicating that melatonin improves cognition in MCI or early dementia. 

B: SUPPORTED — Rivastigmine is a cholinesterase inhibitor approved for mild to moderate dementia due to Alzheimer's disease and has shown modest benefits in delaying symptom progression (Alzheimer disease, 2021).

C: NOT SUPPORTED — There is no evidence indicating that suvorexant improves cognition in MCI or early dementia.

D: NOT SUPPORTED — There is no evidence indicating that a ketogenic diet improves cognition in MCI or early dementia.

ANSWER: B"
4	3	ET-RAG	test.agent_etrag	A3	+ Hybrid context	cosine retrieval + evidence quality + temporal recency + hybrid paper context	0.5	0.3	0.2	1	Which of the following are components of the A-T-N AD biomarker framework?	A. Amyloid beta | B. Tau | C. Neurodegeneration markers | D. Synaptic vesicle proteins	A, B, C	Amyloid beta | Tau | Neurodegeneration markers	A, B, C	1.0	strict_partial_credit	True	0.760395	6.253	2.922	0.0	29	25	0.601128	0.551536	0.5072	0.866	1	0	5	4	7459	True	True	False	False	False	2023-oxidative-damage-in-neurodegeneration-roles-in-the-pathogenesis-and-progression-of-alzheimer-disease.pdf | 2024 Advancements and Challenges in Antiamyloid Therapy for.pdf | 2024 Cell type-specific roles of APOE4 in Alzheimer disease.pdf | 2024 Neuroinflammation in Alzheimer disease.pdf | alzheimer disease  2021.pdf	"A: SUPPORTED — The A-T-N framework includes amyloid beta (A), tau (T), and neurodegeneration markers (N) as core components, as stated in ""Alzheimer disease"" (2021).  
B: SUPPORTED — Tau is explicitly mentioned as a component of the A-T-N framework in ""Alzheimer disease"" (2021).  
C: SUPPORTED — Neurodegeneration markers are included in the A-T-N framework as indicated in ""Alzheimer disease"" (2021).  
D: NOT SUPPORTED — Synaptic vesicle proteins are not mentioned as a component of the A-T-N framework in the provided evidence.  
ANSWER: A, B, C"	"A: SUPPORTED — The A-T-N framework includes amyloid beta (A), tau (T), and neurodegeneration markers (N) as core components, as stated in ""Alzheimer disease"" (2021).  
B: SUPPORTED — Tau is explicitly mentioned as a component of the A-T-N framework in ""Alzheimer disease"" (2021).  
C: SUPPORTED — Neurodegeneration markers are included in the A-T-N framework as indicated in ""Alzheimer disease"" (2021).  
D: NOT SUPPORTED — Synaptic vesicle proteins are not mentioned as a component of the A-T-N framework in the provided evidence.  
ANSWER: A, B, C"
4	3	ET-RAG	test.agent_etrag	A3	+ Hybrid context	cosine retrieval + evidence quality + temporal recency + hybrid paper context	0.5	0.3	0.2	2	Which sleep-related conditions are discussed as contributing to AD progression?	A. Sleep apnea | B. Long sleep duration | C. Short sleep duration | D. Insomnia	A, B, C, D	Sleep apnea | Long sleep duration | Short sleep duration | Insomnia	A, C, D	0.75	strict_partial_credit	False	0.734406	4.921	2.169	0.0	16	16	0.526874	0.407498	0.5	0.865625	0	0	3	4	7796	True	True	False	False	False	2023-oxidative-damage-in-neurodegeneration-roles-in-the-pathogenesis-and-progression-of-alzheimer-disease.pdf | 2024 Advancements and Challenges in Antiamyloid Therapy for.pdf | 2024 Linking activity dyshomeostasis and sleep disturbances in Alzheimer disease.pdf | 2025 Oligodendrocytes in Alzheimer’s disease pathophysiology.pdf | 2025 Updates on mouse models of Alzheimer’s disease.pdf | Recent advances in Alzheimer’s disease mechanisms clinical trials and new drug development strategies.pdf | alzheimer disease  2021.pdf	"A: SUPPORTED — Sleep apnea is discussed as a comorbidity that may affect cognition in individuals with Alzheimer's disease, as noted in ""Oxidative damage in neurodegeneration: roles in the pathogenesis and progression of Alzheimer disease"" (2023).  
B: NOT SUPPORTED — There is no evidence provided that specifically discusses long sleep duration as contributing to Alzheimer's disease progression.  
C: SUPPORTED — Short sleep duration is associated with cognitive impairments in Alzheimer's disease, as indicated in ""Linking activity dyshomeostasis and sleep disturbances in Alzheimer disease"" (2024).  
D: SUPPORTED — Insomnia is mentioned as a comorbid condition that can affect cognitive function in Alzheimer's disease, as discussed in ""Linking activity dyshomeostasis and sleep disturbances in Alzheimer disease"" (2024).  
ANSWER: A, C, D"	"A: SUPPORTED — Sleep apnea is discussed as a comorbidity that may affect cognition in individuals with Alzheimer's disease, as noted in ""Oxidative damage in neurodegeneration: roles in the pathogenesis and progression of Alzheimer disease"" (2023).  
B: NOT SUPPORTED — There is no evidence provided that specifically discusses long sleep duration as contributing to Alzheimer's disease progression.  
C: SUPPORTED — Short sleep duration is associated with cognitive impairments in Alzheimer's disease, as indicated in ""Linking activity dyshomeostasis and sleep disturbances in Alzheimer disease"" (2024).  
D: SUPPORTED — Insomnia is mentioned as a comorbid condition that can affect cognitive function in Alzheimer's disease, as discussed in ""Linking activity dyshomeostasis and sleep disturbances in Alzheimer disease"" (2024).  
ANSWER: A, C, D"
4	3	ET-RAG	test.agent_etrag	A3	+ Hybrid context	cosine retrieval + evidence quality + temporal recency + hybrid paper context	0.5	0.3	0.2	3	Which interventions were identified as promising for sleep-related AD therapy?	A. CBT-I | B. Suvorexant | C. Positive airway pressure treatment | D. Ketamine	A, B, C	CBT-I | Suvorexant | Positive airway pressure treatment	A, C	0.666667	strict_partial_credit	False	0.744564	5.319	2.288	0.0	18	18	0.555898	0.443323	0.54375	0.855556	0	0	5	3	8403	True	True	False	False	False	2023-oxidative-damage-in-neurodegeneration-roles-in-the-pathogenesis-and-progression-of-alzheimer-disease.pdf | 2024 Advancements and Challenges in Antiamyloid Therapy for.pdf | 2024 Linking activity dyshomeostasis and sleep disturbances in Alzheimer disease.pdf | 2025 Updates on mouse models of Alzheimer’s disease.pdf | Recent advances in Alzheimer’s disease mechanisms clinical trials and new drug development strategies.pdf | alzheimer disease  2021.pdf	"A: SUPPORTED — Cognitive Behavioral Therapy for Insomnia (CBT-I) is discussed as a potential intervention for sleep-related issues in Alzheimer's disease (AD) in the paper ""Linking activity dyshomeostasis and sleep disturbances in Alzheimer disease"" (2024).  
B: NOT SUPPORTED — There is no direct evidence in the provided excerpts linking suvorexant to sleep-related therapy for Alzheimer's disease.  
C: SUPPORTED — Positive airway pressure treatment is mentioned as a method to treat comorbid sleep disorders, such as obstructive sleep apnea, in patients with dementia in the paper ""Alzheimer disease"" (2021).  
D: NOT SUPPORTED — There is no evidence in the provided excerpts supporting the use of ketamine for sleep-related therapy in Alzheimer's disease.  
ANSWER: A, C"	"A: SUPPORTED — Cognitive Behavioral Therapy for Insomnia (CBT-I) is discussed as a potential intervention for sleep-related issues in Alzheimer's disease (AD) in the paper ""Linking activity dyshomeostasis and sleep disturbances in Alzheimer disease"" (2024).  
B: NOT SUPPORTED — There is no direct evidence in the provided excerpts linking suvorexant to sleep-related therapy for Alzheimer's disease.  
C: SUPPORTED — Positive airway pressure treatment is mentioned as a method to treat comorbid sleep disorders, such as obstructive sleep apnea, in patients with dementia in the paper ""Alzheimer disease"" (2021).  
D: NOT SUPPORTED — There is no evidence in the provided excerpts supporting the use of ketamine for sleep-related therapy in Alzheimer's disease.  
ANSWER: A, C"
4	3	ET-RAG	test.agent_etrag	A3	+ Hybrid context	cosine retrieval + evidence quality + temporal recency + hybrid paper context	0.5	0.3	0.2	4	Hearing loss in older adults may lead to which of the following?	A. Decreased brain volume | B. Higher tau levels | C. Lower social engagement | D. Enhanced neurogenesis	A, B, C	Decreased brain volume | Higher tau levels | Lower social engagement	A, B, C	1.0	strict_partial_credit	True	0.751135	5.945	2.444	0.0	24	24	0.574671	0.480488	0.532813	0.872917	2	0	4	4	9473	True	True	False	False	False	2023-oxidative-damage-in-neurodegeneration-roles-in-the-pathogenesis-and-progression-of-alzheimer-disease.pdf | 2024 Advancements and Challenges in Antiamyloid Therapy for.pdf | 2024 Cell type-specific roles of APOE4 in Alzheimer disease.pdf | 2024 Immune Activation in Alzheimer Disease.pdf | 2024 Linking activity dyshomeostasis and sleep disturbances in Alzheimer disease.pdf | 2024 Neuroinflammation in Alzheimer disease.pdf | 2025 Oligodendrocytes in Alzheimer’s disease pathophysiology.pdf | 2025 Updates on mouse models of Alzheimer’s disease.pdf | Recent advances in Alzheimer’s disease mechanisms clinical trials and new drug development strategies.pdf | alzheimer disease  2021.pdf	"A: SUPPORTED — Hearing loss in older adults is associated with decreased brain volume, as indicated by the evidence in ""Alzheimer disease"" (2021) which discusses the relationship between cognitive impairment and brain atrophy.  
B: SUPPORTED — Higher tau levels are linked to cognitive decline in older adults, as noted in ""Cell type-specific roles of APOE4 in Alzheimer disease"" (2024), which describes the accumulation of hyperphosphorylated tau in Alzheimer's disease.  
C: SUPPORTED — Lower social engagement is a common consequence of cognitive decline in older adults, as mentioned in ""Alzheimer disease"" (2021), which highlights the impact of cognitive impairment on social interactions.  
D: NOT SUPPORTED — There is no evidence in the provided excerpts that supports the claim that hearing loss in older adults leads to enhanced neurogenesis.  

ANSWER: A, B, C"	"A: SUPPORTED — Hearing loss in older adults is associated with decreased brain volume, as indicated by the evidence in ""Alzheimer disease"" (2021) which discusses the relationship between cognitive impairment and brain atrophy.  
B: SUPPORTED — Higher tau levels are linked to cognitive decline in older adults, as noted in ""Cell type-specific roles of APOE4 in Alzheimer disease"" (2024), which describes the accumulation of hyperphosphorylated tau in Alzheimer's disease.  
C: SUPPORTED — Lower social engagement is a common consequence of cognitive decline in older adults, as mentioned in ""Alzheimer disease"" (2021), which highlights the impact of cognitive impairment on social interactions.  
D: NOT SUPPORTED — There is no evidence in the provided excerpts that supports the claim that hearing loss in older adults leads to enhanced neurogenesis.  

ANSWER: A, B, C"
4	3	ET-RAG	test.agent_etrag	A3	+ Hybrid context	cosine retrieval + evidence quality + temporal recency + hybrid paper context	0.5	0.3	0.2	5	Which factors have been epidemiologically linked to AD?	A. Hypoxia | B. Gut microbiota imbalance | C. High education | D. Diet	A, B, D	Hypoxia | Gut microbiota imbalance | Diet	B, C, D	0.0	strict_partial_credit	False	0.747742	5.009	2.156	0.0	20	20	0.564978	0.476555	0.509	0.87	0	0	5	4	8743	True	True	False	False	False	2023-oxidative-damage-in-neurodegeneration-roles-in-the-pathogenesis-and-progression-of-alzheimer-disease.pdf | 2024 Advancements and Challenges in Antiamyloid Therapy for.pdf | 2024 Cell type-specific roles of APOE4 in Alzheimer disease.pdf | 2024 Immune Activation in Alzheimer Disease.pdf | 2024 Linking activity dyshomeostasis and sleep disturbances in Alzheimer disease.pdf | 2024 Neuroinflammation in Alzheimer disease.pdf | 2025 Updates on mouse models of Alzheimer’s disease.pdf | Recent advances in Alzheimer’s disease mechanisms clinical trials and new drug development strategies.pdf | alzheimer disease  2021.pdf	"A: NOT SUPPORTED — There is no direct evidence linking hypoxia to an increased risk of Alzheimer's disease in the provided excerpts.  
B: SUPPORTED — The microbiota-gut-brain axis hypothesis suggests that gut microbiota imbalance may lead to systemic inflammation, which can impact neuroinflammation and contribute to Alzheimer's disease (Recent advances in Alzheimer’s disease: mechanisms, clinical trials and new drug development strategies, Unknown).  
C: SUPPORTED — Higher education is associated with a lower incidence of dementia, potentially due to educational, socio-economic, and lifestyle changes (Alzheimer disease, 2021).  
D: SUPPORTED — A balanced diet, particularly the Mediterranean diet, is linked to a reduced risk of dementia and cognitive decline (Neuroinflammation in Alzheimer disease, 2024).  
ANSWER: B, C, D"	"A: NOT SUPPORTED — There is no direct evidence linking hypoxia to an increased risk of Alzheimer's disease in the provided excerpts.  
B: SUPPORTED — The microbiota-gut-brain axis hypothesis suggests that gut microbiota imbalance may lead to systemic inflammation, which can impact neuroinflammation and contribute to Alzheimer's disease (Recent advances in Alzheimer’s disease: mechanisms, clinical trials and new drug development strategies, Unknown).  
C: SUPPORTED — Higher education is associated with a lower incidence of dementia, potentially due to educational, socio-economic, and lifestyle changes (Alzheimer disease, 2021).  
D: SUPPORTED — A balanced diet, particularly the Mediterranean diet, is linked to a reduced risk of dementia and cognitive decline (Neuroinflammation in Alzheimer disease, 2024).  
ANSWER: B, C, D"
4	3	ET-RAG	test.agent_etrag	A3	+ Hybrid context	cosine retrieval + evidence quality + temporal recency + hybrid paper context	0.5	0.3	0.2	6	Which imaging biomarkers are used in AD diagnosis?	A. Tau-PET | B. MRI | C. CT | D. FDG-PET	A, B, D	Tau-PET | MRI | FDG-PET	A, B, D	1.0	strict_partial_credit	True	0.759332	5.483	2.429	0.0	28	25	0.598092	0.540025	0.5216	0.858	0	0	6	4	9221	True	True	False	False	False	2023-oxidative-damage-in-neurodegeneration-roles-in-the-pathogenesis-and-progression-of-alzheimer-disease.pdf | 2024 Advancements and Challenges in Antiamyloid Therapy for.pdf | 2024 Immune Activation in Alzheimer Disease.pdf | 2024 Neuroinflammation in Alzheimer disease.pdf | 2025 Updates on mouse models of Alzheimer’s disease.pdf | Recent advances in Alzheimer’s disease mechanisms clinical trials and new drug development strategies.pdf | alzheimer disease  2021.pdf	"A: SUPPORTED — Tau-PET imaging allows the detection of tauopathy that is largely specific for Alzheimer's disease and is highly predictive of subsequent cognitive decline in both asymptomatic and symptomatic individuals (Alzheimer disease, 2021).  
B: SUPPORTED — Structural MRI is often used as a first step to exclude other causes of cognitive impairment and allows the assessment of macroscopic brain atrophy as a reflection of tissue loss, which is associated with Alzheimer's disease (Alzheimer disease, 2021).  
C: NOT SUPPORTED — There is no specific evidence provided that supports CT as a biomarker used in the diagnosis of Alzheimer's disease (Alzheimer disease, 2021).  
D: SUPPORTED — FDG-PET has revealed a pattern of temporal-parietal and hippocampal hypometabolism that is highly characteristic of Alzheimer's disease and correlates with the overall severity of cognitive impairment (Alzheimer disease, 2021).  
ANSWER: A, B, D"	"A: SUPPORTED — Tau-PET imaging allows the detection of tauopathy that is largely specific for Alzheimer's disease and is highly predictive of subsequent cognitive decline in both asymptomatic and symptomatic individuals (Alzheimer disease, 2021).  
B: SUPPORTED — Structural MRI is often used as a first step to exclude other causes of cognitive impairment and allows the assessment of macroscopic brain atrophy as a reflection of tissue loss, which is associated with Alzheimer's disease (Alzheimer disease, 2021).  
C: NOT SUPPORTED — There is no specific evidence provided that supports CT as a biomarker used in the diagnosis of Alzheimer's disease (Alzheimer disease, 2021).  
D: SUPPORTED — FDG-PET has revealed a pattern of temporal-parietal and hippocampal hypometabolism that is highly characteristic of Alzheimer's disease and correlates with the overall severity of cognitive impairment (Alzheimer disease, 2021).  
ANSWER: A, B, D"
4	3	ET-RAG	test.agent_etrag	A3	+ Hybrid context	cosine retrieval + evidence quality + temporal recency + hybrid paper context	0.5	0.3	0.2	7	What roles do CSF biomarkers play in AD diagnosis?	A. Stage disease progression | B. Diagnose mild cognitive impairment | C. Indicate tau pathology | D. Replace neuropsychological testing	A, B, C	Stage disease progression | Diagnose mild cognitive impairment | Indicate tau pathology	A, B, C	1.0	strict_partial_credit	True	0.762334	39.519	2.193	0.0	31	25	0.606668	0.554516	0.5207	0.866	0	0	5	4	7498	True	True	False	False	False	2023-oxidative-damage-in-neurodegeneration-roles-in-the-pathogenesis-and-progression-of-alzheimer-disease.pdf | 2024 Advancements and Challenges in Antiamyloid Therapy for.pdf | 2024 Immune Activation in Alzheimer Disease.pdf | 2024 Neuroinflammation in Alzheimer disease.pdf | alzheimer disease  2021.pdf	"A: SUPPORTED — CSF biomarkers are recognized by research guidelines for their diagnostic utility in Alzheimer's disease, including the staging of disease progression (Alzheimer disease, 2021).  
B: SUPPORTED — CSF biomarkers can help diagnose mild cognitive impairment, as individuals with abnormal Aβ biomarkers are at increased risk for cognitive decline (Alzheimer disease, 2021).  
C: SUPPORTED — p-tau181 is considered a specific biomarker for tau pathology in Alzheimer's disease (Alzheimer disease, 2021).  
D: NOT SUPPORTED — Neuropsychological testing is still considered beneficial for determining the severity of cognitive impairment and cannot be replaced by biomarkers alone (Alzheimer disease, 2021).  
ANSWER: A, B, C"	"A: SUPPORTED — CSF biomarkers are recognized by research guidelines for their diagnostic utility in Alzheimer's disease, including the staging of disease progression (Alzheimer disease, 2021).  
B: SUPPORTED — CSF biomarkers can help diagnose mild cognitive impairment, as individuals with abnormal Aβ biomarkers are at increased risk for cognitive decline (Alzheimer disease, 2021).  
C: SUPPORTED — p-tau181 is considered a specific biomarker for tau pathology in Alzheimer's disease (Alzheimer disease, 2021).  
D: NOT SUPPORTED — Neuropsychological testing is still considered beneficial for determining the severity of cognitive impairment and cannot be replaced by biomarkers alone (Alzheimer disease, 2021).  
ANSWER: A, B, C"
4	3	ET-RAG	test.agent_etrag	A3	+ Hybrid context	cosine retrieval + evidence quality + temporal recency + hybrid paper context	0.5	0.3	0.2	8	What effects does gut microbiota have in AD animal models?	A. Promotes inflammation | B. Improves memory | C. Impairs spatial learning | D. Reduces tau levels	A, C	Promotes inflammation | Impairs spatial learning	A, C	1.0	strict_partial_credit	True	0.753462	6.506	2.575	0.0	10	10	0.581319	0.514637	0.5	0.87	0	0	4	4	8827	True	True	False	False	False	2023-oxidative-damage-in-neurodegeneration-roles-in-the-pathogenesis-and-progression-of-alzheimer-disease.pdf | 2024 Advancements and Challenges in Antiamyloid Therapy for.pdf | 2024 Immune Activation in Alzheimer Disease.pdf | 2024 Neuroinflammation in Alzheimer disease.pdf | 2025 Updates on mouse models of Alzheimer’s disease.pdf | Recent advances in Alzheimer’s disease mechanisms clinical trials and new drug development strategies.pdf | alzheimer disease  2021.pdf	"A: SUPPORTED — The evidence indicates that the neuronal ε4 variant promotes tau phosphorylation and leads to increased neuroinflammation and cell death, as discussed in ""Neuroinflammation in Alzheimer disease"" (2024).  
B: NOT SUPPORTED — There is no evidence provided that directly supports the claim that gut microbiota improves memory in AD animal models.  
C: SUPPORTED — The evidence suggests that tauopathy mouse models exhibit increased microglial activation and neuroinflammation, which can impair spatial learning, as indicated in ""Oxidative damage in neurodegeneration: roles in the pathogenesis and progression of Alzheimer disease"" (2023).  
D: NOT SUPPORTED — The evidence does not support the claim that gut microbiota reduces tau levels; rather, it discusses the role of microglia in tau hyperphosphorylation and neurofibrillary tangle formation in ""2024 Immune Activation in Alzheimer Disease"" (2024).  

ANSWER: A, C"	"A: SUPPORTED — The evidence indicates that the neuronal ε4 variant promotes tau phosphorylation and leads to increased neuroinflammation and cell death, as discussed in ""Neuroinflammation in Alzheimer disease"" (2024).  
B: NOT SUPPORTED — There is no evidence provided that directly supports the claim that gut microbiota improves memory in AD animal models.  
C: SUPPORTED — The evidence suggests that tauopathy mouse models exhibit increased microglial activation and neuroinflammation, which can impair spatial learning, as indicated in ""Oxidative damage in neurodegeneration: roles in the pathogenesis and progression of Alzheimer disease"" (2023).  
D: NOT SUPPORTED — The evidence does not support the claim that gut microbiota reduces tau levels; rather, it discusses the role of microglia in tau hyperphosphorylation and neurofibrillary tangle formation in ""2024 Immune Activation in Alzheimer Disease"" (2024).  

ANSWER: A, C"
4	3	ET-RAG	test.agent_etrag	A3	+ Hybrid context	cosine retrieval + evidence quality + temporal recency + hybrid paper context	0.5	0.3	0.2	9	Which sleep characteristics are associated with AD?	A. Reduced REM duration | B. Abnormal slow-wave oscillations | C. Increased CSF tau during wakefulness | D. Stable sleep architecture	A, B, C	Reduced REM duration | Abnormal slow-wave oscillations | Increased CSF tau during wakefulness	A, B	0.666667	strict_partial_credit	False	0.73628	5.746	2.235	0.0	12	12	0.532228	0.414457	0.5	0.875	0	0	4	4	8963	True	True	False	False	False	2023-oxidative-damage-in-neurodegeneration-roles-in-the-pathogenesis-and-progression-of-alzheimer-disease.pdf | 2024 Advancements and Challenges in Antiamyloid Therapy for.pdf | 2024 Immune Activation in Alzheimer Disease.pdf | 2024 Linking activity dyshomeostasis and sleep disturbances in Alzheimer disease.pdf | 2024 Neuroinflammation in Alzheimer disease.pdf | 2025 Updates on mouse models of Alzheimer’s disease.pdf | Recent advances in Alzheimer’s disease mechanisms clinical trials and new drug development strategies.pdf | alzheimer disease  2021.pdf	"A: SUPPORTED — The evidence states that ""the duration of NREM3 and REM sleep stages is significantly reduced"" in Alzheimer's disease (Linking activity dyshomeostasis and sleep disturbances in Alzheimer disease, 2024).  
B: SUPPORTED — The evidence indicates that ""slow-wave deficits that are specific to lower frequencies (<1 Hz) during NREM sleep"" are observed in Alzheimer's disease (Linking activity dyshomeostasis and sleep disturbances in Alzheimer disease, 2024).  
C: NOT SUPPORTED — There is no evidence provided that directly associates increased CSF tau during wakefulness with Alzheimer's disease in the excerpts.  
D: NOT SUPPORTED — The evidence suggests that sleep architecture is disrupted in Alzheimer's disease, rather than being stable (Linking activity dyshomeostasis and sleep disturbances in Alzheimer disease, 2024).  

ANSWER: A, B"	"A: SUPPORTED — The evidence states that ""the duration of NREM3 and REM sleep stages is significantly reduced"" in Alzheimer's disease (Linking activity dyshomeostasis and sleep disturbances in Alzheimer disease, 2024).  
B: SUPPORTED — The evidence indicates that ""slow-wave deficits that are specific to lower frequencies (<1 Hz) during NREM sleep"" are observed in Alzheimer's disease (Linking activity dyshomeostasis and sleep disturbances in Alzheimer disease, 2024).  
C: NOT SUPPORTED — There is no evidence provided that directly associates increased CSF tau during wakefulness with Alzheimer's disease in the excerpts.  
D: NOT SUPPORTED — The evidence suggests that sleep architecture is disrupted in Alzheimer's disease, rather than being stable (Linking activity dyshomeostasis and sleep disturbances in Alzheimer disease, 2024).  

ANSWER: A, B"
4	3	ET-RAG	test.agent_etrag	A3	+ Hybrid context	cosine retrieval + evidence quality + temporal recency + hybrid paper context	0.5	0.3	0.2	10	Which interventions may improve cognition in MCI or early dementia?	A. Melatonin | B. Rivasti gmine | C. Suvorexant | D. Ketogenic diet	A, B, C	Melatonin | Rivasti gmine | Suvorexant	B	0.333333	strict_partial_credit	False	0.747425	5.917	2.244	0.0	23	23	0.564071	0.456468	0.549891	0.854348	0	0	3	4	9483	True	True	False	False	False	2023-oxidative-damage-in-neurodegeneration-roles-in-the-pathogenesis-and-progression-of-alzheimer-disease.pdf | 2024 Advancements and Challenges in Antiamyloid Therapy for.pdf | 2024 Linking activity dyshomeostasis and sleep disturbances in Alzheimer disease.pdf | 2025 Updates on mouse models of Alzheimer’s disease.pdf | Recent advances in Alzheimer’s disease mechanisms clinical trials and new drug development strategies.pdf | alzheimer disease  2021.pdf	"A: NOT SUPPORTED — There is no evidence indicating that melatonin improves cognition in MCI or early dementia. 

B: SUPPORTED — Rivastigmine is a cholinesterase inhibitor approved for mild to moderate dementia due to Alzheimer's disease and has shown modest benefits in delaying symptom progression (Alzheimer disease, 2021).

C: NOT SUPPORTED — There is no evidence indicating that suvorexant improves cognition in MCI or early dementia.

D: NOT SUPPORTED — There is no evidence indicating that a ketogenic diet improves cognition in MCI or early dementia.

ANSWER: B"	"A: NOT SUPPORTED — There is no evidence indicating that melatonin improves cognition in MCI or early dementia. 

B: SUPPORTED — Rivastigmine is a cholinesterase inhibitor approved for mild to moderate dementia due to Alzheimer's disease and has shown modest benefits in delaying symptom progression (Alzheimer disease, 2021).

C: NOT SUPPORTED — There is no evidence indicating that suvorexant improves cognition in MCI or early dementia.

D: NOT SUPPORTED — There is no evidence indicating that a ketogenic diet improves cognition in MCI or early dementia.

ANSWER: B"
5	3	ET-RAG	test.agent_etrag	A3	+ Hybrid context	cosine retrieval + evidence quality + temporal recency + hybrid paper context	0.5	0.3	0.2	1	Which of the following are components of the A-T-N AD biomarker framework?	A. Amyloid beta | B. Tau | C. Neurodegeneration markers | D. Synaptic vesicle proteins	A, B, C	Amyloid beta | Tau | Neurodegeneration markers	A, B, C	1.0	strict_partial_credit	True	0.760394	5.72	2.739	0.0	29	25	0.601124	0.551529	0.5072	0.866	1	0	5	4	7459	True	True	False	False	False	2023-oxidative-damage-in-neurodegeneration-roles-in-the-pathogenesis-and-progression-of-alzheimer-disease.pdf | 2024 Advancements and Challenges in Antiamyloid Therapy for.pdf | 2024 Cell type-specific roles of APOE4 in Alzheimer disease.pdf | 2024 Neuroinflammation in Alzheimer disease.pdf | alzheimer disease  2021.pdf	"A: SUPPORTED — The A-T-N framework includes amyloid beta (A), tau (T), and neurodegeneration markers (N) as core components, as stated in ""Alzheimer disease"" (2021).  
B: SUPPORTED — Tau is explicitly mentioned as a component of the A-T-N framework in ""Alzheimer disease"" (2021).  
C: SUPPORTED — Neurodegeneration markers are identified as part of the A-T-N framework in ""Alzheimer disease"" (2021).  
D: NOT SUPPORTED — Synaptic vesicle proteins are not mentioned as a component of the A-T-N framework in the provided evidence.  
ANSWER: A, B, C"	"A: SUPPORTED — The A-T-N framework includes amyloid beta (A), tau (T), and neurodegeneration markers (N) as core components, as stated in ""Alzheimer disease"" (2021).  
B: SUPPORTED — Tau is explicitly mentioned as a component of the A-T-N framework in ""Alzheimer disease"" (2021).  
C: SUPPORTED — Neurodegeneration markers are identified as part of the A-T-N framework in ""Alzheimer disease"" (2021).  
D: NOT SUPPORTED — Synaptic vesicle proteins are not mentioned as a component of the A-T-N framework in the provided evidence.  
ANSWER: A, B, C"
5	3	ET-RAG	test.agent_etrag	A3	+ Hybrid context	cosine retrieval + evidence quality + temporal recency + hybrid paper context	0.5	0.3	0.2	2	Which sleep-related conditions are discussed as contributing to AD progression?	A. Sleep apnea | B. Long sleep duration | C. Short sleep duration | D. Insomnia	A, B, C, D	Sleep apnea | Long sleep duration | Short sleep duration | Insomnia	A, C, D	0.75	strict_partial_credit	False	0.734406	5.411	2.239	0.0	16	16	0.526874	0.407498	0.5	0.865625	0	0	3	4	7796	True	True	False	False	False	2023-oxidative-damage-in-neurodegeneration-roles-in-the-pathogenesis-and-progression-of-alzheimer-disease.pdf | 2024 Advancements and Challenges in Antiamyloid Therapy for.pdf | 2024 Linking activity dyshomeostasis and sleep disturbances in Alzheimer disease.pdf | 2025 Oligodendrocytes in Alzheimer’s disease pathophysiology.pdf | 2025 Updates on mouse models of Alzheimer’s disease.pdf | Recent advances in Alzheimer’s disease mechanisms clinical trials and new drug development strategies.pdf | alzheimer disease  2021.pdf	"A: SUPPORTED — Sleep apnea is discussed as a comorbidity that may affect cognition in individuals with Alzheimer's disease, as noted in ""Oxidative damage in neurodegeneration: roles in the pathogenesis and progression of Alzheimer disease"" (2023).  
B: NOT SUPPORTED — There is no direct evidence linking long sleep duration to the progression of Alzheimer's disease in the provided excerpts.  
C: SUPPORTED — Short sleep duration is associated with cognitive impairments in Alzheimer's disease, as indicated in ""Linking activity dyshomeostasis and sleep disturbances in Alzheimer disease"" (2024).  
D: SUPPORTED — Insomnia is mentioned as a sleep disorder that can affect cognitive function in Alzheimer's disease, as discussed in ""Linking activity dyshomeostasis and sleep disturbances in Alzheimer disease"" (2024).  
ANSWER: A, C, D"	"A: SUPPORTED — Sleep apnea is discussed as a comorbidity that may affect cognition in individuals with Alzheimer's disease, as noted in ""Oxidative damage in neurodegeneration: roles in the pathogenesis and progression of Alzheimer disease"" (2023).  
B: NOT SUPPORTED — There is no direct evidence linking long sleep duration to the progression of Alzheimer's disease in the provided excerpts.  
C: SUPPORTED — Short sleep duration is associated with cognitive impairments in Alzheimer's disease, as indicated in ""Linking activity dyshomeostasis and sleep disturbances in Alzheimer disease"" (2024).  
D: SUPPORTED — Insomnia is mentioned as a sleep disorder that can affect cognitive function in Alzheimer's disease, as discussed in ""Linking activity dyshomeostasis and sleep disturbances in Alzheimer disease"" (2024).  
ANSWER: A, C, D"
5	3	ET-RAG	test.agent_etrag	A3	+ Hybrid context	cosine retrieval + evidence quality + temporal recency + hybrid paper context	0.5	0.3	0.2	3	Which interventions were identified as promising for sleep-related AD therapy?	A. CBT-I | B. Suvorexant | C. Positive airway pressure treatment | D. Ketamine	A, B, C	CBT-I | Suvorexant | Positive airway pressure treatment	A, C	0.666667	strict_partial_credit	False	0.744564	5.931	2.287	0.0	18	18	0.555899	0.443325	0.54375	0.855556	0	0	5	3	8403	True	True	False	False	False	2023-oxidative-damage-in-neurodegeneration-roles-in-the-pathogenesis-and-progression-of-alzheimer-disease.pdf | 2024 Advancements and Challenges in Antiamyloid Therapy for.pdf | 2024 Linking activity dyshomeostasis and sleep disturbances in Alzheimer disease.pdf | 2025 Updates on mouse models of Alzheimer’s disease.pdf | Recent advances in Alzheimer’s disease mechanisms clinical trials and new drug development strategies.pdf | alzheimer disease  2021.pdf	"A: SUPPORTED — Cognitive Behavioral Therapy for Insomnia (CBT-I) is discussed as a potential intervention for sleep-related issues in Alzheimer's disease (AD) in the paper ""Linking activity dyshomeostasis and sleep disturbances in Alzheimer disease"" (2024).  
B: NOT SUPPORTED — There is no direct evidence in the provided excerpts linking suvorexant as a promising intervention for sleep-related AD therapy.  
C: SUPPORTED — Positive airway pressure treatment is mentioned as a necessary intervention for comorbid sleep disorders like obstructive sleep apnea in patients with dementia, as noted in the paper ""Alzheimer disease"" (2021).  
D: NOT SUPPORTED — There is no evidence in the provided excerpts supporting ketamine as a promising intervention for sleep-related AD therapy.  
ANSWER: A, C"	"A: SUPPORTED — Cognitive Behavioral Therapy for Insomnia (CBT-I) is discussed as a potential intervention for sleep-related issues in Alzheimer's disease (AD) in the paper ""Linking activity dyshomeostasis and sleep disturbances in Alzheimer disease"" (2024).  
B: NOT SUPPORTED — There is no direct evidence in the provided excerpts linking suvorexant as a promising intervention for sleep-related AD therapy.  
C: SUPPORTED — Positive airway pressure treatment is mentioned as a necessary intervention for comorbid sleep disorders like obstructive sleep apnea in patients with dementia, as noted in the paper ""Alzheimer disease"" (2021).  
D: NOT SUPPORTED — There is no evidence in the provided excerpts supporting ketamine as a promising intervention for sleep-related AD therapy.  
ANSWER: A, C"
5	3	ET-RAG	test.agent_etrag	A3	+ Hybrid context	cosine retrieval + evidence quality + temporal recency + hybrid paper context	0.5	0.3	0.2	4	Hearing loss in older adults may lead to which of the following?	A. Decreased brain volume | B. Higher tau levels | C. Lower social engagement | D. Enhanced neurogenesis	A, B, C	Decreased brain volume | Higher tau levels | Lower social engagement	A, B, C	1.0	strict_partial_credit	True	0.751134	6.069	2.295	0.0	24	24	0.574669	0.480483	0.532813	0.872917	2	0	4	4	9473	True	True	False	False	False	2023-oxidative-damage-in-neurodegeneration-roles-in-the-pathogenesis-and-progression-of-alzheimer-disease.pdf | 2024 Advancements and Challenges in Antiamyloid Therapy for.pdf | 2024 Cell type-specific roles of APOE4 in Alzheimer disease.pdf | 2024 Immune Activation in Alzheimer Disease.pdf | 2024 Linking activity dyshomeostasis and sleep disturbances in Alzheimer disease.pdf | 2024 Neuroinflammation in Alzheimer disease.pdf | 2025 Oligodendrocytes in Alzheimer’s disease pathophysiology.pdf | 2025 Updates on mouse models of Alzheimer’s disease.pdf | Recent advances in Alzheimer’s disease mechanisms clinical trials and new drug development strategies.pdf | alzheimer disease  2021.pdf	"A: SUPPORTED — Hearing loss in older adults is associated with decreased brain volume, as indicated by the evidence that cognitive impairment and increased amyloid burden correlate with accelerated regional atrophy in the temporal and parietal isocortex (Alzheimer disease, 2021).  
B: SUPPORTED — Higher tau levels are associated with cognitive decline and neurodegeneration, as evidenced by the relationship between tau pathology and cognitive deficits in Alzheimer disease (Cell type-specific roles of APOE4 in Alzheimer disease, 2024).  
C: SUPPORTED — Hearing loss in older adults can lead to lower social engagement, as social withdrawal is a common symptom observed in individuals with cognitive impairment (Alzheimer disease, 2021).  
D: NOT SUPPORTED — There is no evidence supporting the claim that hearing loss in older adults leads to enhanced neurogenesis; rather, neurodegenerative processes are typically associated with reduced neurogenesis (Oxidative damage in neurodegeneration: roles in the pathogenesis and progression of Alzheimer disease, 2023).  
ANSWER: A, B, C"	"A: SUPPORTED — Hearing loss in older adults is associated with decreased brain volume, as indicated by the evidence that cognitive impairment and increased amyloid burden correlate with accelerated regional atrophy in the temporal and parietal isocortex (Alzheimer disease, 2021).  
B: SUPPORTED — Higher tau levels are associated with cognitive decline and neurodegeneration, as evidenced by the relationship between tau pathology and cognitive deficits in Alzheimer disease (Cell type-specific roles of APOE4 in Alzheimer disease, 2024).  
C: SUPPORTED — Hearing loss in older adults can lead to lower social engagement, as social withdrawal is a common symptom observed in individuals with cognitive impairment (Alzheimer disease, 2021).  
D: NOT SUPPORTED — There is no evidence supporting the claim that hearing loss in older adults leads to enhanced neurogenesis; rather, neurodegenerative processes are typically associated with reduced neurogenesis (Oxidative damage in neurodegeneration: roles in the pathogenesis and progression of Alzheimer disease, 2023).  
ANSWER: A, B, C"
5	3	ET-RAG	test.agent_etrag	A3	+ Hybrid context	cosine retrieval + evidence quality + temporal recency + hybrid paper context	0.5	0.3	0.2	5	Which factors have been epidemiologically linked to AD?	A. Hypoxia | B. Gut microbiota imbalance | C. High education | D. Diet	A, B, D	Hypoxia | Gut microbiota imbalance | Diet	B, C, D	0.0	strict_partial_credit	False	0.747742	6.345	2.46	0.0	20	20	0.564978	0.476555	0.509	0.87	0	0	5	4	8743	True	True	False	False	False	2023-oxidative-damage-in-neurodegeneration-roles-in-the-pathogenesis-and-progression-of-alzheimer-disease.pdf | 2024 Advancements and Challenges in Antiamyloid Therapy for.pdf | 2024 Cell type-specific roles of APOE4 in Alzheimer disease.pdf | 2024 Immune Activation in Alzheimer Disease.pdf | 2024 Linking activity dyshomeostasis and sleep disturbances in Alzheimer disease.pdf | 2024 Neuroinflammation in Alzheimer disease.pdf | 2025 Updates on mouse models of Alzheimer’s disease.pdf | Recent advances in Alzheimer’s disease mechanisms clinical trials and new drug development strategies.pdf | alzheimer disease  2021.pdf	"A: NOT SUPPORTED — There is no direct evidence linking hypoxia to an increased risk or burden of Alzheimer's disease (AD) in the provided excerpts. 

B: SUPPORTED — The microbiota-gut-brain axis hypothesis suggests that gut microbiota imbalance may lead to systemic inflammation, which can impact neuroinflammation and contribute to AD (Recent advances in Alzheimer’s disease: mechanisms, clinical trials and new drug development strategies, Unknown).

C: SUPPORTED — Higher education levels are associated with a lower incidence of dementia, which may suggest a protective effect against AD (Alzheimer disease, 2021).

D: SUPPORTED — A balanced diet, particularly the Mediterranean diet, is linked to a reduced risk of dementia and cognitive decline, indicating its relevance to AD (Neuroinflammation in Alzheimer disease, 2024).

ANSWER: B, C, D"	"A: NOT SUPPORTED — There is no direct evidence linking hypoxia to an increased risk or burden of Alzheimer's disease (AD) in the provided excerpts. 

B: SUPPORTED — The microbiota-gut-brain axis hypothesis suggests that gut microbiota imbalance may lead to systemic inflammation, which can impact neuroinflammation and contribute to AD (Recent advances in Alzheimer’s disease: mechanisms, clinical trials and new drug development strategies, Unknown).

C: SUPPORTED — Higher education levels are associated with a lower incidence of dementia, which may suggest a protective effect against AD (Alzheimer disease, 2021).

D: SUPPORTED — A balanced diet, particularly the Mediterranean diet, is linked to a reduced risk of dementia and cognitive decline, indicating its relevance to AD (Neuroinflammation in Alzheimer disease, 2024).

ANSWER: B, C, D"
5	3	ET-RAG	test.agent_etrag	A3	+ Hybrid context	cosine retrieval + evidence quality + temporal recency + hybrid paper context	0.5	0.3	0.2	6	Which imaging biomarkers are used in AD diagnosis?	A. Tau-PET | B. MRI | C. CT | D. FDG-PET	A, B, D	Tau-PET | MRI | FDG-PET	A, B, D	1.0	strict_partial_credit	True	0.75936	5.982	2.725	0.0	28	25	0.598172	0.540183	0.5216	0.858	0	0	6	4	9221	True	True	False	False	False	2023-oxidative-damage-in-neurodegeneration-roles-in-the-pathogenesis-and-progression-of-alzheimer-disease.pdf | 2024 Advancements and Challenges in Antiamyloid Therapy for.pdf | 2024 Immune Activation in Alzheimer Disease.pdf | 2024 Neuroinflammation in Alzheimer disease.pdf | 2025 Updates on mouse models of Alzheimer’s disease.pdf | Recent advances in Alzheimer’s disease mechanisms clinical trials and new drug development strategies.pdf | alzheimer disease  2021.pdf	"A: SUPPORTED — Tau-PET imaging allows the detection of tauopathy that is largely specific for Alzheimer's disease and is highly predictive of subsequent cognitive decline in both asymptomatic and symptomatic individuals (Alzheimer disease, 2021).  
B: SUPPORTED — Structural MRI is often used as a first step to exclude other causes of cognitive impairment and allows the assessment of macroscopic brain atrophy as a reflection of tissue loss, which is associated with Alzheimer's disease (Alzheimer disease, 2021).  
C: NOT SUPPORTED — There is no specific evidence provided that supports CT as an imaging biomarker used in the diagnosis of Alzheimer's disease (Alzheimer disease, 2021).  
D: SUPPORTED — FDG-PET has revealed a pattern of temporal-parietal and hippocampal hypometabolism that is highly characteristic of Alzheimer's disease and correlates with the overall severity of cognitive impairment (Alzheimer disease, 2021).  
ANSWER: A, B, D"	"A: SUPPORTED — Tau-PET imaging allows the detection of tauopathy that is largely specific for Alzheimer's disease and is highly predictive of subsequent cognitive decline in both asymptomatic and symptomatic individuals (Alzheimer disease, 2021).  
B: SUPPORTED — Structural MRI is often used as a first step to exclude other causes of cognitive impairment and allows the assessment of macroscopic brain atrophy as a reflection of tissue loss, which is associated with Alzheimer's disease (Alzheimer disease, 2021).  
C: NOT SUPPORTED — There is no specific evidence provided that supports CT as an imaging biomarker used in the diagnosis of Alzheimer's disease (Alzheimer disease, 2021).  
D: SUPPORTED — FDG-PET has revealed a pattern of temporal-parietal and hippocampal hypometabolism that is highly characteristic of Alzheimer's disease and correlates with the overall severity of cognitive impairment (Alzheimer disease, 2021).  
ANSWER: A, B, D"
5	3	ET-RAG	test.agent_etrag	A3	+ Hybrid context	cosine retrieval + evidence quality + temporal recency + hybrid paper context	0.5	0.3	0.2	7	What roles do CSF biomarkers play in AD diagnosis?	A. Stage disease progression | B. Diagnose mild cognitive impairment | C. Indicate tau pathology | D. Replace neuropsychological testing	A, B, C	Stage disease progression | Diagnose mild cognitive impairment | Indicate tau pathology	A, B, C	1.0	strict_partial_credit	True	0.762349	6.21	2.422	0.0	31	25	0.606712	0.554604	0.5207	0.866	0	0	5	4	7498	True	True	False	False	False	2023-oxidative-damage-in-neurodegeneration-roles-in-the-pathogenesis-and-progression-of-alzheimer-disease.pdf | 2024 Advancements and Challenges in Antiamyloid Therapy for.pdf | 2024 Immune Activation in Alzheimer Disease.pdf | 2024 Neuroinflammation in Alzheimer disease.pdf | alzheimer disease  2021.pdf	"A: SUPPORTED — CSF biomarkers are recognized by research guidelines for their diagnostic utility in Alzheimer's disease, including the staging of disease progression (Alzheimer disease, 2021).  
B: SUPPORTED — CSF biomarkers can help diagnose mild cognitive impairment, as individuals with abnormal Aβ biomarkers are at increased risk for cognitive decline (Alzheimer disease, 2021).  
C: SUPPORTED — p-tau181 is considered a specific biomarker for tau pathology in Alzheimer's disease (Alzheimer disease, 2021).  
D: NOT SUPPORTED — Neuropsychological testing is still considered beneficial for determining the severity of cognitive impairment and is not replaced by CSF biomarkers (Alzheimer disease, 2021).  
ANSWER: A, B, C"	"A: SUPPORTED — CSF biomarkers are recognized by research guidelines for their diagnostic utility in Alzheimer's disease, including the staging of disease progression (Alzheimer disease, 2021).  
B: SUPPORTED — CSF biomarkers can help diagnose mild cognitive impairment, as individuals with abnormal Aβ biomarkers are at increased risk for cognitive decline (Alzheimer disease, 2021).  
C: SUPPORTED — p-tau181 is considered a specific biomarker for tau pathology in Alzheimer's disease (Alzheimer disease, 2021).  
D: NOT SUPPORTED — Neuropsychological testing is still considered beneficial for determining the severity of cognitive impairment and is not replaced by CSF biomarkers (Alzheimer disease, 2021).  
ANSWER: A, B, C"
5	3	ET-RAG	test.agent_etrag	A3	+ Hybrid context	cosine retrieval + evidence quality + temporal recency + hybrid paper context	0.5	0.3	0.2	8	What effects does gut microbiota have in AD animal models?	A. Promotes inflammation | B. Improves memory | C. Impairs spatial learning | D. Reduces tau levels	A, C	Promotes inflammation | Impairs spatial learning	A, C	1.0	strict_partial_credit	True	0.753459	5.65	2.343	0.0	10	10	0.581312	0.514623	0.5	0.87	0	0	4	4	8827	True	True	False	False	False	2023-oxidative-damage-in-neurodegeneration-roles-in-the-pathogenesis-and-progression-of-alzheimer-disease.pdf | 2024 Advancements and Challenges in Antiamyloid Therapy for.pdf | 2024 Immune Activation in Alzheimer Disease.pdf | 2024 Neuroinflammation in Alzheimer disease.pdf | 2025 Updates on mouse models of Alzheimer’s disease.pdf | Recent advances in Alzheimer’s disease mechanisms clinical trials and new drug development strategies.pdf | alzheimer disease  2021.pdf	"A: SUPPORTED — The evidence indicates that the neuronal ε4 variant promotes tau phosphorylation and leads to increased neuroinflammation and cell death, as discussed in ""Neuroinflammation in Alzheimer disease"" (2024).  
B: NOT SUPPORTED — There is no evidence provided that directly supports the claim that gut microbiota improves memory in AD animal models.  
C: SUPPORTED — The evidence suggests that tauopathy mouse models exhibit increased microglial activation and neuroinflammation, which can impair spatial learning, as indicated in ""Oxidative damage in neurodegeneration: roles in the pathogenesis and progression of Alzheimer disease"" (2023).  
D: NOT SUPPORTED — The evidence does not support the claim that gut microbiota reduces tau levels; rather, it discusses the role of microglia in tau hyperphosphorylation and neurofibrillary tangle formation in ""2024 Immune Activation in Alzheimer Disease"" (2024).  

ANSWER: A, C"	"A: SUPPORTED — The evidence indicates that the neuronal ε4 variant promotes tau phosphorylation and leads to increased neuroinflammation and cell death, as discussed in ""Neuroinflammation in Alzheimer disease"" (2024).  
B: NOT SUPPORTED — There is no evidence provided that directly supports the claim that gut microbiota improves memory in AD animal models.  
C: SUPPORTED — The evidence suggests that tauopathy mouse models exhibit increased microglial activation and neuroinflammation, which can impair spatial learning, as indicated in ""Oxidative damage in neurodegeneration: roles in the pathogenesis and progression of Alzheimer disease"" (2023).  
D: NOT SUPPORTED — The evidence does not support the claim that gut microbiota reduces tau levels; rather, it discusses the role of microglia in tau hyperphosphorylation and neurofibrillary tangle formation in ""2024 Immune Activation in Alzheimer Disease"" (2024).  

ANSWER: A, C"
5	3	ET-RAG	test.agent_etrag	A3	+ Hybrid context	cosine retrieval + evidence quality + temporal recency + hybrid paper context	0.5	0.3	0.2	9	Which sleep characteristics are associated with AD?	A. Reduced REM duration | B. Abnormal slow-wave oscillations | C. Increased CSF tau during wakefulness | D. Stable sleep architecture	A, B, C	Reduced REM duration | Abnormal slow-wave oscillations | Increased CSF tau during wakefulness	A, B	0.666667	strict_partial_credit	False	0.736274	5.978	2.452	0.0	12	12	0.532211	0.414421	0.5	0.875	0	0	4	4	8963	True	True	False	False	False	2023-oxidative-damage-in-neurodegeneration-roles-in-the-pathogenesis-and-progression-of-alzheimer-disease.pdf | 2024 Advancements and Challenges in Antiamyloid Therapy for.pdf | 2024 Immune Activation in Alzheimer Disease.pdf | 2024 Linking activity dyshomeostasis and sleep disturbances in Alzheimer disease.pdf | 2024 Neuroinflammation in Alzheimer disease.pdf | 2025 Updates on mouse models of Alzheimer’s disease.pdf | Recent advances in Alzheimer’s disease mechanisms clinical trials and new drug development strategies.pdf | alzheimer disease  2021.pdf	"A: SUPPORTED — The evidence states that ""the duration of NREM3 and REM sleep stages is significantly reduced"" in Alzheimer's disease (Linking activity dyshomeostasis and sleep disturbances in Alzheimer disease, 2024).  
B: SUPPORTED — The evidence indicates that ""slow-wave deficits that are specific to lower frequencies (<1 Hz) during NREM sleep"" are observed in Alzheimer's disease (Linking activity dyshomeostasis and sleep disturbances in Alzheimer disease, 2024).  
C: NOT SUPPORTED — There is no evidence provided that directly associates increased CSF tau during wakefulness with Alzheimer's disease in the excerpts.  
D: NOT SUPPORTED — The evidence suggests that sleep architecture is disrupted in Alzheimer's disease, rather than being stable (Linking activity dyshomeostasis and sleep disturbances in Alzheimer disease, 2024).  

ANSWER: A, B"	"A: SUPPORTED — The evidence states that ""the duration of NREM3 and REM sleep stages is significantly reduced"" in Alzheimer's disease (Linking activity dyshomeostasis and sleep disturbances in Alzheimer disease, 2024).  
B: SUPPORTED — The evidence indicates that ""slow-wave deficits that are specific to lower frequencies (<1 Hz) during NREM sleep"" are observed in Alzheimer's disease (Linking activity dyshomeostasis and sleep disturbances in Alzheimer disease, 2024).  
C: NOT SUPPORTED — There is no evidence provided that directly associates increased CSF tau during wakefulness with Alzheimer's disease in the excerpts.  
D: NOT SUPPORTED — The evidence suggests that sleep architecture is disrupted in Alzheimer's disease, rather than being stable (Linking activity dyshomeostasis and sleep disturbances in Alzheimer disease, 2024).  

ANSWER: A, B"
5	3	ET-RAG	test.agent_etrag	A3	+ Hybrid context	cosine retrieval + evidence quality + temporal recency + hybrid paper context	0.5	0.3	0.2	10	Which interventions may improve cognition in MCI or early dementia?	A. Melatonin | B. Rivasti gmine | C. Suvorexant | D. Ketogenic diet	A, B, C	Melatonin | Rivasti gmine | Suvorexant	B	0.333333	strict_partial_credit	False	0.747423	4.922	2.345	0.0	23	23	0.564065	0.456457	0.549891	0.854348	0	0	3	4	9483	True	True	False	False	False	2023-oxidative-damage-in-neurodegeneration-roles-in-the-pathogenesis-and-progression-of-alzheimer-disease.pdf | 2024 Advancements and Challenges in Antiamyloid Therapy for.pdf | 2024 Linking activity dyshomeostasis and sleep disturbances in Alzheimer disease.pdf | 2025 Updates on mouse models of Alzheimer’s disease.pdf | Recent advances in Alzheimer’s disease mechanisms clinical trials and new drug development strategies.pdf | alzheimer disease  2021.pdf	"A: NOT SUPPORTED — There is no evidence indicating that melatonin improves cognition in MCI or early dementia.  
B: SUPPORTED — Rivastigmine is a cholinesterase inhibitor approved for mild to moderate dementia due to Alzheimer's disease and has shown modest benefits in delaying symptom progression (Alzheimer disease, 2021).  
C: NOT SUPPORTED — There is no evidence indicating that suvorexant improves cognition in MCI or early dementia.  
D: NOT SUPPORTED — There is no evidence indicating that a ketogenic diet improves cognition in MCI or early dementia.  

ANSWER: B"	"A: NOT SUPPORTED — There is no evidence indicating that melatonin improves cognition in MCI or early dementia.  
B: SUPPORTED — Rivastigmine is a cholinesterase inhibitor approved for mild to moderate dementia due to Alzheimer's disease and has shown modest benefits in delaying symptom progression (Alzheimer disease, 2021).  
C: NOT SUPPORTED — There is no evidence indicating that suvorexant improves cognition in MCI or early dementia.  
D: NOT SUPPORTED — There is no evidence indicating that a ketogenic diet improves cognition in MCI or early dementia.  

ANSWER: B"
