round_number	config_order	agent_family	invocation_source	config_id	configuration	enabled_components	similarity_weight	evidence_weight	temporal_weight	question_number	question	options	correct_answer_key	correct_answer_text	predicted_answer_key	is_correct	confidence	execution_time_sec	base_retrieval_time_sec	option_retrieval_time_sec	candidate_count	top_chunk_count	mean_top_retrieval_score	hybrid_context	per_option_retrieval	quality_check	quality_changed	source_files	draft_answer	final_answer
1	0	ET-RAG	test.agent_etrag	A0	Cosine baseline	cosine retrieval	1.0	0.0	0.0	1	Which protein is considered a hallmark of Alzheimer’s disease (AD) pathology?	A. α-synuclein | B. Amyloid-beta (Aβ) | C. Huntingtin | D. Dopamine	B	Amyloid-beta (Aβ)	B	True	0.729715	9.822	7.504	0.0	41	20	0.513471	False	False	False	False	2023-oxidative-damage-in-neurodegeneration-roles-in-the-pathogenesis-and-progression-of-alzheimer-disease.pdf | 2024 Advancements and Challenges in Antiamyloid Therapy for.pdf | 2024 Neuroinflammation in Alzheimer disease.pdf | Recent advances in Alzheimer’s disease mechanisms clinical trials and new drug development strategies.pdf | alzheimer disease  2021.pdf	B. Amyloid-beta (Aβ) is considered a hallmark of Alzheimer’s disease (AD) pathology, characterized by the presence of β-amyloid-containing plaques and tau-containing neurofibrillary tangles (Alzheimer disease, 2021).	B. Amyloid-beta (Aβ) is considered a hallmark of Alzheimer’s disease (AD) pathology, characterized by the presence of β-amyloid-containing plaques and tau-containing neurofibrillary tangles (Alzheimer disease, 2021).
1	0	ET-RAG	test.agent_etrag	A0	Cosine baseline	cosine retrieval	1.0	0.0	0.0	2	What type of sleep disorder is commonly associated with increased AD risk?	A. Narcolepsy | B. Insomnia | C. Obstructive sleep apnea (OSA) | D. Sleepwalking	C	Obstructive sleep apnea (OSA)	C	True	0.68998	5.995	4.817	0.0	22	20	0.399942	False	False	False	False	2023-oxidative-damage-in-neurodegeneration-roles-in-the-pathogenesis-and-progression-of-alzheimer-disease.pdf | 2024 Advancements and Challenges in Antiamyloid Therapy for.pdf | 2024 Cell type-specific roles of APOE4 in Alzheimer disease.pdf | 2024 Immune Activation in Alzheimer Disease.pdf | 2024 Linking activity dyshomeostasis and sleep disturbances in Alzheimer disease.pdf | 2024 Neuroinflammation in Alzheimer disease.pdf | 2025 Updates on mouse models of Alzheimer’s disease.pdf | Recent advances in Alzheimer’s disease mechanisms clinical trials and new drug development strategies.pdf | alzheimer disease  2021.pdf	C. Obstructive sleep apnea (OSA) is commonly associated with increased AD risk. Sleep disturbances, including OSA, are prevalent in individuals with Alzheimer's disease and can exacerbate cognitive decline (Linking activity dyshomeostasis and sleep disturbances in Alzheimer disease, 2024).	C. Obstructive sleep apnea (OSA) is commonly associated with increased AD risk. Sleep disturbances, including OSA, are prevalent in individuals with Alzheimer's disease and can exacerbate cognitive decline (Linking activity dyshomeostasis and sleep disturbances in Alzheimer disease, 2024).
1	0	ET-RAG	test.agent_etrag	A0	Cosine baseline	cosine retrieval	1.0	0.0	0.0	3	Which imaging modality was first introduced to visualize brain amyloid in AD?	A. CT | B. MRI | C. Aβ-PET | D. SPECT	C	Aβ-PET	C	True	0.727606	5.58	2.92	0.0	28	20	0.507447	False	False	False	False	2024 Advancements and Challenges in Antiamyloid Therapy for.pdf | 2024 Immune Activation in Alzheimer Disease.pdf | 2024 Neuroinflammation in Alzheimer disease.pdf | 2025 Updates on mouse models of Alzheimer’s disease.pdf | Recent advances in Alzheimer’s disease mechanisms clinical trials and new drug development strategies.pdf | alzheimer disease  2021.pdf	C. Aβ-PET. The introduction of Aβ-PET imaging in 2004 clarified the roles of FDG-PET and MRI in evaluating Alzheimer’s disease (AD) (Alzheimer disease, 2021).	C. Aβ-PET. The introduction of Aβ-PET imaging in 2004 clarified the roles of FDG-PET and MRI in evaluating Alzheimer’s disease (AD) (Alzheimer disease, 2021).
1	0	ET-RAG	test.agent_etrag	A0	Cosine baseline	cosine retrieval	1.0	0.0	0.0	4	Which gut-related intervention shows potential for AD treatment?	A. Probiotics | B. Vitamin D | C. Antibiotics | D. Statins	A	Probiotics	A	True	0.703236	11.624	9.536	0.0	8	8	0.437817	False	False	False	False	2023-oxidative-damage-in-neurodegeneration-roles-in-the-pathogenesis-and-progression-of-alzheimer-disease.pdf | 2024 Advancements and Challenges in Antiamyloid Therapy for.pdf | 2024 Immune Activation in Alzheimer Disease.pdf | 2024 Neuroinflammation in Alzheimer disease.pdf | 2025 Updates on mouse models of Alzheimer’s disease.pdf | Recent advances in Alzheimer’s disease mechanisms clinical trials and new drug development strategies.pdf | alzheimer disease  2021.pdf	"A. Probiotics

Probiotics have shown potential in Alzheimer's disease (AD) treatment by improving cognitive parameters and reducing serum Aβ levels through modulation of the microbiome, specifically increasing Bacteroidetes and Verrucomicrobiota phyla while decreasing Cyanobacteria (Neuroinflammation in Alzheimer disease, 2024). Additionally, therapy with Bifidobacterium and Lactobacillus species-based probiotics after antibiotic administration has been reported to improve blood-brain barrier integrity and memory deficits in mouse models of AD (Neuroinflammation in Alzheimer disease, 2024)."	"A. Probiotics

Probiotics have shown potential in Alzheimer's disease (AD) treatment by improving cognitive parameters and reducing serum Aβ levels through modulation of the microbiome, specifically increasing Bacteroidetes and Verrucomicrobiota phyla while decreasing Cyanobacteria (Neuroinflammation in Alzheimer disease, 2024). Additionally, therapy with Bifidobacterium and Lactobacillus species-based probiotics after antibiotic administration has been reported to improve blood-brain barrier integrity and memory deficits in mouse models of AD (Neuroinflammation in Alzheimer disease, 2024)."
1	0	ET-RAG	test.agent_etrag	A0	Cosine baseline	cosine retrieval	1.0	0.0	0.0	5	What is the typical spacing used in the Tallapoosa tract for loblolly pine?	A. 4x4 ft | B. 6x6 ft | C. 6x12 ft | D. 8x10 ft	NOT_COVERED	Not Covered	NOT_COVERED	True	0.92	4.072	3.184	0.0	15	15	0.38414	False	False	False	False	2023-oxidative-damage-in-neurodegeneration-roles-in-the-pathogenesis-and-progression-of-alzheimer-disease.pdf | 2024 Advancements and Challenges in Antiamyloid Therapy for.pdf | 2024 Cell type-specific roles of APOE4 in Alzheimer disease.pdf | 2024 Immune Activation in Alzheimer Disease.pdf | 2024 Linking activity dyshomeostasis and sleep disturbances in Alzheimer disease.pdf | 2025 Updates on mouse models of Alzheimer’s disease.pdf | Recent advances in Alzheimer’s disease mechanisms clinical trials and new drug development strategies.pdf | alzheimer disease  2021.pdf	Not covered.	Not covered.
1	0	ET-RAG	test.agent_etrag	A0	Cosine baseline	cosine retrieval	1.0	0.0	0.0	6	The A-T-N biomarker framework includes tau as which letter?	A. A | B. T | C. N | D. None	B	T	B	True	0.714556	3.406	2.439	0.0	22	20	0.470161	False	False	False	False	2023-oxidative-damage-in-neurodegeneration-roles-in-the-pathogenesis-and-progression-of-alzheimer-disease.pdf | 2024 Advancements and Challenges in Antiamyloid Therapy for.pdf | 2024 Cell type-specific roles of APOE4 in Alzheimer disease.pdf | 2024 Immune Activation in Alzheimer Disease.pdf | 2024 Neuroinflammation in Alzheimer disease.pdf | 2025 Updates on mouse models of Alzheimer’s disease.pdf | Recent advances in Alzheimer’s disease mechanisms clinical trials and new drug development strategies.pdf | alzheimer disease  2021.pdf	"B. T

In the A-T-N biomarker framework, tau is represented by the letter ""T,"" indicating abnormal tau protein levels or tau pathology (Alzheimer disease, 2021)."	"B. T

In the A-T-N biomarker framework, tau is represented by the letter ""T,"" indicating abnormal tau protein levels or tau pathology (Alzheimer disease, 2021)."
1	0	ET-RAG	test.agent_etrag	A0	Cosine baseline	cosine retrieval	1.0	0.0	0.0	7	Which age group is most at risk for cognitive disorders–associated AD?	A. <40 years | B. 40–65 years | C. 65–90 years | D. >90 years	D	>90 years	D	True	0.718585	8.533	3.131	0.0	26	20	0.481673	False	False	False	False	2023-oxidative-damage-in-neurodegeneration-roles-in-the-pathogenesis-and-progression-of-alzheimer-disease.pdf | 2024 Linking activity dyshomeostasis and sleep disturbances in Alzheimer disease.pdf | alzheimer disease  2021.pdf	"D. >90 years

The fastest-growing demographic segment at risk for cognitive disorders, particularly multi-aetiology dementia, is the oldest-old group (people aged >90 years), which has the highest risk of cognitive disorders (Alzheimer disease, 2021). The incidence of all-cause dementia increases steeply after 65 years and continues to rise thereafter, with the highest rates observed in those aged >90 years (Alzheimer disease, 2021)."	"D. >90 years

The fastest-growing demographic segment at risk for cognitive disorders, particularly multi-aetiology dementia, is the oldest-old group (people aged >90 years), which has the highest risk of cognitive disorders (Alzheimer disease, 2021). The incidence of all-cause dementia increases steeply after 65 years and continues to rise thereafter, with the highest rates observed in those aged >90 years (Alzheimer disease, 2021)."
1	0	ET-RAG	test.agent_etrag	A0	Cosine baseline	cosine retrieval	1.0	0.0	0.0	8	Which sleep stage is critical for metabolite clearance from the brain?	A. REM sleep | B. NREM sleep | C. Light sleep | D. Awake state	B	NREM sleep	B	True	0.692805	5.197	3.194	0.0	15	15	0.408014	False	False	False	False	2023-oxidative-damage-in-neurodegeneration-roles-in-the-pathogenesis-and-progression-of-alzheimer-disease.pdf | 2024 Advancements and Challenges in Antiamyloid Therapy for.pdf | 2024 Immune Activation in Alzheimer Disease.pdf | 2024 Linking activity dyshomeostasis and sleep disturbances in Alzheimer disease.pdf | 2025 Updates on mouse models of Alzheimer’s disease.pdf | Recent advances in Alzheimer’s disease mechanisms clinical trials and new drug development strategies.pdf | alzheimer disease  2021.pdf	"B. NREM sleep

NREM sleep, particularly during slow-wave sleep, is critical for metabolite clearance from the brain, including the clearance of amyloid-beta (Aβ) and other waste products. This process is facilitated by the glymphatic system, which is most active during NREM sleep (Linking activity dyshomeostasis and sleep disturbances in Alzheimer disease, 2024)."	"B. NREM sleep

NREM sleep, particularly during slow-wave sleep, is critical for metabolite clearance from the brain, including the clearance of amyloid-beta (Aβ) and other waste products. This process is facilitated by the glymphatic system, which is most active during NREM sleep (Linking activity dyshomeostasis and sleep disturbances in Alzheimer disease, 2024)."
1	0	ET-RAG	test.agent_etrag	A0	Cosine baseline	cosine retrieval	1.0	0.0	0.0	9	What kind of volume change is associated with hearing loss in AD patients?	A. Increased brain volume | B. Decreased hippocampal volume | C. Increased white matter | D. Enlarged ventricles	B	Decreased hippocampal volume	B	True	0.701077	8.507	4.737	0.0	20	20	0.43165	False	False	False	False	2023-oxidative-damage-in-neurodegeneration-roles-in-the-pathogenesis-and-progression-of-alzheimer-disease.pdf | 2024 Advancements and Challenges in Antiamyloid Therapy for.pdf | 2024 Cell type-specific roles of APOE4 in Alzheimer disease.pdf | 2024 Immune Activation in Alzheimer Disease.pdf | 2024 Linking activity dyshomeostasis and sleep disturbances in Alzheimer disease.pdf | 2024 Neuroinflammation in Alzheimer disease.pdf | 2025 Oligodendrocytes in Alzheimer’s disease pathophysiology.pdf | 2025 Updates on mouse models of Alzheimer’s disease.pdf | Recent advances in Alzheimer’s disease mechanisms clinical trials and new drug development strategies.pdf | alzheimer disease  2021.pdf	"B. Decreased hippocampal volume. 

Hippocampal atrophy is associated with Alzheimer's disease (AD) and can occur in individuals with cognitive impairment, including those with hearing loss. The relationship between cognitive deficits and hippocampal volume loss is well-documented in AD (Alzheimer disease, 2021)."	"B. Decreased hippocampal volume. 

Hippocampal atrophy is associated with Alzheimer's disease (AD) and can occur in individuals with cognitive impairment, including those with hearing loss. The relationship between cognitive deficits and hippocampal volume loss is well-documented in AD (Alzheimer disease, 2021)."
1	0	ET-RAG	test.agent_etrag	A0	Cosine baseline	cosine retrieval	1.0	0.0	0.0	10	The Mediterranean diet is primarily considered:	A. A treatment for AD | B. A preventive dietary strategy | C. A high-fat diet | D. A protein-reduction plan	B	A preventive dietary strategy	B	True	0.696598	7.012	5.558	0.0	19	19	0.418851	False	False	False	False	2023-oxidative-damage-in-neurodegeneration-roles-in-the-pathogenesis-and-progression-of-alzheimer-disease.pdf | 2024 Advancements and Challenges in Antiamyloid Therapy for.pdf | 2024 Neuroinflammation in Alzheimer disease.pdf | Recent advances in Alzheimer’s disease mechanisms clinical trials and new drug development strategies.pdf | alzheimer disease  2021.pdf	B. A preventive dietary strategy. The Mediterranean diet has been associated with a reduced risk of Alzheimer's disease (AD) and is considered a beneficial dietary pattern for cognitive health (Oxidative damage in neurodegeneration: roles in the pathogenesis and progression of Alzheimer disease, 2023; Alzheimer disease, 2021).	B. A preventive dietary strategy. The Mediterranean diet has been associated with a reduced risk of Alzheimer's disease (AD) and is considered a beneficial dietary pattern for cognitive health (Oxidative damage in neurodegeneration: roles in the pathogenesis and progression of Alzheimer disease, 2023; Alzheimer disease, 2021).
2	0	ET-RAG	test.agent_etrag	A0	Cosine baseline	cosine retrieval	1.0	0.0	0.0	1	Which protein is considered a hallmark of Alzheimer’s disease (AD) pathology?	A. α-synuclein | B. Amyloid-beta (Aβ) | C. Huntingtin | D. Dopamine	B	Amyloid-beta (Aβ)	B	True	0.729745	3.59	2.691	0.0	41	20	0.513557	False	False	False	False	2023-oxidative-damage-in-neurodegeneration-roles-in-the-pathogenesis-and-progression-of-alzheimer-disease.pdf | 2024 Advancements and Challenges in Antiamyloid Therapy for.pdf | 2024 Neuroinflammation in Alzheimer disease.pdf | Recent advances in Alzheimer’s disease mechanisms clinical trials and new drug development strategies.pdf | alzheimer disease  2021.pdf	B. Amyloid-beta (Aβ) is considered a hallmark of Alzheimer’s disease (AD) pathology, characterized by the presence of β-amyloid-containing plaques and tau-containing neurofibrillary tangles (Alzheimer disease, 2021).	B. Amyloid-beta (Aβ) is considered a hallmark of Alzheimer’s disease (AD) pathology, characterized by the presence of β-amyloid-containing plaques and tau-containing neurofibrillary tangles (Alzheimer disease, 2021).
2	0	ET-RAG	test.agent_etrag	A0	Cosine baseline	cosine retrieval	1.0	0.0	0.0	2	What type of sleep disorder is commonly associated with increased AD risk?	A. Narcolepsy | B. Insomnia | C. Obstructive sleep apnea (OSA) | D. Sleepwalking	C	Obstructive sleep apnea (OSA)	C	True	0.68998	3.951	2.503	0.0	22	20	0.399944	False	False	False	False	2023-oxidative-damage-in-neurodegeneration-roles-in-the-pathogenesis-and-progression-of-alzheimer-disease.pdf | 2024 Advancements and Challenges in Antiamyloid Therapy for.pdf | 2024 Cell type-specific roles of APOE4 in Alzheimer disease.pdf | 2024 Immune Activation in Alzheimer Disease.pdf | 2024 Linking activity dyshomeostasis and sleep disturbances in Alzheimer disease.pdf | 2024 Neuroinflammation in Alzheimer disease.pdf | 2025 Updates on mouse models of Alzheimer’s disease.pdf | Recent advances in Alzheimer’s disease mechanisms clinical trials and new drug development strategies.pdf | alzheimer disease  2021.pdf	C. Obstructive sleep apnea (OSA) is commonly associated with increased AD risk. Sleep disturbances, including OSA, are prevalent in individuals with Alzheimer's disease and can exacerbate cognitive decline (Linking activity dyshomeostasis and sleep disturbances in Alzheimer disease, 2024).	C. Obstructive sleep apnea (OSA) is commonly associated with increased AD risk. Sleep disturbances, including OSA, are prevalent in individuals with Alzheimer's disease and can exacerbate cognitive decline (Linking activity dyshomeostasis and sleep disturbances in Alzheimer disease, 2024).
2	0	ET-RAG	test.agent_etrag	A0	Cosine baseline	cosine retrieval	1.0	0.0	0.0	3	Which imaging modality was first introduced to visualize brain amyloid in AD?	A. CT | B. MRI | C. Aβ-PET | D. SPECT	C	Aβ-PET	C	True	0.727623	3.948	3.012	0.0	28	20	0.507494	False	False	False	False	2024 Advancements and Challenges in Antiamyloid Therapy for.pdf | 2024 Immune Activation in Alzheimer Disease.pdf | 2024 Neuroinflammation in Alzheimer disease.pdf | 2025 Updates on mouse models of Alzheimer’s disease.pdf | Recent advances in Alzheimer’s disease mechanisms clinical trials and new drug development strategies.pdf | alzheimer disease  2021.pdf	C. Aβ-PET. The introduction of Aβ-PET imaging in 2004 clarified the roles of other imaging modalities in Alzheimer's disease (AD) diagnosis (Alzheimer disease, 2021).	C. Aβ-PET. The introduction of Aβ-PET imaging in 2004 clarified the roles of other imaging modalities in Alzheimer's disease (AD) diagnosis (Alzheimer disease, 2021).
2	0	ET-RAG	test.agent_etrag	A0	Cosine baseline	cosine retrieval	1.0	0.0	0.0	4	Which gut-related intervention shows potential for AD treatment?	A. Probiotics | B. Vitamin D | C. Antibiotics | D. Statins	A	Probiotics	A	True	0.703238	4.686	2.765	0.0	8	8	0.437823	False	False	False	False	2023-oxidative-damage-in-neurodegeneration-roles-in-the-pathogenesis-and-progression-of-alzheimer-disease.pdf | 2024 Advancements and Challenges in Antiamyloid Therapy for.pdf | 2024 Immune Activation in Alzheimer Disease.pdf | 2024 Neuroinflammation in Alzheimer disease.pdf | 2025 Updates on mouse models of Alzheimer’s disease.pdf | Recent advances in Alzheimer’s disease mechanisms clinical trials and new drug development strategies.pdf | alzheimer disease  2021.pdf	"A. Probiotics

Probiotics have shown potential in Alzheimer's disease (AD) treatment by improving cognitive parameters and reducing serum Aβ levels through modulation of the microbiome, specifically increasing Bacteroidetes and Verrucomicrobiota phyla while decreasing Cyanobacteria (Neuroinflammation in Alzheimer disease, 2024). Additionally, therapy with Bifidobacterium and Lactobacillus species-based probiotics after antibiotic administration has been reported to improve blood-brain barrier integrity and memory deficits in mouse models of AD (Neuroinflammation in Alzheimer disease, 2024)."	"A. Probiotics

Probiotics have shown potential in Alzheimer's disease (AD) treatment by improving cognitive parameters and reducing serum Aβ levels through modulation of the microbiome, specifically increasing Bacteroidetes and Verrucomicrobiota phyla while decreasing Cyanobacteria (Neuroinflammation in Alzheimer disease, 2024). Additionally, therapy with Bifidobacterium and Lactobacillus species-based probiotics after antibiotic administration has been reported to improve blood-brain barrier integrity and memory deficits in mouse models of AD (Neuroinflammation in Alzheimer disease, 2024)."
2	0	ET-RAG	test.agent_etrag	A0	Cosine baseline	cosine retrieval	1.0	0.0	0.0	5	What is the typical spacing used in the Tallapoosa tract for loblolly pine?	A. 4x4 ft | B. 6x6 ft | C. 6x12 ft | D. 8x10 ft	NOT_COVERED	Not Covered	NOT_COVERED	True	0.92	3.939	3.236	0.0	15	15	0.384137	False	False	False	False	2023-oxidative-damage-in-neurodegeneration-roles-in-the-pathogenesis-and-progression-of-alzheimer-disease.pdf | 2024 Advancements and Challenges in Antiamyloid Therapy for.pdf | 2024 Cell type-specific roles of APOE4 in Alzheimer disease.pdf | 2024 Immune Activation in Alzheimer Disease.pdf | 2024 Linking activity dyshomeostasis and sleep disturbances in Alzheimer disease.pdf | 2025 Updates on mouse models of Alzheimer’s disease.pdf | Recent advances in Alzheimer’s disease mechanisms clinical trials and new drug development strategies.pdf | alzheimer disease  2021.pdf	Not covered.	Not covered.
2	0	ET-RAG	test.agent_etrag	A0	Cosine baseline	cosine retrieval	1.0	0.0	0.0	6	The A-T-N biomarker framework includes tau as which letter?	A. A | B. T | C. N | D. None	B	T	B	True	0.714558	4.302	2.574	0.0	22	20	0.470165	False	False	False	False	2023-oxidative-damage-in-neurodegeneration-roles-in-the-pathogenesis-and-progression-of-alzheimer-disease.pdf | 2024 Advancements and Challenges in Antiamyloid Therapy for.pdf | 2024 Cell type-specific roles of APOE4 in Alzheimer disease.pdf | 2024 Immune Activation in Alzheimer Disease.pdf | 2024 Neuroinflammation in Alzheimer disease.pdf | 2025 Updates on mouse models of Alzheimer’s disease.pdf | Recent advances in Alzheimer’s disease mechanisms clinical trials and new drug development strategies.pdf | alzheimer disease  2021.pdf	"B. T

In the A-T-N biomarker framework, tau is represented by the letter ""T,"" indicating abnormal tau protein levels or tau pathology (Alzheimer disease, 2021)."	"B. T

In the A-T-N biomarker framework, tau is represented by the letter ""T,"" indicating abnormal tau protein levels or tau pathology (Alzheimer disease, 2021)."
2	0	ET-RAG	test.agent_etrag	A0	Cosine baseline	cosine retrieval	1.0	0.0	0.0	7	Which age group is most at risk for cognitive disorders–associated AD?	A. <40 years | B. 40–65 years | C. 65–90 years | D. >90 years	D	>90 years	D	True	0.718583	7.69	2.762	0.0	26	20	0.481666	False	False	False	False	2023-oxidative-damage-in-neurodegeneration-roles-in-the-pathogenesis-and-progression-of-alzheimer-disease.pdf | 2024 Linking activity dyshomeostasis and sleep disturbances in Alzheimer disease.pdf | alzheimer disease  2021.pdf	D. >90 years. The fastest-growing demographic segment in high-income countries is the oldest-old group (people aged >90 years), which is the group with the highest risk of cognitive disorders, particularly multi-aetiology dementia (Alzheimer disease, 2021).	D. >90 years. The fastest-growing demographic segment in high-income countries is the oldest-old group (people aged >90 years), which is the group with the highest risk of cognitive disorders, particularly multi-aetiology dementia (Alzheimer disease, 2021).
2	0	ET-RAG	test.agent_etrag	A0	Cosine baseline	cosine retrieval	1.0	0.0	0.0	8	Which sleep stage is critical for metabolite clearance from the brain?	A. REM sleep | B. NREM sleep | C. Light sleep | D. Awake state	B	NREM sleep	B	True	0.69281	4.314	3.108	0.0	15	15	0.40803	False	False	False	False	2023-oxidative-damage-in-neurodegeneration-roles-in-the-pathogenesis-and-progression-of-alzheimer-disease.pdf | 2024 Advancements and Challenges in Antiamyloid Therapy for.pdf | 2024 Immune Activation in Alzheimer Disease.pdf | 2024 Linking activity dyshomeostasis and sleep disturbances in Alzheimer disease.pdf | 2025 Updates on mouse models of Alzheimer’s disease.pdf | Recent advances in Alzheimer’s disease mechanisms clinical trials and new drug development strategies.pdf | alzheimer disease  2021.pdf	"B. NREM sleep

NREM sleep, particularly slow-wave sleep, is critical for metabolite clearance from the brain, as it is associated with increased interstitial space and enhanced glymphatic function, facilitating the removal of waste products such as amyloid-beta (Aβ) (Linking activity dyshomeostasis and sleep disturbances in Alzheimer disease, 2024)."	"B. NREM sleep

NREM sleep, particularly slow-wave sleep, is critical for metabolite clearance from the brain, as it is associated with increased interstitial space and enhanced glymphatic function, facilitating the removal of waste products such as amyloid-beta (Aβ) (Linking activity dyshomeostasis and sleep disturbances in Alzheimer disease, 2024)."
2	0	ET-RAG	test.agent_etrag	A0	Cosine baseline	cosine retrieval	1.0	0.0	0.0	9	What kind of volume change is associated with hearing loss in AD patients?	A. Increased brain volume | B. Decreased hippocampal volume | C. Increased white matter | D. Enlarged ventricles	B	Decreased hippocampal volume	B	True	0.701079	4.095	2.854	0.0	20	20	0.431654	False	False	False	False	2023-oxidative-damage-in-neurodegeneration-roles-in-the-pathogenesis-and-progression-of-alzheimer-disease.pdf | 2024 Advancements and Challenges in Antiamyloid Therapy for.pdf | 2024 Cell type-specific roles of APOE4 in Alzheimer disease.pdf | 2024 Immune Activation in Alzheimer Disease.pdf | 2024 Linking activity dyshomeostasis and sleep disturbances in Alzheimer disease.pdf | 2024 Neuroinflammation in Alzheimer disease.pdf | 2025 Oligodendrocytes in Alzheimer’s disease pathophysiology.pdf | 2025 Updates on mouse models of Alzheimer’s disease.pdf | Recent advances in Alzheimer’s disease mechanisms clinical trials and new drug development strategies.pdf | alzheimer disease  2021.pdf	"B. Decreased hippocampal volume. 

Hippocampal atrophy is associated with Alzheimer's disease (AD) and can occur in individuals with cognitive impairment, including those with hearing loss. The relationship between cognitive deficits and hippocampal volume loss is well-documented in AD (Alzheimer disease, 2021)."	"B. Decreased hippocampal volume. 

Hippocampal atrophy is associated with Alzheimer's disease (AD) and can occur in individuals with cognitive impairment, including those with hearing loss. The relationship between cognitive deficits and hippocampal volume loss is well-documented in AD (Alzheimer disease, 2021)."
2	0	ET-RAG	test.agent_etrag	A0	Cosine baseline	cosine retrieval	1.0	0.0	0.0	10	The Mediterranean diet is primarily considered:	A. A treatment for AD | B. A preventive dietary strategy | C. A high-fat diet | D. A protein-reduction plan	B	A preventive dietary strategy	B	True	0.696598	5.727	4.288	0.0	19	19	0.41885	False	False	False	False	2023-oxidative-damage-in-neurodegeneration-roles-in-the-pathogenesis-and-progression-of-alzheimer-disease.pdf | 2024 Advancements and Challenges in Antiamyloid Therapy for.pdf | 2024 Neuroinflammation in Alzheimer disease.pdf | Recent advances in Alzheimer’s disease mechanisms clinical trials and new drug development strategies.pdf | alzheimer disease  2021.pdf	B. A preventive dietary strategy. The Mediterranean diet has been associated with a reduced risk of Alzheimer's disease (AD) and is considered a beneficial dietary pattern for cognitive health (Oxidative damage in neurodegeneration: roles in the pathogenesis and progression of Alzheimer disease, 2023; Alzheimer disease, 2021).	B. A preventive dietary strategy. The Mediterranean diet has been associated with a reduced risk of Alzheimer's disease (AD) and is considered a beneficial dietary pattern for cognitive health (Oxidative damage in neurodegeneration: roles in the pathogenesis and progression of Alzheimer disease, 2023; Alzheimer disease, 2021).
3	0	ET-RAG	test.agent_etrag	A0	Cosine baseline	cosine retrieval	1.0	0.0	0.0	1	Which protein is considered a hallmark of Alzheimer’s disease (AD) pathology?	A. α-synuclein | B. Amyloid-beta (Aβ) | C. Huntingtin | D. Dopamine	B	Amyloid-beta (Aβ)	B	True	0.729715	5.134	4.244	0.0	41	20	0.513471	False	False	False	False	2023-oxidative-damage-in-neurodegeneration-roles-in-the-pathogenesis-and-progression-of-alzheimer-disease.pdf | 2024 Advancements and Challenges in Antiamyloid Therapy for.pdf | 2024 Neuroinflammation in Alzheimer disease.pdf | Recent advances in Alzheimer’s disease mechanisms clinical trials and new drug development strategies.pdf | alzheimer disease  2021.pdf	B. Amyloid-beta (Aβ) is considered a hallmark of Alzheimer’s disease (AD) pathology, characterized by the presence of β-amyloid-containing plaques and tau-containing neurofibrillary tangles (Alzheimer disease, 2021).	B. Amyloid-beta (Aβ) is considered a hallmark of Alzheimer’s disease (AD) pathology, characterized by the presence of β-amyloid-containing plaques and tau-containing neurofibrillary tangles (Alzheimer disease, 2021).
3	0	ET-RAG	test.agent_etrag	A0	Cosine baseline	cosine retrieval	1.0	0.0	0.0	2	What type of sleep disorder is commonly associated with increased AD risk?	A. Narcolepsy | B. Insomnia | C. Obstructive sleep apnea (OSA) | D. Sleepwalking	C	Obstructive sleep apnea (OSA)	C	True	0.689667	4.698	3.394	0.0	21	20	0.39905	False	False	False	False	2023-oxidative-damage-in-neurodegeneration-roles-in-the-pathogenesis-and-progression-of-alzheimer-disease.pdf | 2024 Advancements and Challenges in Antiamyloid Therapy for.pdf | 2024 Cell type-specific roles of APOE4 in Alzheimer disease.pdf | 2024 Immune Activation in Alzheimer Disease.pdf | 2024 Linking activity dyshomeostasis and sleep disturbances in Alzheimer disease.pdf | 2024 Neuroinflammation in Alzheimer disease.pdf | 2025 Updates on mouse models of Alzheimer’s disease.pdf | Recent advances in Alzheimer’s disease mechanisms clinical trials and new drug development strategies.pdf | alzheimer disease  2021.pdf	C. Obstructive sleep apnea (OSA) is commonly associated with increased AD risk. Sleep disturbances, including OSA, can exacerbate cognitive decline and are prevalent in individuals with Alzheimer's disease (AD) (Alzheimer disease, 2021). Additionally, comorbid sleep disorders like OSA should be treated in patients with dementia to improve overall cognitive function (Alzheimer disease, 2021).	C. Obstructive sleep apnea (OSA) is commonly associated with increased AD risk. Sleep disturbances, including OSA, can exacerbate cognitive decline and are prevalent in individuals with Alzheimer's disease (AD) (Alzheimer disease, 2021). Additionally, comorbid sleep disorders like OSA should be treated in patients with dementia to improve overall cognitive function (Alzheimer disease, 2021).
3	0	ET-RAG	test.agent_etrag	A0	Cosine baseline	cosine retrieval	1.0	0.0	0.0	3	Which imaging modality was first introduced to visualize brain amyloid in AD?	A. CT | B. MRI | C. Aβ-PET | D. SPECT	C	Aβ-PET	C	True	0.727623	3.456	2.594	0.0	28	20	0.507494	False	False	False	False	2024 Advancements and Challenges in Antiamyloid Therapy for.pdf | 2024 Immune Activation in Alzheimer Disease.pdf | 2024 Neuroinflammation in Alzheimer disease.pdf | 2025 Updates on mouse models of Alzheimer’s disease.pdf | Recent advances in Alzheimer’s disease mechanisms clinical trials and new drug development strategies.pdf | alzheimer disease  2021.pdf	C. Aβ-PET. The introduction of Aβ-PET imaging in 2004 clarified the roles of FDG-PET and MRI in evaluating Alzheimer’s disease (AD) (Alzheimer disease, 2021).	C. Aβ-PET. The introduction of Aβ-PET imaging in 2004 clarified the roles of FDG-PET and MRI in evaluating Alzheimer’s disease (AD) (Alzheimer disease, 2021).
3	0	ET-RAG	test.agent_etrag	A0	Cosine baseline	cosine retrieval	1.0	0.0	0.0	4	Which gut-related intervention shows potential for AD treatment?	A. Probiotics | B. Vitamin D | C. Antibiotics | D. Statins	A	Probiotics	A	True	0.703238	4.602	2.875	0.0	8	8	0.437823	False	False	False	False	2023-oxidative-damage-in-neurodegeneration-roles-in-the-pathogenesis-and-progression-of-alzheimer-disease.pdf | 2024 Advancements and Challenges in Antiamyloid Therapy for.pdf | 2024 Immune Activation in Alzheimer Disease.pdf | 2024 Neuroinflammation in Alzheimer disease.pdf | 2025 Updates on mouse models of Alzheimer’s disease.pdf | Recent advances in Alzheimer’s disease mechanisms clinical trials and new drug development strategies.pdf | alzheimer disease  2021.pdf	"A. Probiotics

Probiotics have shown potential in Alzheimer's disease (AD) treatment by improving cognitive parameters and reducing serum Aβ levels through modulation of the microbiome, specifically increasing Bacteroidetes and Verrucomicrobiota phyla while decreasing Cyanobacteria (Neuroinflammation in Alzheimer disease, 2024). Additionally, therapy with Bifidobacterium and Lactobacillus species-based probiotics after antibiotic administration has been reported to improve blood-brain barrier integrity and memory deficits in mouse models of AD (Neuroinflammation in Alzheimer disease, 2024)."	"A. Probiotics

Probiotics have shown potential in Alzheimer's disease (AD) treatment by improving cognitive parameters and reducing serum Aβ levels through modulation of the microbiome, specifically increasing Bacteroidetes and Verrucomicrobiota phyla while decreasing Cyanobacteria (Neuroinflammation in Alzheimer disease, 2024). Additionally, therapy with Bifidobacterium and Lactobacillus species-based probiotics after antibiotic administration has been reported to improve blood-brain barrier integrity and memory deficits in mouse models of AD (Neuroinflammation in Alzheimer disease, 2024)."
3	0	ET-RAG	test.agent_etrag	A0	Cosine baseline	cosine retrieval	1.0	0.0	0.0	5	What is the typical spacing used in the Tallapoosa tract for loblolly pine?	A. 4x4 ft | B. 6x6 ft | C. 6x12 ft | D. 8x10 ft	NOT_COVERED	Not Covered	NOT_COVERED	True	0.92	3.307	2.737	0.0	15	15	0.384136	False	False	False	False	2023-oxidative-damage-in-neurodegeneration-roles-in-the-pathogenesis-and-progression-of-alzheimer-disease.pdf | 2024 Advancements and Challenges in Antiamyloid Therapy for.pdf | 2024 Cell type-specific roles of APOE4 in Alzheimer disease.pdf | 2024 Immune Activation in Alzheimer Disease.pdf | 2024 Linking activity dyshomeostasis and sleep disturbances in Alzheimer disease.pdf | 2025 Updates on mouse models of Alzheimer’s disease.pdf | Recent advances in Alzheimer’s disease mechanisms clinical trials and new drug development strategies.pdf | alzheimer disease  2021.pdf	Not covered.	Not covered.
3	0	ET-RAG	test.agent_etrag	A0	Cosine baseline	cosine retrieval	1.0	0.0	0.0	6	The A-T-N biomarker framework includes tau as which letter?	A. A | B. T | C. N | D. None	B	T	B	True	0.714558	3.8	3.096	0.0	22	20	0.470165	False	False	False	False	2023-oxidative-damage-in-neurodegeneration-roles-in-the-pathogenesis-and-progression-of-alzheimer-disease.pdf | 2024 Advancements and Challenges in Antiamyloid Therapy for.pdf | 2024 Cell type-specific roles of APOE4 in Alzheimer disease.pdf | 2024 Immune Activation in Alzheimer Disease.pdf | 2024 Neuroinflammation in Alzheimer disease.pdf | 2025 Updates on mouse models of Alzheimer’s disease.pdf | Recent advances in Alzheimer’s disease mechanisms clinical trials and new drug development strategies.pdf | alzheimer disease  2021.pdf	"B. T

In the A-T-N biomarker framework, tau is represented by the letter ""T,"" indicating abnormal tau protein levels or tau pathology (Alzheimer disease, 2021)."	"B. T

In the A-T-N biomarker framework, tau is represented by the letter ""T,"" indicating abnormal tau protein levels or tau pathology (Alzheimer disease, 2021)."
3	0	ET-RAG	test.agent_etrag	A0	Cosine baseline	cosine retrieval	1.0	0.0	0.0	7	Which age group is most at risk for cognitive disorders–associated AD?	A. <40 years | B. 40–65 years | C. 65–90 years | D. >90 years	D	>90 years	D	True	0.718585	4.144	3.259	0.0	26	20	0.481671	False	False	False	False	2023-oxidative-damage-in-neurodegeneration-roles-in-the-pathogenesis-and-progression-of-alzheimer-disease.pdf | 2024 Linking activity dyshomeostasis and sleep disturbances in Alzheimer disease.pdf | alzheimer disease  2021.pdf	"D. >90 years

The fastest-growing demographic segment at risk for cognitive disorders, particularly multi-aetiology dementia, is the oldest-old group (people aged >90 years), which has the highest risk of cognitive disorders (Alzheimer disease, 2021)."	"D. >90 years

The fastest-growing demographic segment at risk for cognitive disorders, particularly multi-aetiology dementia, is the oldest-old group (people aged >90 years), which has the highest risk of cognitive disorders (Alzheimer disease, 2021)."
3	0	ET-RAG	test.agent_etrag	A0	Cosine baseline	cosine retrieval	1.0	0.0	0.0	8	Which sleep stage is critical for metabolite clearance from the brain?	A. REM sleep | B. NREM sleep | C. Light sleep | D. Awake state	B	NREM sleep	B	True	0.692814	4.673	3.404	0.0	15	15	0.408041	False	False	False	False	2023-oxidative-damage-in-neurodegeneration-roles-in-the-pathogenesis-and-progression-of-alzheimer-disease.pdf | 2024 Advancements and Challenges in Antiamyloid Therapy for.pdf | 2024 Immune Activation in Alzheimer Disease.pdf | 2024 Linking activity dyshomeostasis and sleep disturbances in Alzheimer disease.pdf | 2025 Updates on mouse models of Alzheimer’s disease.pdf | Recent advances in Alzheimer’s disease mechanisms clinical trials and new drug development strategies.pdf | alzheimer disease  2021.pdf	"B. NREM sleep

NREM sleep, particularly slow-wave sleep, is critical for metabolite clearance from the brain, as it is associated with increased clearance of waste products, including amyloid-beta (Aβ), through the glymphatic system (Linking activity dyshomeostasis and sleep disturbances in Alzheimer disease, 2024)."	"B. NREM sleep

NREM sleep, particularly slow-wave sleep, is critical for metabolite clearance from the brain, as it is associated with increased clearance of waste products, including amyloid-beta (Aβ), through the glymphatic system (Linking activity dyshomeostasis and sleep disturbances in Alzheimer disease, 2024)."
3	0	ET-RAG	test.agent_etrag	A0	Cosine baseline	cosine retrieval	1.0	0.0	0.0	9	What kind of volume change is associated with hearing loss in AD patients?	A. Increased brain volume | B. Decreased hippocampal volume | C. Increased white matter | D. Enlarged ventricles	B	Decreased hippocampal volume	B	True	0.701048	4.179	3.005	0.0	20	20	0.431565	False	False	False	False	2023-oxidative-damage-in-neurodegeneration-roles-in-the-pathogenesis-and-progression-of-alzheimer-disease.pdf | 2024 Advancements and Challenges in Antiamyloid Therapy for.pdf | 2024 Cell type-specific roles of APOE4 in Alzheimer disease.pdf | 2024 Immune Activation in Alzheimer Disease.pdf | 2024 Linking activity dyshomeostasis and sleep disturbances in Alzheimer disease.pdf | 2024 Neuroinflammation in Alzheimer disease.pdf | 2025 Oligodendrocytes in Alzheimer’s disease pathophysiology.pdf | 2025 Updates on mouse models of Alzheimer’s disease.pdf | Recent advances in Alzheimer’s disease mechanisms clinical trials and new drug development strategies.pdf | alzheimer disease  2021.pdf	"B. Decreased hippocampal volume. 

Hippocampal atrophy is associated with Alzheimer's disease (AD) and can occur in individuals with cognitive impairment, including those with hearing loss. The relationship between cognitive deficits and hippocampal volume loss is well-documented in AD patients (Alzheimer disease, 2021)."	"B. Decreased hippocampal volume. 

Hippocampal atrophy is associated with Alzheimer's disease (AD) and can occur in individuals with cognitive impairment, including those with hearing loss. The relationship between cognitive deficits and hippocampal volume loss is well-documented in AD patients (Alzheimer disease, 2021)."
3	0	ET-RAG	test.agent_etrag	A0	Cosine baseline	cosine retrieval	1.0	0.0	0.0	10	The Mediterranean diet is primarily considered:	A. A treatment for AD | B. A preventive dietary strategy | C. A high-fat diet | D. A protein-reduction plan	B	A preventive dietary strategy	B	True	0.6966	3.352	2.411	0.0	19	19	0.418856	False	False	False	False	2023-oxidative-damage-in-neurodegeneration-roles-in-the-pathogenesis-and-progression-of-alzheimer-disease.pdf | 2024 Advancements and Challenges in Antiamyloid Therapy for.pdf | 2024 Neuroinflammation in Alzheimer disease.pdf | Recent advances in Alzheimer’s disease mechanisms clinical trials and new drug development strategies.pdf | alzheimer disease  2021.pdf	B. A preventive dietary strategy. The Mediterranean diet has been associated with a reduced risk of Alzheimer's disease (AD) and is considered a beneficial dietary pattern for cognitive health (Oxidative damage in neurodegeneration: roles in the pathogenesis and progression of Alzheimer disease, 2023; Alzheimer disease, 2021).	B. A preventive dietary strategy. The Mediterranean diet has been associated with a reduced risk of Alzheimer's disease (AD) and is considered a beneficial dietary pattern for cognitive health (Oxidative damage in neurodegeneration: roles in the pathogenesis and progression of Alzheimer disease, 2023; Alzheimer disease, 2021).
4	0	ET-RAG	test.agent_etrag	A0	Cosine baseline	cosine retrieval	1.0	0.0	0.0	1	Which protein is considered a hallmark of Alzheimer’s disease (AD) pathology?	A. α-synuclein | B. Amyloid-beta (Aβ) | C. Huntingtin | D. Dopamine	B	Amyloid-beta (Aβ)	B	True	0.729715	3.746	2.861	0.0	41	20	0.513471	False	False	False	False	2023-oxidative-damage-in-neurodegeneration-roles-in-the-pathogenesis-and-progression-of-alzheimer-disease.pdf | 2024 Advancements and Challenges in Antiamyloid Therapy for.pdf | 2024 Neuroinflammation in Alzheimer disease.pdf | Recent advances in Alzheimer’s disease mechanisms clinical trials and new drug development strategies.pdf | alzheimer disease  2021.pdf	B. Amyloid-beta (Aβ) is considered a hallmark of Alzheimer’s disease (AD) pathology, characterized by the presence of β-amyloid-containing plaques and tau-containing neurofibrillary tangles (Alzheimer disease, 2021).	B. Amyloid-beta (Aβ) is considered a hallmark of Alzheimer’s disease (AD) pathology, characterized by the presence of β-amyloid-containing plaques and tau-containing neurofibrillary tangles (Alzheimer disease, 2021).
4	0	ET-RAG	test.agent_etrag	A0	Cosine baseline	cosine retrieval	1.0	0.0	0.0	2	What type of sleep disorder is commonly associated with increased AD risk?	A. Narcolepsy | B. Insomnia | C. Obstructive sleep apnea (OSA) | D. Sleepwalking	C	Obstructive sleep apnea (OSA)	C	True	0.68998	3.791	2.42	0.0	22	20	0.399944	False	False	False	False	2023-oxidative-damage-in-neurodegeneration-roles-in-the-pathogenesis-and-progression-of-alzheimer-disease.pdf | 2024 Advancements and Challenges in Antiamyloid Therapy for.pdf | 2024 Cell type-specific roles of APOE4 in Alzheimer disease.pdf | 2024 Immune Activation in Alzheimer Disease.pdf | 2024 Linking activity dyshomeostasis and sleep disturbances in Alzheimer disease.pdf | 2024 Neuroinflammation in Alzheimer disease.pdf | 2025 Updates on mouse models of Alzheimer’s disease.pdf | Recent advances in Alzheimer’s disease mechanisms clinical trials and new drug development strategies.pdf | alzheimer disease  2021.pdf	C. Obstructive sleep apnea (OSA) is commonly associated with increased AD risk. Sleep disturbances, including OSA, are prevalent in individuals with Alzheimer's disease and can exacerbate cognitive decline (Linking activity dyshomeostasis and sleep disturbances in Alzheimer disease, 2024).	C. Obstructive sleep apnea (OSA) is commonly associated with increased AD risk. Sleep disturbances, including OSA, are prevalent in individuals with Alzheimer's disease and can exacerbate cognitive decline (Linking activity dyshomeostasis and sleep disturbances in Alzheimer disease, 2024).
4	0	ET-RAG	test.agent_etrag	A0	Cosine baseline	cosine retrieval	1.0	0.0	0.0	3	Which imaging modality was first introduced to visualize brain amyloid in AD?	A. CT | B. MRI | C. Aβ-PET | D. SPECT	C	Aβ-PET	C	True	0.727623	3.892	3.024	0.0	28	20	0.507494	False	False	False	False	2024 Advancements and Challenges in Antiamyloid Therapy for.pdf | 2024 Immune Activation in Alzheimer Disease.pdf | 2024 Neuroinflammation in Alzheimer disease.pdf | 2025 Updates on mouse models of Alzheimer’s disease.pdf | Recent advances in Alzheimer’s disease mechanisms clinical trials and new drug development strategies.pdf | alzheimer disease  2021.pdf	C. Aβ-PET. The introduction of Aβ-PET imaging in 2004 clarified the roles of FDG-PET and MRI in evaluating Alzheimer’s disease (AD) (Alzheimer disease, 2021).	C. Aβ-PET. The introduction of Aβ-PET imaging in 2004 clarified the roles of FDG-PET and MRI in evaluating Alzheimer’s disease (AD) (Alzheimer disease, 2021).
4	0	ET-RAG	test.agent_etrag	A0	Cosine baseline	cosine retrieval	1.0	0.0	0.0	4	Which gut-related intervention shows potential for AD treatment?	A. Probiotics | B. Vitamin D | C. Antibiotics | D. Statins	A	Probiotics	A	True	0.70324	4.192	2.708	0.0	8	8	0.437828	False	False	False	False	2023-oxidative-damage-in-neurodegeneration-roles-in-the-pathogenesis-and-progression-of-alzheimer-disease.pdf | 2024 Advancements and Challenges in Antiamyloid Therapy for.pdf | 2024 Immune Activation in Alzheimer Disease.pdf | 2024 Neuroinflammation in Alzheimer disease.pdf | 2025 Updates on mouse models of Alzheimer’s disease.pdf | Recent advances in Alzheimer’s disease mechanisms clinical trials and new drug development strategies.pdf | alzheimer disease  2021.pdf	"A. Probiotics

Probiotics, specifically Bifidobacterium and Lactobacillus species, have shown potential in improving blood-brain barrier integrity and memory deficits in mouse models of Alzheimer's disease (Neuroinflammation in Alzheimer disease, 2024). Additionally, the microbiota-gut-brain axis hypothesis highlights the role of gut microbiota in influencing brain function and offers pathways for novel therapeutic strategies (Recent advances in Alzheimer’s disease, year unknown)."	"A. Probiotics

Probiotics, specifically Bifidobacterium and Lactobacillus species, have shown potential in improving blood-brain barrier integrity and memory deficits in mouse models of Alzheimer's disease (Neuroinflammation in Alzheimer disease, 2024). Additionally, the microbiota-gut-brain axis hypothesis highlights the role of gut microbiota in influencing brain function and offers pathways for novel therapeutic strategies (Recent advances in Alzheimer’s disease, year unknown)."
4	0	ET-RAG	test.agent_etrag	A0	Cosine baseline	cosine retrieval	1.0	0.0	0.0	5	What is the typical spacing used in the Tallapoosa tract for loblolly pine?	A. 4x4 ft | B. 6x6 ft | C. 6x12 ft | D. 8x10 ft	NOT_COVERED	Not Covered	NOT_COVERED	True	0.92	5.12	4.468	0.0	15	15	0.38414	False	False	False	False	2023-oxidative-damage-in-neurodegeneration-roles-in-the-pathogenesis-and-progression-of-alzheimer-disease.pdf | 2024 Advancements and Challenges in Antiamyloid Therapy for.pdf | 2024 Cell type-specific roles of APOE4 in Alzheimer disease.pdf | 2024 Immune Activation in Alzheimer Disease.pdf | 2024 Linking activity dyshomeostasis and sleep disturbances in Alzheimer disease.pdf | 2025 Updates on mouse models of Alzheimer’s disease.pdf | Recent advances in Alzheimer’s disease mechanisms clinical trials and new drug development strategies.pdf | alzheimer disease  2021.pdf	Not covered.	Not covered.
4	0	ET-RAG	test.agent_etrag	A0	Cosine baseline	cosine retrieval	1.0	0.0	0.0	6	The A-T-N biomarker framework includes tau as which letter?	A. A | B. T | C. N | D. None	B	T	B	True	0.714558	3.195	2.318	0.0	22	20	0.470165	False	False	False	False	2023-oxidative-damage-in-neurodegeneration-roles-in-the-pathogenesis-and-progression-of-alzheimer-disease.pdf | 2024 Advancements and Challenges in Antiamyloid Therapy for.pdf | 2024 Cell type-specific roles of APOE4 in Alzheimer disease.pdf | 2024 Immune Activation in Alzheimer Disease.pdf | 2024 Neuroinflammation in Alzheimer disease.pdf | 2025 Updates on mouse models of Alzheimer’s disease.pdf | Recent advances in Alzheimer’s disease mechanisms clinical trials and new drug development strategies.pdf | alzheimer disease  2021.pdf	"B. T

In the A-T-N biomarker framework, tau is represented by the letter ""T,"" indicating abnormal tau protein levels, which are crucial for diagnosing Alzheimer's disease (AD) (Alzheimer disease, 2021)."	"B. T

In the A-T-N biomarker framework, tau is represented by the letter ""T,"" indicating abnormal tau protein levels, which are crucial for diagnosing Alzheimer's disease (AD) (Alzheimer disease, 2021)."
4	0	ET-RAG	test.agent_etrag	A0	Cosine baseline	cosine retrieval	1.0	0.0	0.0	7	Which age group is most at risk for cognitive disorders–associated AD?	A. <40 years | B. 40–65 years | C. 65–90 years | D. >90 years	D	>90 years	D	True	0.718585	3.754	2.779	0.0	26	20	0.481673	False	False	False	False	2023-oxidative-damage-in-neurodegeneration-roles-in-the-pathogenesis-and-progression-of-alzheimer-disease.pdf | 2024 Linking activity dyshomeostasis and sleep disturbances in Alzheimer disease.pdf | alzheimer disease  2021.pdf	D. >90 years. The fastest-growing demographic segment in high-income countries is the oldest-old group (people aged >90 years), which is the group with the highest risk of cognitive disorders, particularly multi-aetiology dementia (Alzheimer disease, 2021).	D. >90 years. The fastest-growing demographic segment in high-income countries is the oldest-old group (people aged >90 years), which is the group with the highest risk of cognitive disorders, particularly multi-aetiology dementia (Alzheimer disease, 2021).
4	0	ET-RAG	test.agent_etrag	A0	Cosine baseline	cosine retrieval	1.0	0.0	0.0	8	Which sleep stage is critical for metabolite clearance from the brain?	A. REM sleep | B. NREM sleep | C. Light sleep | D. Awake state	B	NREM sleep	B	True	0.692806	4.259	2.971	0.0	15	15	0.408017	False	False	False	False	2023-oxidative-damage-in-neurodegeneration-roles-in-the-pathogenesis-and-progression-of-alzheimer-disease.pdf | 2024 Advancements and Challenges in Antiamyloid Therapy for.pdf | 2024 Immune Activation in Alzheimer Disease.pdf | 2024 Linking activity dyshomeostasis and sleep disturbances in Alzheimer disease.pdf | 2025 Updates on mouse models of Alzheimer’s disease.pdf | Recent advances in Alzheimer’s disease mechanisms clinical trials and new drug development strategies.pdf | alzheimer disease  2021.pdf	"B. NREM sleep

NREM sleep, particularly during the slow-wave stage, is critical for metabolite clearance from the brain, as it is associated with enhanced glymphatic function, which facilitates the removal of waste products such as amyloid-beta (Aβ) from the central nervous system (Linking activity dyshomeostasis and sleep disturbances in Alzheimer disease, 2024)."	"B. NREM sleep

NREM sleep, particularly during the slow-wave stage, is critical for metabolite clearance from the brain, as it is associated with enhanced glymphatic function, which facilitates the removal of waste products such as amyloid-beta (Aβ) from the central nervous system (Linking activity dyshomeostasis and sleep disturbances in Alzheimer disease, 2024)."
4	0	ET-RAG	test.agent_etrag	A0	Cosine baseline	cosine retrieval	1.0	0.0	0.0	9	What kind of volume change is associated with hearing loss in AD patients?	A. Increased brain volume | B. Decreased hippocampal volume | C. Increased white matter | D. Enlarged ventricles	B	Decreased hippocampal volume	B	True	0.701078	3.524	2.319	0.0	20	20	0.431653	False	False	False	False	2023-oxidative-damage-in-neurodegeneration-roles-in-the-pathogenesis-and-progression-of-alzheimer-disease.pdf | 2024 Advancements and Challenges in Antiamyloid Therapy for.pdf | 2024 Cell type-specific roles of APOE4 in Alzheimer disease.pdf | 2024 Immune Activation in Alzheimer Disease.pdf | 2024 Linking activity dyshomeostasis and sleep disturbances in Alzheimer disease.pdf | 2024 Neuroinflammation in Alzheimer disease.pdf | 2025 Oligodendrocytes in Alzheimer’s disease pathophysiology.pdf | 2025 Updates on mouse models of Alzheimer’s disease.pdf | Recent advances in Alzheimer’s disease mechanisms clinical trials and new drug development strategies.pdf | alzheimer disease  2021.pdf	"B. Decreased hippocampal volume. 

Hippocampal atrophy is associated with Alzheimer's disease (AD) and can occur in individuals with cognitive impairment, including those with hearing loss. The relationship between cognitive deficits and hippocampal volume loss is well-documented in AD literature (Alzheimer disease, 2021)."	"B. Decreased hippocampal volume. 

Hippocampal atrophy is associated with Alzheimer's disease (AD) and can occur in individuals with cognitive impairment, including those with hearing loss. The relationship between cognitive deficits and hippocampal volume loss is well-documented in AD literature (Alzheimer disease, 2021)."
4	0	ET-RAG	test.agent_etrag	A0	Cosine baseline	cosine retrieval	1.0	0.0	0.0	10	The Mediterranean diet is primarily considered:	A. A treatment for AD | B. A preventive dietary strategy | C. A high-fat diet | D. A protein-reduction plan	B	A preventive dietary strategy	B	True	0.696598	3.092	2.14	0.0	19	19	0.41885	False	False	False	False	2023-oxidative-damage-in-neurodegeneration-roles-in-the-pathogenesis-and-progression-of-alzheimer-disease.pdf | 2024 Advancements and Challenges in Antiamyloid Therapy for.pdf | 2024 Neuroinflammation in Alzheimer disease.pdf | Recent advances in Alzheimer’s disease mechanisms clinical trials and new drug development strategies.pdf | alzheimer disease  2021.pdf	B. A preventive dietary strategy. The Mediterranean diet has been associated with a reduced risk of Alzheimer's disease (AD) and is considered a beneficial dietary pattern for cognitive health (Oxidative damage in neurodegeneration: roles in the pathogenesis and progression of Alzheimer disease, 2023; Alzheimer disease, 2021).	B. A preventive dietary strategy. The Mediterranean diet has been associated with a reduced risk of Alzheimer's disease (AD) and is considered a beneficial dietary pattern for cognitive health (Oxidative damage in neurodegeneration: roles in the pathogenesis and progression of Alzheimer disease, 2023; Alzheimer disease, 2021).
5	0	ET-RAG	test.agent_etrag	A0	Cosine baseline	cosine retrieval	1.0	0.0	0.0	1	Which protein is considered a hallmark of Alzheimer’s disease (AD) pathology?	A. α-synuclein | B. Amyloid-beta (Aβ) | C. Huntingtin | D. Dopamine	B	Amyloid-beta (Aβ)	B	True	0.729725	2.989	2.111	0.0	41	20	0.5135	False	False	False	False	2023-oxidative-damage-in-neurodegeneration-roles-in-the-pathogenesis-and-progression-of-alzheimer-disease.pdf | 2024 Advancements and Challenges in Antiamyloid Therapy for.pdf | 2024 Neuroinflammation in Alzheimer disease.pdf | Recent advances in Alzheimer’s disease mechanisms clinical trials and new drug development strategies.pdf | alzheimer disease  2021.pdf	B. Amyloid-beta (Aβ) is considered a hallmark of Alzheimer’s disease (AD) pathology, characterized by the presence of β-amyloid-containing plaques and tau-containing neurofibrillary tangles (Alzheimer disease, 2021).	B. Amyloid-beta (Aβ) is considered a hallmark of Alzheimer’s disease (AD) pathology, characterized by the presence of β-amyloid-containing plaques and tau-containing neurofibrillary tangles (Alzheimer disease, 2021).
5	0	ET-RAG	test.agent_etrag	A0	Cosine baseline	cosine retrieval	1.0	0.0	0.0	2	What type of sleep disorder is commonly associated with increased AD risk?	A. Narcolepsy | B. Insomnia | C. Obstructive sleep apnea (OSA) | D. Sleepwalking	C	Obstructive sleep apnea (OSA)	C	True	0.68967	3.338	2.122	0.0	21	20	0.399056	False	False	False	False	2023-oxidative-damage-in-neurodegeneration-roles-in-the-pathogenesis-and-progression-of-alzheimer-disease.pdf | 2024 Advancements and Challenges in Antiamyloid Therapy for.pdf | 2024 Cell type-specific roles of APOE4 in Alzheimer disease.pdf | 2024 Immune Activation in Alzheimer Disease.pdf | 2024 Linking activity dyshomeostasis and sleep disturbances in Alzheimer disease.pdf | 2024 Neuroinflammation in Alzheimer disease.pdf | 2025 Updates on mouse models of Alzheimer’s disease.pdf | Recent advances in Alzheimer’s disease mechanisms clinical trials and new drug development strategies.pdf | alzheimer disease  2021.pdf	C. Obstructive sleep apnea (OSA) is commonly associated with increased AD risk. Sleep disturbances, including OSA, can exacerbate cognitive decline and are prevalent in individuals with Alzheimer's disease (AD) (Alzheimer disease, 2021). Additionally, comorbid sleep disorders like OSA should be treated in patients with dementia to improve overall cognitive function (Alzheimer disease, 2021).	C. Obstructive sleep apnea (OSA) is commonly associated with increased AD risk. Sleep disturbances, including OSA, can exacerbate cognitive decline and are prevalent in individuals with Alzheimer's disease (AD) (Alzheimer disease, 2021). Additionally, comorbid sleep disorders like OSA should be treated in patients with dementia to improve overall cognitive function (Alzheimer disease, 2021).
5	0	ET-RAG	test.agent_etrag	A0	Cosine baseline	cosine retrieval	1.0	0.0	0.0	3	Which imaging modality was first introduced to visualize brain amyloid in AD?	A. CT | B. MRI | C. Aβ-PET | D. SPECT	C	Aβ-PET	C	True	0.727623	3.063	2.103	0.0	28	20	0.507494	False	False	False	False	2024 Advancements and Challenges in Antiamyloid Therapy for.pdf | 2024 Immune Activation in Alzheimer Disease.pdf | 2024 Neuroinflammation in Alzheimer disease.pdf | 2025 Updates on mouse models of Alzheimer’s disease.pdf | Recent advances in Alzheimer’s disease mechanisms clinical trials and new drug development strategies.pdf | alzheimer disease  2021.pdf	C. Aβ-PET. The introduction of Aβ-PET imaging in 2004 clarified the roles of FDG-PET and MRI in evaluating Alzheimer’s disease (AD) (Alzheimer disease, 2021).	C. Aβ-PET. The introduction of Aβ-PET imaging in 2004 clarified the roles of FDG-PET and MRI in evaluating Alzheimer’s disease (AD) (Alzheimer disease, 2021).
5	0	ET-RAG	test.agent_etrag	A0	Cosine baseline	cosine retrieval	1.0	0.0	0.0	4	Which gut-related intervention shows potential for AD treatment?	A. Probiotics | B. Vitamin D | C. Antibiotics | D. Statins	A	Probiotics	A	True	0.703237	3.474	2.178	0.0	8	8	0.437819	False	False	False	False	2023-oxidative-damage-in-neurodegeneration-roles-in-the-pathogenesis-and-progression-of-alzheimer-disease.pdf | 2024 Advancements and Challenges in Antiamyloid Therapy for.pdf | 2024 Immune Activation in Alzheimer Disease.pdf | 2024 Neuroinflammation in Alzheimer disease.pdf | 2025 Updates on mouse models of Alzheimer’s disease.pdf | Recent advances in Alzheimer’s disease mechanisms clinical trials and new drug development strategies.pdf | alzheimer disease  2021.pdf	"A. Probiotics

Probiotics have shown potential in Alzheimer's disease (AD) treatment by improving cognitive parameters and reducing serum Aβ levels through modulation of the microbiome, specifically increasing Bacteroidetes and Verrucomicrobiota phyla while decreasing Cyanobacteria (Neuroinflammation in Alzheimer disease, 2024). Additionally, therapy with Bifidobacterium and Lactobacillus species-based probiotics after antibiotic administration has been reported to improve blood-brain barrier integrity and memory deficits in mouse models of AD (Neuroinflammation in Alzheimer disease, 2024)."	"A. Probiotics

Probiotics have shown potential in Alzheimer's disease (AD) treatment by improving cognitive parameters and reducing serum Aβ levels through modulation of the microbiome, specifically increasing Bacteroidetes and Verrucomicrobiota phyla while decreasing Cyanobacteria (Neuroinflammation in Alzheimer disease, 2024). Additionally, therapy with Bifidobacterium and Lactobacillus species-based probiotics after antibiotic administration has been reported to improve blood-brain barrier integrity and memory deficits in mouse models of AD (Neuroinflammation in Alzheimer disease, 2024)."
5	0	ET-RAG	test.agent_etrag	A0	Cosine baseline	cosine retrieval	1.0	0.0	0.0	5	What is the typical spacing used in the Tallapoosa tract for loblolly pine?	A. 4x4 ft | B. 6x6 ft | C. 6x12 ft | D. 8x10 ft	NOT_COVERED	Not Covered	NOT_COVERED	True	0.92	3.08	2.413	0.0	15	15	0.384135	False	False	False	False	2023-oxidative-damage-in-neurodegeneration-roles-in-the-pathogenesis-and-progression-of-alzheimer-disease.pdf | 2024 Advancements and Challenges in Antiamyloid Therapy for.pdf | 2024 Cell type-specific roles of APOE4 in Alzheimer disease.pdf | 2024 Immune Activation in Alzheimer Disease.pdf | 2024 Linking activity dyshomeostasis and sleep disturbances in Alzheimer disease.pdf | 2025 Updates on mouse models of Alzheimer’s disease.pdf | Recent advances in Alzheimer’s disease mechanisms clinical trials and new drug development strategies.pdf | alzheimer disease  2021.pdf	Not covered.	Not covered.
5	0	ET-RAG	test.agent_etrag	A0	Cosine baseline	cosine retrieval	1.0	0.0	0.0	6	The A-T-N biomarker framework includes tau as which letter?	A. A | B. T | C. N | D. None	B	T	B	True	0.714556	3.488	2.679	0.0	22	20	0.470159	False	False	False	False	2023-oxidative-damage-in-neurodegeneration-roles-in-the-pathogenesis-and-progression-of-alzheimer-disease.pdf | 2024 Advancements and Challenges in Antiamyloid Therapy for.pdf | 2024 Cell type-specific roles of APOE4 in Alzheimer disease.pdf | 2024 Immune Activation in Alzheimer Disease.pdf | 2024 Neuroinflammation in Alzheimer disease.pdf | 2025 Updates on mouse models of Alzheimer’s disease.pdf | Recent advances in Alzheimer’s disease mechanisms clinical trials and new drug development strategies.pdf | alzheimer disease  2021.pdf	"B. T

In the A-T-N biomarker framework, tau is represented by the letter ""T,"" indicating abnormal tau protein levels, which are crucial for diagnosing Alzheimer's disease (AD) (Alzheimer disease, 2021)."	"B. T

In the A-T-N biomarker framework, tau is represented by the letter ""T,"" indicating abnormal tau protein levels, which are crucial for diagnosing Alzheimer's disease (AD) (Alzheimer disease, 2021)."
5	0	ET-RAG	test.agent_etrag	A0	Cosine baseline	cosine retrieval	1.0	0.0	0.0	7	Which age group is most at risk for cognitive disorders–associated AD?	A. <40 years | B. 40–65 years | C. 65–90 years | D. >90 years	D	>90 years	D	True	0.718585	3.385	2.345	0.0	26	20	0.481671	False	False	False	False	2023-oxidative-damage-in-neurodegeneration-roles-in-the-pathogenesis-and-progression-of-alzheimer-disease.pdf | 2024 Linking activity dyshomeostasis and sleep disturbances in Alzheimer disease.pdf | alzheimer disease  2021.pdf	"D. >90 years

The fastest-growing demographic segment at risk for cognitive disorders, particularly multi-aetiology dementia, is the oldest-old group (people aged >90 years), which has the highest risk of cognitive disorders (Alzheimer disease, 2021)."	"D. >90 years

The fastest-growing demographic segment at risk for cognitive disorders, particularly multi-aetiology dementia, is the oldest-old group (people aged >90 years), which has the highest risk of cognitive disorders (Alzheimer disease, 2021)."
5	0	ET-RAG	test.agent_etrag	A0	Cosine baseline	cosine retrieval	1.0	0.0	0.0	8	Which sleep stage is critical for metabolite clearance from the brain?	A. REM sleep | B. NREM sleep | C. Light sleep | D. Awake state	B	NREM sleep	B	True	0.692809	4.506	3.073	0.0	15	15	0.408026	False	False	False	False	2023-oxidative-damage-in-neurodegeneration-roles-in-the-pathogenesis-and-progression-of-alzheimer-disease.pdf | 2024 Advancements and Challenges in Antiamyloid Therapy for.pdf | 2024 Immune Activation in Alzheimer Disease.pdf | 2024 Linking activity dyshomeostasis and sleep disturbances in Alzheimer disease.pdf | 2025 Updates on mouse models of Alzheimer’s disease.pdf | Recent advances in Alzheimer’s disease mechanisms clinical trials and new drug development strategies.pdf | alzheimer disease  2021.pdf	"B. NREM sleep

NREM sleep, particularly slow-wave sleep, is critical for metabolite clearance from the brain, as it is associated with increased interstitial space and enhanced glymphatic function, facilitating the removal of waste products such as Aβ. This process is essential for maintaining brain health and is impaired in conditions like Alzheimer's disease (Linking activity dyshomeostasis and sleep disturbances in Alzheimer disease, 2024)."	"B. NREM sleep

NREM sleep, particularly slow-wave sleep, is critical for metabolite clearance from the brain, as it is associated with increased interstitial space and enhanced glymphatic function, facilitating the removal of waste products such as Aβ. This process is essential for maintaining brain health and is impaired in conditions like Alzheimer's disease (Linking activity dyshomeostasis and sleep disturbances in Alzheimer disease, 2024)."
5	0	ET-RAG	test.agent_etrag	A0	Cosine baseline	cosine retrieval	1.0	0.0	0.0	9	What kind of volume change is associated with hearing loss in AD patients?	A. Increased brain volume | B. Decreased hippocampal volume | C. Increased white matter | D. Enlarged ventricles	B	Decreased hippocampal volume	B	True	0.701074	5.482	4.349	0.0	20	20	0.431641	False	False	False	False	2023-oxidative-damage-in-neurodegeneration-roles-in-the-pathogenesis-and-progression-of-alzheimer-disease.pdf | 2024 Advancements and Challenges in Antiamyloid Therapy for.pdf | 2024 Cell type-specific roles of APOE4 in Alzheimer disease.pdf | 2024 Immune Activation in Alzheimer Disease.pdf | 2024 Linking activity dyshomeostasis and sleep disturbances in Alzheimer disease.pdf | 2024 Neuroinflammation in Alzheimer disease.pdf | 2025 Oligodendrocytes in Alzheimer’s disease pathophysiology.pdf | 2025 Updates on mouse models of Alzheimer’s disease.pdf | Recent advances in Alzheimer’s disease mechanisms clinical trials and new drug development strategies.pdf | alzheimer disease  2021.pdf	"B. Decreased hippocampal volume. 

Hippocampal atrophy is associated with Alzheimer's disease (AD) and can occur in individuals with cognitive impairment, including those with hearing loss. The relationship between cognitive deficits and hippocampal volume loss is well-documented in AD (Alzheimer disease, 2021)."	"B. Decreased hippocampal volume. 

Hippocampal atrophy is associated with Alzheimer's disease (AD) and can occur in individuals with cognitive impairment, including those with hearing loss. The relationship between cognitive deficits and hippocampal volume loss is well-documented in AD (Alzheimer disease, 2021)."
5	0	ET-RAG	test.agent_etrag	A0	Cosine baseline	cosine retrieval	1.0	0.0	0.0	10	The Mediterranean diet is primarily considered:	A. A treatment for AD | B. A preventive dietary strategy | C. A high-fat diet | D. A protein-reduction plan	B	A preventive dietary strategy	B	True	0.696598	3.972	2.766	0.0	19	19	0.41885	False	False	False	False	2023-oxidative-damage-in-neurodegeneration-roles-in-the-pathogenesis-and-progression-of-alzheimer-disease.pdf | 2024 Advancements and Challenges in Antiamyloid Therapy for.pdf | 2024 Neuroinflammation in Alzheimer disease.pdf | Recent advances in Alzheimer’s disease mechanisms clinical trials and new drug development strategies.pdf | alzheimer disease  2021.pdf	B. A preventive dietary strategy. The Mediterranean diet has been associated with a reduced risk of Alzheimer's disease (AD) and is considered a beneficial dietary pattern for cognitive health (Oxidative damage in neurodegeneration: roles in the pathogenesis and progression of Alzheimer disease, 2023; Alzheimer disease, 2021).	B. A preventive dietary strategy. The Mediterranean diet has been associated with a reduced risk of Alzheimer's disease (AD) and is considered a beneficial dietary pattern for cognitive health (Oxidative damage in neurodegeneration: roles in the pathogenesis and progression of Alzheimer disease, 2023; Alzheimer disease, 2021).
1	1	ET-RAG	test.agent_etrag	A1	+ Evidence quality	cosine retrieval + evidence quality	0.7	0.3	0.0	1	Which protein is considered a hallmark of Alzheimer’s disease (AD) pathology?	A. α-synuclein | B. Amyloid-beta (Aβ) | C. Huntingtin | D. Dopamine	B	Amyloid-beta (Aβ)	B	True	0.7283	10.979	9.901	0.0	41	20	0.509429	False	False	False	False	2023-oxidative-damage-in-neurodegeneration-roles-in-the-pathogenesis-and-progression-of-alzheimer-disease.pdf | 2024 Advancements and Challenges in Antiamyloid Therapy for.pdf | 2024 Neuroinflammation in Alzheimer disease.pdf | Recent advances in Alzheimer’s disease mechanisms clinical trials and new drug development strategies.pdf | alzheimer disease  2021.pdf	B. Amyloid-beta (Aβ) is considered a hallmark of Alzheimer’s disease (AD) pathology, characterized by the presence of β-amyloid-containing plaques and tau-containing neurofibrillary tangles (Alzheimer disease, 2021).	B. Amyloid-beta (Aβ) is considered a hallmark of Alzheimer’s disease (AD) pathology, characterized by the presence of β-amyloid-containing plaques and tau-containing neurofibrillary tangles (Alzheimer disease, 2021).
1	1	ET-RAG	test.agent_etrag	A1	+ Evidence quality	cosine retrieval + evidence quality	0.7	0.3	0.0	2	What type of sleep disorder is commonly associated with increased AD risk?	A. Narcolepsy | B. Insomnia | C. Obstructive sleep apnea (OSA) | D. Sleepwalking	C	Obstructive sleep apnea (OSA)	C	True	0.700486	4.101	2.759	0.0	22	20	0.429961	False	False	False	False	2023-oxidative-damage-in-neurodegeneration-roles-in-the-pathogenesis-and-progression-of-alzheimer-disease.pdf | 2024 Advancements and Challenges in Antiamyloid Therapy for.pdf | 2024 Cell type-specific roles of APOE4 in Alzheimer disease.pdf | 2024 Immune Activation in Alzheimer Disease.pdf | 2024 Linking activity dyshomeostasis and sleep disturbances in Alzheimer disease.pdf | 2024 Neuroinflammation in Alzheimer disease.pdf | 2025 Updates on mouse models of Alzheimer’s disease.pdf | Recent advances in Alzheimer’s disease mechanisms clinical trials and new drug development strategies.pdf | alzheimer disease  2021.pdf	C. Obstructive sleep apnea (OSA) is commonly associated with increased AD risk. Sleep disturbances, including OSA, are prevalent in individuals with Alzheimer's disease and can exacerbate cognitive decline (Linking activity dyshomeostasis and sleep disturbances in Alzheimer disease, 2024).	C. Obstructive sleep apnea (OSA) is commonly associated with increased AD risk. Sleep disturbances, including OSA, are prevalent in individuals with Alzheimer's disease and can exacerbate cognitive decline (Linking activity dyshomeostasis and sleep disturbances in Alzheimer disease, 2024).
1	1	ET-RAG	test.agent_etrag	A1	+ Evidence quality	cosine retrieval + evidence quality	0.7	0.3	0.0	3	Which imaging modality was first introduced to visualize brain amyloid in AD?	A. CT | B. MRI | C. Aβ-PET | D. SPECT	C	Aβ-PET	C	True	0.726836	4.092	2.748	0.0	28	20	0.505246	False	False	False	False	2024 Advancements and Challenges in Antiamyloid Therapy for.pdf | 2024 Immune Activation in Alzheimer Disease.pdf | 2024 Neuroinflammation in Alzheimer disease.pdf | 2025 Updates on mouse models of Alzheimer’s disease.pdf | Recent advances in Alzheimer’s disease mechanisms clinical trials and new drug development strategies.pdf | alzheimer disease  2021.pdf	C. Aβ-PET. The introduction of Aβ-PET imaging in 2004 clarified the roles of FDG-PET and MRI in the context of Alzheimer's disease (AD) (Alzheimer disease, 2021).	C. Aβ-PET. The introduction of Aβ-PET imaging in 2004 clarified the roles of FDG-PET and MRI in the context of Alzheimer's disease (AD) (Alzheimer disease, 2021).
1	1	ET-RAG	test.agent_etrag	A1	+ Evidence quality	cosine retrieval + evidence quality	0.7	0.3	0.0	4	Which gut-related intervention shows potential for AD treatment?	A. Probiotics | B. Vitamin D | C. Antibiotics | D. Statins	A	Probiotics	A	True	0.709764	4.734	3.016	0.0	8	8	0.45647	False	False	False	False	2023-oxidative-damage-in-neurodegeneration-roles-in-the-pathogenesis-and-progression-of-alzheimer-disease.pdf | 2024 Advancements and Challenges in Antiamyloid Therapy for.pdf | 2024 Immune Activation in Alzheimer Disease.pdf | 2024 Neuroinflammation in Alzheimer disease.pdf | 2025 Updates on mouse models of Alzheimer’s disease.pdf | Recent advances in Alzheimer’s disease mechanisms clinical trials and new drug development strategies.pdf | alzheimer disease  2021.pdf	"A. Probiotics

Probiotics have shown potential in Alzheimer's disease (AD) treatment by improving cognitive parameters and reducing serum Aβ levels through modulation of the microbiome, specifically increasing Bacteroidetes and Verrucomicrobiota phyla while decreasing Cyanobacteria (Neuroinflammation in Alzheimer disease, 2024). Additionally, therapy with Bifidobacterium and Lactobacillus species-based probiotics after antibiotic administration has been reported to improve blood-brain barrier integrity and memory deficits in mouse models of AD (Neuroinflammation in Alzheimer disease, 2024)."	"A. Probiotics

Probiotics have shown potential in Alzheimer's disease (AD) treatment by improving cognitive parameters and reducing serum Aβ levels through modulation of the microbiome, specifically increasing Bacteroidetes and Verrucomicrobiota phyla while decreasing Cyanobacteria (Neuroinflammation in Alzheimer disease, 2024). Additionally, therapy with Bifidobacterium and Lactobacillus species-based probiotics after antibiotic administration has been reported to improve blood-brain barrier integrity and memory deficits in mouse models of AD (Neuroinflammation in Alzheimer disease, 2024)."
1	1	ET-RAG	test.agent_etrag	A1	+ Evidence quality	cosine retrieval + evidence quality	0.7	0.3	0.0	5	What is the typical spacing used in the Tallapoosa tract for loblolly pine?	A. 4x4 ft | B. 6x6 ft | C. 6x12 ft | D. 8x10 ft	NOT_COVERED	Not Covered	NOT_COVERED	True	0.92	3.616	2.888	0.0	15	15	0.418897	False	False	False	False	2023-oxidative-damage-in-neurodegeneration-roles-in-the-pathogenesis-and-progression-of-alzheimer-disease.pdf | 2024 Advancements and Challenges in Antiamyloid Therapy for.pdf | 2024 Cell type-specific roles of APOE4 in Alzheimer disease.pdf | 2024 Immune Activation in Alzheimer Disease.pdf | 2024 Linking activity dyshomeostasis and sleep disturbances in Alzheimer disease.pdf | 2025 Updates on mouse models of Alzheimer’s disease.pdf | Recent advances in Alzheimer’s disease mechanisms clinical trials and new drug development strategies.pdf | alzheimer disease  2021.pdf	Not covered.	Not covered.
1	1	ET-RAG	test.agent_etrag	A1	+ Evidence quality	cosine retrieval + evidence quality	0.7	0.3	0.0	6	The A-T-N biomarker framework includes tau as which letter?	A. A | B. T | C. N | D. None	B	T	B	True	0.717691	4.273	3.314	0.0	22	20	0.479116	False	False	False	False	2023-oxidative-damage-in-neurodegeneration-roles-in-the-pathogenesis-and-progression-of-alzheimer-disease.pdf | 2024 Advancements and Challenges in Antiamyloid Therapy for.pdf | 2024 Cell type-specific roles of APOE4 in Alzheimer disease.pdf | 2024 Immune Activation in Alzheimer Disease.pdf | 2024 Neuroinflammation in Alzheimer disease.pdf | 2025 Updates on mouse models of Alzheimer’s disease.pdf | Recent advances in Alzheimer’s disease mechanisms clinical trials and new drug development strategies.pdf | alzheimer disease  2021.pdf	"B. T

In the A-T-N biomarker framework, tau is represented by the letter ""T,"" indicating abnormal tau protein levels or tau pathology (Alzheimer disease, 2021)."	"B. T

In the A-T-N biomarker framework, tau is represented by the letter ""T,"" indicating abnormal tau protein levels or tau pathology (Alzheimer disease, 2021)."
1	1	ET-RAG	test.agent_etrag	A1	+ Evidence quality	cosine retrieval + evidence quality	0.7	0.3	0.0	7	Which age group is most at risk for cognitive disorders–associated AD?	A. <40 years | B. 40–65 years | C. 65–90 years | D. >90 years	D	>90 years	D	True	0.72051	9.372	2.678	0.0	26	20	0.487171	False	False	False	False	2023-oxidative-damage-in-neurodegeneration-roles-in-the-pathogenesis-and-progression-of-alzheimer-disease.pdf | 2024 Linking activity dyshomeostasis and sleep disturbances in Alzheimer disease.pdf | alzheimer disease  2021.pdf	D. >90 years. The fastest-growing demographic segment in high-income countries is the oldest-old group (people aged >90 years), which is the group with the highest risk of cognitive disorders, particularly multi-aetiology dementia (Alzheimer disease, 2021).	D. >90 years. The fastest-growing demographic segment in high-income countries is the oldest-old group (people aged >90 years), which is the group with the highest risk of cognitive disorders, particularly multi-aetiology dementia (Alzheimer disease, 2021).
1	1	ET-RAG	test.agent_etrag	A1	+ Evidence quality	cosine retrieval + evidence quality	0.7	0.3	0.0	8	Which sleep stage is critical for metabolite clearance from the brain?	A. REM sleep | B. NREM sleep | C. Light sleep | D. Awake state	B	NREM sleep	B	True	0.702467	4.075	2.798	0.0	15	15	0.43562	False	False	False	False	2023-oxidative-damage-in-neurodegeneration-roles-in-the-pathogenesis-and-progression-of-alzheimer-disease.pdf | 2024 Advancements and Challenges in Antiamyloid Therapy for.pdf | 2024 Immune Activation in Alzheimer Disease.pdf | 2024 Linking activity dyshomeostasis and sleep disturbances in Alzheimer disease.pdf | 2025 Updates on mouse models of Alzheimer’s disease.pdf | Recent advances in Alzheimer’s disease mechanisms clinical trials and new drug development strategies.pdf | alzheimer disease  2021.pdf	"B. NREM sleep

NREM sleep, particularly slow-wave sleep, is critical for metabolite clearance from the brain, as it is associated with increased interstitial space and enhanced glymphatic function, facilitating the removal of waste products such as amyloid-beta (Aβ) (Linking activity dyshomeostasis and sleep disturbances in Alzheimer disease, 2024)."	"B. NREM sleep

NREM sleep, particularly slow-wave sleep, is critical for metabolite clearance from the brain, as it is associated with increased interstitial space and enhanced glymphatic function, facilitating the removal of waste products such as amyloid-beta (Aβ) (Linking activity dyshomeostasis and sleep disturbances in Alzheimer disease, 2024)."
1	1	ET-RAG	test.agent_etrag	A1	+ Evidence quality	cosine retrieval + evidence quality	0.7	0.3	0.0	9	What kind of volume change is associated with hearing loss in AD patients?	A. Increased brain volume | B. Decreased hippocampal volume | C. Increased white matter | D. Enlarged ventricles	B	Decreased hippocampal volume	B	True	0.708252	4.531	2.881	0.0	20	20	0.45215	False	False	False	False	2023-oxidative-damage-in-neurodegeneration-roles-in-the-pathogenesis-and-progression-of-alzheimer-disease.pdf | 2024 Advancements and Challenges in Antiamyloid Therapy for.pdf | 2024 Cell type-specific roles of APOE4 in Alzheimer disease.pdf | 2024 Immune Activation in Alzheimer Disease.pdf | 2024 Linking activity dyshomeostasis and sleep disturbances in Alzheimer disease.pdf | 2024 Neuroinflammation in Alzheimer disease.pdf | 2025 Oligodendrocytes in Alzheimer’s disease pathophysiology.pdf | 2025 Updates on mouse models of Alzheimer’s disease.pdf | Recent advances in Alzheimer’s disease mechanisms clinical trials and new drug development strategies.pdf | alzheimer disease  2021.pdf	"B. Decreased hippocampal volume. 

Hippocampal atrophy is associated with Alzheimer's disease (AD) and can occur in individuals with cognitive impairment, including those with hearing loss. This atrophy reflects tissue loss and is a common finding in AD patients (Alzheimer disease, 2021)."	"B. Decreased hippocampal volume. 

Hippocampal atrophy is associated with Alzheimer's disease (AD) and can occur in individuals with cognitive impairment, including those with hearing loss. This atrophy reflects tissue loss and is a common finding in AD patients (Alzheimer disease, 2021)."
1	1	ET-RAG	test.agent_etrag	A1	+ Evidence quality	cosine retrieval + evidence quality	0.7	0.3	0.0	10	The Mediterranean diet is primarily considered:	A. A treatment for AD | B. A preventive dietary strategy | C. A high-fat diet | D. A protein-reduction plan	B	A preventive dietary strategy	B	True	0.705123	3.594	2.494	0.0	19	19	0.443209	False	False	False	False	2023-oxidative-damage-in-neurodegeneration-roles-in-the-pathogenesis-and-progression-of-alzheimer-disease.pdf | 2024 Advancements and Challenges in Antiamyloid Therapy for.pdf | 2024 Neuroinflammation in Alzheimer disease.pdf | Recent advances in Alzheimer’s disease mechanisms clinical trials and new drug development strategies.pdf | alzheimer disease  2021.pdf	B. A preventive dietary strategy. The Mediterranean diet has been associated with a reduced risk of Alzheimer's disease (AD) and is considered a beneficial dietary pattern for cognitive health (Oxidative damage in neurodegeneration: roles in the pathogenesis and progression of Alzheimer disease, 2023; Alzheimer disease, 2021).	B. A preventive dietary strategy. The Mediterranean diet has been associated with a reduced risk of Alzheimer's disease (AD) and is considered a beneficial dietary pattern for cognitive health (Oxidative damage in neurodegeneration: roles in the pathogenesis and progression of Alzheimer disease, 2023; Alzheimer disease, 2021).
2	1	ET-RAG	test.agent_etrag	A1	+ Evidence quality	cosine retrieval + evidence quality	0.7	0.3	0.0	1	Which protein is considered a hallmark of Alzheimer’s disease (AD) pathology?	A. α-synuclein | B. Amyloid-beta (Aβ) | C. Huntingtin | D. Dopamine	B	Amyloid-beta (Aβ)	B	True	0.728308	3.875	2.916	0.0	41	20	0.509451	False	False	False	False	2023-oxidative-damage-in-neurodegeneration-roles-in-the-pathogenesis-and-progression-of-alzheimer-disease.pdf | 2024 Advancements and Challenges in Antiamyloid Therapy for.pdf | 2024 Neuroinflammation in Alzheimer disease.pdf | Recent advances in Alzheimer’s disease mechanisms clinical trials and new drug development strategies.pdf | alzheimer disease  2021.pdf	B. Amyloid-beta (Aβ) is considered a hallmark of Alzheimer’s disease (AD) pathology, characterized by the presence of β-amyloid-containing plaques and tau-containing neurofibrillary tangles (Alzheimer disease, 2021).	B. Amyloid-beta (Aβ) is considered a hallmark of Alzheimer’s disease (AD) pathology, characterized by the presence of β-amyloid-containing plaques and tau-containing neurofibrillary tangles (Alzheimer disease, 2021).
2	1	ET-RAG	test.agent_etrag	A1	+ Evidence quality	cosine retrieval + evidence quality	0.7	0.3	0.0	2	What type of sleep disorder is commonly associated with increased AD risk?	A. Narcolepsy | B. Insomnia | C. Obstructive sleep apnea (OSA) | D. Sleepwalking	C	Obstructive sleep apnea (OSA)	C	True	0.700483	4.552	2.782	0.0	22	20	0.429952	False	False	False	False	2023-oxidative-damage-in-neurodegeneration-roles-in-the-pathogenesis-and-progression-of-alzheimer-disease.pdf | 2024 Advancements and Challenges in Antiamyloid Therapy for.pdf | 2024 Cell type-specific roles of APOE4 in Alzheimer disease.pdf | 2024 Immune Activation in Alzheimer Disease.pdf | 2024 Linking activity dyshomeostasis and sleep disturbances in Alzheimer disease.pdf | 2024 Neuroinflammation in Alzheimer disease.pdf | 2025 Updates on mouse models of Alzheimer’s disease.pdf | Recent advances in Alzheimer’s disease mechanisms clinical trials and new drug development strategies.pdf | alzheimer disease  2021.pdf	C. Obstructive sleep apnea (OSA) is commonly associated with increased AD risk. Sleep disturbances, including OSA, are prevalent in individuals with Alzheimer's disease and can exacerbate cognitive decline (Linking activity dyshomeostasis and sleep disturbances in Alzheimer disease, 2024).	C. Obstructive sleep apnea (OSA) is commonly associated with increased AD risk. Sleep disturbances, including OSA, are prevalent in individuals with Alzheimer's disease and can exacerbate cognitive decline (Linking activity dyshomeostasis and sleep disturbances in Alzheimer disease, 2024).
2	1	ET-RAG	test.agent_etrag	A1	+ Evidence quality	cosine retrieval + evidence quality	0.7	0.3	0.0	3	Which imaging modality was first introduced to visualize brain amyloid in AD?	A. CT | B. MRI | C. Aβ-PET | D. SPECT	C	Aβ-PET	C	True	0.726833	4.179	3.243	0.0	28	20	0.505238	False	False	False	False	2024 Advancements and Challenges in Antiamyloid Therapy for.pdf | 2024 Immune Activation in Alzheimer Disease.pdf | 2024 Neuroinflammation in Alzheimer disease.pdf | 2025 Updates on mouse models of Alzheimer’s disease.pdf | Recent advances in Alzheimer’s disease mechanisms clinical trials and new drug development strategies.pdf | alzheimer disease  2021.pdf	C. Aβ-PET. The introduction of Aβ-PET imaging in 2004 clarified the roles of FDG-PET and MRI in evaluating Alzheimer’s disease (AD) (Alzheimer disease, 2021).	C. Aβ-PET. The introduction of Aβ-PET imaging in 2004 clarified the roles of FDG-PET and MRI in evaluating Alzheimer’s disease (AD) (Alzheimer disease, 2021).
2	1	ET-RAG	test.agent_etrag	A1	+ Evidence quality	cosine retrieval + evidence quality	0.7	0.3	0.0	4	Which gut-related intervention shows potential for AD treatment?	A. Probiotics | B. Vitamin D | C. Antibiotics | D. Statins	A	Probiotics	A	True	0.709766	10.246	8.373	0.0	8	8	0.456474	False	False	False	False	2023-oxidative-damage-in-neurodegeneration-roles-in-the-pathogenesis-and-progression-of-alzheimer-disease.pdf | 2024 Advancements and Challenges in Antiamyloid Therapy for.pdf | 2024 Immune Activation in Alzheimer Disease.pdf | 2024 Neuroinflammation in Alzheimer disease.pdf | 2025 Updates on mouse models of Alzheimer’s disease.pdf | Recent advances in Alzheimer’s disease mechanisms clinical trials and new drug development strategies.pdf | alzheimer disease  2021.pdf	"A. Probiotics

Probiotics have shown potential in Alzheimer's disease (AD) treatment by improving cognitive parameters and reducing serum Aβ levels through microbiome modulation. Specifically, therapy with Bifidobacterium and Lactobacillus species-based probiotics after antibiotic administration has been reported to enhance blood-brain barrier integrity and memory deficits in mouse models of AD (Neuroinflammation in Alzheimer disease, 2024)."	"A. Probiotics

Probiotics have shown potential in Alzheimer's disease (AD) treatment by improving cognitive parameters and reducing serum Aβ levels through microbiome modulation. Specifically, therapy with Bifidobacterium and Lactobacillus species-based probiotics after antibiotic administration has been reported to enhance blood-brain barrier integrity and memory deficits in mouse models of AD (Neuroinflammation in Alzheimer disease, 2024)."
2	1	ET-RAG	test.agent_etrag	A1	+ Evidence quality	cosine retrieval + evidence quality	0.7	0.3	0.0	5	What is the typical spacing used in the Tallapoosa tract for loblolly pine?	A. 4x4 ft | B. 6x6 ft | C. 6x12 ft | D. 8x10 ft	NOT_COVERED	Not Covered	NOT_COVERED	True	0.92	4.819	3.959	0.0	15	15	0.418894	False	False	False	False	2023-oxidative-damage-in-neurodegeneration-roles-in-the-pathogenesis-and-progression-of-alzheimer-disease.pdf | 2024 Advancements and Challenges in Antiamyloid Therapy for.pdf | 2024 Cell type-specific roles of APOE4 in Alzheimer disease.pdf | 2024 Immune Activation in Alzheimer Disease.pdf | 2024 Linking activity dyshomeostasis and sleep disturbances in Alzheimer disease.pdf | 2025 Updates on mouse models of Alzheimer’s disease.pdf | Recent advances in Alzheimer’s disease mechanisms clinical trials and new drug development strategies.pdf | alzheimer disease  2021.pdf	Not covered.	Not covered.
2	1	ET-RAG	test.agent_etrag	A1	+ Evidence quality	cosine retrieval + evidence quality	0.7	0.3	0.0	6	The A-T-N biomarker framework includes tau as which letter?	A. A | B. T | C. N | D. None	B	T	B	True	0.717691	4.316	3.509	0.0	22	20	0.479116	False	False	False	False	2023-oxidative-damage-in-neurodegeneration-roles-in-the-pathogenesis-and-progression-of-alzheimer-disease.pdf | 2024 Advancements and Challenges in Antiamyloid Therapy for.pdf | 2024 Cell type-specific roles of APOE4 in Alzheimer disease.pdf | 2024 Immune Activation in Alzheimer Disease.pdf | 2024 Neuroinflammation in Alzheimer disease.pdf | 2025 Updates on mouse models of Alzheimer’s disease.pdf | Recent advances in Alzheimer’s disease mechanisms clinical trials and new drug development strategies.pdf | alzheimer disease  2021.pdf	"B. T

In the A-T-N biomarker framework, tau is represented by the letter ""T,"" indicating abnormal tau protein levels, which are crucial for diagnosing Alzheimer's disease (AD) (Alzheimer disease, 2021)."	"B. T

In the A-T-N biomarker framework, tau is represented by the letter ""T,"" indicating abnormal tau protein levels, which are crucial for diagnosing Alzheimer's disease (AD) (Alzheimer disease, 2021)."
2	1	ET-RAG	test.agent_etrag	A1	+ Evidence quality	cosine retrieval + evidence quality	0.7	0.3	0.0	7	Which age group is most at risk for cognitive disorders–associated AD?	A. <40 years | B. 40–65 years | C. 65–90 years | D. >90 years	D	>90 years	D	True	0.72051	4.779	3.366	0.0	26	20	0.487171	False	False	False	False	2023-oxidative-damage-in-neurodegeneration-roles-in-the-pathogenesis-and-progression-of-alzheimer-disease.pdf | 2024 Linking activity dyshomeostasis and sleep disturbances in Alzheimer disease.pdf | alzheimer disease  2021.pdf	"D. >90 years

The fastest-growing demographic segment at risk for cognitive disorders, particularly multi-aetiology dementia, is the oldest-old group (people aged >90 years), which has the highest risk of cognitive disorders (Alzheimer disease, 2021). The incidence of all-cause dementia increases steeply after 65 years and continues to rise thereafter, with the highest rates observed in those aged 90-94 years (Alzheimer disease, 2021)."	"D. >90 years

The fastest-growing demographic segment at risk for cognitive disorders, particularly multi-aetiology dementia, is the oldest-old group (people aged >90 years), which has the highest risk of cognitive disorders (Alzheimer disease, 2021). The incidence of all-cause dementia increases steeply after 65 years and continues to rise thereafter, with the highest rates observed in those aged 90-94 years (Alzheimer disease, 2021)."
2	1	ET-RAG	test.agent_etrag	A1	+ Evidence quality	cosine retrieval + evidence quality	0.7	0.3	0.0	8	Which sleep stage is critical for metabolite clearance from the brain?	A. REM sleep | B. NREM sleep | C. Light sleep | D. Awake state	B	NREM sleep	B	True	0.702463	4.128	2.645	0.0	15	15	0.43561	False	False	False	False	2023-oxidative-damage-in-neurodegeneration-roles-in-the-pathogenesis-and-progression-of-alzheimer-disease.pdf | 2024 Advancements and Challenges in Antiamyloid Therapy for.pdf | 2024 Immune Activation in Alzheimer Disease.pdf | 2024 Linking activity dyshomeostasis and sleep disturbances in Alzheimer disease.pdf | 2025 Updates on mouse models of Alzheimer’s disease.pdf | Recent advances in Alzheimer’s disease mechanisms clinical trials and new drug development strategies.pdf | alzheimer disease  2021.pdf	"B. NREM sleep

NREM sleep, particularly during slow-wave sleep, is critical for metabolite clearance from the brain, as it is associated with increased interstitial space and enhanced glymphatic function, facilitating the removal of waste products such as amyloid-beta (Aβ) (Linking activity dyshomeostasis and sleep disturbances in Alzheimer disease, 2024)."	"B. NREM sleep

NREM sleep, particularly during slow-wave sleep, is critical for metabolite clearance from the brain, as it is associated with increased interstitial space and enhanced glymphatic function, facilitating the removal of waste products such as amyloid-beta (Aβ) (Linking activity dyshomeostasis and sleep disturbances in Alzheimer disease, 2024)."
2	1	ET-RAG	test.agent_etrag	A1	+ Evidence quality	cosine retrieval + evidence quality	0.7	0.3	0.0	9	What kind of volume change is associated with hearing loss in AD patients?	A. Increased brain volume | B. Decreased hippocampal volume | C. Increased white matter | D. Enlarged ventricles	B	Decreased hippocampal volume	B	True	0.70823	4.04	2.821	0.0	20	20	0.452087	False	False	False	False	2023-oxidative-damage-in-neurodegeneration-roles-in-the-pathogenesis-and-progression-of-alzheimer-disease.pdf | 2024 Advancements and Challenges in Antiamyloid Therapy for.pdf | 2024 Cell type-specific roles of APOE4 in Alzheimer disease.pdf | 2024 Immune Activation in Alzheimer Disease.pdf | 2024 Linking activity dyshomeostasis and sleep disturbances in Alzheimer disease.pdf | 2024 Neuroinflammation in Alzheimer disease.pdf | 2025 Oligodendrocytes in Alzheimer’s disease pathophysiology.pdf | 2025 Updates on mouse models of Alzheimer’s disease.pdf | Recent advances in Alzheimer’s disease mechanisms clinical trials and new drug development strategies.pdf | alzheimer disease  2021.pdf	"B. Decreased hippocampal volume. 

Hippocampal atrophy is associated with Alzheimer's disease (AD) and can occur in individuals with cognitive impairment, including those with hearing loss. The relationship between cognitive deficits and hippocampal volume loss is well-documented in AD literature (Alzheimer disease, 2021)."	"B. Decreased hippocampal volume. 

Hippocampal atrophy is associated with Alzheimer's disease (AD) and can occur in individuals with cognitive impairment, including those with hearing loss. The relationship between cognitive deficits and hippocampal volume loss is well-documented in AD literature (Alzheimer disease, 2021)."
2	1	ET-RAG	test.agent_etrag	A1	+ Evidence quality	cosine retrieval + evidence quality	0.7	0.3	0.0	10	The Mediterranean diet is primarily considered:	A. A treatment for AD | B. A preventive dietary strategy | C. A high-fat diet | D. A protein-reduction plan	B	A preventive dietary strategy	B	True	0.705118	5.084	3.999	0.0	19	19	0.443195	False	False	False	False	2023-oxidative-damage-in-neurodegeneration-roles-in-the-pathogenesis-and-progression-of-alzheimer-disease.pdf | 2024 Advancements and Challenges in Antiamyloid Therapy for.pdf | 2024 Neuroinflammation in Alzheimer disease.pdf | Recent advances in Alzheimer’s disease mechanisms clinical trials and new drug development strategies.pdf | alzheimer disease  2021.pdf	B. A preventive dietary strategy. The Mediterranean diet has been associated with a reduced risk of Alzheimer's disease (AD) and is considered a beneficial dietary pattern for cognitive health (Oxidative damage in neurodegeneration: roles in the pathogenesis and progression of Alzheimer disease, 2023; Alzheimer disease, 2021).	B. A preventive dietary strategy. The Mediterranean diet has been associated with a reduced risk of Alzheimer's disease (AD) and is considered a beneficial dietary pattern for cognitive health (Oxidative damage in neurodegeneration: roles in the pathogenesis and progression of Alzheimer disease, 2023; Alzheimer disease, 2021).
3	1	ET-RAG	test.agent_etrag	A1	+ Evidence quality	cosine retrieval + evidence quality	0.7	0.3	0.0	1	Which protein is considered a hallmark of Alzheimer’s disease (AD) pathology?	A. α-synuclein | B. Amyloid-beta (Aβ) | C. Huntingtin | D. Dopamine	B	Amyloid-beta (Aβ)	B	True	0.728319	3.757	2.495	0.0	41	20	0.509483	False	False	False	False	2023-oxidative-damage-in-neurodegeneration-roles-in-the-pathogenesis-and-progression-of-alzheimer-disease.pdf | 2024 Advancements and Challenges in Antiamyloid Therapy for.pdf | 2024 Neuroinflammation in Alzheimer disease.pdf | Recent advances in Alzheimer’s disease mechanisms clinical trials and new drug development strategies.pdf | alzheimer disease  2021.pdf	B. Amyloid-beta (Aβ) is considered a hallmark of Alzheimer’s disease (AD) pathology, characterized by the presence of β-amyloid-containing plaques and tau-containing neurofibrillary tangles (Alzheimer disease, 2021).	B. Amyloid-beta (Aβ) is considered a hallmark of Alzheimer’s disease (AD) pathology, characterized by the presence of β-amyloid-containing plaques and tau-containing neurofibrillary tangles (Alzheimer disease, 2021).
3	1	ET-RAG	test.agent_etrag	A1	+ Evidence quality	cosine retrieval + evidence quality	0.7	0.3	0.0	2	What type of sleep disorder is commonly associated with increased AD risk?	A. Narcolepsy | B. Insomnia | C. Obstructive sleep apnea (OSA) | D. Sleepwalking	C	Obstructive sleep apnea (OSA)	C	True	0.70028	3.932	2.686	0.0	21	20	0.429371	False	False	False	False	2023-oxidative-damage-in-neurodegeneration-roles-in-the-pathogenesis-and-progression-of-alzheimer-disease.pdf | 2024 Advancements and Challenges in Antiamyloid Therapy for.pdf | 2024 Cell type-specific roles of APOE4 in Alzheimer disease.pdf | 2024 Immune Activation in Alzheimer Disease.pdf | 2024 Linking activity dyshomeostasis and sleep disturbances in Alzheimer disease.pdf | 2024 Neuroinflammation in Alzheimer disease.pdf | 2025 Updates on mouse models of Alzheimer’s disease.pdf | Recent advances in Alzheimer’s disease mechanisms clinical trials and new drug development strategies.pdf | alzheimer disease  2021.pdf	C. Obstructive sleep apnea (OSA) is commonly associated with increased AD risk. Sleep disturbances, including OSA, can exacerbate cognitive decline and are prevalent in individuals with Alzheimer's disease (AD) (Alzheimer disease, 2021). Additionally, comorbid sleep disorders like OSA should be treated in patients with dementia to improve overall cognitive function (Alzheimer disease, 2021).	C. Obstructive sleep apnea (OSA) is commonly associated with increased AD risk. Sleep disturbances, including OSA, can exacerbate cognitive decline and are prevalent in individuals with Alzheimer's disease (AD) (Alzheimer disease, 2021). Additionally, comorbid sleep disorders like OSA should be treated in patients with dementia to improve overall cognitive function (Alzheimer disease, 2021).
3	1	ET-RAG	test.agent_etrag	A1	+ Evidence quality	cosine retrieval + evidence quality	0.7	0.3	0.0	3	Which imaging modality was first introduced to visualize brain amyloid in AD?	A. CT | B. MRI | C. Aβ-PET | D. SPECT	C	Aβ-PET	C	True	0.726836	3.682	2.453	0.0	28	20	0.505246	False	False	False	False	2024 Advancements and Challenges in Antiamyloid Therapy for.pdf | 2024 Immune Activation in Alzheimer Disease.pdf | 2024 Neuroinflammation in Alzheimer disease.pdf | 2025 Updates on mouse models of Alzheimer’s disease.pdf | Recent advances in Alzheimer’s disease mechanisms clinical trials and new drug development strategies.pdf | alzheimer disease  2021.pdf	C. Aβ-PET. The introduction of Aβ-PET imaging in 2004 clarified the roles of FDG-PET and MRI in Alzheimer's disease (AD) diagnosis (Alzheimer disease, 2021).	C. Aβ-PET. The introduction of Aβ-PET imaging in 2004 clarified the roles of FDG-PET and MRI in Alzheimer's disease (AD) diagnosis (Alzheimer disease, 2021).
3	1	ET-RAG	test.agent_etrag	A1	+ Evidence quality	cosine retrieval + evidence quality	0.7	0.3	0.0	4	Which gut-related intervention shows potential for AD treatment?	A. Probiotics | B. Vitamin D | C. Antibiotics | D. Statins	A	Probiotics	A	True	0.709766	4.148	2.785	0.0	8	8	0.456473	False	False	False	False	2023-oxidative-damage-in-neurodegeneration-roles-in-the-pathogenesis-and-progression-of-alzheimer-disease.pdf | 2024 Advancements and Challenges in Antiamyloid Therapy for.pdf | 2024 Immune Activation in Alzheimer Disease.pdf | 2024 Neuroinflammation in Alzheimer disease.pdf | 2025 Updates on mouse models of Alzheimer’s disease.pdf | Recent advances in Alzheimer’s disease mechanisms clinical trials and new drug development strategies.pdf | alzheimer disease  2021.pdf	"A. Probiotics

Probiotics have shown potential in Alzheimer's disease (AD) treatment by improving cognitive parameters and reducing serum Aβ levels through modulation of the microbiome, specifically increasing Bacteroidetes and Verrucomicrobiota phyla while decreasing Cyanobacteria (Neuroinflammation in Alzheimer disease, 2024). Additionally, therapy with Bifidobacterium and Lactobacillus species-based probiotics after antibiotic administration has been reported to improve blood-brain barrier integrity and memory deficits in mouse models of AD (Neuroinflammation in Alzheimer disease, 2024)."	"A. Probiotics

Probiotics have shown potential in Alzheimer's disease (AD) treatment by improving cognitive parameters and reducing serum Aβ levels through modulation of the microbiome, specifically increasing Bacteroidetes and Verrucomicrobiota phyla while decreasing Cyanobacteria (Neuroinflammation in Alzheimer disease, 2024). Additionally, therapy with Bifidobacterium and Lactobacillus species-based probiotics after antibiotic administration has been reported to improve blood-brain barrier integrity and memory deficits in mouse models of AD (Neuroinflammation in Alzheimer disease, 2024)."
3	1	ET-RAG	test.agent_etrag	A1	+ Evidence quality	cosine retrieval + evidence quality	0.7	0.3	0.0	5	What is the typical spacing used in the Tallapoosa tract for loblolly pine?	A. 4x4 ft | B. 6x6 ft | C. 6x12 ft | D. 8x10 ft	NOT_COVERED	Not Covered	NOT_COVERED	True	0.92	3.177	2.508	0.0	15	15	0.418897	False	False	False	False	2023-oxidative-damage-in-neurodegeneration-roles-in-the-pathogenesis-and-progression-of-alzheimer-disease.pdf | 2024 Advancements and Challenges in Antiamyloid Therapy for.pdf | 2024 Cell type-specific roles of APOE4 in Alzheimer disease.pdf | 2024 Immune Activation in Alzheimer Disease.pdf | 2024 Linking activity dyshomeostasis and sleep disturbances in Alzheimer disease.pdf | 2025 Updates on mouse models of Alzheimer’s disease.pdf | Recent advances in Alzheimer’s disease mechanisms clinical trials and new drug development strategies.pdf | alzheimer disease  2021.pdf	Not covered.	Not covered.
3	1	ET-RAG	test.agent_etrag	A1	+ Evidence quality	cosine retrieval + evidence quality	0.7	0.3	0.0	6	The A-T-N biomarker framework includes tau as which letter?	A. A | B. T | C. N | D. None	B	T	B	True	0.717689	3.627	2.758	0.0	22	20	0.479111	False	False	False	False	2023-oxidative-damage-in-neurodegeneration-roles-in-the-pathogenesis-and-progression-of-alzheimer-disease.pdf | 2024 Advancements and Challenges in Antiamyloid Therapy for.pdf | 2024 Cell type-specific roles of APOE4 in Alzheimer disease.pdf | 2024 Immune Activation in Alzheimer Disease.pdf | 2024 Neuroinflammation in Alzheimer disease.pdf | 2025 Updates on mouse models of Alzheimer’s disease.pdf | Recent advances in Alzheimer’s disease mechanisms clinical trials and new drug development strategies.pdf | alzheimer disease  2021.pdf	"B. T  
In the A-T-N biomarker framework, tau is represented by the letter ""T,"" indicating abnormal tau protein levels or tau pathology (Alzheimer disease, 2021)."	"B. T  
In the A-T-N biomarker framework, tau is represented by the letter ""T,"" indicating abnormal tau protein levels or tau pathology (Alzheimer disease, 2021)."
3	1	ET-RAG	test.agent_etrag	A1	+ Evidence quality	cosine retrieval + evidence quality	0.7	0.3	0.0	7	Which age group is most at risk for cognitive disorders–associated AD?	A. <40 years | B. 40–65 years | C. 65–90 years | D. >90 years	D	>90 years	D	True	0.72051	5.405	4.407	0.0	26	20	0.487171	False	False	False	False	2023-oxidative-damage-in-neurodegeneration-roles-in-the-pathogenesis-and-progression-of-alzheimer-disease.pdf | 2024 Linking activity dyshomeostasis and sleep disturbances in Alzheimer disease.pdf | alzheimer disease  2021.pdf	D. >90 years. The fastest-growing demographic segment at risk for cognitive disorders, particularly multi-aetiology dementia, is the oldest-old group (people aged >90 years), which has the highest risk of cognitive disorders (Alzheimer disease, 2021).	D. >90 years. The fastest-growing demographic segment at risk for cognitive disorders, particularly multi-aetiology dementia, is the oldest-old group (people aged >90 years), which has the highest risk of cognitive disorders (Alzheimer disease, 2021).
3	1	ET-RAG	test.agent_etrag	A1	+ Evidence quality	cosine retrieval + evidence quality	0.7	0.3	0.0	8	Which sleep stage is critical for metabolite clearance from the brain?	A. REM sleep | B. NREM sleep | C. Light sleep | D. Awake state	B	NREM sleep	B	True	0.702463	5.629	2.682	0.0	15	15	0.43561	False	False	False	False	2023-oxidative-damage-in-neurodegeneration-roles-in-the-pathogenesis-and-progression-of-alzheimer-disease.pdf | 2024 Advancements and Challenges in Antiamyloid Therapy for.pdf | 2024 Immune Activation in Alzheimer Disease.pdf | 2024 Linking activity dyshomeostasis and sleep disturbances in Alzheimer disease.pdf | 2025 Updates on mouse models of Alzheimer’s disease.pdf | Recent advances in Alzheimer’s disease mechanisms clinical trials and new drug development strategies.pdf | alzheimer disease  2021.pdf	"B. NREM sleep

NREM sleep, particularly slow-wave sleep, is critical for metabolite clearance from the brain, as it is associated with increased interstitial space and enhanced glymphatic function, facilitating the removal of waste products such as Aβ. This process is essential for maintaining brain health and is impaired in conditions like Alzheimer's disease (Linking activity dyshomeostasis and sleep disturbances in Alzheimer disease, 2024)."	"B. NREM sleep

NREM sleep, particularly slow-wave sleep, is critical for metabolite clearance from the brain, as it is associated with increased interstitial space and enhanced glymphatic function, facilitating the removal of waste products such as Aβ. This process is essential for maintaining brain health and is impaired in conditions like Alzheimer's disease (Linking activity dyshomeostasis and sleep disturbances in Alzheimer disease, 2024)."
3	1	ET-RAG	test.agent_etrag	A1	+ Evidence quality	cosine retrieval + evidence quality	0.7	0.3	0.0	9	What kind of volume change is associated with hearing loss in AD patients?	A. Increased brain volume | B. Decreased hippocampal volume | C. Increased white matter | D. Enlarged ventricles	B	Decreased hippocampal volume	B	True	0.708256	3.634	2.216	0.0	20	20	0.45216	False	False	False	False	2023-oxidative-damage-in-neurodegeneration-roles-in-the-pathogenesis-and-progression-of-alzheimer-disease.pdf | 2024 Advancements and Challenges in Antiamyloid Therapy for.pdf | 2024 Cell type-specific roles of APOE4 in Alzheimer disease.pdf | 2024 Immune Activation in Alzheimer Disease.pdf | 2024 Linking activity dyshomeostasis and sleep disturbances in Alzheimer disease.pdf | 2024 Neuroinflammation in Alzheimer disease.pdf | 2025 Oligodendrocytes in Alzheimer’s disease pathophysiology.pdf | 2025 Updates on mouse models of Alzheimer’s disease.pdf | Recent advances in Alzheimer’s disease mechanisms clinical trials and new drug development strategies.pdf | alzheimer disease  2021.pdf	"B. Decreased hippocampal volume. 

Hippocampal atrophy is associated with Alzheimer's disease (AD) and can occur in individuals with cognitive impairment, including those with hearing loss. The relationship between cognitive deficits and hippocampal volume loss is well-documented in AD (Alzheimer disease, 2021)."	"B. Decreased hippocampal volume. 

Hippocampal atrophy is associated with Alzheimer's disease (AD) and can occur in individuals with cognitive impairment, including those with hearing loss. The relationship between cognitive deficits and hippocampal volume loss is well-documented in AD (Alzheimer disease, 2021)."
3	1	ET-RAG	test.agent_etrag	A1	+ Evidence quality	cosine retrieval + evidence quality	0.7	0.3	0.0	10	The Mediterranean diet is primarily considered:	A. A treatment for AD | B. A preventive dietary strategy | C. A high-fat diet | D. A protein-reduction plan	B	A preventive dietary strategy	B	True	0.705121	3.319	2.349	0.0	19	19	0.443202	False	False	False	False	2023-oxidative-damage-in-neurodegeneration-roles-in-the-pathogenesis-and-progression-of-alzheimer-disease.pdf | 2024 Advancements and Challenges in Antiamyloid Therapy for.pdf | 2024 Neuroinflammation in Alzheimer disease.pdf | Recent advances in Alzheimer’s disease mechanisms clinical trials and new drug development strategies.pdf | alzheimer disease  2021.pdf	B. A preventive dietary strategy. The Mediterranean diet has been associated with a reduced risk of Alzheimer's disease (AD) and is considered a beneficial dietary pattern for cognitive health (Oxidative damage in neurodegeneration: roles in the pathogenesis and progression of Alzheimer disease, 2023; Alzheimer disease, 2021).	B. A preventive dietary strategy. The Mediterranean diet has been associated with a reduced risk of Alzheimer's disease (AD) and is considered a beneficial dietary pattern for cognitive health (Oxidative damage in neurodegeneration: roles in the pathogenesis and progression of Alzheimer disease, 2023; Alzheimer disease, 2021).
4	1	ET-RAG	test.agent_etrag	A1	+ Evidence quality	cosine retrieval + evidence quality	0.7	0.3	0.0	1	Which protein is considered a hallmark of Alzheimer’s disease (AD) pathology?	A. α-synuclein | B. Amyloid-beta (Aβ) | C. Huntingtin | D. Dopamine	B	Amyloid-beta (Aβ)	B	True	0.728315	3.329	2.248	0.0	41	20	0.509472	False	False	False	False	2023-oxidative-damage-in-neurodegeneration-roles-in-the-pathogenesis-and-progression-of-alzheimer-disease.pdf | 2024 Advancements and Challenges in Antiamyloid Therapy for.pdf | 2024 Neuroinflammation in Alzheimer disease.pdf | Recent advances in Alzheimer’s disease mechanisms clinical trials and new drug development strategies.pdf | alzheimer disease  2021.pdf	B. Amyloid-beta (Aβ) is considered a hallmark of Alzheimer’s disease (AD) pathology, characterized by the presence of β-amyloid-containing plaques and tau-containing neurofibrillary tangles (Alzheimer disease, 2021).	B. Amyloid-beta (Aβ) is considered a hallmark of Alzheimer’s disease (AD) pathology, characterized by the presence of β-amyloid-containing plaques and tau-containing neurofibrillary tangles (Alzheimer disease, 2021).
4	1	ET-RAG	test.agent_etrag	A1	+ Evidence quality	cosine retrieval + evidence quality	0.7	0.3	0.0	2	What type of sleep disorder is commonly associated with increased AD risk?	A. Narcolepsy | B. Insomnia | C. Obstructive sleep apnea (OSA) | D. Sleepwalking	C	Obstructive sleep apnea (OSA)	C	True	0.700486	5.15	4.076	0.0	22	20	0.42996	False	False	False	False	2023-oxidative-damage-in-neurodegeneration-roles-in-the-pathogenesis-and-progression-of-alzheimer-disease.pdf | 2024 Advancements and Challenges in Antiamyloid Therapy for.pdf | 2024 Cell type-specific roles of APOE4 in Alzheimer disease.pdf | 2024 Immune Activation in Alzheimer Disease.pdf | 2024 Linking activity dyshomeostasis and sleep disturbances in Alzheimer disease.pdf | 2024 Neuroinflammation in Alzheimer disease.pdf | 2025 Updates on mouse models of Alzheimer’s disease.pdf | Recent advances in Alzheimer’s disease mechanisms clinical trials and new drug development strategies.pdf | alzheimer disease  2021.pdf	C. Obstructive sleep apnea (OSA) is commonly associated with increased AD risk. Sleep disturbances, including OSA, are prevalent in individuals with Alzheimer's disease and can exacerbate cognitive decline (Linking activity dyshomeostasis and sleep disturbances in Alzheimer disease, 2024).	C. Obstructive sleep apnea (OSA) is commonly associated with increased AD risk. Sleep disturbances, including OSA, are prevalent in individuals with Alzheimer's disease and can exacerbate cognitive decline (Linking activity dyshomeostasis and sleep disturbances in Alzheimer disease, 2024).
4	1	ET-RAG	test.agent_etrag	A1	+ Evidence quality	cosine retrieval + evidence quality	0.7	0.3	0.0	3	Which imaging modality was first introduced to visualize brain amyloid in AD?	A. CT | B. MRI | C. Aβ-PET | D. SPECT	C	Aβ-PET	C	True	0.726836	3.127	2.299	0.0	28	20	0.505246	False	False	False	False	2024 Advancements and Challenges in Antiamyloid Therapy for.pdf | 2024 Immune Activation in Alzheimer Disease.pdf | 2024 Neuroinflammation in Alzheimer disease.pdf | 2025 Updates on mouse models of Alzheimer’s disease.pdf | Recent advances in Alzheimer’s disease mechanisms clinical trials and new drug development strategies.pdf | alzheimer disease  2021.pdf	C. Aβ-PET. The introduction of Aβ-PET imaging in 2004 clarified the roles of other imaging modalities in Alzheimer's disease (AD) diagnosis (Alzheimer disease, 2021).	C. Aβ-PET. The introduction of Aβ-PET imaging in 2004 clarified the roles of other imaging modalities in Alzheimer's disease (AD) diagnosis (Alzheimer disease, 2021).
4	1	ET-RAG	test.agent_etrag	A1	+ Evidence quality	cosine retrieval + evidence quality	0.7	0.3	0.0	4	Which gut-related intervention shows potential for AD treatment?	A. Probiotics | B. Vitamin D | C. Antibiotics | D. Statins	A	Probiotics	A	True	0.709764	3.845	2.459	0.0	8	8	0.45647	False	False	False	False	2023-oxidative-damage-in-neurodegeneration-roles-in-the-pathogenesis-and-progression-of-alzheimer-disease.pdf | 2024 Advancements and Challenges in Antiamyloid Therapy for.pdf | 2024 Immune Activation in Alzheimer Disease.pdf | 2024 Neuroinflammation in Alzheimer disease.pdf | 2025 Updates on mouse models of Alzheimer’s disease.pdf | Recent advances in Alzheimer’s disease mechanisms clinical trials and new drug development strategies.pdf | alzheimer disease  2021.pdf	"A. Probiotics

Probiotics have shown potential in Alzheimer's disease (AD) treatment by improving cognitive parameters and reducing serum Aβ levels through microbiome modulation. Specifically, therapy with Bifidobacterium and Lactobacillus species-based probiotics after antibiotic administration has been reported to enhance blood-brain barrier integrity and memory deficits in mouse models of AD (Neuroinflammation in Alzheimer disease, 2024)."	"A. Probiotics

Probiotics have shown potential in Alzheimer's disease (AD) treatment by improving cognitive parameters and reducing serum Aβ levels through microbiome modulation. Specifically, therapy with Bifidobacterium and Lactobacillus species-based probiotics after antibiotic administration has been reported to enhance blood-brain barrier integrity and memory deficits in mouse models of AD (Neuroinflammation in Alzheimer disease, 2024)."
4	1	ET-RAG	test.agent_etrag	A1	+ Evidence quality	cosine retrieval + evidence quality	0.7	0.3	0.0	5	What is the typical spacing used in the Tallapoosa tract for loblolly pine?	A. 4x4 ft | B. 6x6 ft | C. 6x12 ft | D. 8x10 ft	NOT_COVERED	Not Covered	NOT_COVERED	True	0.92	3.185	2.19	0.0	15	15	0.418895	False	False	False	False	2023-oxidative-damage-in-neurodegeneration-roles-in-the-pathogenesis-and-progression-of-alzheimer-disease.pdf | 2024 Advancements and Challenges in Antiamyloid Therapy for.pdf | 2024 Cell type-specific roles of APOE4 in Alzheimer disease.pdf | 2024 Immune Activation in Alzheimer Disease.pdf | 2024 Linking activity dyshomeostasis and sleep disturbances in Alzheimer disease.pdf | 2025 Updates on mouse models of Alzheimer’s disease.pdf | Recent advances in Alzheimer’s disease mechanisms clinical trials and new drug development strategies.pdf | alzheimer disease  2021.pdf	Not covered.	Not covered.
4	1	ET-RAG	test.agent_etrag	A1	+ Evidence quality	cosine retrieval + evidence quality	0.7	0.3	0.0	6	The A-T-N biomarker framework includes tau as which letter?	A. A | B. T | C. N | D. None	B	T	B	True	0.717691	3.069	2.172	0.0	22	20	0.479116	False	False	False	False	2023-oxidative-damage-in-neurodegeneration-roles-in-the-pathogenesis-and-progression-of-alzheimer-disease.pdf | 2024 Advancements and Challenges in Antiamyloid Therapy for.pdf | 2024 Cell type-specific roles of APOE4 in Alzheimer disease.pdf | 2024 Immune Activation in Alzheimer Disease.pdf | 2024 Neuroinflammation in Alzheimer disease.pdf | 2025 Updates on mouse models of Alzheimer’s disease.pdf | Recent advances in Alzheimer’s disease mechanisms clinical trials and new drug development strategies.pdf | alzheimer disease  2021.pdf	"B. T

In the A-T-N biomarker framework, tau is represented by the letter ""T,"" indicating abnormal tau protein levels or tau pathology (Alzheimer disease, 2021)."	"B. T

In the A-T-N biomarker framework, tau is represented by the letter ""T,"" indicating abnormal tau protein levels or tau pathology (Alzheimer disease, 2021)."
4	1	ET-RAG	test.agent_etrag	A1	+ Evidence quality	cosine retrieval + evidence quality	0.7	0.3	0.0	7	Which age group is most at risk for cognitive disorders–associated AD?	A. <40 years | B. 40–65 years | C. 65–90 years | D. >90 years	D	>90 years	D	True	0.720509	6.2	4.884	0.0	26	20	0.487168	False	False	False	False	2023-oxidative-damage-in-neurodegeneration-roles-in-the-pathogenesis-and-progression-of-alzheimer-disease.pdf | 2024 Linking activity dyshomeostasis and sleep disturbances in Alzheimer disease.pdf | alzheimer disease  2021.pdf	"D. >90 years

The fastest-growing demographic segment at risk for cognitive disorders, particularly multi-aetiology dementia, is the oldest-old group (people aged >90 years), which has the highest risk of cognitive disorders (Alzheimer disease, 2021). The incidence of all-cause dementia increases steeply after 65 years and continues to rise thereafter, with the highest rates observed in those aged >90 years (Alzheimer disease, 2021)."	"D. >90 years

The fastest-growing demographic segment at risk for cognitive disorders, particularly multi-aetiology dementia, is the oldest-old group (people aged >90 years), which has the highest risk of cognitive disorders (Alzheimer disease, 2021). The incidence of all-cause dementia increases steeply after 65 years and continues to rise thereafter, with the highest rates observed in those aged >90 years (Alzheimer disease, 2021)."
4	1	ET-RAG	test.agent_etrag	A1	+ Evidence quality	cosine retrieval + evidence quality	0.7	0.3	0.0	8	Which sleep stage is critical for metabolite clearance from the brain?	A. REM sleep | B. NREM sleep | C. Light sleep | D. Awake state	B	NREM sleep	B	True	0.702462	3.654	2.407	0.0	15	15	0.435606	False	False	False	False	2023-oxidative-damage-in-neurodegeneration-roles-in-the-pathogenesis-and-progression-of-alzheimer-disease.pdf | 2024 Advancements and Challenges in Antiamyloid Therapy for.pdf | 2024 Immune Activation in Alzheimer Disease.pdf | 2024 Linking activity dyshomeostasis and sleep disturbances in Alzheimer disease.pdf | 2025 Updates on mouse models of Alzheimer’s disease.pdf | Recent advances in Alzheimer’s disease mechanisms clinical trials and new drug development strategies.pdf | alzheimer disease  2021.pdf	"B. NREM sleep

NREM sleep, particularly during slow-wave sleep, is critical for metabolite clearance from the brain, including the clearance of amyloid-beta (Aβ) and other waste products. This process is facilitated by the glymphatic system, which is most active during NREM sleep (Linking activity dyshomeostasis and sleep disturbances in Alzheimer disease, 2024)."	"B. NREM sleep

NREM sleep, particularly during slow-wave sleep, is critical for metabolite clearance from the brain, including the clearance of amyloid-beta (Aβ) and other waste products. This process is facilitated by the glymphatic system, which is most active during NREM sleep (Linking activity dyshomeostasis and sleep disturbances in Alzheimer disease, 2024)."
4	1	ET-RAG	test.agent_etrag	A1	+ Evidence quality	cosine retrieval + evidence quality	0.7	0.3	0.0	9	What kind of volume change is associated with hearing loss in AD patients?	A. Increased brain volume | B. Decreased hippocampal volume | C. Increased white matter | D. Enlarged ventricles	B	Decreased hippocampal volume	B	True	0.708255	3.345	2.139	0.0	20	20	0.452158	False	False	False	False	2023-oxidative-damage-in-neurodegeneration-roles-in-the-pathogenesis-and-progression-of-alzheimer-disease.pdf | 2024 Advancements and Challenges in Antiamyloid Therapy for.pdf | 2024 Cell type-specific roles of APOE4 in Alzheimer disease.pdf | 2024 Immune Activation in Alzheimer Disease.pdf | 2024 Linking activity dyshomeostasis and sleep disturbances in Alzheimer disease.pdf | 2024 Neuroinflammation in Alzheimer disease.pdf | 2025 Oligodendrocytes in Alzheimer’s disease pathophysiology.pdf | 2025 Updates on mouse models of Alzheimer’s disease.pdf | Recent advances in Alzheimer’s disease mechanisms clinical trials and new drug development strategies.pdf | alzheimer disease  2021.pdf	"B. Decreased hippocampal volume. 

Hippocampal atrophy is associated with Alzheimer's disease (AD) and can occur in individuals with cognitive impairment, including those with hearing loss. The relationship between cognitive deficits and hippocampal volume loss is well-documented in AD (Alzheimer disease, 2021)."	"B. Decreased hippocampal volume. 

Hippocampal atrophy is associated with Alzheimer's disease (AD) and can occur in individuals with cognitive impairment, including those with hearing loss. The relationship between cognitive deficits and hippocampal volume loss is well-documented in AD (Alzheimer disease, 2021)."
4	1	ET-RAG	test.agent_etrag	A1	+ Evidence quality	cosine retrieval + evidence quality	0.7	0.3	0.0	10	The Mediterranean diet is primarily considered:	A. A treatment for AD | B. A preventive dietary strategy | C. A high-fat diet | D. A protein-reduction plan	B	A preventive dietary strategy	B	True	0.705119	3.223	2.177	0.0	19	19	0.443198	False	False	False	False	2023-oxidative-damage-in-neurodegeneration-roles-in-the-pathogenesis-and-progression-of-alzheimer-disease.pdf | 2024 Advancements and Challenges in Antiamyloid Therapy for.pdf | 2024 Neuroinflammation in Alzheimer disease.pdf | Recent advances in Alzheimer’s disease mechanisms clinical trials and new drug development strategies.pdf | alzheimer disease  2021.pdf	B. A preventive dietary strategy. The Mediterranean diet has been associated with a reduced risk of Alzheimer's disease (AD) and is considered a beneficial dietary pattern for cognitive health (Oxidative damage in neurodegeneration: roles in the pathogenesis and progression of Alzheimer disease, 2023; Alzheimer disease, 2021).	B. A preventive dietary strategy. The Mediterranean diet has been associated with a reduced risk of Alzheimer's disease (AD) and is considered a beneficial dietary pattern for cognitive health (Oxidative damage in neurodegeneration: roles in the pathogenesis and progression of Alzheimer disease, 2023; Alzheimer disease, 2021).
5	1	ET-RAG	test.agent_etrag	A1	+ Evidence quality	cosine retrieval + evidence quality	0.7	0.3	0.0	1	Which protein is considered a hallmark of Alzheimer’s disease (AD) pathology?	A. α-synuclein | B. Amyloid-beta (Aβ) | C. Huntingtin | D. Dopamine	B	Amyloid-beta (Aβ)	B	True	0.728301	3.146	2.134	0.0	41	20	0.50943	False	False	False	False	2023-oxidative-damage-in-neurodegeneration-roles-in-the-pathogenesis-and-progression-of-alzheimer-disease.pdf | 2024 Advancements and Challenges in Antiamyloid Therapy for.pdf | 2024 Neuroinflammation in Alzheimer disease.pdf | Recent advances in Alzheimer’s disease mechanisms clinical trials and new drug development strategies.pdf | alzheimer disease  2021.pdf	B. Amyloid-beta (Aβ) is considered a hallmark of Alzheimer’s disease (AD) pathology, characterized by the presence of Aβ-containing extracellular plaques and tau-containing neurofibrillary tangles (Alzheimer disease, 2021).	B. Amyloid-beta (Aβ) is considered a hallmark of Alzheimer’s disease (AD) pathology, characterized by the presence of Aβ-containing extracellular plaques and tau-containing neurofibrillary tangles (Alzheimer disease, 2021).
5	1	ET-RAG	test.agent_etrag	A1	+ Evidence quality	cosine retrieval + evidence quality	0.7	0.3	0.0	2	What type of sleep disorder is commonly associated with increased AD risk?	A. Narcolepsy | B. Insomnia | C. Obstructive sleep apnea (OSA) | D. Sleepwalking	C	Obstructive sleep apnea (OSA)	C	True	0.700272	3.921	2.184	0.0	21	20	0.429348	False	False	False	False	2023-oxidative-damage-in-neurodegeneration-roles-in-the-pathogenesis-and-progression-of-alzheimer-disease.pdf | 2024 Advancements and Challenges in Antiamyloid Therapy for.pdf | 2024 Cell type-specific roles of APOE4 in Alzheimer disease.pdf | 2024 Immune Activation in Alzheimer Disease.pdf | 2024 Linking activity dyshomeostasis and sleep disturbances in Alzheimer disease.pdf | 2024 Neuroinflammation in Alzheimer disease.pdf | 2025 Updates on mouse models of Alzheimer’s disease.pdf | Recent advances in Alzheimer’s disease mechanisms clinical trials and new drug development strategies.pdf | alzheimer disease  2021.pdf	C. Obstructive sleep apnea (OSA) is commonly associated with increased AD risk. Sleep disturbances, including OSA, can exacerbate cognitive decline and are prevalent in individuals with Alzheimer's disease (AD) (Alzheimer disease, 2021). Additionally, comorbid sleep disorders like OSA should be treated in patients with dementia to improve overall cognitive function (Alzheimer disease, 2021).	C. Obstructive sleep apnea (OSA) is commonly associated with increased AD risk. Sleep disturbances, including OSA, can exacerbate cognitive decline and are prevalent in individuals with Alzheimer's disease (AD) (Alzheimer disease, 2021). Additionally, comorbid sleep disorders like OSA should be treated in patients with dementia to improve overall cognitive function (Alzheimer disease, 2021).
5	1	ET-RAG	test.agent_etrag	A1	+ Evidence quality	cosine retrieval + evidence quality	0.7	0.3	0.0	3	Which imaging modality was first introduced to visualize brain amyloid in AD?	A. CT | B. MRI | C. Aβ-PET | D. SPECT	C	Aβ-PET	C	True	0.726836	3.127	2.359	0.0	28	20	0.505246	False	False	False	False	2024 Advancements and Challenges in Antiamyloid Therapy for.pdf | 2024 Immune Activation in Alzheimer Disease.pdf | 2024 Neuroinflammation in Alzheimer disease.pdf | 2025 Updates on mouse models of Alzheimer’s disease.pdf | Recent advances in Alzheimer’s disease mechanisms clinical trials and new drug development strategies.pdf | alzheimer disease  2021.pdf	C. Aβ-PET. The introduction of Aβ-PET imaging in 2004 clarified the roles of FDG-PET and MRI in evaluating Alzheimer’s disease (AD) (Alzheimer disease, 2021).	C. Aβ-PET. The introduction of Aβ-PET imaging in 2004 clarified the roles of FDG-PET and MRI in evaluating Alzheimer’s disease (AD) (Alzheimer disease, 2021).
5	1	ET-RAG	test.agent_etrag	A1	+ Evidence quality	cosine retrieval + evidence quality	0.7	0.3	0.0	4	Which gut-related intervention shows potential for AD treatment?	A. Probiotics | B. Vitamin D | C. Antibiotics | D. Statins	A	Probiotics	A	True	0.709764	3.483	2.383	0.0	8	8	0.45647	False	False	False	False	2023-oxidative-damage-in-neurodegeneration-roles-in-the-pathogenesis-and-progression-of-alzheimer-disease.pdf | 2024 Advancements and Challenges in Antiamyloid Therapy for.pdf | 2024 Immune Activation in Alzheimer Disease.pdf | 2024 Neuroinflammation in Alzheimer disease.pdf | 2025 Updates on mouse models of Alzheimer’s disease.pdf | Recent advances in Alzheimer’s disease mechanisms clinical trials and new drug development strategies.pdf | alzheimer disease  2021.pdf	"A. Probiotics

Probiotics have shown potential in Alzheimer's disease (AD) treatment by improving cognitive parameters and reducing serum Aβ levels through microbiome modulation. Specifically, therapy with Bifidobacterium and Lactobacillus species-based probiotics after antibiotic administration has been reported to enhance blood-brain barrier integrity and memory deficits in mouse models of AD (Neuroinflammation in Alzheimer disease, 2024)."	"A. Probiotics

Probiotics have shown potential in Alzheimer's disease (AD) treatment by improving cognitive parameters and reducing serum Aβ levels through microbiome modulation. Specifically, therapy with Bifidobacterium and Lactobacillus species-based probiotics after antibiotic administration has been reported to enhance blood-brain barrier integrity and memory deficits in mouse models of AD (Neuroinflammation in Alzheimer disease, 2024)."
5	1	ET-RAG	test.agent_etrag	A1	+ Evidence quality	cosine retrieval + evidence quality	0.7	0.3	0.0	5	What is the typical spacing used in the Tallapoosa tract for loblolly pine?	A. 4x4 ft | B. 6x6 ft | C. 6x12 ft | D. 8x10 ft	NOT_COVERED	Not Covered	NOT_COVERED	True	0.92	2.727	2.119	0.0	15	15	0.418878	False	False	False	False	2023-oxidative-damage-in-neurodegeneration-roles-in-the-pathogenesis-and-progression-of-alzheimer-disease.pdf | 2024 Advancements and Challenges in Antiamyloid Therapy for.pdf | 2024 Cell type-specific roles of APOE4 in Alzheimer disease.pdf | 2024 Immune Activation in Alzheimer Disease.pdf | 2024 Linking activity dyshomeostasis and sleep disturbances in Alzheimer disease.pdf | 2025 Updates on mouse models of Alzheimer’s disease.pdf | Recent advances in Alzheimer’s disease mechanisms clinical trials and new drug development strategies.pdf | alzheimer disease  2021.pdf	Not covered.	Not covered.
5	1	ET-RAG	test.agent_etrag	A1	+ Evidence quality	cosine retrieval + evidence quality	0.7	0.3	0.0	6	The A-T-N biomarker framework includes tau as which letter?	A. A | B. T | C. N | D. None	B	T	B	True	0.717691	5.596	4.76	0.0	22	20	0.479116	False	False	False	False	2023-oxidative-damage-in-neurodegeneration-roles-in-the-pathogenesis-and-progression-of-alzheimer-disease.pdf | 2024 Advancements and Challenges in Antiamyloid Therapy for.pdf | 2024 Cell type-specific roles of APOE4 in Alzheimer disease.pdf | 2024 Immune Activation in Alzheimer Disease.pdf | 2024 Neuroinflammation in Alzheimer disease.pdf | 2025 Updates on mouse models of Alzheimer’s disease.pdf | Recent advances in Alzheimer’s disease mechanisms clinical trials and new drug development strategies.pdf | alzheimer disease  2021.pdf	"B. T

In the A-T-N biomarker framework, tau is represented by the letter ""T,"" indicating abnormal tau protein levels or tau pathology (Alzheimer disease, 2021)."	"B. T

In the A-T-N biomarker framework, tau is represented by the letter ""T,"" indicating abnormal tau protein levels or tau pathology (Alzheimer disease, 2021)."
5	1	ET-RAG	test.agent_etrag	A1	+ Evidence quality	cosine retrieval + evidence quality	0.7	0.3	0.0	7	Which age group is most at risk for cognitive disorders–associated AD?	A. <40 years | B. 40–65 years | C. 65–90 years | D. >90 years	D	>90 years	D	True	0.720509	4.487	2.409	0.0	26	20	0.487168	False	False	False	False	2023-oxidative-damage-in-neurodegeneration-roles-in-the-pathogenesis-and-progression-of-alzheimer-disease.pdf | 2024 Linking activity dyshomeostasis and sleep disturbances in Alzheimer disease.pdf | alzheimer disease  2021.pdf	"D. >90 years

The fastest-growing demographic segment at risk for cognitive disorders, particularly multi-aetiology dementia, is the oldest-old group (people aged >90 years), which has the highest risk of cognitive disorders (Alzheimer disease, 2021). The incidence of all-cause dementia increases steeply after 65 years and continues to rise thereafter, with the highest rates observed in those aged 90-94 years (Alzheimer disease, 2021)."	"D. >90 years

The fastest-growing demographic segment at risk for cognitive disorders, particularly multi-aetiology dementia, is the oldest-old group (people aged >90 years), which has the highest risk of cognitive disorders (Alzheimer disease, 2021). The incidence of all-cause dementia increases steeply after 65 years and continues to rise thereafter, with the highest rates observed in those aged 90-94 years (Alzheimer disease, 2021)."
5	1	ET-RAG	test.agent_etrag	A1	+ Evidence quality	cosine retrieval + evidence quality	0.7	0.3	0.0	8	Which sleep stage is critical for metabolite clearance from the brain?	A. REM sleep | B. NREM sleep | C. Light sleep | D. Awake state	B	NREM sleep	B	True	0.702484	7.486	5.993	0.0	15	15	0.435668	False	False	False	False	2023-oxidative-damage-in-neurodegeneration-roles-in-the-pathogenesis-and-progression-of-alzheimer-disease.pdf | 2024 Advancements and Challenges in Antiamyloid Therapy for.pdf | 2024 Immune Activation in Alzheimer Disease.pdf | 2024 Linking activity dyshomeostasis and sleep disturbances in Alzheimer disease.pdf | 2025 Updates on mouse models of Alzheimer’s disease.pdf | Recent advances in Alzheimer’s disease mechanisms clinical trials and new drug development strategies.pdf | alzheimer disease  2021.pdf	"B. NREM sleep

NREM sleep, particularly during slow-wave sleep, is critical for metabolite clearance from the brain, including the clearance of amyloid-beta (Aβ) and other waste products. This process is facilitated by the glymphatic system, which is most active during NREM sleep (Linking activity dyshomeostasis and sleep disturbances in Alzheimer disease, 2024)."	"B. NREM sleep

NREM sleep, particularly during slow-wave sleep, is critical for metabolite clearance from the brain, including the clearance of amyloid-beta (Aβ) and other waste products. This process is facilitated by the glymphatic system, which is most active during NREM sleep (Linking activity dyshomeostasis and sleep disturbances in Alzheimer disease, 2024)."
5	1	ET-RAG	test.agent_etrag	A1	+ Evidence quality	cosine retrieval + evidence quality	0.7	0.3	0.0	9	What kind of volume change is associated with hearing loss in AD patients?	A. Increased brain volume | B. Decreased hippocampal volume | C. Increased white matter | D. Enlarged ventricles	B	Decreased hippocampal volume	B	True	0.708255	7.303	5.693	0.0	20	20	0.452157	False	False	False	False	2023-oxidative-damage-in-neurodegeneration-roles-in-the-pathogenesis-and-progression-of-alzheimer-disease.pdf | 2024 Advancements and Challenges in Antiamyloid Therapy for.pdf | 2024 Cell type-specific roles of APOE4 in Alzheimer disease.pdf | 2024 Immune Activation in Alzheimer Disease.pdf | 2024 Linking activity dyshomeostasis and sleep disturbances in Alzheimer disease.pdf | 2024 Neuroinflammation in Alzheimer disease.pdf | 2025 Oligodendrocytes in Alzheimer’s disease pathophysiology.pdf | 2025 Updates on mouse models of Alzheimer’s disease.pdf | Recent advances in Alzheimer’s disease mechanisms clinical trials and new drug development strategies.pdf | alzheimer disease  2021.pdf	"B. Decreased hippocampal volume. 

Hippocampal atrophy is associated with Alzheimer's disease (AD) and can occur in individuals with cognitive impairment, including those with hearing loss. This atrophy reflects tissue loss and is a common finding in AD patients (Alzheimer disease, 2021)."	"B. Decreased hippocampal volume. 

Hippocampal atrophy is associated with Alzheimer's disease (AD) and can occur in individuals with cognitive impairment, including those with hearing loss. This atrophy reflects tissue loss and is a common finding in AD patients (Alzheimer disease, 2021)."
5	1	ET-RAG	test.agent_etrag	A1	+ Evidence quality	cosine retrieval + evidence quality	0.7	0.3	0.0	10	The Mediterranean diet is primarily considered:	A. A treatment for AD | B. A preventive dietary strategy | C. A high-fat diet | D. A protein-reduction plan	B	A preventive dietary strategy	B	True	0.705118	4.108	3.201	0.0	19	19	0.443195	False	False	False	False	2023-oxidative-damage-in-neurodegeneration-roles-in-the-pathogenesis-and-progression-of-alzheimer-disease.pdf | 2024 Advancements and Challenges in Antiamyloid Therapy for.pdf | 2024 Neuroinflammation in Alzheimer disease.pdf | Recent advances in Alzheimer’s disease mechanisms clinical trials and new drug development strategies.pdf | alzheimer disease  2021.pdf	B. A preventive dietary strategy. The Mediterranean diet has been associated with a reduced risk of Alzheimer's disease (AD) and is considered a beneficial dietary pattern for cognitive health (Oxidative damage in neurodegeneration: roles in the pathogenesis and progression of Alzheimer disease, 2023; Alzheimer disease, 2021).	B. A preventive dietary strategy. The Mediterranean diet has been associated with a reduced risk of Alzheimer's disease (AD) and is considered a beneficial dietary pattern for cognitive health (Oxidative damage in neurodegeneration: roles in the pathogenesis and progression of Alzheimer disease, 2023; Alzheimer disease, 2021).
1	2	ET-RAG	test.agent_etrag	A2	+ Temporal recency	cosine retrieval + evidence quality + temporal recency	0.5	0.3	0.2	1	Which protein is considered a hallmark of Alzheimer’s disease (AD) pathology?	A. α-synuclein | B. Amyloid-beta (Aβ) | C. Huntingtin | D. Dopamine	B	Amyloid-beta (Aβ)	B	True	0.753737	4.6	2.975	0.0	41	20	0.582104	False	False	False	False	2023-oxidative-damage-in-neurodegeneration-roles-in-the-pathogenesis-and-progression-of-alzheimer-disease.pdf | 2024 Advancements and Challenges in Antiamyloid Therapy for.pdf | 2024 Cell type-specific roles of APOE4 in Alzheimer disease.pdf | 2024 Neuroinflammation in Alzheimer disease.pdf | alzheimer disease  2021.pdf	B. Amyloid-beta (Aβ) is considered a hallmark of Alzheimer’s disease (AD) pathology, characterized by the presence of β-amyloid-containing plaques and tau-containing neurofibrillary tangles (Alzheimer disease, 2021).	B. Amyloid-beta (Aβ) is considered a hallmark of Alzheimer’s disease (AD) pathology, characterized by the presence of β-amyloid-containing plaques and tau-containing neurofibrillary tangles (Alzheimer disease, 2021).
1	2	ET-RAG	test.agent_etrag	A2	+ Temporal recency	cosine retrieval + evidence quality + temporal recency	0.5	0.3	0.2	2	What type of sleep disorder is commonly associated with increased AD risk?	A. Narcolepsy | B. Insomnia | C. Obstructive sleep apnea (OSA) | D. Sleepwalking	C	Obstructive sleep apnea (OSA)	C	True	0.735385	4.244	2.786	0.0	22	20	0.529671	False	False	False	False	2023-oxidative-damage-in-neurodegeneration-roles-in-the-pathogenesis-and-progression-of-alzheimer-disease.pdf | 2024 Advancements and Challenges in Antiamyloid Therapy for.pdf | 2024 Cell type-specific roles of APOE4 in Alzheimer disease.pdf | 2024 Immune Activation in Alzheimer Disease.pdf | 2024 Linking activity dyshomeostasis and sleep disturbances in Alzheimer disease.pdf | 2024 Neuroinflammation in Alzheimer disease.pdf | 2025 Updates on mouse models of Alzheimer’s disease.pdf | alzheimer disease  2021.pdf	C. Obstructive sleep apnea (OSA) is commonly associated with increased AD risk. Sleep disturbances, including OSA, are linked to cognitive impairments in Alzheimer disease (AD) patients, as they contribute to fragmented sleep architecture and may exacerbate neurodegeneration (Linking activity dyshomeostasis and sleep disturbances in Alzheimer disease, 2024).	C. Obstructive sleep apnea (OSA) is commonly associated with increased AD risk. Sleep disturbances, including OSA, are linked to cognitive impairments in Alzheimer disease (AD) patients, as they contribute to fragmented sleep architecture and may exacerbate neurodegeneration (Linking activity dyshomeostasis and sleep disturbances in Alzheimer disease, 2024).
1	2	ET-RAG	test.agent_etrag	A2	+ Temporal recency	cosine retrieval + evidence quality + temporal recency	0.5	0.3	0.2	3	Which imaging modality was first introduced to visualize brain amyloid in AD?	A. CT | B. MRI | C. Aβ-PET | D. SPECT	C	Aβ-PET	C	True	0.752952	4.714	3.563	0.0	28	20	0.579862	False	False	False	False	2023-oxidative-damage-in-neurodegeneration-roles-in-the-pathogenesis-and-progression-of-alzheimer-disease.pdf | 2024 Advancements and Challenges in Antiamyloid Therapy for.pdf | 2024 Immune Activation in Alzheimer Disease.pdf | 2024 Neuroinflammation in Alzheimer disease.pdf | 2025 Updates on mouse models of Alzheimer’s disease.pdf | alzheimer disease  2021.pdf	"C. Aβ-PET  
The introduction of Aβ-PET imaging in 2004 clarified the roles of FDG-PET and MRI in evaluating patients with cognitive impairment, specifically for visualizing brain amyloid in Alzheimer's disease (Alzheimer disease, 2021)."	"C. Aβ-PET  
The introduction of Aβ-PET imaging in 2004 clarified the roles of FDG-PET and MRI in evaluating patients with cognitive impairment, specifically for visualizing brain amyloid in Alzheimer's disease (Alzheimer disease, 2021)."
1	2	ET-RAG	test.agent_etrag	A2	+ Temporal recency	cosine retrieval + evidence quality + temporal recency	0.5	0.3	0.2	4	Which gut-related intervention shows potential for AD treatment?	A. Probiotics | B. Vitamin D | C. Antibiotics | D. Statins	A	Probiotics	A	True	0.742117	7.576	5.25	0.0	8	8	0.548907	False	False	False	False	2023-oxidative-damage-in-neurodegeneration-roles-in-the-pathogenesis-and-progression-of-alzheimer-disease.pdf | 2024 Advancements and Challenges in Antiamyloid Therapy for.pdf | 2024 Immune Activation in Alzheimer Disease.pdf | 2024 Neuroinflammation in Alzheimer disease.pdf | 2025 Updates on mouse models of Alzheimer’s disease.pdf | Recent advances in Alzheimer’s disease mechanisms clinical trials and new drug development strategies.pdf | alzheimer disease  2021.pdf	"A. Probiotics

Probiotics, specifically Bifidobacterium and Lactobacillus species, have shown potential in improving blood-brain barrier integrity and memory deficits in mouse models of Alzheimer's disease (AD) after antibiotic-induced microbiome depletion (Neuroinflammation in Alzheimer disease, 2024). Additionally, the microbiota-gut-brain axis suggests that gut health influences brain function, indicating that probiotics could be a viable therapeutic strategy for AD (Recent advances in Alzheimer’s disease: mechanisms, clinical trials and new drug development strategies, year unknown)."	"A. Probiotics

Probiotics, specifically Bifidobacterium and Lactobacillus species, have shown potential in improving blood-brain barrier integrity and memory deficits in mouse models of Alzheimer's disease (AD) after antibiotic-induced microbiome depletion (Neuroinflammation in Alzheimer disease, 2024). Additionally, the microbiota-gut-brain axis suggests that gut health influences brain function, indicating that probiotics could be a viable therapeutic strategy for AD (Recent advances in Alzheimer’s disease: mechanisms, clinical trials and new drug development strategies, year unknown)."
1	2	ET-RAG	test.agent_etrag	A2	+ Temporal recency	cosine retrieval + evidence quality + temporal recency	0.5	0.3	0.2	5	What is the typical spacing used in the Tallapoosa tract for loblolly pine?	A. 4x4 ft | B. 6x6 ft | C. 6x12 ft | D. 8x10 ft	NOT_COVERED	Not Covered	NOT_COVERED	True	0.92	4.24	2.509	0.0	15	15	0.519399	False	False	False	False	2023-oxidative-damage-in-neurodegeneration-roles-in-the-pathogenesis-and-progression-of-alzheimer-disease.pdf | 2024 Advancements and Challenges in Antiamyloid Therapy for.pdf | 2024 Cell type-specific roles of APOE4 in Alzheimer disease.pdf | 2024 Immune Activation in Alzheimer Disease.pdf | 2024 Linking activity dyshomeostasis and sleep disturbances in Alzheimer disease.pdf | 2025 Updates on mouse models of Alzheimer’s disease.pdf | Recent advances in Alzheimer’s disease mechanisms clinical trials and new drug development strategies.pdf | alzheimer disease  2021.pdf	Not covered.	Not covered.
1	2	ET-RAG	test.agent_etrag	A2	+ Temporal recency	cosine retrieval + evidence quality + temporal recency	0.5	0.3	0.2	6	The A-T-N biomarker framework includes tau as which letter?	A. A | B. T | C. N | D. None	B	T	B	True	0.746379	4.065	2.99	0.0	22	20	0.561084	False	False	False	False	2023-oxidative-damage-in-neurodegeneration-roles-in-the-pathogenesis-and-progression-of-alzheimer-disease.pdf | 2024 Advancements and Challenges in Antiamyloid Therapy for.pdf | 2024 Cell type-specific roles of APOE4 in Alzheimer disease.pdf | 2024 Immune Activation in Alzheimer Disease.pdf | 2024 Neuroinflammation in Alzheimer disease.pdf | 2025 Updates on mouse models of Alzheimer’s disease.pdf | alzheimer disease  2021.pdf	"B. T

In the A-T-N biomarker framework, tau is represented by the letter ""T,"" indicating abnormal tau protein levels, which are crucial for diagnosing Alzheimer's disease (AD) (Alzheimer disease, 2021)."	"B. T

In the A-T-N biomarker framework, tau is represented by the letter ""T,"" indicating abnormal tau protein levels, which are crucial for diagnosing Alzheimer's disease (AD) (Alzheimer disease, 2021)."
1	2	ET-RAG	test.agent_etrag	A2	+ Temporal recency	cosine retrieval + evidence quality + temporal recency	0.5	0.3	0.2	7	Which age group is most at risk for cognitive disorders–associated AD?	A. <40 years | B. 40–65 years | C. 65–90 years | D. >90 years	D	>90 years	C	False	0.747984	4.594	2.309	0.0	26	20	0.56567	False	False	False	False	2023-oxidative-damage-in-neurodegeneration-roles-in-the-pathogenesis-and-progression-of-alzheimer-disease.pdf | 2024 Linking activity dyshomeostasis and sleep disturbances in Alzheimer disease.pdf | 2024 Neuroinflammation in Alzheimer disease.pdf | 2025 Updates on mouse models of Alzheimer’s disease.pdf | alzheimer disease  2021.pdf	"C. 65–90 years

The prevalence of overt cognitive impairment increases exponentially with advancing age, particularly after 65 years, with the incidence of dementia rising steeply in this age group (Alzheimer disease, 2021). Additionally, the fastest-growing demographic segment at risk for cognitive disorders is the oldest-old group (people aged >90 years), which has the highest risk of multi-aetiology dementia (Alzheimer disease, 2021)."	"C. 65–90 years

The prevalence of overt cognitive impairment increases exponentially with advancing age, particularly after 65 years, with the incidence of dementia rising steeply in this age group (Alzheimer disease, 2021). Additionally, the fastest-growing demographic segment at risk for cognitive disorders is the oldest-old group (people aged >90 years), which has the highest risk of multi-aetiology dementia (Alzheimer disease, 2021)."
1	2	ET-RAG	test.agent_etrag	A2	+ Temporal recency	cosine retrieval + evidence quality + temporal recency	0.5	0.3	0.2	8	Which sleep stage is critical for metabolite clearance from the brain?	A. REM sleep | B. NREM sleep | C. Light sleep | D. Awake state	B	NREM sleep	B	True	0.735286	4.301	2.657	0.0	15	15	0.529388	False	False	False	False	2023-oxidative-damage-in-neurodegeneration-roles-in-the-pathogenesis-and-progression-of-alzheimer-disease.pdf | 2024 Advancements and Challenges in Antiamyloid Therapy for.pdf | 2024 Immune Activation in Alzheimer Disease.pdf | 2024 Linking activity dyshomeostasis and sleep disturbances in Alzheimer disease.pdf | 2025 Updates on mouse models of Alzheimer’s disease.pdf | Recent advances in Alzheimer’s disease mechanisms clinical trials and new drug development strategies.pdf | alzheimer disease  2021.pdf	"B. NREM sleep

NREM sleep, particularly slow-wave sleep, is critical for metabolite clearance from the brain, as it is associated with increased interstitial space and enhanced glymphatic function, facilitating the removal of waste products such as Aβ. This process is essential for maintaining brain health and is impaired in conditions like Alzheimer's disease (Linking activity dyshomeostasis and sleep disturbances in Alzheimer disease, 2024)."	"B. NREM sleep

NREM sleep, particularly slow-wave sleep, is critical for metabolite clearance from the brain, as it is associated with increased interstitial space and enhanced glymphatic function, facilitating the removal of waste products such as Aβ. This process is essential for maintaining brain health and is impaired in conditions like Alzheimer's disease (Linking activity dyshomeostasis and sleep disturbances in Alzheimer disease, 2024)."
1	2	ET-RAG	test.agent_etrag	A2	+ Temporal recency	cosine retrieval + evidence quality + temporal recency	0.5	0.3	0.2	9	What kind of volume change is associated with hearing loss in AD patients?	A. Increased brain volume | B. Decreased hippocampal volume | C. Increased white matter | D. Enlarged ventricles	B	Decreased hippocampal volume	B	True	0.7405	4.189	2.918	0.0	20	20	0.544285	False	False	False	False	2023-oxidative-damage-in-neurodegeneration-roles-in-the-pathogenesis-and-progression-of-alzheimer-disease.pdf | 2024 Advancements and Challenges in Antiamyloid Therapy for.pdf | 2024 Cell type-specific roles of APOE4 in Alzheimer disease.pdf | 2024 Immune Activation in Alzheimer Disease.pdf | 2024 Linking activity dyshomeostasis and sleep disturbances in Alzheimer disease.pdf | 2024 Neuroinflammation in Alzheimer disease.pdf | 2025 Oligodendrocytes in Alzheimer’s disease pathophysiology.pdf | 2025 Updates on mouse models of Alzheimer’s disease.pdf | Recent advances in Alzheimer’s disease mechanisms clinical trials and new drug development strategies.pdf | alzheimer disease  2021.pdf	"B. Decreased hippocampal volume. 

Hippocampal atrophy is associated with Alzheimer’s disease and is a common finding in patients with cognitive impairment, including those with hearing loss (Alzheimer disease, 2021). The relationship between auditory dysfunction and brain volume changes, particularly in the hippocampus, suggests that decreased hippocampal volume may be linked to hearing impairment in AD patients."	"B. Decreased hippocampal volume. 

Hippocampal atrophy is associated with Alzheimer’s disease and is a common finding in patients with cognitive impairment, including those with hearing loss (Alzheimer disease, 2021). The relationship between auditory dysfunction and brain volume changes, particularly in the hippocampus, suggests that decreased hippocampal volume may be linked to hearing impairment in AD patients."
1	2	ET-RAG	test.agent_etrag	A2	+ Temporal recency	cosine retrieval + evidence quality + temporal recency	0.5	0.3	0.2	10	The Mediterranean diet is primarily considered:	A. A treatment for AD | B. A preventive dietary strategy | C. A high-fat diet | D. A protein-reduction plan	B	A preventive dietary strategy	B	True	0.735667	3.962	2.596	0.0	19	19	0.530478	False	False	False	False	2023-oxidative-damage-in-neurodegeneration-roles-in-the-pathogenesis-and-progression-of-alzheimer-disease.pdf | 2024 Advancements and Challenges in Antiamyloid Therapy for.pdf | 2024 Neuroinflammation in Alzheimer disease.pdf | Recent advances in Alzheimer’s disease mechanisms clinical trials and new drug development strategies.pdf | alzheimer disease  2021.pdf	B. A preventive dietary strategy. The Mediterranean diet has been linked to a reduced risk of Alzheimer's disease (AD) and is considered a preventive approach to maintain cognitive health (Oxidative damage in neurodegeneration: roles in the pathogenesis and progression of Alzheimer disease, 2023; Neuroinflammation in Alzheimer disease, 2024).	B. A preventive dietary strategy. The Mediterranean diet has been linked to a reduced risk of Alzheimer's disease (AD) and is considered a preventive approach to maintain cognitive health (Oxidative damage in neurodegeneration: roles in the pathogenesis and progression of Alzheimer disease, 2023; Neuroinflammation in Alzheimer disease, 2024).
2	2	ET-RAG	test.agent_etrag	A2	+ Temporal recency	cosine retrieval + evidence quality + temporal recency	0.5	0.3	0.2	1	Which protein is considered a hallmark of Alzheimer’s disease (AD) pathology?	A. α-synuclein | B. Amyloid-beta (Aβ) | C. Huntingtin | D. Dopamine	B	Amyloid-beta (Aβ)	B	True	0.753737	4.138	3.239	0.0	41	20	0.582104	False	False	False	False	2023-oxidative-damage-in-neurodegeneration-roles-in-the-pathogenesis-and-progression-of-alzheimer-disease.pdf | 2024 Advancements and Challenges in Antiamyloid Therapy for.pdf | 2024 Cell type-specific roles of APOE4 in Alzheimer disease.pdf | 2024 Neuroinflammation in Alzheimer disease.pdf | alzheimer disease  2021.pdf	B. Amyloid-beta (Aβ) is considered a hallmark of Alzheimer’s disease (AD) pathology, characterized by the presence of β-amyloid-containing plaques and tau-containing neurofibrillary tangles (Alzheimer disease, 2021).	B. Amyloid-beta (Aβ) is considered a hallmark of Alzheimer’s disease (AD) pathology, characterized by the presence of β-amyloid-containing plaques and tau-containing neurofibrillary tangles (Alzheimer disease, 2021).
2	2	ET-RAG	test.agent_etrag	A2	+ Temporal recency	cosine retrieval + evidence quality + temporal recency	0.5	0.3	0.2	2	What type of sleep disorder is commonly associated with increased AD risk?	A. Narcolepsy | B. Insomnia | C. Obstructive sleep apnea (OSA) | D. Sleepwalking	C	Obstructive sleep apnea (OSA)	C	True	0.735391	5.884	2.841	0.0	22	20	0.529688	False	False	False	False	2023-oxidative-damage-in-neurodegeneration-roles-in-the-pathogenesis-and-progression-of-alzheimer-disease.pdf | 2024 Advancements and Challenges in Antiamyloid Therapy for.pdf | 2024 Cell type-specific roles of APOE4 in Alzheimer disease.pdf | 2024 Immune Activation in Alzheimer Disease.pdf | 2024 Linking activity dyshomeostasis and sleep disturbances in Alzheimer disease.pdf | 2024 Neuroinflammation in Alzheimer disease.pdf | 2025 Updates on mouse models of Alzheimer’s disease.pdf | alzheimer disease  2021.pdf	C. Obstructive sleep apnea (OSA) is commonly associated with increased AD risk. Sleep disturbances, including OSA, are linked to cognitive impairments in Alzheimer disease (AD) patients, as they contribute to fragmented sleep architecture and may exacerbate neurodegeneration (Linking activity dyshomeostasis and sleep disturbances in Alzheimer disease, 2024).	C. Obstructive sleep apnea (OSA) is commonly associated with increased AD risk. Sleep disturbances, including OSA, are linked to cognitive impairments in Alzheimer disease (AD) patients, as they contribute to fragmented sleep architecture and may exacerbate neurodegeneration (Linking activity dyshomeostasis and sleep disturbances in Alzheimer disease, 2024).
2	2	ET-RAG	test.agent_etrag	A2	+ Temporal recency	cosine retrieval + evidence quality + temporal recency	0.5	0.3	0.2	3	Which imaging modality was first introduced to visualize brain amyloid in AD?	A. CT | B. MRI | C. Aβ-PET | D. SPECT	C	Aβ-PET	C	True	0.752952	5.154	3.824	0.0	28	20	0.579861	False	False	False	False	2023-oxidative-damage-in-neurodegeneration-roles-in-the-pathogenesis-and-progression-of-alzheimer-disease.pdf | 2024 Advancements and Challenges in Antiamyloid Therapy for.pdf | 2024 Immune Activation in Alzheimer Disease.pdf | 2024 Neuroinflammation in Alzheimer disease.pdf | 2025 Updates on mouse models of Alzheimer’s disease.pdf | alzheimer disease  2021.pdf	C. Aβ-PET. The introduction of Aβ-PET imaging in 2004 clarified the roles of FDG-PET and MRI in evaluating patients with cognitive impairment and allowed for the direct visualization of amyloid plaque accumulation in Alzheimer’s disease (Alzheimer disease, 2021).	C. Aβ-PET. The introduction of Aβ-PET imaging in 2004 clarified the roles of FDG-PET and MRI in evaluating patients with cognitive impairment and allowed for the direct visualization of amyloid plaque accumulation in Alzheimer’s disease (Alzheimer disease, 2021).
2	2	ET-RAG	test.agent_etrag	A2	+ Temporal recency	cosine retrieval + evidence quality + temporal recency	0.5	0.3	0.2	4	Which gut-related intervention shows potential for AD treatment?	A. Probiotics | B. Vitamin D | C. Antibiotics | D. Statins	A	Probiotics	A	True	0.742115	4.26	2.762	0.0	8	8	0.548899	False	False	False	False	2023-oxidative-damage-in-neurodegeneration-roles-in-the-pathogenesis-and-progression-of-alzheimer-disease.pdf | 2024 Advancements and Challenges in Antiamyloid Therapy for.pdf | 2024 Immune Activation in Alzheimer Disease.pdf | 2024 Neuroinflammation in Alzheimer disease.pdf | 2025 Updates on mouse models of Alzheimer’s disease.pdf | Recent advances in Alzheimer’s disease mechanisms clinical trials and new drug development strategies.pdf | alzheimer disease  2021.pdf	"A. Probiotics

Probiotics, specifically Bifidobacterium and Lactobacillus species, have shown potential in improving blood-brain barrier integrity and memory deficits in mouse models of Alzheimer's disease (AD) after antibiotic-induced microbiome depletion (Neuroinflammation in Alzheimer disease, 2024). Additionally, the microbiota-gut-brain axis suggests that gut health influences brain function, indicating that probiotics may offer therapeutic benefits in AD treatment (Recent advances in Alzheimer’s disease: mechanisms, clinical trials and new drug development strategies, year unknown)."	"A. Probiotics

Probiotics, specifically Bifidobacterium and Lactobacillus species, have shown potential in improving blood-brain barrier integrity and memory deficits in mouse models of Alzheimer's disease (AD) after antibiotic-induced microbiome depletion (Neuroinflammation in Alzheimer disease, 2024). Additionally, the microbiota-gut-brain axis suggests that gut health influences brain function, indicating that probiotics may offer therapeutic benefits in AD treatment (Recent advances in Alzheimer’s disease: mechanisms, clinical trials and new drug development strategies, year unknown)."
2	2	ET-RAG	test.agent_etrag	A2	+ Temporal recency	cosine retrieval + evidence quality + temporal recency	0.5	0.3	0.2	5	What is the typical spacing used in the Tallapoosa tract for loblolly pine?	A. 4x4 ft | B. 6x6 ft | C. 6x12 ft | D. 8x10 ft	NOT_COVERED	Not Covered	NOT_COVERED	True	0.92	3.671	2.883	0.0	15	15	0.519402	False	False	False	False	2023-oxidative-damage-in-neurodegeneration-roles-in-the-pathogenesis-and-progression-of-alzheimer-disease.pdf | 2024 Advancements and Challenges in Antiamyloid Therapy for.pdf | 2024 Cell type-specific roles of APOE4 in Alzheimer disease.pdf | 2024 Immune Activation in Alzheimer Disease.pdf | 2024 Linking activity dyshomeostasis and sleep disturbances in Alzheimer disease.pdf | 2025 Updates on mouse models of Alzheimer’s disease.pdf | Recent advances in Alzheimer’s disease mechanisms clinical trials and new drug development strategies.pdf | alzheimer disease  2021.pdf	Not covered.	Not covered.
2	2	ET-RAG	test.agent_etrag	A2	+ Temporal recency	cosine retrieval + evidence quality + temporal recency	0.5	0.3	0.2	6	The A-T-N biomarker framework includes tau as which letter?	A. A | B. T | C. N | D. None	B	T	B	True	0.746379	3.568	2.681	0.0	22	20	0.561084	False	False	False	False	2023-oxidative-damage-in-neurodegeneration-roles-in-the-pathogenesis-and-progression-of-alzheimer-disease.pdf | 2024 Advancements and Challenges in Antiamyloid Therapy for.pdf | 2024 Cell type-specific roles of APOE4 in Alzheimer disease.pdf | 2024 Immune Activation in Alzheimer Disease.pdf | 2024 Neuroinflammation in Alzheimer disease.pdf | 2025 Updates on mouse models of Alzheimer’s disease.pdf | alzheimer disease  2021.pdf	"B. T

In the A-T-N biomarker framework, tau is represented by the letter ""T,"" indicating abnormal tau protein levels, which are crucial for diagnosing Alzheimer's disease (AD) pathology (Alzheimer disease, 2021)."	"B. T

In the A-T-N biomarker framework, tau is represented by the letter ""T,"" indicating abnormal tau protein levels, which are crucial for diagnosing Alzheimer's disease (AD) pathology (Alzheimer disease, 2021)."
2	2	ET-RAG	test.agent_etrag	A2	+ Temporal recency	cosine retrieval + evidence quality + temporal recency	0.5	0.3	0.2	7	Which age group is most at risk for cognitive disorders–associated AD?	A. <40 years | B. 40–65 years | C. 65–90 years | D. >90 years	D	>90 years	C	False	0.747984	5.106	3.529	0.0	26	20	0.565668	False	False	False	False	2023-oxidative-damage-in-neurodegeneration-roles-in-the-pathogenesis-and-progression-of-alzheimer-disease.pdf | 2024 Linking activity dyshomeostasis and sleep disturbances in Alzheimer disease.pdf | 2024 Neuroinflammation in Alzheimer disease.pdf | 2025 Updates on mouse models of Alzheimer’s disease.pdf | alzheimer disease  2021.pdf	"C. 65–90 years

The prevalence of overt cognitive impairment increases exponentially with advancing age, particularly after 65 years, with the incidence of dementia rising steeply in this age group (Alzheimer disease, 2021). Additionally, the fastest-growing demographic segment at risk for cognitive disorders is the oldest-old group (people aged >90 years), which has the highest risk of multi-aetiology dementia (Alzheimer disease, 2021)."	"C. 65–90 years

The prevalence of overt cognitive impairment increases exponentially with advancing age, particularly after 65 years, with the incidence of dementia rising steeply in this age group (Alzheimer disease, 2021). Additionally, the fastest-growing demographic segment at risk for cognitive disorders is the oldest-old group (people aged >90 years), which has the highest risk of multi-aetiology dementia (Alzheimer disease, 2021)."
2	2	ET-RAG	test.agent_etrag	A2	+ Temporal recency	cosine retrieval + evidence quality + temporal recency	0.5	0.3	0.2	8	Which sleep stage is critical for metabolite clearance from the brain?	A. REM sleep | B. NREM sleep | C. Light sleep | D. Awake state	B	NREM sleep	B	True	0.735273	6.13	4.303	0.0	15	15	0.529351	False	False	False	False	2023-oxidative-damage-in-neurodegeneration-roles-in-the-pathogenesis-and-progression-of-alzheimer-disease.pdf | 2024 Advancements and Challenges in Antiamyloid Therapy for.pdf | 2024 Immune Activation in Alzheimer Disease.pdf | 2024 Linking activity dyshomeostasis and sleep disturbances in Alzheimer disease.pdf | 2025 Updates on mouse models of Alzheimer’s disease.pdf | Recent advances in Alzheimer’s disease mechanisms clinical trials and new drug development strategies.pdf | alzheimer disease  2021.pdf	"B. NREM sleep

NREM sleep, particularly slow-wave sleep, is critical for metabolite clearance from the brain, as it is associated with increased interstitial space and enhanced glymphatic function, facilitating the removal of waste products such as Aβ. This process is essential for maintaining brain health and is impaired in conditions like Alzheimer's disease (Linking activity dyshomeostasis and sleep disturbances in Alzheimer disease, 2024)."	"B. NREM sleep

NREM sleep, particularly slow-wave sleep, is critical for metabolite clearance from the brain, as it is associated with increased interstitial space and enhanced glymphatic function, facilitating the removal of waste products such as Aβ. This process is essential for maintaining brain health and is impaired in conditions like Alzheimer's disease (Linking activity dyshomeostasis and sleep disturbances in Alzheimer disease, 2024)."
2	2	ET-RAG	test.agent_etrag	A2	+ Temporal recency	cosine retrieval + evidence quality + temporal recency	0.5	0.3	0.2	9	What kind of volume change is associated with hearing loss in AD patients?	A. Increased brain volume | B. Decreased hippocampal volume | C. Increased white matter | D. Enlarged ventricles	B	Decreased hippocampal volume	B	True	0.740512	3.581	2.54	0.0	20	20	0.544321	False	False	False	False	2023-oxidative-damage-in-neurodegeneration-roles-in-the-pathogenesis-and-progression-of-alzheimer-disease.pdf | 2024 Advancements and Challenges in Antiamyloid Therapy for.pdf | 2024 Cell type-specific roles of APOE4 in Alzheimer disease.pdf | 2024 Immune Activation in Alzheimer Disease.pdf | 2024 Linking activity dyshomeostasis and sleep disturbances in Alzheimer disease.pdf | 2024 Neuroinflammation in Alzheimer disease.pdf | 2025 Oligodendrocytes in Alzheimer’s disease pathophysiology.pdf | 2025 Updates on mouse models of Alzheimer’s disease.pdf | Recent advances in Alzheimer’s disease mechanisms clinical trials and new drug development strategies.pdf | alzheimer disease  2021.pdf	"B. Decreased hippocampal volume. 

Hippocampal atrophy is associated with Alzheimer’s disease and is a common finding in patients with cognitive impairment, including those with hearing loss (Alzheimer disease, 2021). The relationship between auditory dysfunction and hippocampal volume changes suggests that decreased hippocampal volume may be linked to hearing impairment in AD patients."	"B. Decreased hippocampal volume. 

Hippocampal atrophy is associated with Alzheimer’s disease and is a common finding in patients with cognitive impairment, including those with hearing loss (Alzheimer disease, 2021). The relationship between auditory dysfunction and hippocampal volume changes suggests that decreased hippocampal volume may be linked to hearing impairment in AD patients."
2	2	ET-RAG	test.agent_etrag	A2	+ Temporal recency	cosine retrieval + evidence quality + temporal recency	0.5	0.3	0.2	10	The Mediterranean diet is primarily considered:	A. A treatment for AD | B. A preventive dietary strategy | C. A high-fat diet | D. A protein-reduction plan	B	A preventive dietary strategy	B	True	0.73567	4.449	2.612	0.0	19	19	0.530486	False	False	False	False	2023-oxidative-damage-in-neurodegeneration-roles-in-the-pathogenesis-and-progression-of-alzheimer-disease.pdf | 2024 Advancements and Challenges in Antiamyloid Therapy for.pdf | 2024 Neuroinflammation in Alzheimer disease.pdf | Recent advances in Alzheimer’s disease mechanisms clinical trials and new drug development strategies.pdf | alzheimer disease  2021.pdf	B. A preventive dietary strategy. The Mediterranean diet has been linked to a reduced risk of Alzheimer's disease (AD) and is considered a preventive approach to maintain cognitive health (Oxidative damage in neurodegeneration: roles in the pathogenesis and progression of Alzheimer disease, 2023; Neuroinflammation in Alzheimer disease, 2024).	B. A preventive dietary strategy. The Mediterranean diet has been linked to a reduced risk of Alzheimer's disease (AD) and is considered a preventive approach to maintain cognitive health (Oxidative damage in neurodegeneration: roles in the pathogenesis and progression of Alzheimer disease, 2023; Neuroinflammation in Alzheimer disease, 2024).
3	2	ET-RAG	test.agent_etrag	A2	+ Temporal recency	cosine retrieval + evidence quality + temporal recency	0.5	0.3	0.2	1	Which protein is considered a hallmark of Alzheimer’s disease (AD) pathology?	A. α-synuclein | B. Amyloid-beta (Aβ) | C. Huntingtin | D. Dopamine	B	Amyloid-beta (Aβ)	B	True	0.753741	4.235	3.214	0.0	41	20	0.582118	False	False	False	False	2023-oxidative-damage-in-neurodegeneration-roles-in-the-pathogenesis-and-progression-of-alzheimer-disease.pdf | 2024 Advancements and Challenges in Antiamyloid Therapy for.pdf | 2024 Cell type-specific roles of APOE4 in Alzheimer disease.pdf | 2024 Neuroinflammation in Alzheimer disease.pdf | alzheimer disease  2021.pdf	B. Amyloid-beta (Aβ) is considered a hallmark of Alzheimer’s disease (AD) pathology, characterized by the presence of β-amyloid-containing plaques and tau-containing neurofibrillary tangles (Alzheimer disease, 2021).	B. Amyloid-beta (Aβ) is considered a hallmark of Alzheimer’s disease (AD) pathology, characterized by the presence of β-amyloid-containing plaques and tau-containing neurofibrillary tangles (Alzheimer disease, 2021).
3	2	ET-RAG	test.agent_etrag	A2	+ Temporal recency	cosine retrieval + evidence quality + temporal recency	0.5	0.3	0.2	2	What type of sleep disorder is commonly associated with increased AD risk?	A. Narcolepsy | B. Insomnia | C. Obstructive sleep apnea (OSA) | D. Sleepwalking	C	Obstructive sleep apnea (OSA)	C	True	0.735231	20.806	19.166	0.0	21	20	0.529232	False	False	False	False	2023-oxidative-damage-in-neurodegeneration-roles-in-the-pathogenesis-and-progression-of-alzheimer-disease.pdf | 2024 Advancements and Challenges in Antiamyloid Therapy for.pdf | 2024 Cell type-specific roles of APOE4 in Alzheimer disease.pdf | 2024 Immune Activation in Alzheimer Disease.pdf | 2024 Linking activity dyshomeostasis and sleep disturbances in Alzheimer disease.pdf | 2024 Neuroinflammation in Alzheimer disease.pdf | 2025 Updates on mouse models of Alzheimer’s disease.pdf | alzheimer disease  2021.pdf	C. Obstructive sleep apnea (OSA) is commonly associated with increased AD risk. Sleep disturbances, including OSA, are linked to cognitive impairments in Alzheimer disease (AD) patients, as they contribute to fragmented sleep architecture and may exacerbate neurodegeneration (Linking activity dyshomeostasis and sleep disturbances in Alzheimer disease, 2024).	C. Obstructive sleep apnea (OSA) is commonly associated with increased AD risk. Sleep disturbances, including OSA, are linked to cognitive impairments in Alzheimer disease (AD) patients, as they contribute to fragmented sleep architecture and may exacerbate neurodegeneration (Linking activity dyshomeostasis and sleep disturbances in Alzheimer disease, 2024).
3	2	ET-RAG	test.agent_etrag	A2	+ Temporal recency	cosine retrieval + evidence quality + temporal recency	0.5	0.3	0.2	3	Which imaging modality was first introduced to visualize brain amyloid in AD?	A. CT | B. MRI | C. Aβ-PET | D. SPECT	C	Aβ-PET	C	True	0.752952	4.436	3.336	0.0	28	20	0.579864	False	False	False	False	2023-oxidative-damage-in-neurodegeneration-roles-in-the-pathogenesis-and-progression-of-alzheimer-disease.pdf | 2024 Advancements and Challenges in Antiamyloid Therapy for.pdf | 2024 Immune Activation in Alzheimer Disease.pdf | 2024 Neuroinflammation in Alzheimer disease.pdf | 2025 Updates on mouse models of Alzheimer’s disease.pdf | alzheimer disease  2021.pdf	"C. Aβ-PET  
The introduction of Aβ-PET imaging in 2004 clarified the roles of FDG-PET and MRI in evaluating patients with cognitive impairment and allowed for the direct visualization of amyloid plaque accumulation in Alzheimer’s disease (Alzheimer disease, 2021)."	"C. Aβ-PET  
The introduction of Aβ-PET imaging in 2004 clarified the roles of FDG-PET and MRI in evaluating patients with cognitive impairment and allowed for the direct visualization of amyloid plaque accumulation in Alzheimer’s disease (Alzheimer disease, 2021)."
3	2	ET-RAG	test.agent_etrag	A2	+ Temporal recency	cosine retrieval + evidence quality + temporal recency	0.5	0.3	0.2	4	Which gut-related intervention shows potential for AD treatment?	A. Probiotics | B. Vitamin D | C. Antibiotics | D. Statins	A	Probiotics	A	True	0.742117	4.616	3.151	0.0	8	8	0.548907	False	False	False	False	2023-oxidative-damage-in-neurodegeneration-roles-in-the-pathogenesis-and-progression-of-alzheimer-disease.pdf | 2024 Advancements and Challenges in Antiamyloid Therapy for.pdf | 2024 Immune Activation in Alzheimer Disease.pdf | 2024 Neuroinflammation in Alzheimer disease.pdf | 2025 Updates on mouse models of Alzheimer’s disease.pdf | Recent advances in Alzheimer’s disease mechanisms clinical trials and new drug development strategies.pdf | alzheimer disease  2021.pdf	"A. Probiotics

Probiotics, specifically Bifidobacterium and Lactobacillus species, have shown potential in improving blood-brain barrier integrity and memory deficits in mouse models of Alzheimer's disease (AD) after antibiotic-induced microbiome depletion (Neuroinflammation in Alzheimer disease, 2024). Additionally, the microbiota-gut-brain axis suggests that gut health influences brain function, indicating that probiotics could be a viable therapeutic strategy for AD (Recent advances in Alzheimer’s disease: mechanisms, clinical trials and new drug development strategies, year unknown)."	"A. Probiotics

Probiotics, specifically Bifidobacterium and Lactobacillus species, have shown potential in improving blood-brain barrier integrity and memory deficits in mouse models of Alzheimer's disease (AD) after antibiotic-induced microbiome depletion (Neuroinflammation in Alzheimer disease, 2024). Additionally, the microbiota-gut-brain axis suggests that gut health influences brain function, indicating that probiotics could be a viable therapeutic strategy for AD (Recent advances in Alzheimer’s disease: mechanisms, clinical trials and new drug development strategies, year unknown)."
3	2	ET-RAG	test.agent_etrag	A2	+ Temporal recency	cosine retrieval + evidence quality + temporal recency	0.5	0.3	0.2	5	What is the typical spacing used in the Tallapoosa tract for loblolly pine?	A. 4x4 ft | B. 6x6 ft | C. 6x12 ft | D. 8x10 ft	NOT_COVERED	Not Covered	NOT_COVERED	True	0.92	8.864	8.062	0.0	15	15	0.519385	False	False	False	False	2023-oxidative-damage-in-neurodegeneration-roles-in-the-pathogenesis-and-progression-of-alzheimer-disease.pdf | 2024 Advancements and Challenges in Antiamyloid Therapy for.pdf | 2024 Cell type-specific roles of APOE4 in Alzheimer disease.pdf | 2024 Immune Activation in Alzheimer Disease.pdf | 2024 Linking activity dyshomeostasis and sleep disturbances in Alzheimer disease.pdf | 2025 Updates on mouse models of Alzheimer’s disease.pdf | Recent advances in Alzheimer’s disease mechanisms clinical trials and new drug development strategies.pdf | alzheimer disease  2021.pdf	Not covered.	Not covered.
3	2	ET-RAG	test.agent_etrag	A2	+ Temporal recency	cosine retrieval + evidence quality + temporal recency	0.5	0.3	0.2	6	The A-T-N biomarker framework includes tau as which letter?	A. A | B. T | C. N | D. None	B	T	B	True	0.746379	5.216	4.349	0.0	22	20	0.561084	False	False	False	False	2023-oxidative-damage-in-neurodegeneration-roles-in-the-pathogenesis-and-progression-of-alzheimer-disease.pdf | 2024 Advancements and Challenges in Antiamyloid Therapy for.pdf | 2024 Cell type-specific roles of APOE4 in Alzheimer disease.pdf | 2024 Immune Activation in Alzheimer Disease.pdf | 2024 Neuroinflammation in Alzheimer disease.pdf | 2025 Updates on mouse models of Alzheimer’s disease.pdf | alzheimer disease  2021.pdf	"B. T

In the A-T-N biomarker framework, tau is represented by the letter ""T,"" indicating abnormal tau protein levels, which are crucial for diagnosing Alzheimer's disease (AD) (Alzheimer disease, 2021)."	"B. T

In the A-T-N biomarker framework, tau is represented by the letter ""T,"" indicating abnormal tau protein levels, which are crucial for diagnosing Alzheimer's disease (AD) (Alzheimer disease, 2021)."
3	2	ET-RAG	test.agent_etrag	A2	+ Temporal recency	cosine retrieval + evidence quality + temporal recency	0.5	0.3	0.2	7	Which age group is most at risk for cognitive disorders–associated AD?	A. <40 years | B. 40–65 years | C. 65–90 years | D. >90 years	D	>90 years	C	False	0.747984	3.686	2.471	0.0	26	20	0.565668	False	False	False	False	2023-oxidative-damage-in-neurodegeneration-roles-in-the-pathogenesis-and-progression-of-alzheimer-disease.pdf | 2024 Linking activity dyshomeostasis and sleep disturbances in Alzheimer disease.pdf | 2024 Neuroinflammation in Alzheimer disease.pdf | 2025 Updates on mouse models of Alzheimer’s disease.pdf | alzheimer disease  2021.pdf	"C. 65–90 years

The prevalence of overt cognitive impairment increases exponentially with advancing age, particularly after 65 years, with the incidence of dementia rising steeply in this age group (Alzheimer disease, 2021). Additionally, the fastest-growing demographic segment at risk for cognitive disorders is the oldest-old group (people aged >90 years), which has the highest risk of multi-aetiology dementia (Alzheimer disease, 2021)."	"C. 65–90 years

The prevalence of overt cognitive impairment increases exponentially with advancing age, particularly after 65 years, with the incidence of dementia rising steeply in this age group (Alzheimer disease, 2021). Additionally, the fastest-growing demographic segment at risk for cognitive disorders is the oldest-old group (people aged >90 years), which has the highest risk of multi-aetiology dementia (Alzheimer disease, 2021)."
3	2	ET-RAG	test.agent_etrag	A2	+ Temporal recency	cosine retrieval + evidence quality + temporal recency	0.5	0.3	0.2	8	Which sleep stage is critical for metabolite clearance from the brain?	A. REM sleep | B. NREM sleep | C. Light sleep | D. Awake state	B	NREM sleep	B	True	0.735272	3.974	2.411	0.0	15	15	0.529348	False	False	False	False	2023-oxidative-damage-in-neurodegeneration-roles-in-the-pathogenesis-and-progression-of-alzheimer-disease.pdf | 2024 Advancements and Challenges in Antiamyloid Therapy for.pdf | 2024 Immune Activation in Alzheimer Disease.pdf | 2024 Linking activity dyshomeostasis and sleep disturbances in Alzheimer disease.pdf | 2025 Updates on mouse models of Alzheimer’s disease.pdf | Recent advances in Alzheimer’s disease mechanisms clinical trials and new drug development strategies.pdf | alzheimer disease  2021.pdf	"B. NREM sleep  
NREM sleep, particularly slow-wave sleep, is critical for metabolite clearance from the brain, as it is associated with increased interstitial space and enhanced glymphatic function, facilitating the removal of waste products like Aβ. This process is essential for maintaining brain health and is impaired in conditions such as Alzheimer's disease (Linking activity dyshomeostasis and sleep disturbances in Alzheimer disease, 2024)."	"B. NREM sleep  
NREM sleep, particularly slow-wave sleep, is critical for metabolite clearance from the brain, as it is associated with increased interstitial space and enhanced glymphatic function, facilitating the removal of waste products like Aβ. This process is essential for maintaining brain health and is impaired in conditions such as Alzheimer's disease (Linking activity dyshomeostasis and sleep disturbances in Alzheimer disease, 2024)."
3	2	ET-RAG	test.agent_etrag	A2	+ Temporal recency	cosine retrieval + evidence quality + temporal recency	0.5	0.3	0.2	9	What kind of volume change is associated with hearing loss in AD patients?	A. Increased brain volume | B. Decreased hippocampal volume | C. Increased white matter | D. Enlarged ventricles	B	Decreased hippocampal volume	B	True	0.740497	3.301	2.127	0.0	20	20	0.544277	False	False	False	False	2023-oxidative-damage-in-neurodegeneration-roles-in-the-pathogenesis-and-progression-of-alzheimer-disease.pdf | 2024 Advancements and Challenges in Antiamyloid Therapy for.pdf | 2024 Cell type-specific roles of APOE4 in Alzheimer disease.pdf | 2024 Immune Activation in Alzheimer Disease.pdf | 2024 Linking activity dyshomeostasis and sleep disturbances in Alzheimer disease.pdf | 2024 Neuroinflammation in Alzheimer disease.pdf | 2025 Oligodendrocytes in Alzheimer’s disease pathophysiology.pdf | 2025 Updates on mouse models of Alzheimer’s disease.pdf | Recent advances in Alzheimer’s disease mechanisms clinical trials and new drug development strategies.pdf | alzheimer disease  2021.pdf	"B. Decreased hippocampal volume. 

Hippocampal atrophy is associated with Alzheimer's disease and is a common finding in patients with cognitive impairment, including those with hearing loss (Alzheimer disease, 2021). The relationship between auditory dysfunction and hippocampal volume changes suggests that decreased hippocampal volume may be linked to hearing impairment in AD patients."	"B. Decreased hippocampal volume. 

Hippocampal atrophy is associated with Alzheimer's disease and is a common finding in patients with cognitive impairment, including those with hearing loss (Alzheimer disease, 2021). The relationship between auditory dysfunction and hippocampal volume changes suggests that decreased hippocampal volume may be linked to hearing impairment in AD patients."
3	2	ET-RAG	test.agent_etrag	A2	+ Temporal recency	cosine retrieval + evidence quality + temporal recency	0.5	0.3	0.2	10	The Mediterranean diet is primarily considered:	A. A treatment for AD | B. A preventive dietary strategy | C. A high-fat diet | D. A protein-reduction plan	B	A preventive dietary strategy	B	True	0.735667	3.528	2.47	0.0	19	19	0.530478	False	False	False	False	2023-oxidative-damage-in-neurodegeneration-roles-in-the-pathogenesis-and-progression-of-alzheimer-disease.pdf | 2024 Advancements and Challenges in Antiamyloid Therapy for.pdf | 2024 Neuroinflammation in Alzheimer disease.pdf | Recent advances in Alzheimer’s disease mechanisms clinical trials and new drug development strategies.pdf | alzheimer disease  2021.pdf	B. A preventive dietary strategy. The Mediterranean diet has been associated with a reduced risk of Alzheimer's disease (AD) and is considered a beneficial dietary pattern for cognitive health (Oxidative damage in neurodegeneration: roles in the pathogenesis and progression of Alzheimer disease, 2023; Neuroinflammation in Alzheimer disease, 2024).	B. A preventive dietary strategy. The Mediterranean diet has been associated with a reduced risk of Alzheimer's disease (AD) and is considered a beneficial dietary pattern for cognitive health (Oxidative damage in neurodegeneration: roles in the pathogenesis and progression of Alzheimer disease, 2023; Neuroinflammation in Alzheimer disease, 2024).
4	2	ET-RAG	test.agent_etrag	A2	+ Temporal recency	cosine retrieval + evidence quality + temporal recency	0.5	0.3	0.2	1	Which protein is considered a hallmark of Alzheimer’s disease (AD) pathology?	A. α-synuclein | B. Amyloid-beta (Aβ) | C. Huntingtin | D. Dopamine	B	Amyloid-beta (Aβ)	B	True	0.753737	3.58	2.272	0.0	41	20	0.582104	False	False	False	False	2023-oxidative-damage-in-neurodegeneration-roles-in-the-pathogenesis-and-progression-of-alzheimer-disease.pdf | 2024 Advancements and Challenges in Antiamyloid Therapy for.pdf | 2024 Cell type-specific roles of APOE4 in Alzheimer disease.pdf | 2024 Neuroinflammation in Alzheimer disease.pdf | alzheimer disease  2021.pdf	B. Amyloid-beta (Aβ) is considered a hallmark of Alzheimer’s disease (AD) pathology, characterized by the presence of β-amyloid-containing plaques and tau-containing neurofibrillary tangles (Alzheimer disease, 2021).	B. Amyloid-beta (Aβ) is considered a hallmark of Alzheimer’s disease (AD) pathology, characterized by the presence of β-amyloid-containing plaques and tau-containing neurofibrillary tangles (Alzheimer disease, 2021).
4	2	ET-RAG	test.agent_etrag	A2	+ Temporal recency	cosine retrieval + evidence quality + temporal recency	0.5	0.3	0.2	2	What type of sleep disorder is commonly associated with increased AD risk?	A. Narcolepsy | B. Insomnia | C. Obstructive sleep apnea (OSA) | D. Sleepwalking	C	Obstructive sleep apnea (OSA)	C	True	0.735389	5.033	2.617	0.0	22	20	0.529682	False	False	False	False	2023-oxidative-damage-in-neurodegeneration-roles-in-the-pathogenesis-and-progression-of-alzheimer-disease.pdf | 2024 Advancements and Challenges in Antiamyloid Therapy for.pdf | 2024 Cell type-specific roles of APOE4 in Alzheimer disease.pdf | 2024 Immune Activation in Alzheimer Disease.pdf | 2024 Linking activity dyshomeostasis and sleep disturbances in Alzheimer disease.pdf | 2024 Neuroinflammation in Alzheimer disease.pdf | 2025 Updates on mouse models of Alzheimer’s disease.pdf | alzheimer disease  2021.pdf	C. Obstructive sleep apnea (OSA) is commonly associated with increased AD risk. Sleep disturbances, including OSA, are linked to cognitive impairments in Alzheimer disease (AD) patients, as they contribute to fragmented sleep architecture and may exacerbate neurodegeneration (Linking activity dyshomeostasis and sleep disturbances in Alzheimer disease, 2024).	C. Obstructive sleep apnea (OSA) is commonly associated with increased AD risk. Sleep disturbances, including OSA, are linked to cognitive impairments in Alzheimer disease (AD) patients, as they contribute to fragmented sleep architecture and may exacerbate neurodegeneration (Linking activity dyshomeostasis and sleep disturbances in Alzheimer disease, 2024).
4	2	ET-RAG	test.agent_etrag	A2	+ Temporal recency	cosine retrieval + evidence quality + temporal recency	0.5	0.3	0.2	3	Which imaging modality was first introduced to visualize brain amyloid in AD?	A. CT | B. MRI | C. Aβ-PET | D. SPECT	C	Aβ-PET	C	True	0.75295	3.321	2.243	0.0	28	20	0.579858	False	False	False	False	2023-oxidative-damage-in-neurodegeneration-roles-in-the-pathogenesis-and-progression-of-alzheimer-disease.pdf | 2024 Advancements and Challenges in Antiamyloid Therapy for.pdf | 2024 Immune Activation in Alzheimer Disease.pdf | 2024 Neuroinflammation in Alzheimer disease.pdf | 2025 Updates on mouse models of Alzheimer’s disease.pdf | alzheimer disease  2021.pdf	"C. Aβ-PET  
The introduction of Aβ-PET imaging in 2004 clarified the roles of FDG-PET and MRI in evaluating patients with cognitive impairment and allowed for the direct visualization of amyloid plaque accumulation in Alzheimer's disease (Alzheimer disease, 2021)."	"C. Aβ-PET  
The introduction of Aβ-PET imaging in 2004 clarified the roles of FDG-PET and MRI in evaluating patients with cognitive impairment and allowed for the direct visualization of amyloid plaque accumulation in Alzheimer's disease (Alzheimer disease, 2021)."
4	2	ET-RAG	test.agent_etrag	A2	+ Temporal recency	cosine retrieval + evidence quality + temporal recency	0.5	0.3	0.2	4	Which gut-related intervention shows potential for AD treatment?	A. Probiotics | B. Vitamin D | C. Antibiotics | D. Statins	A	Probiotics	A	True	0.742119	3.92	2.528	0.0	8	8	0.548912	False	False	False	False	2023-oxidative-damage-in-neurodegeneration-roles-in-the-pathogenesis-and-progression-of-alzheimer-disease.pdf | 2024 Advancements and Challenges in Antiamyloid Therapy for.pdf | 2024 Immune Activation in Alzheimer Disease.pdf | 2024 Neuroinflammation in Alzheimer disease.pdf | 2025 Updates on mouse models of Alzheimer’s disease.pdf | Recent advances in Alzheimer’s disease mechanisms clinical trials and new drug development strategies.pdf | alzheimer disease  2021.pdf	"A. Probiotics

Probiotics, specifically Bifidobacterium and Lactobacillus species, have shown potential in improving blood-brain barrier integrity and memory deficits in mouse models of Alzheimer's disease (Neuroinflammation in Alzheimer disease, 2024). Additionally, the microbiota-gut-brain axis suggests that gut microbiome alterations can influence brain function and may offer novel therapeutic strategies for AD (Recent advances in Alzheimer’s disease: mechanisms, clinical trials and new drug development strategies, year unknown)."	"A. Probiotics

Probiotics, specifically Bifidobacterium and Lactobacillus species, have shown potential in improving blood-brain barrier integrity and memory deficits in mouse models of Alzheimer's disease (Neuroinflammation in Alzheimer disease, 2024). Additionally, the microbiota-gut-brain axis suggests that gut microbiome alterations can influence brain function and may offer novel therapeutic strategies for AD (Recent advances in Alzheimer’s disease: mechanisms, clinical trials and new drug development strategies, year unknown)."
4	2	ET-RAG	test.agent_etrag	A2	+ Temporal recency	cosine retrieval + evidence quality + temporal recency	0.5	0.3	0.2	5	What is the typical spacing used in the Tallapoosa tract for loblolly pine?	A. 4x4 ft | B. 6x6 ft | C. 6x12 ft | D. 8x10 ft	NOT_COVERED	Not Covered	NOT_COVERED	True	0.92	2.659	2.226	0.0	15	15	0.519404	False	False	False	False	2023-oxidative-damage-in-neurodegeneration-roles-in-the-pathogenesis-and-progression-of-alzheimer-disease.pdf | 2024 Advancements and Challenges in Antiamyloid Therapy for.pdf | 2024 Cell type-specific roles of APOE4 in Alzheimer disease.pdf | 2024 Immune Activation in Alzheimer Disease.pdf | 2024 Linking activity dyshomeostasis and sleep disturbances in Alzheimer disease.pdf | 2025 Updates on mouse models of Alzheimer’s disease.pdf | Recent advances in Alzheimer’s disease mechanisms clinical trials and new drug development strategies.pdf | alzheimer disease  2021.pdf	Not covered.	Not covered.
4	2	ET-RAG	test.agent_etrag	A2	+ Temporal recency	cosine retrieval + evidence quality + temporal recency	0.5	0.3	0.2	6	The A-T-N biomarker framework includes tau as which letter?	A. A | B. T | C. N | D. None	B	T	B	True	0.74638	3.053	2.125	0.0	22	20	0.561085	False	False	False	False	2023-oxidative-damage-in-neurodegeneration-roles-in-the-pathogenesis-and-progression-of-alzheimer-disease.pdf | 2024 Advancements and Challenges in Antiamyloid Therapy for.pdf | 2024 Cell type-specific roles of APOE4 in Alzheimer disease.pdf | 2024 Immune Activation in Alzheimer Disease.pdf | 2024 Neuroinflammation in Alzheimer disease.pdf | 2025 Updates on mouse models of Alzheimer’s disease.pdf | alzheimer disease  2021.pdf	"B. T

In the A-T-N biomarker framework, tau is represented by the letter ""T,"" indicating abnormal tau protein levels, which are crucial for diagnosing Alzheimer's disease (AD) (Alzheimer disease, 2021)."	"B. T

In the A-T-N biomarker framework, tau is represented by the letter ""T,"" indicating abnormal tau protein levels, which are crucial for diagnosing Alzheimer's disease (AD) (Alzheimer disease, 2021)."
4	2	ET-RAG	test.agent_etrag	A2	+ Temporal recency	cosine retrieval + evidence quality + temporal recency	0.5	0.3	0.2	7	Which age group is most at risk for cognitive disorders–associated AD?	A. <40 years | B. 40–65 years | C. 65–90 years | D. >90 years	D	>90 years	C	False	0.747984	3.822	2.316	0.0	26	20	0.56567	False	False	False	False	2023-oxidative-damage-in-neurodegeneration-roles-in-the-pathogenesis-and-progression-of-alzheimer-disease.pdf | 2024 Linking activity dyshomeostasis and sleep disturbances in Alzheimer disease.pdf | 2024 Neuroinflammation in Alzheimer disease.pdf | 2025 Updates on mouse models of Alzheimer’s disease.pdf | alzheimer disease  2021.pdf	"C. 65–90 years

The prevalence of overt cognitive impairment increases exponentially with advancing age, particularly after 65 years, with the incidence of dementia rising steeply in this age group (Alzheimer disease, 2021). Additionally, the fastest-growing demographic segment at risk for cognitive disorders is the oldest-old group (people aged >90 years), which has the highest risk of multi-aetiology dementia (Alzheimer disease, 2021)."	"C. 65–90 years

The prevalence of overt cognitive impairment increases exponentially with advancing age, particularly after 65 years, with the incidence of dementia rising steeply in this age group (Alzheimer disease, 2021). Additionally, the fastest-growing demographic segment at risk for cognitive disorders is the oldest-old group (people aged >90 years), which has the highest risk of multi-aetiology dementia (Alzheimer disease, 2021)."
4	2	ET-RAG	test.agent_etrag	A2	+ Temporal recency	cosine retrieval + evidence quality + temporal recency	0.5	0.3	0.2	8	Which sleep stage is critical for metabolite clearance from the brain?	A. REM sleep | B. NREM sleep | C. Light sleep | D. Awake state	B	NREM sleep	B	True	0.735272	3.477	2.183	0.0	15	15	0.529348	False	False	False	False	2023-oxidative-damage-in-neurodegeneration-roles-in-the-pathogenesis-and-progression-of-alzheimer-disease.pdf | 2024 Advancements and Challenges in Antiamyloid Therapy for.pdf | 2024 Immune Activation in Alzheimer Disease.pdf | 2024 Linking activity dyshomeostasis and sleep disturbances in Alzheimer disease.pdf | 2025 Updates on mouse models of Alzheimer’s disease.pdf | Recent advances in Alzheimer’s disease mechanisms clinical trials and new drug development strategies.pdf | alzheimer disease  2021.pdf	"B. NREM sleep  
NREM sleep, particularly slow-wave sleep, is critical for metabolite clearance from the brain, as it is associated with increased interstitial space and enhanced glymphatic function, facilitating the removal of waste products like Aβ. This process is essential for maintaining brain health and is impaired in conditions such as Alzheimer's disease (Linking activity dyshomeostasis and sleep disturbances in Alzheimer disease, 2024)."	"B. NREM sleep  
NREM sleep, particularly slow-wave sleep, is critical for metabolite clearance from the brain, as it is associated with increased interstitial space and enhanced glymphatic function, facilitating the removal of waste products like Aβ. This process is essential for maintaining brain health and is impaired in conditions such as Alzheimer's disease (Linking activity dyshomeostasis and sleep disturbances in Alzheimer disease, 2024)."
4	2	ET-RAG	test.agent_etrag	A2	+ Temporal recency	cosine retrieval + evidence quality + temporal recency	0.5	0.3	0.2	9	What kind of volume change is associated with hearing loss in AD patients?	A. Increased brain volume | B. Decreased hippocampal volume | C. Increased white matter | D. Enlarged ventricles	B	Decreased hippocampal volume	B	True	0.740515	4.154	2.438	0.0	20	20	0.544327	False	False	False	False	2023-oxidative-damage-in-neurodegeneration-roles-in-the-pathogenesis-and-progression-of-alzheimer-disease.pdf | 2024 Advancements and Challenges in Antiamyloid Therapy for.pdf | 2024 Cell type-specific roles of APOE4 in Alzheimer disease.pdf | 2024 Immune Activation in Alzheimer Disease.pdf | 2024 Linking activity dyshomeostasis and sleep disturbances in Alzheimer disease.pdf | 2024 Neuroinflammation in Alzheimer disease.pdf | 2025 Oligodendrocytes in Alzheimer’s disease pathophysiology.pdf | 2025 Updates on mouse models of Alzheimer’s disease.pdf | Recent advances in Alzheimer’s disease mechanisms clinical trials and new drug development strategies.pdf | alzheimer disease  2021.pdf	"B. Decreased hippocampal volume. 

Hippocampal atrophy is associated with Alzheimer's disease and is a common finding in patients with cognitive impairment, including those with hearing loss (Alzheimer disease, 2021). The relationship between auditory dysfunction and hippocampal volume changes suggests that decreased hippocampal volume may be linked to hearing impairment in AD patients."	"B. Decreased hippocampal volume. 

Hippocampal atrophy is associated with Alzheimer's disease and is a common finding in patients with cognitive impairment, including those with hearing loss (Alzheimer disease, 2021). The relationship between auditory dysfunction and hippocampal volume changes suggests that decreased hippocampal volume may be linked to hearing impairment in AD patients."
4	2	ET-RAG	test.agent_etrag	A2	+ Temporal recency	cosine retrieval + evidence quality + temporal recency	0.5	0.3	0.2	10	The Mediterranean diet is primarily considered:	A. A treatment for AD | B. A preventive dietary strategy | C. A high-fat diet | D. A protein-reduction plan	B	A preventive dietary strategy	B	True	0.735667	3.409	2.274	0.0	19	19	0.530477	False	False	False	False	2023-oxidative-damage-in-neurodegeneration-roles-in-the-pathogenesis-and-progression-of-alzheimer-disease.pdf | 2024 Advancements and Challenges in Antiamyloid Therapy for.pdf | 2024 Neuroinflammation in Alzheimer disease.pdf | Recent advances in Alzheimer’s disease mechanisms clinical trials and new drug development strategies.pdf | alzheimer disease  2021.pdf	B. A preventive dietary strategy. The Mediterranean diet has been associated with a reduced risk of Alzheimer's disease (AD) and is considered a preventive approach to maintain cognitive health (Oxidative damage in neurodegeneration: roles in the pathogenesis and progression of Alzheimer disease, 2023; Neuroinflammation in Alzheimer disease, 2024).	B. A preventive dietary strategy. The Mediterranean diet has been associated with a reduced risk of Alzheimer's disease (AD) and is considered a preventive approach to maintain cognitive health (Oxidative damage in neurodegeneration: roles in the pathogenesis and progression of Alzheimer disease, 2023; Neuroinflammation in Alzheimer disease, 2024).
5	2	ET-RAG	test.agent_etrag	A2	+ Temporal recency	cosine retrieval + evidence quality + temporal recency	0.5	0.3	0.2	1	Which protein is considered a hallmark of Alzheimer’s disease (AD) pathology?	A. α-synuclein | B. Amyloid-beta (Aβ) | C. Huntingtin | D. Dopamine	B	Amyloid-beta (Aβ)	B	True	0.753753	3.511	2.284	0.0	41	20	0.582151	False	False	False	False	2023-oxidative-damage-in-neurodegeneration-roles-in-the-pathogenesis-and-progression-of-alzheimer-disease.pdf | 2024 Advancements and Challenges in Antiamyloid Therapy for.pdf | 2024 Cell type-specific roles of APOE4 in Alzheimer disease.pdf | 2024 Neuroinflammation in Alzheimer disease.pdf | alzheimer disease  2021.pdf	B. Amyloid-beta (Aβ) is considered a hallmark of Alzheimer’s disease (AD) pathology, characterized by the presence of β-amyloid-containing plaques and tau-containing neurofibrillary tangles (Alzheimer disease, 2021).	B. Amyloid-beta (Aβ) is considered a hallmark of Alzheimer’s disease (AD) pathology, characterized by the presence of β-amyloid-containing plaques and tau-containing neurofibrillary tangles (Alzheimer disease, 2021).
5	2	ET-RAG	test.agent_etrag	A2	+ Temporal recency	cosine retrieval + evidence quality + temporal recency	0.5	0.3	0.2	2	What type of sleep disorder is commonly associated with increased AD risk?	A. Narcolepsy | B. Insomnia | C. Obstructive sleep apnea (OSA) | D. Sleepwalking	C	Obstructive sleep apnea (OSA)	C	True	0.735387	3.264	2.168	0.0	22	20	0.529677	False	False	False	False	2023-oxidative-damage-in-neurodegeneration-roles-in-the-pathogenesis-and-progression-of-alzheimer-disease.pdf | 2024 Advancements and Challenges in Antiamyloid Therapy for.pdf | 2024 Cell type-specific roles of APOE4 in Alzheimer disease.pdf | 2024 Immune Activation in Alzheimer Disease.pdf | 2024 Linking activity dyshomeostasis and sleep disturbances in Alzheimer disease.pdf | 2024 Neuroinflammation in Alzheimer disease.pdf | 2025 Updates on mouse models of Alzheimer’s disease.pdf | alzheimer disease  2021.pdf	C. Obstructive sleep apnea (OSA) is commonly associated with increased AD risk. Sleep disturbances, including OSA, are linked to cognitive impairments in Alzheimer disease (AD) patients, as they contribute to fragmented sleep architecture and may exacerbate neurodegeneration (Linking activity dyshomeostasis and sleep disturbances in Alzheimer disease, 2024).	C. Obstructive sleep apnea (OSA) is commonly associated with increased AD risk. Sleep disturbances, including OSA, are linked to cognitive impairments in Alzheimer disease (AD) patients, as they contribute to fragmented sleep architecture and may exacerbate neurodegeneration (Linking activity dyshomeostasis and sleep disturbances in Alzheimer disease, 2024).
5	2	ET-RAG	test.agent_etrag	A2	+ Temporal recency	cosine retrieval + evidence quality + temporal recency	0.5	0.3	0.2	3	Which imaging modality was first introduced to visualize brain amyloid in AD?	A. CT | B. MRI | C. Aβ-PET | D. SPECT	C	Aβ-PET	C	True	0.752952	3.495	2.397	0.0	28	20	0.579864	False	False	False	False	2023-oxidative-damage-in-neurodegeneration-roles-in-the-pathogenesis-and-progression-of-alzheimer-disease.pdf | 2024 Advancements and Challenges in Antiamyloid Therapy for.pdf | 2024 Immune Activation in Alzheimer Disease.pdf | 2024 Neuroinflammation in Alzheimer disease.pdf | 2025 Updates on mouse models of Alzheimer’s disease.pdf | alzheimer disease  2021.pdf	"C. Aβ-PET  
The introduction of Aβ-PET imaging in 2004 clarified the roles of other imaging modalities in evaluating patients with cognitive impairment and allowed for the visualization of amyloid plaques in Alzheimer's disease (Alzheimer disease, 2021)."	"C. Aβ-PET  
The introduction of Aβ-PET imaging in 2004 clarified the roles of other imaging modalities in evaluating patients with cognitive impairment and allowed for the visualization of amyloid plaques in Alzheimer's disease (Alzheimer disease, 2021)."
5	2	ET-RAG	test.agent_etrag	A2	+ Temporal recency	cosine retrieval + evidence quality + temporal recency	0.5	0.3	0.2	4	Which gut-related intervention shows potential for AD treatment?	A. Probiotics | B. Vitamin D | C. Antibiotics | D. Statins	A	Probiotics	A	True	0.742117	3.727	2.3	0.0	8	8	0.548907	False	False	False	False	2023-oxidative-damage-in-neurodegeneration-roles-in-the-pathogenesis-and-progression-of-alzheimer-disease.pdf | 2024 Advancements and Challenges in Antiamyloid Therapy for.pdf | 2024 Immune Activation in Alzheimer Disease.pdf | 2024 Neuroinflammation in Alzheimer disease.pdf | 2025 Updates on mouse models of Alzheimer’s disease.pdf | Recent advances in Alzheimer’s disease mechanisms clinical trials and new drug development strategies.pdf | alzheimer disease  2021.pdf	"A. Probiotics

Probiotics, specifically Bifidobacterium and Lactobacillus species, have shown potential in improving blood-brain barrier integrity and memory deficits in mouse models of Alzheimer's disease (AD) after antibiotic-induced microbiome depletion (Neuroinflammation in Alzheimer disease, 2024). Additionally, the microbiota-gut-brain axis suggests that gut health influences brain function, indicating that probiotics may offer therapeutic benefits in AD treatment (Recent advances in Alzheimer’s disease: mechanisms, clinical trials and new drug development strategies, year unknown)."	"A. Probiotics

Probiotics, specifically Bifidobacterium and Lactobacillus species, have shown potential in improving blood-brain barrier integrity and memory deficits in mouse models of Alzheimer's disease (AD) after antibiotic-induced microbiome depletion (Neuroinflammation in Alzheimer disease, 2024). Additionally, the microbiota-gut-brain axis suggests that gut health influences brain function, indicating that probiotics may offer therapeutic benefits in AD treatment (Recent advances in Alzheimer’s disease: mechanisms, clinical trials and new drug development strategies, year unknown)."
5	2	ET-RAG	test.agent_etrag	A2	+ Temporal recency	cosine retrieval + evidence quality + temporal recency	0.5	0.3	0.2	5	What is the typical spacing used in the Tallapoosa tract for loblolly pine?	A. 4x4 ft | B. 6x6 ft | C. 6x12 ft | D. 8x10 ft	NOT_COVERED	Not Covered	NOT_COVERED	True	0.92	2.796	2.239	0.0	15	15	0.519401	False	False	False	False	2023-oxidative-damage-in-neurodegeneration-roles-in-the-pathogenesis-and-progression-of-alzheimer-disease.pdf | 2024 Advancements and Challenges in Antiamyloid Therapy for.pdf | 2024 Cell type-specific roles of APOE4 in Alzheimer disease.pdf | 2024 Immune Activation in Alzheimer Disease.pdf | 2024 Linking activity dyshomeostasis and sleep disturbances in Alzheimer disease.pdf | 2025 Updates on mouse models of Alzheimer’s disease.pdf | Recent advances in Alzheimer’s disease mechanisms clinical trials and new drug development strategies.pdf | alzheimer disease  2021.pdf	Not covered.	Not covered.
5	2	ET-RAG	test.agent_etrag	A2	+ Temporal recency	cosine retrieval + evidence quality + temporal recency	0.5	0.3	0.2	6	The A-T-N biomarker framework includes tau as which letter?	A. A | B. T | C. N | D. None	B	T	B	True	0.746375	2.97	2.149	0.0	22	20	0.561072	False	False	False	False	2023-oxidative-damage-in-neurodegeneration-roles-in-the-pathogenesis-and-progression-of-alzheimer-disease.pdf | 2024 Advancements and Challenges in Antiamyloid Therapy for.pdf | 2024 Cell type-specific roles of APOE4 in Alzheimer disease.pdf | 2024 Immune Activation in Alzheimer Disease.pdf | 2024 Neuroinflammation in Alzheimer disease.pdf | 2025 Updates on mouse models of Alzheimer’s disease.pdf | alzheimer disease  2021.pdf	"B. T

In the A-T-N biomarker framework, tau is represented by the letter ""T,"" indicating abnormal tau protein levels, which are crucial for diagnosing Alzheimer's disease (AD) pathology (Alzheimer disease, 2021)."	"B. T

In the A-T-N biomarker framework, tau is represented by the letter ""T,"" indicating abnormal tau protein levels, which are crucial for diagnosing Alzheimer's disease (AD) pathology (Alzheimer disease, 2021)."
5	2	ET-RAG	test.agent_etrag	A2	+ Temporal recency	cosine retrieval + evidence quality + temporal recency	0.5	0.3	0.2	7	Which age group is most at risk for cognitive disorders–associated AD?	A. <40 years | B. 40–65 years | C. 65–90 years | D. >90 years	D	>90 years	C	False	0.747984	3.65	2.381	0.0	26	20	0.565668	False	False	False	False	2023-oxidative-damage-in-neurodegeneration-roles-in-the-pathogenesis-and-progression-of-alzheimer-disease.pdf | 2024 Linking activity dyshomeostasis and sleep disturbances in Alzheimer disease.pdf | 2024 Neuroinflammation in Alzheimer disease.pdf | 2025 Updates on mouse models of Alzheimer’s disease.pdf | alzheimer disease  2021.pdf	"C. 65–90 years

The prevalence of overt cognitive impairment increases exponentially with advancing age, particularly after 65 years, with the incidence of dementia rising steeply in this age group (Alzheimer disease, 2021). Additionally, the fastest-growing demographic segment at risk for cognitive disorders is the oldest-old group (people aged >90 years), which has the highest risk of multi-aetiology dementia (Alzheimer disease, 2021)."	"C. 65–90 years

The prevalence of overt cognitive impairment increases exponentially with advancing age, particularly after 65 years, with the incidence of dementia rising steeply in this age group (Alzheimer disease, 2021). Additionally, the fastest-growing demographic segment at risk for cognitive disorders is the oldest-old group (people aged >90 years), which has the highest risk of multi-aetiology dementia (Alzheimer disease, 2021)."
5	2	ET-RAG	test.agent_etrag	A2	+ Temporal recency	cosine retrieval + evidence quality + temporal recency	0.5	0.3	0.2	8	Which sleep stage is critical for metabolite clearance from the brain?	A. REM sleep | B. NREM sleep | C. Light sleep | D. Awake state	B	NREM sleep	B	True	0.73527	4.699	3.443	0.0	15	15	0.529342	False	False	False	False	2023-oxidative-damage-in-neurodegeneration-roles-in-the-pathogenesis-and-progression-of-alzheimer-disease.pdf | 2024 Advancements and Challenges in Antiamyloid Therapy for.pdf | 2024 Immune Activation in Alzheimer Disease.pdf | 2024 Linking activity dyshomeostasis and sleep disturbances in Alzheimer disease.pdf | 2025 Updates on mouse models of Alzheimer’s disease.pdf | Recent advances in Alzheimer’s disease mechanisms clinical trials and new drug development strategies.pdf | alzheimer disease  2021.pdf	"B. NREM sleep  
NREM sleep, particularly slow-wave sleep, is critical for metabolite clearance from the brain, as it is associated with increased interstitial space and enhanced glymphatic function, facilitating the removal of waste products like Aβ. This process is essential for maintaining brain health and is impaired in conditions such as Alzheimer's disease (Linking activity dyshomeostasis and sleep disturbances in Alzheimer disease, 2024)."	"B. NREM sleep  
NREM sleep, particularly slow-wave sleep, is critical for metabolite clearance from the brain, as it is associated with increased interstitial space and enhanced glymphatic function, facilitating the removal of waste products like Aβ. This process is essential for maintaining brain health and is impaired in conditions such as Alzheimer's disease (Linking activity dyshomeostasis and sleep disturbances in Alzheimer disease, 2024)."
5	2	ET-RAG	test.agent_etrag	A2	+ Temporal recency	cosine retrieval + evidence quality + temporal recency	0.5	0.3	0.2	9	What kind of volume change is associated with hearing loss in AD patients?	A. Increased brain volume | B. Decreased hippocampal volume | C. Increased white matter | D. Enlarged ventricles	B	Decreased hippocampal volume	B	True	0.740515	6.402	5.371	0.0	20	20	0.544329	False	False	False	False	2023-oxidative-damage-in-neurodegeneration-roles-in-the-pathogenesis-and-progression-of-alzheimer-disease.pdf | 2024 Advancements and Challenges in Antiamyloid Therapy for.pdf | 2024 Cell type-specific roles of APOE4 in Alzheimer disease.pdf | 2024 Immune Activation in Alzheimer Disease.pdf | 2024 Linking activity dyshomeostasis and sleep disturbances in Alzheimer disease.pdf | 2024 Neuroinflammation in Alzheimer disease.pdf | 2025 Oligodendrocytes in Alzheimer’s disease pathophysiology.pdf | 2025 Updates on mouse models of Alzheimer’s disease.pdf | Recent advances in Alzheimer’s disease mechanisms clinical trials and new drug development strategies.pdf | alzheimer disease  2021.pdf	"B. Decreased hippocampal volume. 

Hearing loss in Alzheimer's disease (AD) patients is associated with decreased hippocampal volume, which reflects tissue loss and is linked to cognitive impairment (Alzheimer disease, 2021)."	"B. Decreased hippocampal volume. 

Hearing loss in Alzheimer's disease (AD) patients is associated with decreased hippocampal volume, which reflects tissue loss and is linked to cognitive impairment (Alzheimer disease, 2021)."
5	2	ET-RAG	test.agent_etrag	A2	+ Temporal recency	cosine retrieval + evidence quality + temporal recency	0.5	0.3	0.2	10	The Mediterranean diet is primarily considered:	A. A treatment for AD | B. A preventive dietary strategy | C. A high-fat diet | D. A protein-reduction plan	B	A preventive dietary strategy	B	True	0.735667	3.275	2.299	0.0	19	19	0.530478	False	False	False	False	2023-oxidative-damage-in-neurodegeneration-roles-in-the-pathogenesis-and-progression-of-alzheimer-disease.pdf | 2024 Advancements and Challenges in Antiamyloid Therapy for.pdf | 2024 Neuroinflammation in Alzheimer disease.pdf | Recent advances in Alzheimer’s disease mechanisms clinical trials and new drug development strategies.pdf | alzheimer disease  2021.pdf	B. A preventive dietary strategy. The Mediterranean diet has been linked to a reduced risk of Alzheimer's disease (AD) and is considered a preventive approach to maintain cognitive health (Oxidative damage in neurodegeneration: roles in the pathogenesis and progression of Alzheimer disease, 2023; Neuroinflammation in Alzheimer disease, 2024).	B. A preventive dietary strategy. The Mediterranean diet has been linked to a reduced risk of Alzheimer's disease (AD) and is considered a preventive approach to maintain cognitive health (Oxidative damage in neurodegeneration: roles in the pathogenesis and progression of Alzheimer disease, 2023; Neuroinflammation in Alzheimer disease, 2024).
1	3	ET-RAG	test.agent_etrag	A3	+ Hybrid context	cosine retrieval + evidence quality + temporal recency + hybrid paper context	0.5	0.3	0.2	1	Which protein is considered a hallmark of Alzheimer’s disease (AD) pathology?	A. α-synuclein | B. Amyloid-beta (Aβ) | C. Huntingtin | D. Dopamine	B	Amyloid-beta (Aβ)	B	True	0.753752	6.86	3.979	0.0	41	20	0.58215	True	False	False	False	2023-oxidative-damage-in-neurodegeneration-roles-in-the-pathogenesis-and-progression-of-alzheimer-disease.pdf | 2024 Advancements and Challenges in Antiamyloid Therapy for.pdf | 2024 Cell type-specific roles of APOE4 in Alzheimer disease.pdf | 2024 Neuroinflammation in Alzheimer disease.pdf | alzheimer disease  2021.pdf	B. Amyloid-beta (Aβ) is considered a hallmark of Alzheimer’s disease (AD) pathology, characterized by the presence of β-amyloid-containing plaques and tau-containing neurofibrillary tangles (Alzheimer disease, 2021).	B. Amyloid-beta (Aβ) is considered a hallmark of Alzheimer’s disease (AD) pathology, characterized by the presence of β-amyloid-containing plaques and tau-containing neurofibrillary tangles (Alzheimer disease, 2021).
1	3	ET-RAG	test.agent_etrag	A3	+ Hybrid context	cosine retrieval + evidence quality + temporal recency + hybrid paper context	0.5	0.3	0.2	2	What type of sleep disorder is commonly associated with increased AD risk?	A. Narcolepsy | B. Insomnia | C. Obstructive sleep apnea (OSA) | D. Sleepwalking	C	Obstructive sleep apnea (OSA)	C	True	0.735389	4.757	2.867	0.0	22	20	0.529682	True	False	False	False	2023-oxidative-damage-in-neurodegeneration-roles-in-the-pathogenesis-and-progression-of-alzheimer-disease.pdf | 2024 Advancements and Challenges in Antiamyloid Therapy for.pdf | 2024 Cell type-specific roles of APOE4 in Alzheimer disease.pdf | 2024 Immune Activation in Alzheimer Disease.pdf | 2024 Linking activity dyshomeostasis and sleep disturbances in Alzheimer disease.pdf | 2024 Neuroinflammation in Alzheimer disease.pdf | 2025 Updates on mouse models of Alzheimer’s disease.pdf | alzheimer disease  2021.pdf	"C. Obstructive sleep apnea (OSA) 

Sleep disturbances, including increased time awake during the night and fragmented circadian rhythms, are commonly observed in Alzheimer disease (AD) and are linked to cognitive impairments (Linking activity dyshomeostasis and sleep disturbances in Alzheimer disease, 2024). Additionally, comorbid sleep disorders such as obstructive sleep apnea can exacerbate cognitive decline in individuals with AD (Alzheimer disease, 2021)."	"C. Obstructive sleep apnea (OSA) 

Sleep disturbances, including increased time awake during the night and fragmented circadian rhythms, are commonly observed in Alzheimer disease (AD) and are linked to cognitive impairments (Linking activity dyshomeostasis and sleep disturbances in Alzheimer disease, 2024). Additionally, comorbid sleep disorders such as obstructive sleep apnea can exacerbate cognitive decline in individuals with AD (Alzheimer disease, 2021)."
1	3	ET-RAG	test.agent_etrag	A3	+ Hybrid context	cosine retrieval + evidence quality + temporal recency + hybrid paper context	0.5	0.3	0.2	3	Which imaging modality was first introduced to visualize brain amyloid in AD?	A. CT | B. MRI | C. Aβ-PET | D. SPECT	C	Aβ-PET	C	True	0.752952	4.732	3.103	0.0	28	20	0.579864	True	False	False	False	2023-oxidative-damage-in-neurodegeneration-roles-in-the-pathogenesis-and-progression-of-alzheimer-disease.pdf | 2024 Advancements and Challenges in Antiamyloid Therapy for.pdf | 2024 Immune Activation in Alzheimer Disease.pdf | 2024 Neuroinflammation in Alzheimer disease.pdf | 2025 Updates on mouse models of Alzheimer’s disease.pdf | alzheimer disease  2021.pdf	"C. Aβ-PET

The introduction of Aβ-PET imaging in 2004 clarified the roles of FDG-PET and MRI in evaluating patients with cognitive impairment, specifically for visualizing brain amyloid in Alzheimer disease (AD) (Alzheimer disease, 2021)."	"C. Aβ-PET

The introduction of Aβ-PET imaging in 2004 clarified the roles of FDG-PET and MRI in evaluating patients with cognitive impairment, specifically for visualizing brain amyloid in Alzheimer disease (AD) (Alzheimer disease, 2021)."
1	3	ET-RAG	test.agent_etrag	A3	+ Hybrid context	cosine retrieval + evidence quality + temporal recency + hybrid paper context	0.5	0.3	0.2	4	Which gut-related intervention shows potential for AD treatment?	A. Probiotics | B. Vitamin D | C. Antibiotics | D. Statins	A	Probiotics	A	True	0.742115	7.933	3.347	0.0	8	8	0.548899	True	False	False	False	2023-oxidative-damage-in-neurodegeneration-roles-in-the-pathogenesis-and-progression-of-alzheimer-disease.pdf | 2024 Advancements and Challenges in Antiamyloid Therapy for.pdf | 2024 Immune Activation in Alzheimer Disease.pdf | 2024 Neuroinflammation in Alzheimer disease.pdf | 2025 Updates on mouse models of Alzheimer’s disease.pdf | Recent advances in Alzheimer’s disease mechanisms clinical trials and new drug development strategies.pdf | alzheimer disease  2021.pdf	"A. Probiotics

Probiotics, specifically Bifidobacterium and Lactobacillus species, have shown potential in improving blood-brain barrier integrity and memory deficits in mouse models of Alzheimer's disease (AD) after antibiotic-induced microbiome depletion (Neuroinflammation in Alzheimer disease, 2024)."	"A. Probiotics

Probiotics, specifically Bifidobacterium and Lactobacillus species, have shown potential in improving blood-brain barrier integrity and memory deficits in mouse models of Alzheimer's disease (AD) after antibiotic-induced microbiome depletion (Neuroinflammation in Alzheimer disease, 2024)."
1	3	ET-RAG	test.agent_etrag	A3	+ Hybrid context	cosine retrieval + evidence quality + temporal recency + hybrid paper context	0.5	0.3	0.2	5	What is the typical spacing used in the Tallapoosa tract for loblolly pine?	A. 4x4 ft | B. 6x6 ft | C. 6x12 ft | D. 8x10 ft	NOT_COVERED	Not Covered	NOT_COVERED	True	0.92	4.062	2.777	0.0	15	15	0.519401	True	False	False	False	2023-oxidative-damage-in-neurodegeneration-roles-in-the-pathogenesis-and-progression-of-alzheimer-disease.pdf | 2024 Advancements and Challenges in Antiamyloid Therapy for.pdf | 2024 Cell type-specific roles of APOE4 in Alzheimer disease.pdf | 2024 Immune Activation in Alzheimer Disease.pdf | 2024 Linking activity dyshomeostasis and sleep disturbances in Alzheimer disease.pdf | 2025 Updates on mouse models of Alzheimer’s disease.pdf | Recent advances in Alzheimer’s disease mechanisms clinical trials and new drug development strategies.pdf | alzheimer disease  2021.pdf	Not covered.	Not covered.
1	3	ET-RAG	test.agent_etrag	A3	+ Hybrid context	cosine retrieval + evidence quality + temporal recency + hybrid paper context	0.5	0.3	0.2	6	The A-T-N biomarker framework includes tau as which letter?	A. A | B. T | C. N | D. None	B	T	B	True	0.746379	4.617	2.64	0.0	22	20	0.561084	True	False	False	False	2023-oxidative-damage-in-neurodegeneration-roles-in-the-pathogenesis-and-progression-of-alzheimer-disease.pdf | 2024 Advancements and Challenges in Antiamyloid Therapy for.pdf | 2024 Cell type-specific roles of APOE4 in Alzheimer disease.pdf | 2024 Immune Activation in Alzheimer Disease.pdf | 2024 Neuroinflammation in Alzheimer disease.pdf | 2025 Updates on mouse models of Alzheimer’s disease.pdf | alzheimer disease  2021.pdf	"B. T

In the A-T-N biomarker framework, tau is represented by the letter ""T,"" indicating abnormal tau protein levels, which are crucial for diagnosing Alzheimer's disease (AD) pathology (Alzheimer disease, 2021)."	"B. T

In the A-T-N biomarker framework, tau is represented by the letter ""T,"" indicating abnormal tau protein levels, which are crucial for diagnosing Alzheimer's disease (AD) pathology (Alzheimer disease, 2021)."
1	3	ET-RAG	test.agent_etrag	A3	+ Hybrid context	cosine retrieval + evidence quality + temporal recency + hybrid paper context	0.5	0.3	0.2	7	Which age group is most at risk for cognitive disorders–associated AD?	A. <40 years | B. 40–65 years | C. 65–90 years | D. >90 years	D	>90 years	C	False	0.747984	4.754	2.826	0.0	26	20	0.565669	True	False	False	False	2023-oxidative-damage-in-neurodegeneration-roles-in-the-pathogenesis-and-progression-of-alzheimer-disease.pdf | 2024 Linking activity dyshomeostasis and sleep disturbances in Alzheimer disease.pdf | 2024 Neuroinflammation in Alzheimer disease.pdf | 2025 Updates on mouse models of Alzheimer’s disease.pdf | alzheimer disease  2021.pdf	"C. 65–90 years

The prevalence of overt cognitive impairment increases exponentially with advancing age, particularly after 65 years, with the incidence of all-cause dementia rising steeply in this age group (Alzheimer disease, 2021). Additionally, the fastest-growing demographic segment at risk for cognitive disorders is the oldest-old group (people aged >90 years), which has the highest risk of multi-aetiology dementia (Alzheimer disease, 2021)."	"C. 65–90 years

The prevalence of overt cognitive impairment increases exponentially with advancing age, particularly after 65 years, with the incidence of all-cause dementia rising steeply in this age group (Alzheimer disease, 2021). Additionally, the fastest-growing demographic segment at risk for cognitive disorders is the oldest-old group (people aged >90 years), which has the highest risk of multi-aetiology dementia (Alzheimer disease, 2021)."
1	3	ET-RAG	test.agent_etrag	A3	+ Hybrid context	cosine retrieval + evidence quality + temporal recency + hybrid paper context	0.5	0.3	0.2	8	Which sleep stage is critical for metabolite clearance from the brain?	A. REM sleep | B. NREM sleep | C. Light sleep | D. Awake state	B	NREM sleep	B	True	0.73527	5.053	3.019	0.0	15	15	0.529342	True	False	False	False	2023-oxidative-damage-in-neurodegeneration-roles-in-the-pathogenesis-and-progression-of-alzheimer-disease.pdf | 2024 Advancements and Challenges in Antiamyloid Therapy for.pdf | 2024 Immune Activation in Alzheimer Disease.pdf | 2024 Linking activity dyshomeostasis and sleep disturbances in Alzheimer disease.pdf | 2025 Updates on mouse models of Alzheimer’s disease.pdf | Recent advances in Alzheimer’s disease mechanisms clinical trials and new drug development strategies.pdf | alzheimer disease  2021.pdf	"B. NREM sleep

NREM sleep is critical for metabolite clearance from the brain, particularly during the glymphatic system's activity, which is enhanced during this sleep stage. This process is essential for the clearance of amyloid-beta (Aβ) and other waste products, as highlighted in ""Linking activity dyshomeostasis and sleep disturbances in Alzheimer disease"" (2024)."	"B. NREM sleep

NREM sleep is critical for metabolite clearance from the brain, particularly during the glymphatic system's activity, which is enhanced during this sleep stage. This process is essential for the clearance of amyloid-beta (Aβ) and other waste products, as highlighted in ""Linking activity dyshomeostasis and sleep disturbances in Alzheimer disease"" (2024)."
1	3	ET-RAG	test.agent_etrag	A3	+ Hybrid context	cosine retrieval + evidence quality + temporal recency + hybrid paper context	0.5	0.3	0.2	9	What kind of volume change is associated with hearing loss in AD patients?	A. Increased brain volume | B. Decreased hippocampal volume | C. Increased white matter | D. Enlarged ventricles	B	Decreased hippocampal volume	B	True	0.740512	5.961	4.301	0.0	20	20	0.544321	True	False	False	False	2023-oxidative-damage-in-neurodegeneration-roles-in-the-pathogenesis-and-progression-of-alzheimer-disease.pdf | 2024 Advancements and Challenges in Antiamyloid Therapy for.pdf | 2024 Cell type-specific roles of APOE4 in Alzheimer disease.pdf | 2024 Immune Activation in Alzheimer Disease.pdf | 2024 Linking activity dyshomeostasis and sleep disturbances in Alzheimer disease.pdf | 2024 Neuroinflammation in Alzheimer disease.pdf | 2025 Oligodendrocytes in Alzheimer’s disease pathophysiology.pdf | 2025 Updates on mouse models of Alzheimer’s disease.pdf | Recent advances in Alzheimer’s disease mechanisms clinical trials and new drug development strategies.pdf | alzheimer disease  2021.pdf	"B. Decreased hippocampal volume

Hippocampal atrophy is commonly associated with cognitive impairment in Alzheimer's disease (AD) patients, and it is noted that individuals with cognitive impairment and increased amyloid by PET experience accelerated regional atrophy in the temporal and parietal isocortex, which includes the hippocampus (Alzheimer disease, 2021)."	"B. Decreased hippocampal volume

Hippocampal atrophy is commonly associated with cognitive impairment in Alzheimer's disease (AD) patients, and it is noted that individuals with cognitive impairment and increased amyloid by PET experience accelerated regional atrophy in the temporal and parietal isocortex, which includes the hippocampus (Alzheimer disease, 2021)."
1	3	ET-RAG	test.agent_etrag	A3	+ Hybrid context	cosine retrieval + evidence quality + temporal recency + hybrid paper context	0.5	0.3	0.2	10	The Mediterranean diet is primarily considered:	A. A treatment for AD | B. A preventive dietary strategy | C. A high-fat diet | D. A protein-reduction plan	B	A preventive dietary strategy	B	True	0.735667	5.808	3.526	0.0	19	19	0.530476	True	False	False	False	2023-oxidative-damage-in-neurodegeneration-roles-in-the-pathogenesis-and-progression-of-alzheimer-disease.pdf | 2024 Advancements and Challenges in Antiamyloid Therapy for.pdf | 2024 Neuroinflammation in Alzheimer disease.pdf | Recent advances in Alzheimer’s disease mechanisms clinical trials and new drug development strategies.pdf | alzheimer disease  2021.pdf	B. A preventive dietary strategy. The Mediterranean diet has been linked to a reduced risk of Alzheimer's disease (AD) and is considered a preventive approach to maintain good health and cognitive function (Oxidative damage in neurodegeneration: roles in the pathogenesis and progression of Alzheimer disease, 2023).	B. A preventive dietary strategy. The Mediterranean diet has been linked to a reduced risk of Alzheimer's disease (AD) and is considered a preventive approach to maintain good health and cognitive function (Oxidative damage in neurodegeneration: roles in the pathogenesis and progression of Alzheimer disease, 2023).
2	3	ET-RAG	test.agent_etrag	A3	+ Hybrid context	cosine retrieval + evidence quality + temporal recency + hybrid paper context	0.5	0.3	0.2	1	Which protein is considered a hallmark of Alzheimer’s disease (AD) pathology?	A. α-synuclein | B. Amyloid-beta (Aβ) | C. Huntingtin | D. Dopamine	B	Amyloid-beta (Aβ)	B	True	0.753741	5.768	3.711	0.0	41	20	0.582118	True	False	False	False	2023-oxidative-damage-in-neurodegeneration-roles-in-the-pathogenesis-and-progression-of-alzheimer-disease.pdf | 2024 Advancements and Challenges in Antiamyloid Therapy for.pdf | 2024 Cell type-specific roles of APOE4 in Alzheimer disease.pdf | 2024 Neuroinflammation in Alzheimer disease.pdf | alzheimer disease  2021.pdf	B. Amyloid-beta (Aβ) is considered a hallmark of Alzheimer’s disease (AD) pathology, characterized by the presence of β-amyloid-containing plaques and tau-containing neurofibrillary tangles (Alzheimer disease, 2021).	B. Amyloid-beta (Aβ) is considered a hallmark of Alzheimer’s disease (AD) pathology, characterized by the presence of β-amyloid-containing plaques and tau-containing neurofibrillary tangles (Alzheimer disease, 2021).
2	3	ET-RAG	test.agent_etrag	A3	+ Hybrid context	cosine retrieval + evidence quality + temporal recency + hybrid paper context	0.5	0.3	0.2	2	What type of sleep disorder is commonly associated with increased AD risk?	A. Narcolepsy | B. Insomnia | C. Obstructive sleep apnea (OSA) | D. Sleepwalking	C	Obstructive sleep apnea (OSA)	C	True	0.735391	6.138	2.659	0.0	22	20	0.529688	True	False	False	False	2023-oxidative-damage-in-neurodegeneration-roles-in-the-pathogenesis-and-progression-of-alzheimer-disease.pdf | 2024 Advancements and Challenges in Antiamyloid Therapy for.pdf | 2024 Cell type-specific roles of APOE4 in Alzheimer disease.pdf | 2024 Immune Activation in Alzheimer Disease.pdf | 2024 Linking activity dyshomeostasis and sleep disturbances in Alzheimer disease.pdf | 2024 Neuroinflammation in Alzheimer disease.pdf | 2025 Updates on mouse models of Alzheimer’s disease.pdf | alzheimer disease  2021.pdf	"C. Obstructive sleep apnea (OSA) 

Sleep disturbances, including increased time awake during the night and fragmented circadian rhythms, are commonly observed in Alzheimer disease (AD) and are linked to cognitive impairments (Linking activity dyshomeostasis and sleep disturbances in Alzheimer disease, 2024). Additionally, comorbid sleep disorders like obstructive sleep apnea can exacerbate cognitive decline in individuals with AD (Alzheimer disease, 2021)."	"C. Obstructive sleep apnea (OSA) 

Sleep disturbances, including increased time awake during the night and fragmented circadian rhythms, are commonly observed in Alzheimer disease (AD) and are linked to cognitive impairments (Linking activity dyshomeostasis and sleep disturbances in Alzheimer disease, 2024). Additionally, comorbid sleep disorders like obstructive sleep apnea can exacerbate cognitive decline in individuals with AD (Alzheimer disease, 2021)."
2	3	ET-RAG	test.agent_etrag	A3	+ Hybrid context	cosine retrieval + evidence quality + temporal recency + hybrid paper context	0.5	0.3	0.2	3	Which imaging modality was first introduced to visualize brain amyloid in AD?	A. CT | B. MRI | C. Aβ-PET | D. SPECT	C	Aβ-PET	C	True	0.752952	6.152	4.496	0.0	28	20	0.579864	True	False	False	False	2023-oxidative-damage-in-neurodegeneration-roles-in-the-pathogenesis-and-progression-of-alzheimer-disease.pdf | 2024 Advancements and Challenges in Antiamyloid Therapy for.pdf | 2024 Immune Activation in Alzheimer Disease.pdf | 2024 Neuroinflammation in Alzheimer disease.pdf | 2025 Updates on mouse models of Alzheimer’s disease.pdf | alzheimer disease  2021.pdf	"C. Aβ-PET

The introduction of Aβ-PET imaging in 2004 clarified the roles of FDG-PET and MRI in evaluating patients with cognitive impairment, specifically for visualizing brain amyloid in Alzheimer disease (AD) (Alzheimer disease, 2021)."	"C. Aβ-PET

The introduction of Aβ-PET imaging in 2004 clarified the roles of FDG-PET and MRI in evaluating patients with cognitive impairment, specifically for visualizing brain amyloid in Alzheimer disease (AD) (Alzheimer disease, 2021)."
2	3	ET-RAG	test.agent_etrag	A3	+ Hybrid context	cosine retrieval + evidence quality + temporal recency + hybrid paper context	0.5	0.3	0.2	4	Which gut-related intervention shows potential for AD treatment?	A. Probiotics | B. Vitamin D | C. Antibiotics | D. Statins	A	Probiotics	A	True	0.742117	4.504	2.947	0.0	8	8	0.548907	True	False	False	False	2023-oxidative-damage-in-neurodegeneration-roles-in-the-pathogenesis-and-progression-of-alzheimer-disease.pdf | 2024 Advancements and Challenges in Antiamyloid Therapy for.pdf | 2024 Immune Activation in Alzheimer Disease.pdf | 2024 Neuroinflammation in Alzheimer disease.pdf | 2025 Updates on mouse models of Alzheimer’s disease.pdf | Recent advances in Alzheimer’s disease mechanisms clinical trials and new drug development strategies.pdf | alzheimer disease  2021.pdf	"A. Probiotics

Probiotics, specifically Bifidobacterium and Lactobacillus species, have shown potential in improving blood-brain barrier integrity and memory deficits in mouse models of Alzheimer's disease (AD) after antibiotic-induced microbiome depletion (Neuroinflammation in Alzheimer disease, 2024)."	"A. Probiotics

Probiotics, specifically Bifidobacterium and Lactobacillus species, have shown potential in improving blood-brain barrier integrity and memory deficits in mouse models of Alzheimer's disease (AD) after antibiotic-induced microbiome depletion (Neuroinflammation in Alzheimer disease, 2024)."
2	3	ET-RAG	test.agent_etrag	A3	+ Hybrid context	cosine retrieval + evidence quality + temporal recency + hybrid paper context	0.5	0.3	0.2	5	What is the typical spacing used in the Tallapoosa tract for loblolly pine?	A. 4x4 ft | B. 6x6 ft | C. 6x12 ft | D. 8x10 ft	NOT_COVERED	Not Covered	NOT_COVERED	True	0.92	3.627	2.725	0.0	15	15	0.519402	True	False	False	False	2023-oxidative-damage-in-neurodegeneration-roles-in-the-pathogenesis-and-progression-of-alzheimer-disease.pdf | 2024 Advancements and Challenges in Antiamyloid Therapy for.pdf | 2024 Cell type-specific roles of APOE4 in Alzheimer disease.pdf | 2024 Immune Activation in Alzheimer Disease.pdf | 2024 Linking activity dyshomeostasis and sleep disturbances in Alzheimer disease.pdf | 2025 Updates on mouse models of Alzheimer’s disease.pdf | Recent advances in Alzheimer’s disease mechanisms clinical trials and new drug development strategies.pdf | alzheimer disease  2021.pdf	Not covered.	Not covered.
2	3	ET-RAG	test.agent_etrag	A3	+ Hybrid context	cosine retrieval + evidence quality + temporal recency + hybrid paper context	0.5	0.3	0.2	6	The A-T-N biomarker framework includes tau as which letter?	A. A | B. T | C. N | D. None	B	T	B	True	0.746376	3.75	2.695	0.0	22	20	0.561075	True	False	False	False	2023-oxidative-damage-in-neurodegeneration-roles-in-the-pathogenesis-and-progression-of-alzheimer-disease.pdf | 2024 Advancements and Challenges in Antiamyloid Therapy for.pdf | 2024 Cell type-specific roles of APOE4 in Alzheimer disease.pdf | 2024 Immune Activation in Alzheimer Disease.pdf | 2024 Neuroinflammation in Alzheimer disease.pdf | 2025 Updates on mouse models of Alzheimer’s disease.pdf | alzheimer disease  2021.pdf	"B. T

In the A-T-N biomarker framework, tau is represented by the letter ""T,"" indicating abnormal tau protein levels, which are crucial for diagnosing Alzheimer's disease (AD) pathology (Alzheimer disease, 2021)."	"B. T

In the A-T-N biomarker framework, tau is represented by the letter ""T,"" indicating abnormal tau protein levels, which are crucial for diagnosing Alzheimer's disease (AD) pathology (Alzheimer disease, 2021)."
2	3	ET-RAG	test.agent_etrag	A3	+ Hybrid context	cosine retrieval + evidence quality + temporal recency + hybrid paper context	0.5	0.3	0.2	7	Which age group is most at risk for cognitive disorders–associated AD?	A. <40 years | B. 40–65 years | C. 65–90 years | D. >90 years	D	>90 years	C	False	0.747984	4.92	3.437	0.0	26	20	0.56567	True	False	False	False	2023-oxidative-damage-in-neurodegeneration-roles-in-the-pathogenesis-and-progression-of-alzheimer-disease.pdf | 2024 Linking activity dyshomeostasis and sleep disturbances in Alzheimer disease.pdf | 2024 Neuroinflammation in Alzheimer disease.pdf | 2025 Updates on mouse models of Alzheimer’s disease.pdf | alzheimer disease  2021.pdf	"C. 65–90 years

The prevalence of overt cognitive impairment increases exponentially with advancing age, particularly after 65 years, with the incidence of dementia rising steeply in this age group (Alzheimer disease, 2021). Additionally, the fastest-growing demographic segment at risk for cognitive disorders is the oldest-old group (people aged >90 years), which has the highest risk of multi-aetiology dementia (Alzheimer disease, 2021)."	"C. 65–90 years

The prevalence of overt cognitive impairment increases exponentially with advancing age, particularly after 65 years, with the incidence of dementia rising steeply in this age group (Alzheimer disease, 2021). Additionally, the fastest-growing demographic segment at risk for cognitive disorders is the oldest-old group (people aged >90 years), which has the highest risk of multi-aetiology dementia (Alzheimer disease, 2021)."
2	3	ET-RAG	test.agent_etrag	A3	+ Hybrid context	cosine retrieval + evidence quality + temporal recency + hybrid paper context	0.5	0.3	0.2	8	Which sleep stage is critical for metabolite clearance from the brain?	A. REM sleep | B. NREM sleep | C. Light sleep | D. Awake state	B	NREM sleep	B	True	0.735269	4.785	3.172	0.0	15	15	0.52934	True	False	False	False	2023-oxidative-damage-in-neurodegeneration-roles-in-the-pathogenesis-and-progression-of-alzheimer-disease.pdf | 2024 Advancements and Challenges in Antiamyloid Therapy for.pdf | 2024 Immune Activation in Alzheimer Disease.pdf | 2024 Linking activity dyshomeostasis and sleep disturbances in Alzheimer disease.pdf | 2025 Updates on mouse models of Alzheimer’s disease.pdf | Recent advances in Alzheimer’s disease mechanisms clinical trials and new drug development strategies.pdf | alzheimer disease  2021.pdf	"B. NREM sleep

NREM sleep, particularly during slow-wave sleep, is critical for metabolite clearance from the brain, including the clearance of amyloid-beta (Aβ). This process is facilitated by the glymphatic system, which is more active during sleep (Linking activity dyshomeostasis and sleep disturbances in Alzheimer disease, 2024)."	"B. NREM sleep

NREM sleep, particularly during slow-wave sleep, is critical for metabolite clearance from the brain, including the clearance of amyloid-beta (Aβ). This process is facilitated by the glymphatic system, which is more active during sleep (Linking activity dyshomeostasis and sleep disturbances in Alzheimer disease, 2024)."
2	3	ET-RAG	test.agent_etrag	A3	+ Hybrid context	cosine retrieval + evidence quality + temporal recency + hybrid paper context	0.5	0.3	0.2	9	What kind of volume change is associated with hearing loss in AD patients?	A. Increased brain volume | B. Decreased hippocampal volume | C. Increased white matter | D. Enlarged ventricles	B	Decreased hippocampal volume	B	True	0.740511	3.878	2.656	0.0	20	20	0.544317	True	False	False	False	2023-oxidative-damage-in-neurodegeneration-roles-in-the-pathogenesis-and-progression-of-alzheimer-disease.pdf | 2024 Advancements and Challenges in Antiamyloid Therapy for.pdf | 2024 Cell type-specific roles of APOE4 in Alzheimer disease.pdf | 2024 Immune Activation in Alzheimer Disease.pdf | 2024 Linking activity dyshomeostasis and sleep disturbances in Alzheimer disease.pdf | 2024 Neuroinflammation in Alzheimer disease.pdf | 2025 Oligodendrocytes in Alzheimer’s disease pathophysiology.pdf | 2025 Updates on mouse models of Alzheimer’s disease.pdf | Recent advances in Alzheimer’s disease mechanisms clinical trials and new drug development strategies.pdf | alzheimer disease  2021.pdf	"B. Decreased hippocampal volume. 

Hippocampal atrophy is commonly associated with cognitive impairment in Alzheimer’s disease (AD) and is a significant indicator of neurodegeneration in patients, including those with hearing loss (Alzheimer disease, 2021)."	"B. Decreased hippocampal volume. 

Hippocampal atrophy is commonly associated with cognitive impairment in Alzheimer’s disease (AD) and is a significant indicator of neurodegeneration in patients, including those with hearing loss (Alzheimer disease, 2021)."
2	3	ET-RAG	test.agent_etrag	A3	+ Hybrid context	cosine retrieval + evidence quality + temporal recency + hybrid paper context	0.5	0.3	0.2	10	The Mediterranean diet is primarily considered:	A. A treatment for AD | B. A preventive dietary strategy | C. A high-fat diet | D. A protein-reduction plan	B	A preventive dietary strategy	B	True	0.735668	3.738	2.478	0.0	19	19	0.530481	True	False	False	False	2023-oxidative-damage-in-neurodegeneration-roles-in-the-pathogenesis-and-progression-of-alzheimer-disease.pdf | 2024 Advancements and Challenges in Antiamyloid Therapy for.pdf | 2024 Neuroinflammation in Alzheimer disease.pdf | Recent advances in Alzheimer’s disease mechanisms clinical trials and new drug development strategies.pdf | alzheimer disease  2021.pdf	B. A preventive dietary strategy. The Mediterranean diet has been linked to a reduced risk of Alzheimer's disease (AD) and is considered a preventive approach to maintain good health and cognitive function (Oxidative damage in neurodegeneration: roles in the pathogenesis and progression of Alzheimer disease, 2023).	B. A preventive dietary strategy. The Mediterranean diet has been linked to a reduced risk of Alzheimer's disease (AD) and is considered a preventive approach to maintain good health and cognitive function (Oxidative damage in neurodegeneration: roles in the pathogenesis and progression of Alzheimer disease, 2023).
3	3	ET-RAG	test.agent_etrag	A3	+ Hybrid context	cosine retrieval + evidence quality + temporal recency + hybrid paper context	0.5	0.3	0.2	1	Which protein is considered a hallmark of Alzheimer’s disease (AD) pathology?	A. α-synuclein | B. Amyloid-beta (Aβ) | C. Huntingtin | D. Dopamine	B	Amyloid-beta (Aβ)	B	True	0.753737	4.974	3.234	0.0	41	20	0.582105	True	False	False	False	2023-oxidative-damage-in-neurodegeneration-roles-in-the-pathogenesis-and-progression-of-alzheimer-disease.pdf | 2024 Advancements and Challenges in Antiamyloid Therapy for.pdf | 2024 Cell type-specific roles of APOE4 in Alzheimer disease.pdf | 2024 Neuroinflammation in Alzheimer disease.pdf | alzheimer disease  2021.pdf	B. Amyloid-beta (Aβ) is considered a hallmark of Alzheimer’s disease (AD) pathology, characterized by the presence of β-amyloid-containing plaques and tau-containing neurofibrillary tangles (Alzheimer disease, 2021).	B. Amyloid-beta (Aβ) is considered a hallmark of Alzheimer’s disease (AD) pathology, characterized by the presence of β-amyloid-containing plaques and tau-containing neurofibrillary tangles (Alzheimer disease, 2021).
3	3	ET-RAG	test.agent_etrag	A3	+ Hybrid context	cosine retrieval + evidence quality + temporal recency + hybrid paper context	0.5	0.3	0.2	2	What type of sleep disorder is commonly associated with increased AD risk?	A. Narcolepsy | B. Insomnia | C. Obstructive sleep apnea (OSA) | D. Sleepwalking	C	Obstructive sleep apnea (OSA)	C	True	0.735389	4.014	2.355	0.0	22	20	0.529683	True	False	False	False	2023-oxidative-damage-in-neurodegeneration-roles-in-the-pathogenesis-and-progression-of-alzheimer-disease.pdf | 2024 Advancements and Challenges in Antiamyloid Therapy for.pdf | 2024 Cell type-specific roles of APOE4 in Alzheimer disease.pdf | 2024 Immune Activation in Alzheimer Disease.pdf | 2024 Linking activity dyshomeostasis and sleep disturbances in Alzheimer disease.pdf | 2024 Neuroinflammation in Alzheimer disease.pdf | 2025 Updates on mouse models of Alzheimer’s disease.pdf | alzheimer disease  2021.pdf	"C. Obstructive sleep apnea (OSA) 

Sleep disturbances, including increased time awake during the night and fragmented circadian rhythms, are commonly observed in Alzheimer disease (AD) and are linked to cognitive impairments (Linking activity dyshomeostasis and sleep disturbances in Alzheimer disease, 2024). Additionally, comorbid sleep disorders such as obstructive sleep apnea can exacerbate cognitive decline in individuals with AD (Alzheimer disease, 2021)."	"C. Obstructive sleep apnea (OSA) 

Sleep disturbances, including increased time awake during the night and fragmented circadian rhythms, are commonly observed in Alzheimer disease (AD) and are linked to cognitive impairments (Linking activity dyshomeostasis and sleep disturbances in Alzheimer disease, 2024). Additionally, comorbid sleep disorders such as obstructive sleep apnea can exacerbate cognitive decline in individuals with AD (Alzheimer disease, 2021)."
3	3	ET-RAG	test.agent_etrag	A3	+ Hybrid context	cosine retrieval + evidence quality + temporal recency + hybrid paper context	0.5	0.3	0.2	3	Which imaging modality was first introduced to visualize brain amyloid in AD?	A. CT | B. MRI | C. Aβ-PET | D. SPECT	C	Aβ-PET	C	True	0.752952	4.296	2.682	0.0	28	20	0.579864	True	False	False	False	2023-oxidative-damage-in-neurodegeneration-roles-in-the-pathogenesis-and-progression-of-alzheimer-disease.pdf | 2024 Advancements and Challenges in Antiamyloid Therapy for.pdf | 2024 Immune Activation in Alzheimer Disease.pdf | 2024 Neuroinflammation in Alzheimer disease.pdf | 2025 Updates on mouse models of Alzheimer’s disease.pdf | alzheimer disease  2021.pdf	"C. Aβ-PET

The introduction of Aβ-PET imaging in 2004 clarified the roles of FDG-PET and MRI in evaluating patients with cognitive impairment, specifically for visualizing brain amyloid in Alzheimer disease (AD) (Alzheimer disease, 2021)."	"C. Aβ-PET

The introduction of Aβ-PET imaging in 2004 clarified the roles of FDG-PET and MRI in evaluating patients with cognitive impairment, specifically for visualizing brain amyloid in Alzheimer disease (AD) (Alzheimer disease, 2021)."
3	3	ET-RAG	test.agent_etrag	A3	+ Hybrid context	cosine retrieval + evidence quality + temporal recency + hybrid paper context	0.5	0.3	0.2	4	Which gut-related intervention shows potential for AD treatment?	A. Probiotics | B. Vitamin D | C. Antibiotics | D. Statins	A	Probiotics	A	True	0.742119	4.012	2.709	0.0	8	8	0.548912	True	False	False	False	2023-oxidative-damage-in-neurodegeneration-roles-in-the-pathogenesis-and-progression-of-alzheimer-disease.pdf | 2024 Advancements and Challenges in Antiamyloid Therapy for.pdf | 2024 Immune Activation in Alzheimer Disease.pdf | 2024 Neuroinflammation in Alzheimer disease.pdf | 2025 Updates on mouse models of Alzheimer’s disease.pdf | Recent advances in Alzheimer’s disease mechanisms clinical trials and new drug development strategies.pdf | alzheimer disease  2021.pdf	"A. Probiotics

Probiotics, specifically Bifidobacterium and Lactobacillus species, have shown potential in improving blood-brain barrier integrity and memory deficits in mouse models of Alzheimer's disease (AD) after antibiotic-induced microbiome depletion (Neuroinflammation in Alzheimer disease, 2024)."	"A. Probiotics

Probiotics, specifically Bifidobacterium and Lactobacillus species, have shown potential in improving blood-brain barrier integrity and memory deficits in mouse models of Alzheimer's disease (AD) after antibiotic-induced microbiome depletion (Neuroinflammation in Alzheimer disease, 2024)."
3	3	ET-RAG	test.agent_etrag	A3	+ Hybrid context	cosine retrieval + evidence quality + temporal recency + hybrid paper context	0.5	0.3	0.2	5	What is the typical spacing used in the Tallapoosa tract for loblolly pine?	A. 4x4 ft | B. 6x6 ft | C. 6x12 ft | D. 8x10 ft	NOT_COVERED	Not Covered	NOT_COVERED	True	0.92	4.122	3.215	0.0	15	15	0.519406	True	False	False	False	2023-oxidative-damage-in-neurodegeneration-roles-in-the-pathogenesis-and-progression-of-alzheimer-disease.pdf | 2024 Advancements and Challenges in Antiamyloid Therapy for.pdf | 2024 Cell type-specific roles of APOE4 in Alzheimer disease.pdf | 2024 Immune Activation in Alzheimer Disease.pdf | 2024 Linking activity dyshomeostasis and sleep disturbances in Alzheimer disease.pdf | 2025 Updates on mouse models of Alzheimer’s disease.pdf | Recent advances in Alzheimer’s disease mechanisms clinical trials and new drug development strategies.pdf | alzheimer disease  2021.pdf	Not covered.	Not covered.
3	3	ET-RAG	test.agent_etrag	A3	+ Hybrid context	cosine retrieval + evidence quality + temporal recency + hybrid paper context	0.5	0.3	0.2	6	The A-T-N biomarker framework includes tau as which letter?	A. A | B. T | C. N | D. None	B	T	B	True	0.746379	3.876	2.637	0.0	22	20	0.561084	True	False	False	False	2023-oxidative-damage-in-neurodegeneration-roles-in-the-pathogenesis-and-progression-of-alzheimer-disease.pdf | 2024 Advancements and Challenges in Antiamyloid Therapy for.pdf | 2024 Cell type-specific roles of APOE4 in Alzheimer disease.pdf | 2024 Immune Activation in Alzheimer Disease.pdf | 2024 Neuroinflammation in Alzheimer disease.pdf | 2025 Updates on mouse models of Alzheimer’s disease.pdf | alzheimer disease  2021.pdf	"B. T

In the A-T-N biomarker framework, tau is represented by the letter ""T,"" indicating abnormal tau protein levels, which are crucial for diagnosing Alzheimer's disease (AD) pathology (Alzheimer disease, 2021)."	"B. T

In the A-T-N biomarker framework, tau is represented by the letter ""T,"" indicating abnormal tau protein levels, which are crucial for diagnosing Alzheimer's disease (AD) pathology (Alzheimer disease, 2021)."
3	3	ET-RAG	test.agent_etrag	A3	+ Hybrid context	cosine retrieval + evidence quality + temporal recency + hybrid paper context	0.5	0.3	0.2	7	Which age group is most at risk for cognitive disorders–associated AD?	A. <40 years | B. 40–65 years | C. 65–90 years | D. >90 years	D	>90 years	C	False	0.747984	3.713	2.217	0.0	26	20	0.56567	True	False	False	False	2023-oxidative-damage-in-neurodegeneration-roles-in-the-pathogenesis-and-progression-of-alzheimer-disease.pdf | 2024 Linking activity dyshomeostasis and sleep disturbances in Alzheimer disease.pdf | 2024 Neuroinflammation in Alzheimer disease.pdf | 2025 Updates on mouse models of Alzheimer’s disease.pdf | alzheimer disease  2021.pdf	"C. 65–90 years

The prevalence of overt cognitive impairment increases exponentially with advancing age, particularly after 65 years, with the incidence of dementia rising steeply in this age group (Alzheimer disease, 2021). Additionally, the fastest-growing demographic segment at risk for cognitive disorders is the oldest-old group (people aged > 90 years), which has the highest risk of multi-aetiology dementia (Alzheimer disease, 2021)."	"C. 65–90 years

The prevalence of overt cognitive impairment increases exponentially with advancing age, particularly after 65 years, with the incidence of dementia rising steeply in this age group (Alzheimer disease, 2021). Additionally, the fastest-growing demographic segment at risk for cognitive disorders is the oldest-old group (people aged > 90 years), which has the highest risk of multi-aetiology dementia (Alzheimer disease, 2021)."
3	3	ET-RAG	test.agent_etrag	A3	+ Hybrid context	cosine retrieval + evidence quality + temporal recency + hybrid paper context	0.5	0.3	0.2	8	Which sleep stage is critical for metabolite clearance from the brain?	A. REM sleep | B. NREM sleep | C. Light sleep | D. Awake state	B	NREM sleep	B	True	0.735284	4.32	2.824	0.0	15	15	0.529382	True	False	False	False	2023-oxidative-damage-in-neurodegeneration-roles-in-the-pathogenesis-and-progression-of-alzheimer-disease.pdf | 2024 Advancements and Challenges in Antiamyloid Therapy for.pdf | 2024 Immune Activation in Alzheimer Disease.pdf | 2024 Linking activity dyshomeostasis and sleep disturbances in Alzheimer disease.pdf | 2025 Updates on mouse models of Alzheimer’s disease.pdf | Recent advances in Alzheimer’s disease mechanisms clinical trials and new drug development strategies.pdf | alzheimer disease  2021.pdf	"B. NREM sleep

NREM sleep, particularly during slow-wave sleep, is critical for metabolite clearance from the brain, including the clearance of amyloid-β (Aβ). This process is facilitated by the glymphatic system, which is more active during NREM sleep compared to other states (Linking activity dyshomeostasis and sleep disturbances in Alzheimer disease, 2024)."	"B. NREM sleep

NREM sleep, particularly during slow-wave sleep, is critical for metabolite clearance from the brain, including the clearance of amyloid-β (Aβ). This process is facilitated by the glymphatic system, which is more active during NREM sleep compared to other states (Linking activity dyshomeostasis and sleep disturbances in Alzheimer disease, 2024)."
3	3	ET-RAG	test.agent_etrag	A3	+ Hybrid context	cosine retrieval + evidence quality + temporal recency + hybrid paper context	0.5	0.3	0.2	9	What kind of volume change is associated with hearing loss in AD patients?	A. Increased brain volume | B. Decreased hippocampal volume | C. Increased white matter | D. Enlarged ventricles	B	Decreased hippocampal volume	B	True	0.740514	3.607	2.498	0.0	20	20	0.544326	True	False	False	False	2023-oxidative-damage-in-neurodegeneration-roles-in-the-pathogenesis-and-progression-of-alzheimer-disease.pdf | 2024 Advancements and Challenges in Antiamyloid Therapy for.pdf | 2024 Cell type-specific roles of APOE4 in Alzheimer disease.pdf | 2024 Immune Activation in Alzheimer Disease.pdf | 2024 Linking activity dyshomeostasis and sleep disturbances in Alzheimer disease.pdf | 2024 Neuroinflammation in Alzheimer disease.pdf | 2025 Oligodendrocytes in Alzheimer’s disease pathophysiology.pdf | 2025 Updates on mouse models of Alzheimer’s disease.pdf | Recent advances in Alzheimer’s disease mechanisms clinical trials and new drug development strategies.pdf | alzheimer disease  2021.pdf	"B. Decreased hippocampal volume. 

Hippocampal atrophy is commonly associated with cognitive impairment in Alzheimer's disease (AD) and is a significant indicator of neurodegeneration in patients with hearing loss (Alzheimer disease, 2021)."	"B. Decreased hippocampal volume. 

Hippocampal atrophy is commonly associated with cognitive impairment in Alzheimer's disease (AD) and is a significant indicator of neurodegeneration in patients with hearing loss (Alzheimer disease, 2021)."
3	3	ET-RAG	test.agent_etrag	A3	+ Hybrid context	cosine retrieval + evidence quality + temporal recency + hybrid paper context	0.5	0.3	0.2	10	The Mediterranean diet is primarily considered:	A. A treatment for AD | B. A preventive dietary strategy | C. A high-fat diet | D. A protein-reduction plan	B	A preventive dietary strategy	B	True	0.735667	5.796	4.748	0.0	19	19	0.530476	True	False	False	False	2023-oxidative-damage-in-neurodegeneration-roles-in-the-pathogenesis-and-progression-of-alzheimer-disease.pdf | 2024 Advancements and Challenges in Antiamyloid Therapy for.pdf | 2024 Neuroinflammation in Alzheimer disease.pdf | Recent advances in Alzheimer’s disease mechanisms clinical trials and new drug development strategies.pdf | alzheimer disease  2021.pdf	B. A preventive dietary strategy. The Mediterranean diet has been linked to a reduced risk of Alzheimer's disease (AD) and is considered a preventive approach to maintain good health and cognitive function (Oxidative damage in neurodegeneration: roles in the pathogenesis and progression of Alzheimer disease, 2023).	B. A preventive dietary strategy. The Mediterranean diet has been linked to a reduced risk of Alzheimer's disease (AD) and is considered a preventive approach to maintain good health and cognitive function (Oxidative damage in neurodegeneration: roles in the pathogenesis and progression of Alzheimer disease, 2023).
4	3	ET-RAG	test.agent_etrag	A3	+ Hybrid context	cosine retrieval + evidence quality + temporal recency + hybrid paper context	0.5	0.3	0.2	1	Which protein is considered a hallmark of Alzheimer’s disease (AD) pathology?	A. α-synuclein | B. Amyloid-beta (Aβ) | C. Huntingtin | D. Dopamine	B	Amyloid-beta (Aβ)	B	True	0.753737	4.151	3.055	0.0	41	20	0.582104	True	False	False	False	2023-oxidative-damage-in-neurodegeneration-roles-in-the-pathogenesis-and-progression-of-alzheimer-disease.pdf | 2024 Advancements and Challenges in Antiamyloid Therapy for.pdf | 2024 Cell type-specific roles of APOE4 in Alzheimer disease.pdf | 2024 Neuroinflammation in Alzheimer disease.pdf | alzheimer disease  2021.pdf	B. Amyloid-beta (Aβ) is considered a hallmark of Alzheimer’s disease (AD) pathology, as it is biologically defined by the presence of β-amyloid-containing plaques and tau-containing neurofibrillary tangles (Alzheimer disease, 2021).	B. Amyloid-beta (Aβ) is considered a hallmark of Alzheimer’s disease (AD) pathology, as it is biologically defined by the presence of β-amyloid-containing plaques and tau-containing neurofibrillary tangles (Alzheimer disease, 2021).
4	3	ET-RAG	test.agent_etrag	A3	+ Hybrid context	cosine retrieval + evidence quality + temporal recency + hybrid paper context	0.5	0.3	0.2	2	What type of sleep disorder is commonly associated with increased AD risk?	A. Narcolepsy | B. Insomnia | C. Obstructive sleep apnea (OSA) | D. Sleepwalking	C	Obstructive sleep apnea (OSA)	C	True	0.735388	4.976	2.398	0.0	22	20	0.529679	True	False	False	False	2023-oxidative-damage-in-neurodegeneration-roles-in-the-pathogenesis-and-progression-of-alzheimer-disease.pdf | 2024 Advancements and Challenges in Antiamyloid Therapy for.pdf | 2024 Cell type-specific roles of APOE4 in Alzheimer disease.pdf | 2024 Immune Activation in Alzheimer Disease.pdf | 2024 Linking activity dyshomeostasis and sleep disturbances in Alzheimer disease.pdf | 2024 Neuroinflammation in Alzheimer disease.pdf | 2025 Updates on mouse models of Alzheimer’s disease.pdf | alzheimer disease  2021.pdf	"C. Obstructive sleep apnea (OSA) 

Sleep disturbances, including increased time awake during the night and fragmented circadian rhythms, are commonly observed in Alzheimer disease (AD) and are linked to cognitive impairments (Linking activity dyshomeostasis and sleep disturbances in Alzheimer disease, 2024). Additionally, comorbid sleep disorders such as obstructive sleep apnea can exacerbate cognitive decline in individuals with AD (Alzheimer disease, 2021)."	"C. Obstructive sleep apnea (OSA) 

Sleep disturbances, including increased time awake during the night and fragmented circadian rhythms, are commonly observed in Alzheimer disease (AD) and are linked to cognitive impairments (Linking activity dyshomeostasis and sleep disturbances in Alzheimer disease, 2024). Additionally, comorbid sleep disorders such as obstructive sleep apnea can exacerbate cognitive decline in individuals with AD (Alzheimer disease, 2021)."
4	3	ET-RAG	test.agent_etrag	A3	+ Hybrid context	cosine retrieval + evidence quality + temporal recency + hybrid paper context	0.5	0.3	0.2	3	Which imaging modality was first introduced to visualize brain amyloid in AD?	A. CT | B. MRI | C. Aβ-PET | D. SPECT	C	Aβ-PET	C	True	0.752952	4.235	2.709	0.0	28	20	0.579864	True	False	False	False	2023-oxidative-damage-in-neurodegeneration-roles-in-the-pathogenesis-and-progression-of-alzheimer-disease.pdf | 2024 Advancements and Challenges in Antiamyloid Therapy for.pdf | 2024 Immune Activation in Alzheimer Disease.pdf | 2024 Neuroinflammation in Alzheimer disease.pdf | 2025 Updates on mouse models of Alzheimer’s disease.pdf | alzheimer disease  2021.pdf	"C. Aβ-PET

The introduction of Aβ-PET imaging in 2004 clarified the roles of FDG-PET and MRI in evaluating patients with cognitive impairment, specifically for visualizing brain amyloid in Alzheimer disease (AD) (Alzheimer disease, 2021)."	"C. Aβ-PET

The introduction of Aβ-PET imaging in 2004 clarified the roles of FDG-PET and MRI in evaluating patients with cognitive impairment, specifically for visualizing brain amyloid in Alzheimer disease (AD) (Alzheimer disease, 2021)."
4	3	ET-RAG	test.agent_etrag	A3	+ Hybrid context	cosine retrieval + evidence quality + temporal recency + hybrid paper context	0.5	0.3	0.2	4	Which gut-related intervention shows potential for AD treatment?	A. Probiotics | B. Vitamin D | C. Antibiotics | D. Statins	A	Probiotics	A	True	0.742117	3.683	2.463	0.0	8	8	0.548907	True	False	False	False	2023-oxidative-damage-in-neurodegeneration-roles-in-the-pathogenesis-and-progression-of-alzheimer-disease.pdf | 2024 Advancements and Challenges in Antiamyloid Therapy for.pdf | 2024 Immune Activation in Alzheimer Disease.pdf | 2024 Neuroinflammation in Alzheimer disease.pdf | 2025 Updates on mouse models of Alzheimer’s disease.pdf | Recent advances in Alzheimer’s disease mechanisms clinical trials and new drug development strategies.pdf | alzheimer disease  2021.pdf	"A. Probiotics

Probiotics, specifically Bifidobacterium and Lactobacillus species, have shown potential in improving blood-brain barrier integrity and memory deficits in mouse models of Alzheimer's disease (AD) after antibiotic-induced microbiome depletion (Neuroinflammation in Alzheimer disease, 2024)."	"A. Probiotics

Probiotics, specifically Bifidobacterium and Lactobacillus species, have shown potential in improving blood-brain barrier integrity and memory deficits in mouse models of Alzheimer's disease (AD) after antibiotic-induced microbiome depletion (Neuroinflammation in Alzheimer disease, 2024)."
4	3	ET-RAG	test.agent_etrag	A3	+ Hybrid context	cosine retrieval + evidence quality + temporal recency + hybrid paper context	0.5	0.3	0.2	5	What is the typical spacing used in the Tallapoosa tract for loblolly pine?	A. 4x4 ft | B. 6x6 ft | C. 6x12 ft | D. 8x10 ft	NOT_COVERED	Not Covered	NOT_COVERED	True	0.92	9.106	8.289	0.0	15	15	0.519404	True	False	False	False	2023-oxidative-damage-in-neurodegeneration-roles-in-the-pathogenesis-and-progression-of-alzheimer-disease.pdf | 2024 Advancements and Challenges in Antiamyloid Therapy for.pdf | 2024 Cell type-specific roles of APOE4 in Alzheimer disease.pdf | 2024 Immune Activation in Alzheimer Disease.pdf | 2024 Linking activity dyshomeostasis and sleep disturbances in Alzheimer disease.pdf | 2025 Updates on mouse models of Alzheimer’s disease.pdf | Recent advances in Alzheimer’s disease mechanisms clinical trials and new drug development strategies.pdf | alzheimer disease  2021.pdf	Not covered.	Not covered.
4	3	ET-RAG	test.agent_etrag	A3	+ Hybrid context	cosine retrieval + evidence quality + temporal recency + hybrid paper context	0.5	0.3	0.2	6	The A-T-N biomarker framework includes tau as which letter?	A. A | B. T | C. N | D. None	B	T	B	True	0.746376	3.23	2.24	0.0	22	20	0.561075	True	False	False	False	2023-oxidative-damage-in-neurodegeneration-roles-in-the-pathogenesis-and-progression-of-alzheimer-disease.pdf | 2024 Advancements and Challenges in Antiamyloid Therapy for.pdf | 2024 Cell type-specific roles of APOE4 in Alzheimer disease.pdf | 2024 Immune Activation in Alzheimer Disease.pdf | 2024 Neuroinflammation in Alzheimer disease.pdf | 2025 Updates on mouse models of Alzheimer’s disease.pdf | alzheimer disease  2021.pdf	"B. T

In the A-T-N biomarker framework, tau is represented by the letter ""T,"" indicating abnormal tau protein levels, which are crucial for diagnosing Alzheimer's disease (AD) pathology (Alzheimer disease, 2021)."	"B. T

In the A-T-N biomarker framework, tau is represented by the letter ""T,"" indicating abnormal tau protein levels, which are crucial for diagnosing Alzheimer's disease (AD) pathology (Alzheimer disease, 2021)."
4	3	ET-RAG	test.agent_etrag	A3	+ Hybrid context	cosine retrieval + evidence quality + temporal recency + hybrid paper context	0.5	0.3	0.2	7	Which age group is most at risk for cognitive disorders–associated AD?	A. <40 years | B. 40–65 years | C. 65–90 years | D. >90 years	D	>90 years	C	False	0.747984	5.706	4.446	0.0	26	20	0.56567	True	False	False	False	2023-oxidative-damage-in-neurodegeneration-roles-in-the-pathogenesis-and-progression-of-alzheimer-disease.pdf | 2024 Linking activity dyshomeostasis and sleep disturbances in Alzheimer disease.pdf | 2024 Neuroinflammation in Alzheimer disease.pdf | 2025 Updates on mouse models of Alzheimer’s disease.pdf | alzheimer disease  2021.pdf	"C. 65–90 years

The prevalence of overt cognitive impairment increases exponentially with advancing age, particularly after 65 years, with the incidence of dementia rising steeply in this age group (Alzheimer disease, 2021). Additionally, the fastest-growing demographic segment at risk for cognitive disorders is the oldest-old group (people aged >90 years), which has the highest risk of multi-aetiology dementia (Alzheimer disease, 2021)."	"C. 65–90 years

The prevalence of overt cognitive impairment increases exponentially with advancing age, particularly after 65 years, with the incidence of dementia rising steeply in this age group (Alzheimer disease, 2021). Additionally, the fastest-growing demographic segment at risk for cognitive disorders is the oldest-old group (people aged >90 years), which has the highest risk of multi-aetiology dementia (Alzheimer disease, 2021)."
4	3	ET-RAG	test.agent_etrag	A3	+ Hybrid context	cosine retrieval + evidence quality + temporal recency + hybrid paper context	0.5	0.3	0.2	8	Which sleep stage is critical for metabolite clearance from the brain?	A. REM sleep | B. NREM sleep | C. Light sleep | D. Awake state	B	NREM sleep	B	True	0.735272	10.396	8.338	0.0	15	15	0.529348	True	False	False	False	2023-oxidative-damage-in-neurodegeneration-roles-in-the-pathogenesis-and-progression-of-alzheimer-disease.pdf | 2024 Advancements and Challenges in Antiamyloid Therapy for.pdf | 2024 Immune Activation in Alzheimer Disease.pdf | 2024 Linking activity dyshomeostasis and sleep disturbances in Alzheimer disease.pdf | 2025 Updates on mouse models of Alzheimer’s disease.pdf | Recent advances in Alzheimer’s disease mechanisms clinical trials and new drug development strategies.pdf | alzheimer disease  2021.pdf	"B. NREM sleep

NREM sleep is critical for metabolite clearance from the brain, particularly during the glymphatic system's activity, which is enhanced during this sleep stage. This process is essential for the clearance of amyloid-beta (Aβ) and other waste products, as highlighted in ""Linking activity dyshomeostasis and sleep disturbances in Alzheimer disease"" (2024)."	"B. NREM sleep

NREM sleep is critical for metabolite clearance from the brain, particularly during the glymphatic system's activity, which is enhanced during this sleep stage. This process is essential for the clearance of amyloid-beta (Aβ) and other waste products, as highlighted in ""Linking activity dyshomeostasis and sleep disturbances in Alzheimer disease"" (2024)."
4	3	ET-RAG	test.agent_etrag	A3	+ Hybrid context	cosine retrieval + evidence quality + temporal recency + hybrid paper context	0.5	0.3	0.2	9	What kind of volume change is associated with hearing loss in AD patients?	A. Increased brain volume | B. Decreased hippocampal volume | C. Increased white matter | D. Enlarged ventricles	B	Decreased hippocampal volume	B	True	0.740499	3.275	2.221	0.0	20	20	0.544284	True	False	False	False	2023-oxidative-damage-in-neurodegeneration-roles-in-the-pathogenesis-and-progression-of-alzheimer-disease.pdf | 2024 Advancements and Challenges in Antiamyloid Therapy for.pdf | 2024 Cell type-specific roles of APOE4 in Alzheimer disease.pdf | 2024 Immune Activation in Alzheimer Disease.pdf | 2024 Linking activity dyshomeostasis and sleep disturbances in Alzheimer disease.pdf | 2024 Neuroinflammation in Alzheimer disease.pdf | 2025 Oligodendrocytes in Alzheimer’s disease pathophysiology.pdf | 2025 Updates on mouse models of Alzheimer’s disease.pdf | Recent advances in Alzheimer’s disease mechanisms clinical trials and new drug development strategies.pdf | alzheimer disease  2021.pdf	"B. Decreased hippocampal volume. 

Hippocampal atrophy is commonly associated with cognitive impairment in Alzheimer’s disease (AD) and is a significant indicator of neurodegeneration in patients, including those with hearing loss (Alzheimer disease, 2021)."	"B. Decreased hippocampal volume. 

Hippocampal atrophy is commonly associated with cognitive impairment in Alzheimer’s disease (AD) and is a significant indicator of neurodegeneration in patients, including those with hearing loss (Alzheimer disease, 2021)."
4	3	ET-RAG	test.agent_etrag	A3	+ Hybrid context	cosine retrieval + evidence quality + temporal recency + hybrid paper context	0.5	0.3	0.2	10	The Mediterranean diet is primarily considered:	A. A treatment for AD | B. A preventive dietary strategy | C. A high-fat diet | D. A protein-reduction plan	B	A preventive dietary strategy	B	True	0.735665	4.084	2.915	0.0	19	19	0.53047	True	False	False	False	2023-oxidative-damage-in-neurodegeneration-roles-in-the-pathogenesis-and-progression-of-alzheimer-disease.pdf | 2024 Advancements and Challenges in Antiamyloid Therapy for.pdf | 2024 Neuroinflammation in Alzheimer disease.pdf | Recent advances in Alzheimer’s disease mechanisms clinical trials and new drug development strategies.pdf | alzheimer disease  2021.pdf	B. A preventive dietary strategy. The Mediterranean diet has been linked to a reduced risk of Alzheimer's disease (AD) and is considered a preventive approach to maintain good health and cognitive function (Oxidative damage in neurodegeneration: roles in the pathogenesis and progression of Alzheimer disease, 2023).	B. A preventive dietary strategy. The Mediterranean diet has been linked to a reduced risk of Alzheimer's disease (AD) and is considered a preventive approach to maintain good health and cognitive function (Oxidative damage in neurodegeneration: roles in the pathogenesis and progression of Alzheimer disease, 2023).
5	3	ET-RAG	test.agent_etrag	A3	+ Hybrid context	cosine retrieval + evidence quality + temporal recency + hybrid paper context	0.5	0.3	0.2	1	Which protein is considered a hallmark of Alzheimer’s disease (AD) pathology?	A. α-synuclein | B. Amyloid-beta (Aβ) | C. Huntingtin | D. Dopamine	B	Amyloid-beta (Aβ)	B	True	0.753737	3.646	2.589	0.0	41	20	0.582104	True	False	False	False	2023-oxidative-damage-in-neurodegeneration-roles-in-the-pathogenesis-and-progression-of-alzheimer-disease.pdf | 2024 Advancements and Challenges in Antiamyloid Therapy for.pdf | 2024 Cell type-specific roles of APOE4 in Alzheimer disease.pdf | 2024 Neuroinflammation in Alzheimer disease.pdf | alzheimer disease  2021.pdf	B. Amyloid-beta (Aβ) is considered a hallmark of Alzheimer’s disease (AD) pathology, characterized by the presence of β-amyloid-containing plaques and tau-containing neurofibrillary tangles (Alzheimer disease, 2021).	B. Amyloid-beta (Aβ) is considered a hallmark of Alzheimer’s disease (AD) pathology, characterized by the presence of β-amyloid-containing plaques and tau-containing neurofibrillary tangles (Alzheimer disease, 2021).
5	3	ET-RAG	test.agent_etrag	A3	+ Hybrid context	cosine retrieval + evidence quality + temporal recency + hybrid paper context	0.5	0.3	0.2	2	What type of sleep disorder is commonly associated with increased AD risk?	A. Narcolepsy | B. Insomnia | C. Obstructive sleep apnea (OSA) | D. Sleepwalking	C	Obstructive sleep apnea (OSA)	C	True	0.735391	4.718	2.392	0.0	22	20	0.529688	True	False	False	False	2023-oxidative-damage-in-neurodegeneration-roles-in-the-pathogenesis-and-progression-of-alzheimer-disease.pdf | 2024 Advancements and Challenges in Antiamyloid Therapy for.pdf | 2024 Cell type-specific roles of APOE4 in Alzheimer disease.pdf | 2024 Immune Activation in Alzheimer Disease.pdf | 2024 Linking activity dyshomeostasis and sleep disturbances in Alzheimer disease.pdf | 2024 Neuroinflammation in Alzheimer disease.pdf | 2025 Updates on mouse models of Alzheimer’s disease.pdf | alzheimer disease  2021.pdf	"C. Obstructive sleep apnea (OSA) 

Sleep disturbances, including increased time awake during the night and fragmented circadian rhythms, are commonly observed in Alzheimer disease (AD) and are linked to cognitive impairments (Linking activity dyshomeostasis and sleep disturbances in Alzheimer disease, 2024). Additionally, comorbid sleep disorders such as obstructive sleep apnea can exacerbate cognitive decline in individuals with AD (Alzheimer disease, 2021)."	"C. Obstructive sleep apnea (OSA) 

Sleep disturbances, including increased time awake during the night and fragmented circadian rhythms, are commonly observed in Alzheimer disease (AD) and are linked to cognitive impairments (Linking activity dyshomeostasis and sleep disturbances in Alzheimer disease, 2024). Additionally, comorbid sleep disorders such as obstructive sleep apnea can exacerbate cognitive decline in individuals with AD (Alzheimer disease, 2021)."
5	3	ET-RAG	test.agent_etrag	A3	+ Hybrid context	cosine retrieval + evidence quality + temporal recency + hybrid paper context	0.5	0.3	0.2	3	Which imaging modality was first introduced to visualize brain amyloid in AD?	A. CT | B. MRI | C. Aβ-PET | D. SPECT	C	Aβ-PET	C	True	0.752952	3.516	2.222	0.0	28	20	0.579864	True	False	False	False	2023-oxidative-damage-in-neurodegeneration-roles-in-the-pathogenesis-and-progression-of-alzheimer-disease.pdf | 2024 Advancements and Challenges in Antiamyloid Therapy for.pdf | 2024 Immune Activation in Alzheimer Disease.pdf | 2024 Neuroinflammation in Alzheimer disease.pdf | 2025 Updates on mouse models of Alzheimer’s disease.pdf | alzheimer disease  2021.pdf	"C. Aβ-PET

The introduction of Aβ-PET imaging in 2004 clarified the roles of FDG-PET and MRI in evaluating patients with cognitive impairment, specifically for visualizing brain amyloid in Alzheimer disease (AD) (Alzheimer disease, 2021)."	"C. Aβ-PET

The introduction of Aβ-PET imaging in 2004 clarified the roles of FDG-PET and MRI in evaluating patients with cognitive impairment, specifically for visualizing brain amyloid in Alzheimer disease (AD) (Alzheimer disease, 2021)."
5	3	ET-RAG	test.agent_etrag	A3	+ Hybrid context	cosine retrieval + evidence quality + temporal recency + hybrid paper context	0.5	0.3	0.2	4	Which gut-related intervention shows potential for AD treatment?	A. Probiotics | B. Vitamin D | C. Antibiotics | D. Statins	A	Probiotics	A	True	0.74211	4.163	2.859	0.0	8	8	0.548887	True	False	False	False	2023-oxidative-damage-in-neurodegeneration-roles-in-the-pathogenesis-and-progression-of-alzheimer-disease.pdf | 2024 Advancements and Challenges in Antiamyloid Therapy for.pdf | 2024 Immune Activation in Alzheimer Disease.pdf | 2024 Neuroinflammation in Alzheimer disease.pdf | 2025 Updates on mouse models of Alzheimer’s disease.pdf | Recent advances in Alzheimer’s disease mechanisms clinical trials and new drug development strategies.pdf | alzheimer disease  2021.pdf	"A. Probiotics

Probiotics, specifically Bifidobacterium and Lactobacillus species, have shown potential in improving blood-brain barrier integrity and memory deficits in mouse models of Alzheimer's disease (AD) after antibiotic-induced microbiome depletion (Neuroinflammation in Alzheimer disease, 2024)."	"A. Probiotics

Probiotics, specifically Bifidobacterium and Lactobacillus species, have shown potential in improving blood-brain barrier integrity and memory deficits in mouse models of Alzheimer's disease (AD) after antibiotic-induced microbiome depletion (Neuroinflammation in Alzheimer disease, 2024)."
5	3	ET-RAG	test.agent_etrag	A3	+ Hybrid context	cosine retrieval + evidence quality + temporal recency + hybrid paper context	0.5	0.3	0.2	5	What is the typical spacing used in the Tallapoosa tract for loblolly pine?	A. 4x4 ft | B. 6x6 ft | C. 6x12 ft | D. 8x10 ft	NOT_COVERED	Not Covered	NOT_COVERED	True	0.92	3.212	2.432	0.0	15	15	0.519403	True	False	False	False	2023-oxidative-damage-in-neurodegeneration-roles-in-the-pathogenesis-and-progression-of-alzheimer-disease.pdf | 2024 Advancements and Challenges in Antiamyloid Therapy for.pdf | 2024 Cell type-specific roles of APOE4 in Alzheimer disease.pdf | 2024 Immune Activation in Alzheimer Disease.pdf | 2024 Linking activity dyshomeostasis and sleep disturbances in Alzheimer disease.pdf | 2025 Updates on mouse models of Alzheimer’s disease.pdf | Recent advances in Alzheimer’s disease mechanisms clinical trials and new drug development strategies.pdf | alzheimer disease  2021.pdf	Not covered.	Not covered.
5	3	ET-RAG	test.agent_etrag	A3	+ Hybrid context	cosine retrieval + evidence quality + temporal recency + hybrid paper context	0.5	0.3	0.2	6	The A-T-N biomarker framework includes tau as which letter?	A. A | B. T | C. N | D. None	B	T	B	True	0.746376	7.846	6.583	0.0	22	20	0.561075	True	False	False	False	2023-oxidative-damage-in-neurodegeneration-roles-in-the-pathogenesis-and-progression-of-alzheimer-disease.pdf | 2024 Advancements and Challenges in Antiamyloid Therapy for.pdf | 2024 Cell type-specific roles of APOE4 in Alzheimer disease.pdf | 2024 Immune Activation in Alzheimer Disease.pdf | 2024 Neuroinflammation in Alzheimer disease.pdf | 2025 Updates on mouse models of Alzheimer’s disease.pdf | alzheimer disease  2021.pdf	"B. T

In the A-T-N biomarker framework, tau is represented by the letter ""T,"" indicating abnormal tau protein levels, which are crucial for diagnosing Alzheimer's disease (AD) pathology (Alzheimer disease, 2021)."	"B. T

In the A-T-N biomarker framework, tau is represented by the letter ""T,"" indicating abnormal tau protein levels, which are crucial for diagnosing Alzheimer's disease (AD) pathology (Alzheimer disease, 2021)."
5	3	ET-RAG	test.agent_etrag	A3	+ Hybrid context	cosine retrieval + evidence quality + temporal recency + hybrid paper context	0.5	0.3	0.2	7	Which age group is most at risk for cognitive disorders–associated AD?	A. <40 years | B. 40–65 years | C. 65–90 years | D. >90 years	D	>90 years	C	False	0.747983	4.562	3.371	0.0	26	20	0.565666	True	False	False	False	2023-oxidative-damage-in-neurodegeneration-roles-in-the-pathogenesis-and-progression-of-alzheimer-disease.pdf | 2024 Linking activity dyshomeostasis and sleep disturbances in Alzheimer disease.pdf | 2024 Neuroinflammation in Alzheimer disease.pdf | 2025 Updates on mouse models of Alzheimer’s disease.pdf | alzheimer disease  2021.pdf	"C. 65–90 years

The prevalence of overt cognitive impairment increases exponentially with advancing age, particularly after 65 years, with the incidence of all-cause dementia rising steeply in this age group (Alzheimer disease, 2021). Additionally, the fastest-growing demographic segment at risk for cognitive disorders is the oldest-old group (people aged >90 years) (Alzheimer disease, 2021)."	"C. 65–90 years

The prevalence of overt cognitive impairment increases exponentially with advancing age, particularly after 65 years, with the incidence of all-cause dementia rising steeply in this age group (Alzheimer disease, 2021). Additionally, the fastest-growing demographic segment at risk for cognitive disorders is the oldest-old group (people aged >90 years) (Alzheimer disease, 2021)."
5	3	ET-RAG	test.agent_etrag	A3	+ Hybrid context	cosine retrieval + evidence quality + temporal recency + hybrid paper context	0.5	0.3	0.2	8	Which sleep stage is critical for metabolite clearance from the brain?	A. REM sleep | B. NREM sleep | C. Light sleep | D. Awake state	B	NREM sleep	B	True	0.735287	6.447	4.743	0.0	15	15	0.529392	True	False	False	False	2023-oxidative-damage-in-neurodegeneration-roles-in-the-pathogenesis-and-progression-of-alzheimer-disease.pdf | 2024 Advancements and Challenges in Antiamyloid Therapy for.pdf | 2024 Immune Activation in Alzheimer Disease.pdf | 2024 Linking activity dyshomeostasis and sleep disturbances in Alzheimer disease.pdf | 2025 Updates on mouse models of Alzheimer’s disease.pdf | Recent advances in Alzheimer’s disease mechanisms clinical trials and new drug development strategies.pdf | alzheimer disease  2021.pdf	"B. NREM sleep

NREM sleep is critical for metabolite clearance from the brain, particularly during the glymphatic system's activity, which is enhanced during this sleep stage. This process is essential for the clearance of amyloid-β and other waste products, as highlighted in ""Linking activity dyshomeostasis and sleep disturbances in Alzheimer disease"" (2024)."	"B. NREM sleep

NREM sleep is critical for metabolite clearance from the brain, particularly during the glymphatic system's activity, which is enhanced during this sleep stage. This process is essential for the clearance of amyloid-β and other waste products, as highlighted in ""Linking activity dyshomeostasis and sleep disturbances in Alzheimer disease"" (2024)."
5	3	ET-RAG	test.agent_etrag	A3	+ Hybrid context	cosine retrieval + evidence quality + temporal recency + hybrid paper context	0.5	0.3	0.2	9	What kind of volume change is associated with hearing loss in AD patients?	A. Increased brain volume | B. Decreased hippocampal volume | C. Increased white matter | D. Enlarged ventricles	B	Decreased hippocampal volume	B	True	0.740514	5.032	3.829	0.0	20	20	0.544326	True	False	False	False	2023-oxidative-damage-in-neurodegeneration-roles-in-the-pathogenesis-and-progression-of-alzheimer-disease.pdf | 2024 Advancements and Challenges in Antiamyloid Therapy for.pdf | 2024 Cell type-specific roles of APOE4 in Alzheimer disease.pdf | 2024 Immune Activation in Alzheimer Disease.pdf | 2024 Linking activity dyshomeostasis and sleep disturbances in Alzheimer disease.pdf | 2024 Neuroinflammation in Alzheimer disease.pdf | 2025 Oligodendrocytes in Alzheimer’s disease pathophysiology.pdf | 2025 Updates on mouse models of Alzheimer’s disease.pdf | Recent advances in Alzheimer’s disease mechanisms clinical trials and new drug development strategies.pdf | alzheimer disease  2021.pdf	"B. Decreased hippocampal volume. 

Hippocampal atrophy is commonly associated with cognitive impairment in Alzheimer's disease (AD), and studies indicate that hearing loss can exacerbate this atrophy, leading to further cognitive decline (Alzheimer disease, 2021)."	"B. Decreased hippocampal volume. 

Hippocampal atrophy is commonly associated with cognitive impairment in Alzheimer's disease (AD), and studies indicate that hearing loss can exacerbate this atrophy, leading to further cognitive decline (Alzheimer disease, 2021)."
5	3	ET-RAG	test.agent_etrag	A3	+ Hybrid context	cosine retrieval + evidence quality + temporal recency + hybrid paper context	0.5	0.3	0.2	10	The Mediterranean diet is primarily considered:	A. A treatment for AD | B. A preventive dietary strategy | C. A high-fat diet | D. A protein-reduction plan	B	A preventive dietary strategy	B	True	0.735668	3.594	2.104	0.0	19	19	0.530479	True	False	False	False	2023-oxidative-damage-in-neurodegeneration-roles-in-the-pathogenesis-and-progression-of-alzheimer-disease.pdf | 2024 Advancements and Challenges in Antiamyloid Therapy for.pdf | 2024 Neuroinflammation in Alzheimer disease.pdf | Recent advances in Alzheimer’s disease mechanisms clinical trials and new drug development strategies.pdf | alzheimer disease  2021.pdf	B. A preventive dietary strategy. The Mediterranean diet has been linked to a reduced risk of Alzheimer's disease (AD) and is considered a preventive approach to maintain good health and cognitive function (Oxidative damage in neurodegeneration: roles in the pathogenesis and progression of Alzheimer disease, 2023).	B. A preventive dietary strategy. The Mediterranean diet has been linked to a reduced risk of Alzheimer's disease (AD) and is considered a preventive approach to maintain good health and cognitive function (Oxidative damage in neurodegeneration: roles in the pathogenesis and progression of Alzheimer disease, 2023).
1	4	ET-RAG	test.agent_etrag	A4	+ Per-option retrieval	cosine retrieval + evidence quality + temporal recency + hybrid paper context + per-option retrieval	0.5	0.3	0.2	1	Which protein is considered a hallmark of Alzheimer’s disease (AD) pathology?	A. α-synuclein | B. Amyloid-beta (Aβ) | C. Huntingtin | D. Dopamine	B	Amyloid-beta (Aβ)	B	True	0.754145	8.381	3.151	2.104	41	20	0.583272	True	True	False	False	2023-oxidative-damage-in-neurodegeneration-roles-in-the-pathogenesis-and-progression-of-alzheimer-disease.pdf | 2024 Advancements and Challenges in Antiamyloid Therapy for.pdf | 2024 Cell type-specific roles of APOE4 in Alzheimer disease.pdf | 2024 Neuroinflammation in Alzheimer disease.pdf | alzheimer disease  2021.pdf	B. Amyloid-beta (Aβ) is considered a hallmark of Alzheimer’s disease (AD) pathology, as it is biologically defined by the presence of β-amyloid-containing plaques and tau-containing neurofibrillary tangles (Alzheimer disease, 2021).	B. Amyloid-beta (Aβ) is considered a hallmark of Alzheimer’s disease (AD) pathology, as it is biologically defined by the presence of β-amyloid-containing plaques and tau-containing neurofibrillary tangles (Alzheimer disease, 2021).
1	4	ET-RAG	test.agent_etrag	A4	+ Per-option retrieval	cosine retrieval + evidence quality + temporal recency + hybrid paper context + per-option retrieval	0.5	0.3	0.2	2	What type of sleep disorder is commonly associated with increased AD risk?	A. Narcolepsy | B. Insomnia | C. Obstructive sleep apnea (OSA) | D. Sleepwalking	C	Obstructive sleep apnea (OSA)	C	True	0.735263	6.725	3.763	0.954	21	20	0.529324	True	True	False	False	2023-oxidative-damage-in-neurodegeneration-roles-in-the-pathogenesis-and-progression-of-alzheimer-disease.pdf | 2024 Advancements and Challenges in Antiamyloid Therapy for.pdf | 2024 Cell type-specific roles of APOE4 in Alzheimer disease.pdf | 2024 Immune Activation in Alzheimer Disease.pdf | 2024 Linking activity dyshomeostasis and sleep disturbances in Alzheimer disease.pdf | 2024 Neuroinflammation in Alzheimer disease.pdf | 2025 Updates on mouse models of Alzheimer’s disease.pdf | alzheimer disease  2021.pdf	C. Obstructive sleep apnea (OSA) is commonly associated with increased AD risk. Sleep disorders, including OSA, can exacerbate cognitive decline and are linked to the pathophysiology of Alzheimer's disease (AD) by affecting neuronal activity and sleep quality (Linking activity dyshomeostasis and sleep disturbances in Alzheimer disease, 2024).	C. Obstructive sleep apnea (OSA) is commonly associated with increased AD risk. Sleep disorders, including OSA, can exacerbate cognitive decline and are linked to the pathophysiology of Alzheimer's disease (AD) by affecting neuronal activity and sleep quality (Linking activity dyshomeostasis and sleep disturbances in Alzheimer disease, 2024).
1	4	ET-RAG	test.agent_etrag	A4	+ Per-option retrieval	cosine retrieval + evidence quality + temporal recency + hybrid paper context + per-option retrieval	0.5	0.3	0.2	3	Which imaging modality was first introduced to visualize brain amyloid in AD?	A. CT | B. MRI | C. Aβ-PET | D. SPECT	C	Aβ-PET	C	True	0.753408	6.82	2.834	1.198	28	20	0.581165	True	True	False	False	2023-oxidative-damage-in-neurodegeneration-roles-in-the-pathogenesis-and-progression-of-alzheimer-disease.pdf | 2024 Advancements and Challenges in Antiamyloid Therapy for.pdf | 2024 Immune Activation in Alzheimer Disease.pdf | 2024 Neuroinflammation in Alzheimer disease.pdf | 2025 Updates on mouse models of Alzheimer’s disease.pdf | alzheimer disease  2021.pdf	"C. Aβ-PET

The introduction of Aβ-PET imaging in 2004 clarified the roles of FDG-PET and MRI in evaluating patients with cognitive impairment, specifically for visualizing brain amyloid in Alzheimer disease (AD) (Alzheimer disease, 2021)."	"C. Aβ-PET

The introduction of Aβ-PET imaging in 2004 clarified the roles of FDG-PET and MRI in evaluating patients with cognitive impairment, specifically for visualizing brain amyloid in Alzheimer disease (AD) (Alzheimer disease, 2021)."
1	4	ET-RAG	test.agent_etrag	A4	+ Per-option retrieval	cosine retrieval + evidence quality + temporal recency + hybrid paper context + per-option retrieval	0.5	0.3	0.2	4	Which gut-related intervention shows potential for AD treatment?	A. Probiotics | B. Vitamin D | C. Antibiotics | D. Statins	A	Probiotics	A	True	0.742451	6.01	3.511	1.06	8	8	0.54986	True	True	False	False	2023-oxidative-damage-in-neurodegeneration-roles-in-the-pathogenesis-and-progression-of-alzheimer-disease.pdf | 2024 Advancements and Challenges in Antiamyloid Therapy for.pdf | 2024 Immune Activation in Alzheimer Disease.pdf | 2024 Neuroinflammation in Alzheimer disease.pdf | 2025 Updates on mouse models of Alzheimer’s disease.pdf | Recent advances in Alzheimer’s disease mechanisms clinical trials and new drug development strategies.pdf | alzheimer disease  2021.pdf	"A. Probiotics

Probiotics, specifically Bifidobacterium and Lactobacillus species, have shown potential in improving blood-brain barrier integrity and memory deficits in mouse models of Alzheimer's disease (AD) after antibiotic-induced microbiome depletion (Neuroinflammation in Alzheimer disease, 2024)."	"A. Probiotics

Probiotics, specifically Bifidobacterium and Lactobacillus species, have shown potential in improving blood-brain barrier integrity and memory deficits in mouse models of Alzheimer's disease (AD) after antibiotic-induced microbiome depletion (Neuroinflammation in Alzheimer disease, 2024)."
1	4	ET-RAG	test.agent_etrag	A4	+ Per-option retrieval	cosine retrieval + evidence quality + temporal recency + hybrid paper context + per-option retrieval	0.5	0.3	0.2	5	What is the typical spacing used in the Tallapoosa tract for loblolly pine?	A. 4x4 ft | B. 6x6 ft | C. 6x12 ft | D. 8x10 ft	NOT_COVERED	Not Covered	NOT_COVERED	True	0.92	6.92	2.787	1.029	15	15	0.519845	True	True	False	False	2023-oxidative-damage-in-neurodegeneration-roles-in-the-pathogenesis-and-progression-of-alzheimer-disease.pdf | 2024 Advancements and Challenges in Antiamyloid Therapy for.pdf | 2024 Cell type-specific roles of APOE4 in Alzheimer disease.pdf | 2024 Immune Activation in Alzheimer Disease.pdf | 2024 Linking activity dyshomeostasis and sleep disturbances in Alzheimer disease.pdf | 2025 Updates on mouse models of Alzheimer’s disease.pdf | Recent advances in Alzheimer’s disease mechanisms clinical trials and new drug development strategies.pdf | alzheimer disease  2021.pdf	Not covered.	Not covered.
1	4	ET-RAG	test.agent_etrag	A4	+ Per-option retrieval	cosine retrieval + evidence quality + temporal recency + hybrid paper context + per-option retrieval	0.5	0.3	0.2	6	The A-T-N biomarker framework includes tau as which letter?	A. A | B. T | C. N | D. None	B	T	B	True	0.746493	6.107	3.589	1.169	22	20	0.561409	True	True	False	False	2023-oxidative-damage-in-neurodegeneration-roles-in-the-pathogenesis-and-progression-of-alzheimer-disease.pdf | 2024 Advancements and Challenges in Antiamyloid Therapy for.pdf | 2024 Cell type-specific roles of APOE4 in Alzheimer disease.pdf | 2024 Immune Activation in Alzheimer Disease.pdf | 2024 Neuroinflammation in Alzheimer disease.pdf | 2025 Updates on mouse models of Alzheimer’s disease.pdf | alzheimer disease  2021.pdf	"B. T

In the A-T-N biomarker framework, tau is represented by the letter ""T,"" indicating abnormal tau protein levels, which are crucial for diagnosing Alzheimer's disease (AD) (Alzheimer disease, 2021)."	"B. T

In the A-T-N biomarker framework, tau is represented by the letter ""T,"" indicating abnormal tau protein levels, which are crucial for diagnosing Alzheimer's disease (AD) (Alzheimer disease, 2021)."
1	4	ET-RAG	test.agent_etrag	A4	+ Per-option retrieval	cosine retrieval + evidence quality + temporal recency + hybrid paper context + per-option retrieval	0.5	0.3	0.2	7	Which age group is most at risk for cognitive disorders–associated AD?	A. <40 years | B. 40–65 years | C. 65–90 years | D. >90 years	D	>90 years	C	False	0.748364	5.731	2.766	1.064	26	20	0.566755	True	True	False	False	2023-oxidative-damage-in-neurodegeneration-roles-in-the-pathogenesis-and-progression-of-alzheimer-disease.pdf | 2024 Linking activity dyshomeostasis and sleep disturbances in Alzheimer disease.pdf | 2024 Neuroinflammation in Alzheimer disease.pdf | 2025 Updates on mouse models of Alzheimer’s disease.pdf | alzheimer disease  2021.pdf	"C. 65–90 years

The prevalence of overt cognitive impairment increases exponentially with advancing age, particularly after 65 years, with the incidence of dementia rising steeply in this age group (Alzheimer disease, 2021). Additionally, the fastest-growing demographic segment at risk for cognitive disorders is the oldest-old group (people aged >90 years) (Alzheimer disease, 2021)."	"C. 65–90 years

The prevalence of overt cognitive impairment increases exponentially with advancing age, particularly after 65 years, with the incidence of dementia rising steeply in this age group (Alzheimer disease, 2021). Additionally, the fastest-growing demographic segment at risk for cognitive disorders is the oldest-old group (people aged >90 years) (Alzheimer disease, 2021)."
1	4	ET-RAG	test.agent_etrag	A4	+ Per-option retrieval	cosine retrieval + evidence quality + temporal recency + hybrid paper context + per-option retrieval	0.5	0.3	0.2	8	Which sleep stage is critical for metabolite clearance from the brain?	A. REM sleep | B. NREM sleep | C. Light sleep | D. Awake state	B	NREM sleep	B	True	0.735271	6.952	3.931	1.046	15	15	0.529347	True	True	False	False	2023-oxidative-damage-in-neurodegeneration-roles-in-the-pathogenesis-and-progression-of-alzheimer-disease.pdf | 2024 Advancements and Challenges in Antiamyloid Therapy for.pdf | 2024 Immune Activation in Alzheimer Disease.pdf | 2024 Linking activity dyshomeostasis and sleep disturbances in Alzheimer disease.pdf | 2025 Updates on mouse models of Alzheimer’s disease.pdf | Recent advances in Alzheimer’s disease mechanisms clinical trials and new drug development strategies.pdf | alzheimer disease  2021.pdf	"B. NREM sleep

NREM sleep is critical for metabolite clearance from the brain, particularly during the glymphatic system's activity, which is enhanced during this sleep stage. This process is essential for the clearance of amyloid-beta (Aβ) and other waste products, as highlighted in ""Linking activity dyshomeostasis and sleep disturbances in Alzheimer disease"" (2024)."	"B. NREM sleep

NREM sleep is critical for metabolite clearance from the brain, particularly during the glymphatic system's activity, which is enhanced during this sleep stage. This process is essential for the clearance of amyloid-beta (Aβ) and other waste products, as highlighted in ""Linking activity dyshomeostasis and sleep disturbances in Alzheimer disease"" (2024)."
1	4	ET-RAG	test.agent_etrag	A4	+ Per-option retrieval	cosine retrieval + evidence quality + temporal recency + hybrid paper context + per-option retrieval	0.5	0.3	0.2	9	What kind of volume change is associated with hearing loss in AD patients?	A. Increased brain volume | B. Decreased hippocampal volume | C. Increased white matter | D. Enlarged ventricles	B	Decreased hippocampal volume	B	True	0.740704	5.901	3.062	1.21	20	20	0.544867	True	True	False	False	2023-oxidative-damage-in-neurodegeneration-roles-in-the-pathogenesis-and-progression-of-alzheimer-disease.pdf | 2024 Advancements and Challenges in Antiamyloid Therapy for.pdf | 2024 Cell type-specific roles of APOE4 in Alzheimer disease.pdf | 2024 Immune Activation in Alzheimer Disease.pdf | 2024 Linking activity dyshomeostasis and sleep disturbances in Alzheimer disease.pdf | 2024 Neuroinflammation in Alzheimer disease.pdf | 2025 Oligodendrocytes in Alzheimer’s disease pathophysiology.pdf | 2025 Updates on mouse models of Alzheimer’s disease.pdf | Recent advances in Alzheimer’s disease mechanisms clinical trials and new drug development strategies.pdf | alzheimer disease  2021.pdf	"B. Decreased hippocampal volume

Hearing loss in Alzheimer's disease patients is associated with decreased hippocampal volume, as indicated by the relationship between cognitive impairment and structural brain changes, particularly in the hippocampus (Alzheimer disease, 2021)."	"B. Decreased hippocampal volume

Hearing loss in Alzheimer's disease patients is associated with decreased hippocampal volume, as indicated by the relationship between cognitive impairment and structural brain changes, particularly in the hippocampus (Alzheimer disease, 2021)."
1	4	ET-RAG	test.agent_etrag	A4	+ Per-option retrieval	cosine retrieval + evidence quality + temporal recency + hybrid paper context + per-option retrieval	0.5	0.3	0.2	10	The Mediterranean diet is primarily considered:	A. A treatment for AD | B. A preventive dietary strategy | C. A high-fat diet | D. A protein-reduction plan	B	A preventive dietary strategy	B	True	0.736015	5.518	2.795	1.272	19	19	0.531471	True	True	False	False	2023-oxidative-damage-in-neurodegeneration-roles-in-the-pathogenesis-and-progression-of-alzheimer-disease.pdf | 2024 Advancements and Challenges in Antiamyloid Therapy for.pdf | 2024 Neuroinflammation in Alzheimer disease.pdf | Recent advances in Alzheimer’s disease mechanisms clinical trials and new drug development strategies.pdf | alzheimer disease  2021.pdf	"B. A preventive dietary strategy. 

The Mediterranean diet has been linked to a reduced risk of Alzheimer's disease (AD) and is considered a preventive dietary strategy. It emphasizes balanced nutrition, which can optimize health and potentially delay cognitive decline (Oxidative damage in neurodegeneration: roles in the pathogenesis and progression of Alzheimer disease, 2023)."	"B. A preventive dietary strategy. 

The Mediterranean diet has been linked to a reduced risk of Alzheimer's disease (AD) and is considered a preventive dietary strategy. It emphasizes balanced nutrition, which can optimize health and potentially delay cognitive decline (Oxidative damage in neurodegeneration: roles in the pathogenesis and progression of Alzheimer disease, 2023)."
2	4	ET-RAG	test.agent_etrag	A4	+ Per-option retrieval	cosine retrieval + evidence quality + temporal recency + hybrid paper context + per-option retrieval	0.5	0.3	0.2	1	Which protein is considered a hallmark of Alzheimer’s disease (AD) pathology?	A. α-synuclein | B. Amyloid-beta (Aβ) | C. Huntingtin | D. Dopamine	B	Amyloid-beta (Aβ)	B	True	0.75414	5.452	2.78	1.213	41	20	0.583258	True	True	False	False	2023-oxidative-damage-in-neurodegeneration-roles-in-the-pathogenesis-and-progression-of-alzheimer-disease.pdf | 2024 Advancements and Challenges in Antiamyloid Therapy for.pdf | 2024 Cell type-specific roles of APOE4 in Alzheimer disease.pdf | 2024 Neuroinflammation in Alzheimer disease.pdf | alzheimer disease  2021.pdf	B. Amyloid-beta (Aβ) is considered a hallmark of Alzheimer’s disease (AD) pathology, as it is biologically defined by the presence of β-amyloid-containing plaques and tau-containing neurofibrillary tangles (Alzheimer disease, 2021).	B. Amyloid-beta (Aβ) is considered a hallmark of Alzheimer’s disease (AD) pathology, as it is biologically defined by the presence of β-amyloid-containing plaques and tau-containing neurofibrillary tangles (Alzheimer disease, 2021).
2	4	ET-RAG	test.agent_etrag	A4	+ Per-option retrieval	cosine retrieval + evidence quality + temporal recency + hybrid paper context + per-option retrieval	0.5	0.3	0.2	2	What type of sleep disorder is commonly associated with increased AD risk?	A. Narcolepsy | B. Insomnia | C. Obstructive sleep apnea (OSA) | D. Sleepwalking	C	Obstructive sleep apnea (OSA)	C	True	0.735421	7.698	5.293	1.075	22	20	0.529774	True	True	False	False	2023-oxidative-damage-in-neurodegeneration-roles-in-the-pathogenesis-and-progression-of-alzheimer-disease.pdf | 2024 Advancements and Challenges in Antiamyloid Therapy for.pdf | 2024 Cell type-specific roles of APOE4 in Alzheimer disease.pdf | 2024 Immune Activation in Alzheimer Disease.pdf | 2024 Linking activity dyshomeostasis and sleep disturbances in Alzheimer disease.pdf | 2024 Neuroinflammation in Alzheimer disease.pdf | 2025 Updates on mouse models of Alzheimer’s disease.pdf | alzheimer disease  2021.pdf	"C. Obstructive sleep apnea (OSA) 

Sleep disorders, particularly obstructive sleep apnea, are commonly associated with increased risk for Alzheimer's disease (AD). Sleep disturbances can exacerbate hyperexcitability in neuronal circuits, which is linked to AD pathology (Linking activity dyshomeostasis and sleep disturbances in Alzheimer disease, 2024)."	"C. Obstructive sleep apnea (OSA) 

Sleep disorders, particularly obstructive sleep apnea, are commonly associated with increased risk for Alzheimer's disease (AD). Sleep disturbances can exacerbate hyperexcitability in neuronal circuits, which is linked to AD pathology (Linking activity dyshomeostasis and sleep disturbances in Alzheimer disease, 2024)."
2	4	ET-RAG	test.agent_etrag	A4	+ Per-option retrieval	cosine retrieval + evidence quality + temporal recency + hybrid paper context + per-option retrieval	0.5	0.3	0.2	3	Which imaging modality was first introduced to visualize brain amyloid in AD?	A. CT | B. MRI | C. Aβ-PET | D. SPECT	C	Aβ-PET	C	True	0.753407	6.172	2.677	1.663	28	20	0.581164	True	True	False	False	2023-oxidative-damage-in-neurodegeneration-roles-in-the-pathogenesis-and-progression-of-alzheimer-disease.pdf | 2024 Advancements and Challenges in Antiamyloid Therapy for.pdf | 2024 Immune Activation in Alzheimer Disease.pdf | 2024 Neuroinflammation in Alzheimer disease.pdf | 2025 Updates on mouse models of Alzheimer’s disease.pdf | alzheimer disease  2021.pdf	"C. Aβ-PET

The introduction of Aβ-PET imaging in 2004 clarified the roles of FDG-PET and MRI in evaluating patients with cognitive impairment, specifically for visualizing brain amyloid in Alzheimer disease (AD) (Alzheimer disease, 2021)."	"C. Aβ-PET

The introduction of Aβ-PET imaging in 2004 clarified the roles of FDG-PET and MRI in evaluating patients with cognitive impairment, specifically for visualizing brain amyloid in Alzheimer disease (AD) (Alzheimer disease, 2021)."
2	4	ET-RAG	test.agent_etrag	A4	+ Per-option retrieval	cosine retrieval + evidence quality + temporal recency + hybrid paper context + per-option retrieval	0.5	0.3	0.2	4	Which gut-related intervention shows potential for AD treatment?	A. Probiotics | B. Vitamin D | C. Antibiotics | D. Statins	A	Probiotics	A	True	0.742452	5.417	2.804	1.126	8	8	0.549864	True	True	False	False	2023-oxidative-damage-in-neurodegeneration-roles-in-the-pathogenesis-and-progression-of-alzheimer-disease.pdf | 2024 Advancements and Challenges in Antiamyloid Therapy for.pdf | 2024 Immune Activation in Alzheimer Disease.pdf | 2024 Neuroinflammation in Alzheimer disease.pdf | 2025 Updates on mouse models of Alzheimer’s disease.pdf | Recent advances in Alzheimer’s disease mechanisms clinical trials and new drug development strategies.pdf | alzheimer disease  2021.pdf	"A. Probiotics

Probiotics, specifically Bifidobacterium and Lactobacillus species, have shown potential in improving blood-brain barrier integrity and memory deficits in mouse models of Alzheimer's disease (AD) after antibiotic-induced microbiome depletion (Neuroinflammation in Alzheimer disease, 2024)."	"A. Probiotics

Probiotics, specifically Bifidobacterium and Lactobacillus species, have shown potential in improving blood-brain barrier integrity and memory deficits in mouse models of Alzheimer's disease (AD) after antibiotic-induced microbiome depletion (Neuroinflammation in Alzheimer disease, 2024)."
2	4	ET-RAG	test.agent_etrag	A4	+ Per-option retrieval	cosine retrieval + evidence quality + temporal recency + hybrid paper context + per-option retrieval	0.5	0.3	0.2	5	What is the typical spacing used in the Tallapoosa tract for loblolly pine?	A. 4x4 ft | B. 6x6 ft | C. 6x12 ft | D. 8x10 ft	NOT_COVERED	Not Covered	NOT_COVERED	True	0.92	11.719	3.76	6.574	15	15	0.519857	True	True	False	False	2023-oxidative-damage-in-neurodegeneration-roles-in-the-pathogenesis-and-progression-of-alzheimer-disease.pdf | 2024 Advancements and Challenges in Antiamyloid Therapy for.pdf | 2024 Cell type-specific roles of APOE4 in Alzheimer disease.pdf | 2024 Immune Activation in Alzheimer Disease.pdf | 2024 Linking activity dyshomeostasis and sleep disturbances in Alzheimer disease.pdf | 2025 Updates on mouse models of Alzheimer’s disease.pdf | Recent advances in Alzheimer’s disease mechanisms clinical trials and new drug development strategies.pdf | alzheimer disease  2021.pdf	Not covered.	Not covered.
2	4	ET-RAG	test.agent_etrag	A4	+ Per-option retrieval	cosine retrieval + evidence quality + temporal recency + hybrid paper context + per-option retrieval	0.5	0.3	0.2	6	The A-T-N biomarker framework includes tau as which letter?	A. A | B. T | C. N | D. None	B	T	B	True	0.746497	5.234	2.524	1.101	22	20	0.561419	True	True	False	False	2023-oxidative-damage-in-neurodegeneration-roles-in-the-pathogenesis-and-progression-of-alzheimer-disease.pdf | 2024 Advancements and Challenges in Antiamyloid Therapy for.pdf | 2024 Cell type-specific roles of APOE4 in Alzheimer disease.pdf | 2024 Immune Activation in Alzheimer Disease.pdf | 2024 Neuroinflammation in Alzheimer disease.pdf | 2025 Updates on mouse models of Alzheimer’s disease.pdf | alzheimer disease  2021.pdf	"B. T

In the A-T-N biomarker framework, tau is represented by the letter ""T,"" indicating abnormal tau protein levels, which are crucial for diagnosing Alzheimer's disease (AD) pathology (Alzheimer disease, 2021)."	"B. T

In the A-T-N biomarker framework, tau is represented by the letter ""T,"" indicating abnormal tau protein levels, which are crucial for diagnosing Alzheimer's disease (AD) pathology (Alzheimer disease, 2021)."
2	4	ET-RAG	test.agent_etrag	A4	+ Per-option retrieval	cosine retrieval + evidence quality + temporal recency + hybrid paper context + per-option retrieval	0.5	0.3	0.2	7	Which age group is most at risk for cognitive disorders–associated AD?	A. <40 years | B. 40–65 years | C. 65–90 years | D. >90 years	D	>90 years	C	False	0.748364	12.469	8.993	1.209	26	20	0.566753	True	True	False	False	2023-oxidative-damage-in-neurodegeneration-roles-in-the-pathogenesis-and-progression-of-alzheimer-disease.pdf | 2024 Linking activity dyshomeostasis and sleep disturbances in Alzheimer disease.pdf | 2024 Neuroinflammation in Alzheimer disease.pdf | 2025 Updates on mouse models of Alzheimer’s disease.pdf | alzheimer disease  2021.pdf	"C. 65–90 years

The prevalence of overt cognitive impairment increases exponentially with advancing age, particularly after 65 years, with the incidence of dementia rising steeply in this age group (Alzheimer disease, 2021). Additionally, the fastest-growing demographic segment at risk for cognitive disorders is the oldest-old group (people aged >90 years), which has the highest risk of multi-aetiology dementia (Alzheimer disease, 2021)."	"C. 65–90 years

The prevalence of overt cognitive impairment increases exponentially with advancing age, particularly after 65 years, with the incidence of dementia rising steeply in this age group (Alzheimer disease, 2021). Additionally, the fastest-growing demographic segment at risk for cognitive disorders is the oldest-old group (people aged >90 years), which has the highest risk of multi-aetiology dementia (Alzheimer disease, 2021)."
2	4	ET-RAG	test.agent_etrag	A4	+ Per-option retrieval	cosine retrieval + evidence quality + temporal recency + hybrid paper context + per-option retrieval	0.5	0.3	0.2	8	Which sleep stage is critical for metabolite clearance from the brain?	A. REM sleep | B. NREM sleep | C. Light sleep | D. Awake state	B	NREM sleep	B	True	0.73527	6.196	3.235	1.124	15	15	0.529342	True	True	False	False	2023-oxidative-damage-in-neurodegeneration-roles-in-the-pathogenesis-and-progression-of-alzheimer-disease.pdf | 2024 Advancements and Challenges in Antiamyloid Therapy for.pdf | 2024 Immune Activation in Alzheimer Disease.pdf | 2024 Linking activity dyshomeostasis and sleep disturbances in Alzheimer disease.pdf | 2025 Updates on mouse models of Alzheimer’s disease.pdf | Recent advances in Alzheimer’s disease mechanisms clinical trials and new drug development strategies.pdf | alzheimer disease  2021.pdf	"B. NREM sleep

NREM sleep is critical for metabolite clearance from the brain, particularly during the glymphatic system's activity, which is enhanced during this sleep stage. This process is essential for the clearance of amyloid-β and other waste products, as highlighted in ""Linking activity dyshomeostasis and sleep disturbances in Alzheimer disease"" (2024)."	"B. NREM sleep

NREM sleep is critical for metabolite clearance from the brain, particularly during the glymphatic system's activity, which is enhanced during this sleep stage. This process is essential for the clearance of amyloid-β and other waste products, as highlighted in ""Linking activity dyshomeostasis and sleep disturbances in Alzheimer disease"" (2024)."
2	4	ET-RAG	test.agent_etrag	A4	+ Per-option retrieval	cosine retrieval + evidence quality + temporal recency + hybrid paper context + per-option retrieval	0.5	0.3	0.2	9	What kind of volume change is associated with hearing loss in AD patients?	A. Increased brain volume | B. Decreased hippocampal volume | C. Increased white matter | D. Enlarged ventricles	B	Decreased hippocampal volume	B	True	0.740705	6.335	3.609	1.273	20	20	0.544871	True	True	False	False	2023-oxidative-damage-in-neurodegeneration-roles-in-the-pathogenesis-and-progression-of-alzheimer-disease.pdf | 2024 Advancements and Challenges in Antiamyloid Therapy for.pdf | 2024 Cell type-specific roles of APOE4 in Alzheimer disease.pdf | 2024 Immune Activation in Alzheimer Disease.pdf | 2024 Linking activity dyshomeostasis and sleep disturbances in Alzheimer disease.pdf | 2024 Neuroinflammation in Alzheimer disease.pdf | 2025 Oligodendrocytes in Alzheimer’s disease pathophysiology.pdf | 2025 Updates on mouse models of Alzheimer’s disease.pdf | Recent advances in Alzheimer’s disease mechanisms clinical trials and new drug development strategies.pdf | alzheimer disease  2021.pdf	"B. Decreased hippocampal volume

Hearing loss in Alzheimer's disease patients is associated with decreased hippocampal volume, as indicated by the relationship between cognitive impairment and structural brain changes, particularly in the hippocampus (Alzheimer disease, 2021)."	"B. Decreased hippocampal volume

Hearing loss in Alzheimer's disease patients is associated with decreased hippocampal volume, as indicated by the relationship between cognitive impairment and structural brain changes, particularly in the hippocampus (Alzheimer disease, 2021)."
2	4	ET-RAG	test.agent_etrag	A4	+ Per-option retrieval	cosine retrieval + evidence quality + temporal recency + hybrid paper context + per-option retrieval	0.5	0.3	0.2	10	The Mediterranean diet is primarily considered:	A. A treatment for AD | B. A preventive dietary strategy | C. A high-fat diet | D. A protein-reduction plan	B	A preventive dietary strategy	B	True	0.736014	5.966	3.002	1.298	19	19	0.53147	True	True	False	False	2023-oxidative-damage-in-neurodegeneration-roles-in-the-pathogenesis-and-progression-of-alzheimer-disease.pdf | 2024 Advancements and Challenges in Antiamyloid Therapy for.pdf | 2024 Neuroinflammation in Alzheimer disease.pdf | Recent advances in Alzheimer’s disease mechanisms clinical trials and new drug development strategies.pdf | alzheimer disease  2021.pdf	B. A preventive dietary strategy. The Mediterranean diet has been linked to a reduced risk of Alzheimer's disease (AD) and is considered a preventive approach to maintain good health and cognitive function (Oxidative damage in neurodegeneration: roles in the pathogenesis and progression of Alzheimer disease, 2023).	B. A preventive dietary strategy. The Mediterranean diet has been linked to a reduced risk of Alzheimer's disease (AD) and is considered a preventive approach to maintain good health and cognitive function (Oxidative damage in neurodegeneration: roles in the pathogenesis and progression of Alzheimer disease, 2023).
3	4	ET-RAG	test.agent_etrag	A4	+ Per-option retrieval	cosine retrieval + evidence quality + temporal recency + hybrid paper context + per-option retrieval	0.5	0.3	0.2	1	Which protein is considered a hallmark of Alzheimer’s disease (AD) pathology?	A. α-synuclein | B. Amyloid-beta (Aβ) | C. Huntingtin | D. Dopamine	B	Amyloid-beta (Aβ)	B	True	0.754141	5.231	2.758	0.943	41	20	0.58326	True	True	False	False	2023-oxidative-damage-in-neurodegeneration-roles-in-the-pathogenesis-and-progression-of-alzheimer-disease.pdf | 2024 Advancements and Challenges in Antiamyloid Therapy for.pdf | 2024 Cell type-specific roles of APOE4 in Alzheimer disease.pdf | 2024 Neuroinflammation in Alzheimer disease.pdf | alzheimer disease  2021.pdf	B. Amyloid-beta (Aβ) is considered a hallmark of Alzheimer’s disease (AD) pathology, as it is biologically defined by the presence of β-amyloid-containing plaques and tau-containing neurofibrillary tangles (Alzheimer disease, 2021).	B. Amyloid-beta (Aβ) is considered a hallmark of Alzheimer’s disease (AD) pathology, as it is biologically defined by the presence of β-amyloid-containing plaques and tau-containing neurofibrillary tangles (Alzheimer disease, 2021).
3	4	ET-RAG	test.agent_etrag	A4	+ Per-option retrieval	cosine retrieval + evidence quality + temporal recency + hybrid paper context + per-option retrieval	0.5	0.3	0.2	2	What type of sleep disorder is commonly associated with increased AD risk?	A. Narcolepsy | B. Insomnia | C. Obstructive sleep apnea (OSA) | D. Sleepwalking	C	Obstructive sleep apnea (OSA)	C	True	0.735421	5.451	2.594	1.136	22	20	0.529775	True	True	False	False	2023-oxidative-damage-in-neurodegeneration-roles-in-the-pathogenesis-and-progression-of-alzheimer-disease.pdf | 2024 Advancements and Challenges in Antiamyloid Therapy for.pdf | 2024 Cell type-specific roles of APOE4 in Alzheimer disease.pdf | 2024 Immune Activation in Alzheimer Disease.pdf | 2024 Linking activity dyshomeostasis and sleep disturbances in Alzheimer disease.pdf | 2024 Neuroinflammation in Alzheimer disease.pdf | 2025 Updates on mouse models of Alzheimer’s disease.pdf | alzheimer disease  2021.pdf	"C. Obstructive sleep apnea (OSA)

Sleep disorders, particularly obstructive sleep apnea (OSA), are commonly associated with increased risk for Alzheimer's disease (AD). Sleep disturbances can exacerbate hyperexcitability in neuronal circuits, which is linked to AD pathology (Linking activity dyshomeostasis and sleep disturbances in Alzheimer disease, 2024)."	"C. Obstructive sleep apnea (OSA)

Sleep disorders, particularly obstructive sleep apnea (OSA), are commonly associated with increased risk for Alzheimer's disease (AD). Sleep disturbances can exacerbate hyperexcitability in neuronal circuits, which is linked to AD pathology (Linking activity dyshomeostasis and sleep disturbances in Alzheimer disease, 2024)."
3	4	ET-RAG	test.agent_etrag	A4	+ Per-option retrieval	cosine retrieval + evidence quality + temporal recency + hybrid paper context + per-option retrieval	0.5	0.3	0.2	3	Which imaging modality was first introduced to visualize brain amyloid in AD?	A. CT | B. MRI | C. Aβ-PET | D. SPECT	C	Aβ-PET	C	True	0.753407	5.403	2.794	0.949	28	20	0.581162	True	True	False	False	2023-oxidative-damage-in-neurodegeneration-roles-in-the-pathogenesis-and-progression-of-alzheimer-disease.pdf | 2024 Advancements and Challenges in Antiamyloid Therapy for.pdf | 2024 Immune Activation in Alzheimer Disease.pdf | 2024 Neuroinflammation in Alzheimer disease.pdf | 2025 Updates on mouse models of Alzheimer’s disease.pdf | alzheimer disease  2021.pdf	"C. Aβ-PET

The introduction of Aβ-PET imaging in 2004 clarified the roles of FDG-PET and MRI in evaluating patients with cognitive impairment, specifically for visualizing brain amyloid in Alzheimer disease (AD) (Alzheimer disease, 2021)."	"C. Aβ-PET

The introduction of Aβ-PET imaging in 2004 clarified the roles of FDG-PET and MRI in evaluating patients with cognitive impairment, specifically for visualizing brain amyloid in Alzheimer disease (AD) (Alzheimer disease, 2021)."
3	4	ET-RAG	test.agent_etrag	A4	+ Per-option retrieval	cosine retrieval + evidence quality + temporal recency + hybrid paper context + per-option retrieval	0.5	0.3	0.2	4	Which gut-related intervention shows potential for AD treatment?	A. Probiotics | B. Vitamin D | C. Antibiotics | D. Statins	A	Probiotics	A	True	0.742452	5.643	2.47	1.461	8	8	0.549864	True	True	False	False	2023-oxidative-damage-in-neurodegeneration-roles-in-the-pathogenesis-and-progression-of-alzheimer-disease.pdf | 2024 Advancements and Challenges in Antiamyloid Therapy for.pdf | 2024 Immune Activation in Alzheimer Disease.pdf | 2024 Neuroinflammation in Alzheimer disease.pdf | 2025 Updates on mouse models of Alzheimer’s disease.pdf | Recent advances in Alzheimer’s disease mechanisms clinical trials and new drug development strategies.pdf | alzheimer disease  2021.pdf	"A. Probiotics

Probiotics, specifically Bifidobacterium and Lactobacillus species, have shown potential in improving blood-brain barrier integrity and memory deficits in mouse models of Alzheimer's disease (AD) after antibiotic-induced microbiome depletion (Neuroinflammation in Alzheimer disease, 2024)."	"A. Probiotics

Probiotics, specifically Bifidobacterium and Lactobacillus species, have shown potential in improving blood-brain barrier integrity and memory deficits in mouse models of Alzheimer's disease (AD) after antibiotic-induced microbiome depletion (Neuroinflammation in Alzheimer disease, 2024)."
3	4	ET-RAG	test.agent_etrag	A4	+ Per-option retrieval	cosine retrieval + evidence quality + temporal recency + hybrid paper context + per-option retrieval	0.5	0.3	0.2	5	What is the typical spacing used in the Tallapoosa tract for loblolly pine?	A. 4x4 ft | B. 6x6 ft | C. 6x12 ft | D. 8x10 ft	NOT_COVERED	Not Covered	NOT_COVERED	True	0.92	4.408	2.605	1.025	15	15	0.519853	True	True	False	False	2023-oxidative-damage-in-neurodegeneration-roles-in-the-pathogenesis-and-progression-of-alzheimer-disease.pdf | 2024 Advancements and Challenges in Antiamyloid Therapy for.pdf | 2024 Cell type-specific roles of APOE4 in Alzheimer disease.pdf | 2024 Immune Activation in Alzheimer Disease.pdf | 2024 Linking activity dyshomeostasis and sleep disturbances in Alzheimer disease.pdf | 2025 Updates on mouse models of Alzheimer’s disease.pdf | Recent advances in Alzheimer’s disease mechanisms clinical trials and new drug development strategies.pdf | alzheimer disease  2021.pdf	Not covered.	Not covered.
3	4	ET-RAG	test.agent_etrag	A4	+ Per-option retrieval	cosine retrieval + evidence quality + temporal recency + hybrid paper context + per-option retrieval	0.5	0.3	0.2	6	The A-T-N biomarker framework includes tau as which letter?	A. A | B. T | C. N | D. None	B	T	B	True	0.746497	7.208	4.108	1.54	22	20	0.561421	True	True	False	False	2023-oxidative-damage-in-neurodegeneration-roles-in-the-pathogenesis-and-progression-of-alzheimer-disease.pdf | 2024 Advancements and Challenges in Antiamyloid Therapy for.pdf | 2024 Cell type-specific roles of APOE4 in Alzheimer disease.pdf | 2024 Immune Activation in Alzheimer Disease.pdf | 2024 Neuroinflammation in Alzheimer disease.pdf | 2025 Updates on mouse models of Alzheimer’s disease.pdf | alzheimer disease  2021.pdf	"B. T

In the A-T-N biomarker framework, tau is represented by the letter ""T,"" indicating abnormal tau protein levels, which are crucial for diagnosing Alzheimer's disease (AD) pathology (Alzheimer disease, 2021)."	"B. T

In the A-T-N biomarker framework, tau is represented by the letter ""T,"" indicating abnormal tau protein levels, which are crucial for diagnosing Alzheimer's disease (AD) pathology (Alzheimer disease, 2021)."
3	4	ET-RAG	test.agent_etrag	A4	+ Per-option retrieval	cosine retrieval + evidence quality + temporal recency + hybrid paper context + per-option retrieval	0.5	0.3	0.2	7	Which age group is most at risk for cognitive disorders–associated AD?	A. <40 years | B. 40–65 years | C. 65–90 years | D. >90 years	D	>90 years	C	False	0.748364	5.512	2.664	0.99	26	20	0.566753	True	True	False	False	2023-oxidative-damage-in-neurodegeneration-roles-in-the-pathogenesis-and-progression-of-alzheimer-disease.pdf | 2024 Linking activity dyshomeostasis and sleep disturbances in Alzheimer disease.pdf | 2024 Neuroinflammation in Alzheimer disease.pdf | 2025 Updates on mouse models of Alzheimer’s disease.pdf | alzheimer disease  2021.pdf	"C. 65–90 years

The prevalence of overt cognitive impairment increases exponentially with advancing age, particularly after 65 years, with the incidence of dementia rising steeply in this age group (Alzheimer disease, 2021). Additionally, the fastest-growing demographic segment at risk for cognitive disorders is the oldest-old group (people aged >90 years), which has the highest risk of multi-aetiology dementia (Alzheimer disease, 2021)."	"C. 65–90 years

The prevalence of overt cognitive impairment increases exponentially with advancing age, particularly after 65 years, with the incidence of dementia rising steeply in this age group (Alzheimer disease, 2021). Additionally, the fastest-growing demographic segment at risk for cognitive disorders is the oldest-old group (people aged >90 years), which has the highest risk of multi-aetiology dementia (Alzheimer disease, 2021)."
3	4	ET-RAG	test.agent_etrag	A4	+ Per-option retrieval	cosine retrieval + evidence quality + temporal recency + hybrid paper context + per-option retrieval	0.5	0.3	0.2	8	Which sleep stage is critical for metabolite clearance from the brain?	A. REM sleep | B. NREM sleep | C. Light sleep | D. Awake state	B	NREM sleep	B	True	0.735274	5.032	2.37	1.114	15	15	0.529354	True	True	False	False	2023-oxidative-damage-in-neurodegeneration-roles-in-the-pathogenesis-and-progression-of-alzheimer-disease.pdf | 2024 Advancements and Challenges in Antiamyloid Therapy for.pdf | 2024 Immune Activation in Alzheimer Disease.pdf | 2024 Linking activity dyshomeostasis and sleep disturbances in Alzheimer disease.pdf | 2025 Updates on mouse models of Alzheimer’s disease.pdf | Recent advances in Alzheimer’s disease mechanisms clinical trials and new drug development strategies.pdf | alzheimer disease  2021.pdf	"B. NREM sleep

NREM sleep is critical for metabolite clearance from the brain, particularly during the glymphatic system's activity, which is enhanced during this sleep stage. This process is essential for the clearance of amyloid-β and other waste products, as highlighted in ""Linking activity dyshomeostasis and sleep disturbances in Alzheimer disease"" (2024)."	"B. NREM sleep

NREM sleep is critical for metabolite clearance from the brain, particularly during the glymphatic system's activity, which is enhanced during this sleep stage. This process is essential for the clearance of amyloid-β and other waste products, as highlighted in ""Linking activity dyshomeostasis and sleep disturbances in Alzheimer disease"" (2024)."
3	4	ET-RAG	test.agent_etrag	A4	+ Per-option retrieval	cosine retrieval + evidence quality + temporal recency + hybrid paper context + per-option retrieval	0.5	0.3	0.2	9	What kind of volume change is associated with hearing loss in AD patients?	A. Increased brain volume | B. Decreased hippocampal volume | C. Increased white matter | D. Enlarged ventricles	B	Decreased hippocampal volume	B	True	0.740705	6.648	3.635	1.737	20	20	0.544871	True	True	False	False	2023-oxidative-damage-in-neurodegeneration-roles-in-the-pathogenesis-and-progression-of-alzheimer-disease.pdf | 2024 Advancements and Challenges in Antiamyloid Therapy for.pdf | 2024 Cell type-specific roles of APOE4 in Alzheimer disease.pdf | 2024 Immune Activation in Alzheimer Disease.pdf | 2024 Linking activity dyshomeostasis and sleep disturbances in Alzheimer disease.pdf | 2024 Neuroinflammation in Alzheimer disease.pdf | 2025 Oligodendrocytes in Alzheimer’s disease pathophysiology.pdf | 2025 Updates on mouse models of Alzheimer’s disease.pdf | Recent advances in Alzheimer’s disease mechanisms clinical trials and new drug development strategies.pdf | alzheimer disease  2021.pdf	"B. Decreased hippocampal volume

Hearing loss in Alzheimer's disease patients is associated with decreased hippocampal volume, as indicated by the relationship between cognitive impairment and structural brain changes, particularly in the hippocampus (Alzheimer disease, 2021)."	"B. Decreased hippocampal volume

Hearing loss in Alzheimer's disease patients is associated with decreased hippocampal volume, as indicated by the relationship between cognitive impairment and structural brain changes, particularly in the hippocampus (Alzheimer disease, 2021)."
3	4	ET-RAG	test.agent_etrag	A4	+ Per-option retrieval	cosine retrieval + evidence quality + temporal recency + hybrid paper context + per-option retrieval	0.5	0.3	0.2	10	The Mediterranean diet is primarily considered:	A. A treatment for AD | B. A preventive dietary strategy | C. A high-fat diet | D. A protein-reduction plan	B	A preventive dietary strategy	B	True	0.736016	4.189	2.253	0.857	19	19	0.531474	True	True	False	False	2023-oxidative-damage-in-neurodegeneration-roles-in-the-pathogenesis-and-progression-of-alzheimer-disease.pdf | 2024 Advancements and Challenges in Antiamyloid Therapy for.pdf | 2024 Neuroinflammation in Alzheimer disease.pdf | Recent advances in Alzheimer’s disease mechanisms clinical trials and new drug development strategies.pdf | alzheimer disease  2021.pdf	B. A preventive dietary strategy. The Mediterranean diet has been linked to a reduced risk of Alzheimer's disease (AD) and is considered a preventive approach to maintain good health and cognitive function (Oxidative damage in neurodegeneration: roles in the pathogenesis and progression of Alzheimer disease, 2023).	B. A preventive dietary strategy. The Mediterranean diet has been linked to a reduced risk of Alzheimer's disease (AD) and is considered a preventive approach to maintain good health and cognitive function (Oxidative damage in neurodegeneration: roles in the pathogenesis and progression of Alzheimer disease, 2023).
4	4	ET-RAG	test.agent_etrag	A4	+ Per-option retrieval	cosine retrieval + evidence quality + temporal recency + hybrid paper context + per-option retrieval	0.5	0.3	0.2	1	Which protein is considered a hallmark of Alzheimer’s disease (AD) pathology?	A. α-synuclein | B. Amyloid-beta (Aβ) | C. Huntingtin | D. Dopamine	B	Amyloid-beta (Aβ)	B	True	0.754242	6.503	2.453	0.939	41	20	0.583548	True	True	False	False	2023-oxidative-damage-in-neurodegeneration-roles-in-the-pathogenesis-and-progression-of-alzheimer-disease.pdf | 2024 Advancements and Challenges in Antiamyloid Therapy for.pdf | 2024 Cell type-specific roles of APOE4 in Alzheimer disease.pdf | 2024 Neuroinflammation in Alzheimer disease.pdf | alzheimer disease  2021.pdf	B. Amyloid-beta (Aβ) is considered a hallmark of Alzheimer’s disease (AD) pathology, as it is biologically defined by the presence of β-amyloid-containing plaques and tau-containing neurofibrillary tangles (Alzheimer disease, 2021).	B. Amyloid-beta (Aβ) is considered a hallmark of Alzheimer’s disease (AD) pathology, as it is biologically defined by the presence of β-amyloid-containing plaques and tau-containing neurofibrillary tangles (Alzheimer disease, 2021).
4	4	ET-RAG	test.agent_etrag	A4	+ Per-option retrieval	cosine retrieval + evidence quality + temporal recency + hybrid paper context + per-option retrieval	0.5	0.3	0.2	2	What type of sleep disorder is commonly associated with increased AD risk?	A. Narcolepsy | B. Insomnia | C. Obstructive sleep apnea (OSA) | D. Sleepwalking	C	Obstructive sleep apnea (OSA)	C	True	0.735432	4.862	2.272	1.111	22	20	0.529807	True	True	False	False	2023-oxidative-damage-in-neurodegeneration-roles-in-the-pathogenesis-and-progression-of-alzheimer-disease.pdf | 2024 Advancements and Challenges in Antiamyloid Therapy for.pdf | 2024 Cell type-specific roles of APOE4 in Alzheimer disease.pdf | 2024 Immune Activation in Alzheimer Disease.pdf | 2024 Linking activity dyshomeostasis and sleep disturbances in Alzheimer disease.pdf | 2024 Neuroinflammation in Alzheimer disease.pdf | 2025 Updates on mouse models of Alzheimer’s disease.pdf | alzheimer disease  2021.pdf	C. Obstructive sleep apnea (OSA) is commonly associated with increased AD risk. Sleep disorders, including OSA, can exacerbate cognitive decline and are linked to the pathophysiology of Alzheimer's disease (AD) by affecting neuronal activity and sleep quality (Linking activity dyshomeostasis and sleep disturbances in Alzheimer disease, 2024).	C. Obstructive sleep apnea (OSA) is commonly associated with increased AD risk. Sleep disorders, including OSA, can exacerbate cognitive decline and are linked to the pathophysiology of Alzheimer's disease (AD) by affecting neuronal activity and sleep quality (Linking activity dyshomeostasis and sleep disturbances in Alzheimer disease, 2024).
4	4	ET-RAG	test.agent_etrag	A4	+ Per-option retrieval	cosine retrieval + evidence quality + temporal recency + hybrid paper context + per-option retrieval	0.5	0.3	0.2	3	Which imaging modality was first introduced to visualize brain amyloid in AD?	A. CT | B. MRI | C. Aβ-PET | D. SPECT	C	Aβ-PET	C	True	0.75341	4.618	2.234	0.775	28	20	0.581172	True	True	False	False	2023-oxidative-damage-in-neurodegeneration-roles-in-the-pathogenesis-and-progression-of-alzheimer-disease.pdf | 2024 Advancements and Challenges in Antiamyloid Therapy for.pdf | 2024 Immune Activation in Alzheimer Disease.pdf | 2024 Neuroinflammation in Alzheimer disease.pdf | 2025 Updates on mouse models of Alzheimer’s disease.pdf | alzheimer disease  2021.pdf	"C. Aβ-PET

The introduction of Aβ-PET imaging in 2004 clarified the roles of FDG-PET and MRI in evaluating patients with cognitive impairment, specifically for visualizing brain amyloid in Alzheimer disease (AD) (Alzheimer disease, 2021)."	"C. Aβ-PET

The introduction of Aβ-PET imaging in 2004 clarified the roles of FDG-PET and MRI in evaluating patients with cognitive impairment, specifically for visualizing brain amyloid in Alzheimer disease (AD) (Alzheimer disease, 2021)."
4	4	ET-RAG	test.agent_etrag	A4	+ Per-option retrieval	cosine retrieval + evidence quality + temporal recency + hybrid paper context + per-option retrieval	0.5	0.3	0.2	4	Which gut-related intervention shows potential for AD treatment?	A. Probiotics | B. Vitamin D | C. Antibiotics | D. Statins	A	Probiotics	A	True	0.742451	4.909	2.324	0.932	8	8	0.549861	True	True	False	False	2023-oxidative-damage-in-neurodegeneration-roles-in-the-pathogenesis-and-progression-of-alzheimer-disease.pdf | 2024 Advancements and Challenges in Antiamyloid Therapy for.pdf | 2024 Immune Activation in Alzheimer Disease.pdf | 2024 Neuroinflammation in Alzheimer disease.pdf | 2025 Updates on mouse models of Alzheimer’s disease.pdf | Recent advances in Alzheimer’s disease mechanisms clinical trials and new drug development strategies.pdf | alzheimer disease  2021.pdf	"A. Probiotics

Probiotics, specifically Bifidobacterium and Lactobacillus species, have shown potential in improving blood-brain barrier integrity and memory deficits in mouse models of Alzheimer's disease (AD) after antibiotic-induced microbiome depletion (Neuroinflammation in Alzheimer disease, 2024)."	"A. Probiotics

Probiotics, specifically Bifidobacterium and Lactobacillus species, have shown potential in improving blood-brain barrier integrity and memory deficits in mouse models of Alzheimer's disease (AD) after antibiotic-induced microbiome depletion (Neuroinflammation in Alzheimer disease, 2024)."
4	4	ET-RAG	test.agent_etrag	A4	+ Per-option retrieval	cosine retrieval + evidence quality + temporal recency + hybrid paper context + per-option retrieval	0.5	0.3	0.2	5	What is the typical spacing used in the Tallapoosa tract for loblolly pine?	A. 4x4 ft | B. 6x6 ft | C. 6x12 ft | D. 8x10 ft	NOT_COVERED	Not Covered	NOT_COVERED	True	0.92	3.951	2.493	0.875	15	15	0.519864	True	True	False	False	2023-oxidative-damage-in-neurodegeneration-roles-in-the-pathogenesis-and-progression-of-alzheimer-disease.pdf | 2024 Advancements and Challenges in Antiamyloid Therapy for.pdf | 2024 Cell type-specific roles of APOE4 in Alzheimer disease.pdf | 2024 Immune Activation in Alzheimer Disease.pdf | 2024 Linking activity dyshomeostasis and sleep disturbances in Alzheimer disease.pdf | 2025 Updates on mouse models of Alzheimer’s disease.pdf | Recent advances in Alzheimer’s disease mechanisms clinical trials and new drug development strategies.pdf | alzheimer disease  2021.pdf	Not covered.	Not covered.
4	4	ET-RAG	test.agent_etrag	A4	+ Per-option retrieval	cosine retrieval + evidence quality + temporal recency + hybrid paper context + per-option retrieval	0.5	0.3	0.2	6	The A-T-N biomarker framework includes tau as which letter?	A. A | B. T | C. N | D. None	B	T	B	True	0.746496	4.318	2.426	0.845	22	20	0.561418	True	True	False	False	2023-oxidative-damage-in-neurodegeneration-roles-in-the-pathogenesis-and-progression-of-alzheimer-disease.pdf | 2024 Advancements and Challenges in Antiamyloid Therapy for.pdf | 2024 Cell type-specific roles of APOE4 in Alzheimer disease.pdf | 2024 Immune Activation in Alzheimer Disease.pdf | 2024 Neuroinflammation in Alzheimer disease.pdf | 2025 Updates on mouse models of Alzheimer’s disease.pdf | alzheimer disease  2021.pdf	"B. T

In the A-T-N biomarker framework, tau is represented by the letter ""T,"" indicating abnormal tau protein levels, which are crucial for diagnosing Alzheimer's disease (AD) (Alzheimer disease, 2021)."	"B. T

In the A-T-N biomarker framework, tau is represented by the letter ""T,"" indicating abnormal tau protein levels, which are crucial for diagnosing Alzheimer's disease (AD) (Alzheimer disease, 2021)."
4	4	ET-RAG	test.agent_etrag	A4	+ Per-option retrieval	cosine retrieval + evidence quality + temporal recency + hybrid paper context + per-option retrieval	0.5	0.3	0.2	7	Which age group is most at risk for cognitive disorders–associated AD?	A. <40 years | B. 40–65 years | C. 65–90 years | D. >90 years	D	>90 years	C	False	0.748357	4.378	2.045	0.888	26	20	0.566735	True	True	False	False	2023-oxidative-damage-in-neurodegeneration-roles-in-the-pathogenesis-and-progression-of-alzheimer-disease.pdf | 2024 Linking activity dyshomeostasis and sleep disturbances in Alzheimer disease.pdf | 2024 Neuroinflammation in Alzheimer disease.pdf | 2025 Updates on mouse models of Alzheimer’s disease.pdf | alzheimer disease  2021.pdf	"C. 65–90 years

The prevalence of overt cognitive impairment increases exponentially with advancing age, particularly after 65 years, with the incidence of dementia rising steeply in this age group (Alzheimer disease, 2021). Additionally, the fastest-growing demographic segment at risk for cognitive disorders is the oldest-old group (people aged >90 years), which has the highest risk of multi-aetiology dementia (Alzheimer disease, 2021)."	"C. 65–90 years

The prevalence of overt cognitive impairment increases exponentially with advancing age, particularly after 65 years, with the incidence of dementia rising steeply in this age group (Alzheimer disease, 2021). Additionally, the fastest-growing demographic segment at risk for cognitive disorders is the oldest-old group (people aged >90 years), which has the highest risk of multi-aetiology dementia (Alzheimer disease, 2021)."
4	4	ET-RAG	test.agent_etrag	A4	+ Per-option retrieval	cosine retrieval + evidence quality + temporal recency + hybrid paper context + per-option retrieval	0.5	0.3	0.2	8	Which sleep stage is critical for metabolite clearance from the brain?	A. REM sleep | B. NREM sleep | C. Light sleep | D. Awake state	B	NREM sleep	B	True	0.735285	7.28	4.668	0.945	15	15	0.529387	True	True	False	False	2023-oxidative-damage-in-neurodegeneration-roles-in-the-pathogenesis-and-progression-of-alzheimer-disease.pdf | 2024 Advancements and Challenges in Antiamyloid Therapy for.pdf | 2024 Immune Activation in Alzheimer Disease.pdf | 2024 Linking activity dyshomeostasis and sleep disturbances in Alzheimer disease.pdf | 2025 Updates on mouse models of Alzheimer’s disease.pdf | Recent advances in Alzheimer’s disease mechanisms clinical trials and new drug development strategies.pdf | alzheimer disease  2021.pdf	"B. NREM sleep

NREM sleep, particularly during slow-wave sleep, is critical for metabolite clearance from the brain, including the clearance of amyloid-β (Aβ). This process is facilitated by the glymphatic system, which is more active during sleep (Linking activity dyshomeostasis and sleep disturbances in Alzheimer disease, 2024)."	"B. NREM sleep

NREM sleep, particularly during slow-wave sleep, is critical for metabolite clearance from the brain, including the clearance of amyloid-β (Aβ). This process is facilitated by the glymphatic system, which is more active during sleep (Linking activity dyshomeostasis and sleep disturbances in Alzheimer disease, 2024)."
4	4	ET-RAG	test.agent_etrag	A4	+ Per-option retrieval	cosine retrieval + evidence quality + temporal recency + hybrid paper context + per-option retrieval	0.5	0.3	0.2	9	What kind of volume change is associated with hearing loss in AD patients?	A. Increased brain volume | B. Decreased hippocampal volume | C. Increased white matter | D. Enlarged ventricles	B	Decreased hippocampal volume	B	True	0.740695	7.012	4.58	0.998	20	20	0.544842	True	True	False	False	2023-oxidative-damage-in-neurodegeneration-roles-in-the-pathogenesis-and-progression-of-alzheimer-disease.pdf | 2024 Advancements and Challenges in Antiamyloid Therapy for.pdf | 2024 Cell type-specific roles of APOE4 in Alzheimer disease.pdf | 2024 Immune Activation in Alzheimer Disease.pdf | 2024 Linking activity dyshomeostasis and sleep disturbances in Alzheimer disease.pdf | 2024 Neuroinflammation in Alzheimer disease.pdf | 2025 Oligodendrocytes in Alzheimer’s disease pathophysiology.pdf | 2025 Updates on mouse models of Alzheimer’s disease.pdf | Recent advances in Alzheimer’s disease mechanisms clinical trials and new drug development strategies.pdf | alzheimer disease  2021.pdf	"B. Decreased hippocampal volume

Hearing loss in Alzheimer's disease patients is associated with decreased hippocampal volume, as indicated by the relationship between cognitive impairment and structural brain changes, particularly in the hippocampus (Alzheimer disease, 2021)."	"B. Decreased hippocampal volume

Hearing loss in Alzheimer's disease patients is associated with decreased hippocampal volume, as indicated by the relationship between cognitive impairment and structural brain changes, particularly in the hippocampus (Alzheimer disease, 2021)."
4	4	ET-RAG	test.agent_etrag	A4	+ Per-option retrieval	cosine retrieval + evidence quality + temporal recency + hybrid paper context + per-option retrieval	0.5	0.3	0.2	10	The Mediterranean diet is primarily considered:	A. A treatment for AD | B. A preventive dietary strategy | C. A high-fat diet | D. A protein-reduction plan	B	A preventive dietary strategy	B	True	0.736015	4.292	2.26	0.967	19	19	0.531471	True	True	False	False	2023-oxidative-damage-in-neurodegeneration-roles-in-the-pathogenesis-and-progression-of-alzheimer-disease.pdf | 2024 Advancements and Challenges in Antiamyloid Therapy for.pdf | 2024 Neuroinflammation in Alzheimer disease.pdf | Recent advances in Alzheimer’s disease mechanisms clinical trials and new drug development strategies.pdf | alzheimer disease  2021.pdf	B. A preventive dietary strategy. The Mediterranean diet has been linked to a reduced risk of Alzheimer's disease (AD) and is considered a preventive approach to maintain good health and cognitive function (Oxidative damage in neurodegeneration: roles in the pathogenesis and progression of Alzheimer disease, 2023).	B. A preventive dietary strategy. The Mediterranean diet has been linked to a reduced risk of Alzheimer's disease (AD) and is considered a preventive approach to maintain good health and cognitive function (Oxidative damage in neurodegeneration: roles in the pathogenesis and progression of Alzheimer disease, 2023).
5	4	ET-RAG	test.agent_etrag	A4	+ Per-option retrieval	cosine retrieval + evidence quality + temporal recency + hybrid paper context + per-option retrieval	0.5	0.3	0.2	1	Which protein is considered a hallmark of Alzheimer’s disease (AD) pathology?	A. α-synuclein | B. Amyloid-beta (Aβ) | C. Huntingtin | D. Dopamine	B	Amyloid-beta (Aβ)	B	True	0.754141	4.059	2.206	0.847	41	20	0.58326	True	True	False	False	2023-oxidative-damage-in-neurodegeneration-roles-in-the-pathogenesis-and-progression-of-alzheimer-disease.pdf | 2024 Advancements and Challenges in Antiamyloid Therapy for.pdf | 2024 Cell type-specific roles of APOE4 in Alzheimer disease.pdf | 2024 Neuroinflammation in Alzheimer disease.pdf | alzheimer disease  2021.pdf	B. Amyloid-beta (Aβ) is considered a hallmark of Alzheimer’s disease (AD) pathology, as it is biologically defined by the presence of β-amyloid-containing plaques and tau-containing neurofibrillary tangles (Alzheimer disease, 2021).	B. Amyloid-beta (Aβ) is considered a hallmark of Alzheimer’s disease (AD) pathology, as it is biologically defined by the presence of β-amyloid-containing plaques and tau-containing neurofibrillary tangles (Alzheimer disease, 2021).
5	4	ET-RAG	test.agent_etrag	A4	+ Per-option retrieval	cosine retrieval + evidence quality + temporal recency + hybrid paper context + per-option retrieval	0.5	0.3	0.2	2	What type of sleep disorder is commonly associated with increased AD risk?	A. Narcolepsy | B. Insomnia | C. Obstructive sleep apnea (OSA) | D. Sleepwalking	C	Obstructive sleep apnea (OSA)	C	True	0.735425	4.755	2.346	0.853	22	20	0.529786	True	True	False	False	2023-oxidative-damage-in-neurodegeneration-roles-in-the-pathogenesis-and-progression-of-alzheimer-disease.pdf | 2024 Advancements and Challenges in Antiamyloid Therapy for.pdf | 2024 Cell type-specific roles of APOE4 in Alzheimer disease.pdf | 2024 Immune Activation in Alzheimer Disease.pdf | 2024 Linking activity dyshomeostasis and sleep disturbances in Alzheimer disease.pdf | 2024 Neuroinflammation in Alzheimer disease.pdf | 2025 Updates on mouse models of Alzheimer’s disease.pdf | alzheimer disease  2021.pdf	C. Obstructive sleep apnea (OSA) is commonly associated with increased AD risk. Sleep disorders, particularly OSA, can exacerbate cognitive decline and are linked to the pathophysiology of Alzheimer's disease (AD) by affecting neuronal activity and sleep quality (Linking activity dyshomeostasis and sleep disturbances in Alzheimer disease, 2024).	C. Obstructive sleep apnea (OSA) is commonly associated with increased AD risk. Sleep disorders, particularly OSA, can exacerbate cognitive decline and are linked to the pathophysiology of Alzheimer's disease (AD) by affecting neuronal activity and sleep quality (Linking activity dyshomeostasis and sleep disturbances in Alzheimer disease, 2024).
5	4	ET-RAG	test.agent_etrag	A4	+ Per-option retrieval	cosine retrieval + evidence quality + temporal recency + hybrid paper context + per-option retrieval	0.5	0.3	0.2	3	Which imaging modality was first introduced to visualize brain amyloid in AD?	A. CT | B. MRI | C. Aβ-PET | D. SPECT	C	Aβ-PET	C	True	0.753408	4.738	2.652	0.81	28	20	0.581165	True	True	False	False	2023-oxidative-damage-in-neurodegeneration-roles-in-the-pathogenesis-and-progression-of-alzheimer-disease.pdf | 2024 Advancements and Challenges in Antiamyloid Therapy for.pdf | 2024 Immune Activation in Alzheimer Disease.pdf | 2024 Neuroinflammation in Alzheimer disease.pdf | 2025 Updates on mouse models of Alzheimer’s disease.pdf | alzheimer disease  2021.pdf	"C. Aβ-PET

The introduction of Aβ-PET imaging in 2004 clarified the roles of FDG-PET and MRI in evaluating patients with cognitive impairment, specifically for visualizing brain amyloid in Alzheimer disease (AD) (Alzheimer disease, 2021)."	"C. Aβ-PET

The introduction of Aβ-PET imaging in 2004 clarified the roles of FDG-PET and MRI in evaluating patients with cognitive impairment, specifically for visualizing brain amyloid in Alzheimer disease (AD) (Alzheimer disease, 2021)."
5	4	ET-RAG	test.agent_etrag	A4	+ Per-option retrieval	cosine retrieval + evidence quality + temporal recency + hybrid paper context + per-option retrieval	0.5	0.3	0.2	4	Which gut-related intervention shows potential for AD treatment?	A. Probiotics | B. Vitamin D | C. Antibiotics | D. Statins	A	Probiotics	A	True	0.742452	4.976	2.362	1.116	8	8	0.549864	True	True	False	False	2023-oxidative-damage-in-neurodegeneration-roles-in-the-pathogenesis-and-progression-of-alzheimer-disease.pdf | 2024 Advancements and Challenges in Antiamyloid Therapy for.pdf | 2024 Immune Activation in Alzheimer Disease.pdf | 2024 Neuroinflammation in Alzheimer disease.pdf | 2025 Updates on mouse models of Alzheimer’s disease.pdf | Recent advances in Alzheimer’s disease mechanisms clinical trials and new drug development strategies.pdf | alzheimer disease  2021.pdf	"A. Probiotics

Probiotics, specifically Bifidobacterium and Lactobacillus species, have shown potential in improving blood-brain barrier integrity and memory deficits in mouse models of Alzheimer's disease (AD) after antibiotic-induced microbiome depletion (Neuroinflammation in Alzheimer disease, 2024)."	"A. Probiotics

Probiotics, specifically Bifidobacterium and Lactobacillus species, have shown potential in improving blood-brain barrier integrity and memory deficits in mouse models of Alzheimer's disease (AD) after antibiotic-induced microbiome depletion (Neuroinflammation in Alzheimer disease, 2024)."
5	4	ET-RAG	test.agent_etrag	A4	+ Per-option retrieval	cosine retrieval + evidence quality + temporal recency + hybrid paper context + per-option retrieval	0.5	0.3	0.2	5	What is the typical spacing used in the Tallapoosa tract for loblolly pine?	A. 4x4 ft | B. 6x6 ft | C. 6x12 ft | D. 8x10 ft	NOT_COVERED	Not Covered	NOT_COVERED	True	0.92	4.073	2.185	1.24	15	15	0.519858	True	True	False	False	2023-oxidative-damage-in-neurodegeneration-roles-in-the-pathogenesis-and-progression-of-alzheimer-disease.pdf | 2024 Advancements and Challenges in Antiamyloid Therapy for.pdf | 2024 Cell type-specific roles of APOE4 in Alzheimer disease.pdf | 2024 Immune Activation in Alzheimer Disease.pdf | 2024 Linking activity dyshomeostasis and sleep disturbances in Alzheimer disease.pdf | 2025 Updates on mouse models of Alzheimer’s disease.pdf | Recent advances in Alzheimer’s disease mechanisms clinical trials and new drug development strategies.pdf | alzheimer disease  2021.pdf	Not covered.	Not covered.
5	4	ET-RAG	test.agent_etrag	A4	+ Per-option retrieval	cosine retrieval + evidence quality + temporal recency + hybrid paper context + per-option retrieval	0.5	0.3	0.2	6	The A-T-N biomarker framework includes tau as which letter?	A. A | B. T | C. N | D. None	B	T	B	True	0.746494	4.272	2.25	1.071	22	20	0.561411	True	True	False	False	2023-oxidative-damage-in-neurodegeneration-roles-in-the-pathogenesis-and-progression-of-alzheimer-disease.pdf | 2024 Advancements and Challenges in Antiamyloid Therapy for.pdf | 2024 Cell type-specific roles of APOE4 in Alzheimer disease.pdf | 2024 Immune Activation in Alzheimer Disease.pdf | 2024 Neuroinflammation in Alzheimer disease.pdf | 2025 Updates on mouse models of Alzheimer’s disease.pdf | alzheimer disease  2021.pdf	"B. T

In the A-T-N biomarker framework, tau is represented by the letter ""T,"" indicating abnormal tau protein levels, which are crucial for diagnosing Alzheimer's disease (AD) pathology (Alzheimer disease, 2021)."	"B. T

In the A-T-N biomarker framework, tau is represented by the letter ""T,"" indicating abnormal tau protein levels, which are crucial for diagnosing Alzheimer's disease (AD) pathology (Alzheimer disease, 2021)."
5	4	ET-RAG	test.agent_etrag	A4	+ Per-option retrieval	cosine retrieval + evidence quality + temporal recency + hybrid paper context + per-option retrieval	0.5	0.3	0.2	7	Which age group is most at risk for cognitive disorders–associated AD?	A. <40 years | B. 40–65 years | C. 65–90 years | D. >90 years	D	>90 years	C	False	0.748364	5.9	2.694	1.93	26	20	0.566753	True	True	False	False	2023-oxidative-damage-in-neurodegeneration-roles-in-the-pathogenesis-and-progression-of-alzheimer-disease.pdf | 2024 Linking activity dyshomeostasis and sleep disturbances in Alzheimer disease.pdf | 2024 Neuroinflammation in Alzheimer disease.pdf | 2025 Updates on mouse models of Alzheimer’s disease.pdf | alzheimer disease  2021.pdf	"C. 65–90 years

The prevalence of overt cognitive impairment increases exponentially with advancing age, particularly after 65 years, with the incidence of dementia rising steeply in this age group (Alzheimer disease, 2021). Additionally, the fastest-growing demographic segment at risk for cognitive disorders is the oldest-old group (people aged >90 years), which has the highest risk of multi-aetiology dementia (Alzheimer disease, 2021)."	"C. 65–90 years

The prevalence of overt cognitive impairment increases exponentially with advancing age, particularly after 65 years, with the incidence of dementia rising steeply in this age group (Alzheimer disease, 2021). Additionally, the fastest-growing demographic segment at risk for cognitive disorders is the oldest-old group (people aged >90 years), which has the highest risk of multi-aetiology dementia (Alzheimer disease, 2021)."
5	4	ET-RAG	test.agent_etrag	A4	+ Per-option retrieval	cosine retrieval + evidence quality + temporal recency + hybrid paper context + per-option retrieval	0.5	0.3	0.2	8	Which sleep stage is critical for metabolite clearance from the brain?	A. REM sleep | B. NREM sleep | C. Light sleep | D. Awake state	B	NREM sleep	B	True	0.735272	8.405	4.349	2.293	15	15	0.529348	True	True	False	False	2023-oxidative-damage-in-neurodegeneration-roles-in-the-pathogenesis-and-progression-of-alzheimer-disease.pdf | 2024 Advancements and Challenges in Antiamyloid Therapy for.pdf | 2024 Immune Activation in Alzheimer Disease.pdf | 2024 Linking activity dyshomeostasis and sleep disturbances in Alzheimer disease.pdf | 2025 Updates on mouse models of Alzheimer’s disease.pdf | Recent advances in Alzheimer’s disease mechanisms clinical trials and new drug development strategies.pdf | alzheimer disease  2021.pdf	"B. NREM sleep

NREM sleep is critical for metabolite clearance from the brain, particularly during the glymphatic system's activity, which is enhanced during this sleep stage. This process is essential for the clearance of amyloid-β and other waste products, as highlighted in ""Linking activity dyshomeostasis and sleep disturbances in Alzheimer disease"" (2024)."	"B. NREM sleep

NREM sleep is critical for metabolite clearance from the brain, particularly during the glymphatic system's activity, which is enhanced during this sleep stage. This process is essential for the clearance of amyloid-β and other waste products, as highlighted in ""Linking activity dyshomeostasis and sleep disturbances in Alzheimer disease"" (2024)."
5	4	ET-RAG	test.agent_etrag	A4	+ Per-option retrieval	cosine retrieval + evidence quality + temporal recency + hybrid paper context + per-option retrieval	0.5	0.3	0.2	9	What kind of volume change is associated with hearing loss in AD patients?	A. Increased brain volume | B. Decreased hippocampal volume | C. Increased white matter | D. Enlarged ventricles	B	Decreased hippocampal volume	B	True	0.740705	9.494	4.805	1.01	20	20	0.544872	True	True	False	False	2023-oxidative-damage-in-neurodegeneration-roles-in-the-pathogenesis-and-progression-of-alzheimer-disease.pdf | 2024 Advancements and Challenges in Antiamyloid Therapy for.pdf | 2024 Cell type-specific roles of APOE4 in Alzheimer disease.pdf | 2024 Immune Activation in Alzheimer Disease.pdf | 2024 Linking activity dyshomeostasis and sleep disturbances in Alzheimer disease.pdf | 2024 Neuroinflammation in Alzheimer disease.pdf | 2025 Oligodendrocytes in Alzheimer’s disease pathophysiology.pdf | 2025 Updates on mouse models of Alzheimer’s disease.pdf | Recent advances in Alzheimer’s disease mechanisms clinical trials and new drug development strategies.pdf | alzheimer disease  2021.pdf	"B. Decreased hippocampal volume. 

Hearing loss in Alzheimer's disease patients is associated with decreased hippocampal volume, as indicated by the relationship between cognitive impairment and structural brain changes, particularly in the hippocampus (Alzheimer disease, 2021)."	"B. Decreased hippocampal volume. 

Hearing loss in Alzheimer's disease patients is associated with decreased hippocampal volume, as indicated by the relationship between cognitive impairment and structural brain changes, particularly in the hippocampus (Alzheimer disease, 2021)."
5	4	ET-RAG	test.agent_etrag	A4	+ Per-option retrieval	cosine retrieval + evidence quality + temporal recency + hybrid paper context + per-option retrieval	0.5	0.3	0.2	10	The Mediterranean diet is primarily considered:	A. A treatment for AD | B. A preventive dietary strategy | C. A high-fat diet | D. A protein-reduction plan	B	A preventive dietary strategy	B	True	0.736016	10.616	2.168	6.893	19	19	0.531475	True	True	False	False	2023-oxidative-damage-in-neurodegeneration-roles-in-the-pathogenesis-and-progression-of-alzheimer-disease.pdf | 2024 Advancements and Challenges in Antiamyloid Therapy for.pdf | 2024 Neuroinflammation in Alzheimer disease.pdf | Recent advances in Alzheimer’s disease mechanisms clinical trials and new drug development strategies.pdf | alzheimer disease  2021.pdf	B. A preventive dietary strategy. The Mediterranean diet has been linked to a reduced risk of Alzheimer's disease (AD) and is considered a preventive approach to maintain good health and cognitive function (Oxidative damage in neurodegeneration: roles in the pathogenesis and progression of Alzheimer disease, 2023).	B. A preventive dietary strategy. The Mediterranean diet has been linked to a reduced risk of Alzheimer's disease (AD) and is considered a preventive approach to maintain good health and cognitive function (Oxidative damage in neurodegeneration: roles in the pathogenesis and progression of Alzheimer disease, 2023).
1	5	ET-RAG	test.agent_etrag	A5	Full ET-RAG	cosine retrieval + evidence quality + temporal recency + hybrid paper context + per-option retrieval + quality check	0.5	0.3	0.2	1	Which protein is considered a hallmark of Alzheimer’s disease (AD) pathology?	A. α-synuclein | B. Amyloid-beta (Aβ) | C. Huntingtin | D. Dopamine	B	Amyloid-beta (Aβ)	B	True	0.754142	7.457	2.857	1.201	41	20	0.583262	True	True	True	False	2023-oxidative-damage-in-neurodegeneration-roles-in-the-pathogenesis-and-progression-of-alzheimer-disease.pdf | 2024 Advancements and Challenges in Antiamyloid Therapy for.pdf | 2024 Cell type-specific roles of APOE4 in Alzheimer disease.pdf | 2024 Neuroinflammation in Alzheimer disease.pdf | alzheimer disease  2021.pdf	B. Amyloid-beta (Aβ) is considered a hallmark of Alzheimer’s disease (AD) pathology, as it is biologically defined by the presence of β-amyloid-containing plaques and tau-containing neurofibrillary tangles (Alzheimer disease, 2021).	B. Amyloid-beta (Aβ) is considered a hallmark of Alzheimer’s disease (AD) pathology, as it is biologically defined by the presence of β-amyloid-containing plaques and tau-containing neurofibrillary tangles (Alzheimer disease, 2021). The pathology of canonical AD dementia involves Aβ-containing extracellular neuritic plaques found throughout the cerebral cortex and tau-containing neurofibrillary tangles that occur initially in the medial temporal lobe (Alzheimer disease, 2021).
1	5	ET-RAG	test.agent_etrag	A5	Full ET-RAG	cosine retrieval + evidence quality + temporal recency + hybrid paper context + per-option retrieval + quality check	0.5	0.3	0.2	2	What type of sleep disorder is commonly associated with increased AD risk?	A. Narcolepsy | B. Insomnia | C. Obstructive sleep apnea (OSA) | D. Sleepwalking	C	Obstructive sleep apnea (OSA)	C	True	0.735432	7.879	2.746	1.322	22	20	0.529807	True	True	True	False	2023-oxidative-damage-in-neurodegeneration-roles-in-the-pathogenesis-and-progression-of-alzheimer-disease.pdf | 2024 Advancements and Challenges in Antiamyloid Therapy for.pdf | 2024 Cell type-specific roles of APOE4 in Alzheimer disease.pdf | 2024 Immune Activation in Alzheimer Disease.pdf | 2024 Linking activity dyshomeostasis and sleep disturbances in Alzheimer disease.pdf | 2024 Neuroinflammation in Alzheimer disease.pdf | 2025 Updates on mouse models of Alzheimer’s disease.pdf | alzheimer disease  2021.pdf	C. Obstructive sleep apnea (OSA) is commonly associated with increased AD risk. Sleep disorders, particularly OSA, can exacerbate cognitive decline and are linked to the pathophysiology of Alzheimer's disease (AD) by affecting neuronal activity and sleep quality (Linking activity dyshomeostasis and sleep disturbances in Alzheimer disease, 2024).	C. Obstructive sleep apnea (OSA) is commonly associated with increased AD risk. Sleep disorders, particularly OSA, can exacerbate cognitive decline and are linked to the pathophysiology of Alzheimer's disease (AD) by affecting neuronal activity and sleep quality (Linking activity dyshomeostasis and sleep disturbances in Alzheimer disease, 2024).
1	5	ET-RAG	test.agent_etrag	A5	Full ET-RAG	cosine retrieval + evidence quality + temporal recency + hybrid paper context + per-option retrieval + quality check	0.5	0.3	0.2	3	Which imaging modality was first introduced to visualize brain amyloid in AD?	A. CT | B. MRI | C. Aβ-PET | D. SPECT	C	Aβ-PET	C	True	0.753407	10.35	2.749	1.024	28	20	0.581162	True	True	True	False	2023-oxidative-damage-in-neurodegeneration-roles-in-the-pathogenesis-and-progression-of-alzheimer-disease.pdf | 2024 Advancements and Challenges in Antiamyloid Therapy for.pdf | 2024 Immune Activation in Alzheimer Disease.pdf | 2024 Neuroinflammation in Alzheimer disease.pdf | 2025 Updates on mouse models of Alzheimer’s disease.pdf | alzheimer disease  2021.pdf	"C. Aβ-PET

The introduction of Aβ-PET imaging in 2004 clarified the roles of FDG-PET and MRI in evaluating patients with cognitive impairment, specifically for visualizing brain amyloid in Alzheimer disease (AD) (Alzheimer disease, 2021)."	"C. Aβ-PET

The introduction of Aβ-PET imaging in 2004 clarified the roles of FDG-PET and MRI in evaluating patients with cognitive impairment, specifically for visualizing brain amyloid in Alzheimer disease (AD) (Alzheimer disease, 2021). Aβ-PET markers allow for the direct visualization of Aβ plaque accumulation, increasing the precision of AD diagnosis and enabling a real-time view of the evolution of β-amyloidosis over time (Alzheimer disease, 2021)."
1	5	ET-RAG	test.agent_etrag	A5	Full ET-RAG	cosine retrieval + evidence quality + temporal recency + hybrid paper context + per-option retrieval + quality check	0.5	0.3	0.2	4	Which gut-related intervention shows potential for AD treatment?	A. Probiotics | B. Vitamin D | C. Antibiotics | D. Statins	A	Probiotics	A	True	0.742452	9.765	3.605	1.335	8	8	0.549864	True	True	True	False	2023-oxidative-damage-in-neurodegeneration-roles-in-the-pathogenesis-and-progression-of-alzheimer-disease.pdf | 2024 Advancements and Challenges in Antiamyloid Therapy for.pdf | 2024 Immune Activation in Alzheimer Disease.pdf | 2024 Neuroinflammation in Alzheimer disease.pdf | 2025 Updates on mouse models of Alzheimer’s disease.pdf | Recent advances in Alzheimer’s disease mechanisms clinical trials and new drug development strategies.pdf | alzheimer disease  2021.pdf	"A. Probiotics

Probiotics, specifically Bifidobacterium and Lactobacillus species, have shown potential in improving blood-brain barrier integrity and memory deficits in mouse models of Alzheimer's disease (AD) after antibiotic-induced microbiome depletion (Neuroinflammation in Alzheimer disease, 2024)."	"A. Probiotics

Probiotics, specifically Bifidobacterium and Lactobacillus species, have shown potential in improving blood-brain barrier integrity and memory deficits in mouse models of Alzheimer's disease (AD) after antibiotic-induced microbiome depletion (Neuroinflammation in Alzheimer disease, 2024). Therapy with these probiotics after antibiotic administration improves blood-brain barrier integrity and memory deficits in mouse models of AD (Neuroinflammation in Alzheimer disease, 2024). This suggests that probiotics may play a beneficial role in AD treatment by modulating gut microbiota and enhancing cognitive function."
1	5	ET-RAG	test.agent_etrag	A5	Full ET-RAG	cosine retrieval + evidence quality + temporal recency + hybrid paper context + per-option retrieval + quality check	0.5	0.3	0.2	5	What is the typical spacing used in the Tallapoosa tract for loblolly pine?	A. 4x4 ft | B. 6x6 ft | C. 6x12 ft | D. 8x10 ft	NOT_COVERED	Not Covered	NOT_COVERED	True	0.92	5.555	2.614	1.09	15	15	0.519852	True	True	True	False	2023-oxidative-damage-in-neurodegeneration-roles-in-the-pathogenesis-and-progression-of-alzheimer-disease.pdf | 2024 Advancements and Challenges in Antiamyloid Therapy for.pdf | 2024 Cell type-specific roles of APOE4 in Alzheimer disease.pdf | 2024 Immune Activation in Alzheimer Disease.pdf | 2024 Linking activity dyshomeostasis and sleep disturbances in Alzheimer disease.pdf | 2025 Updates on mouse models of Alzheimer’s disease.pdf | Recent advances in Alzheimer’s disease mechanisms clinical trials and new drug development strategies.pdf | alzheimer disease  2021.pdf	Not covered.	Not covered.
1	5	ET-RAG	test.agent_etrag	A5	Full ET-RAG	cosine retrieval + evidence quality + temporal recency + hybrid paper context + per-option retrieval + quality check	0.5	0.3	0.2	6	The A-T-N biomarker framework includes tau as which letter?	A. A | B. T | C. N | D. None	B	T	B	True	0.746497	11.229	2.904	1.364	22	20	0.561419	True	True	True	False	2023-oxidative-damage-in-neurodegeneration-roles-in-the-pathogenesis-and-progression-of-alzheimer-disease.pdf | 2024 Advancements and Challenges in Antiamyloid Therapy for.pdf | 2024 Cell type-specific roles of APOE4 in Alzheimer disease.pdf | 2024 Immune Activation in Alzheimer Disease.pdf | 2024 Neuroinflammation in Alzheimer disease.pdf | 2025 Updates on mouse models of Alzheimer’s disease.pdf | alzheimer disease  2021.pdf	"B. T

In the A-T-N biomarker framework, tau is represented by the letter ""T,"" indicating abnormal tau protein levels, which are crucial for diagnosing Alzheimer's disease (AD) (Alzheimer disease, 2021)."	"B. T

In the A-T-N biomarker framework, tau is represented by the letter ""T,"" indicating abnormal tau protein levels, which are crucial for diagnosing Alzheimer's disease (AD) (Alzheimer disease, 2021). The framework classifies biomarkers into three categories: A for amyloid, T for tau, and N for neurodegeneration, with tau biomarkers being essential for assessing tau pathology in AD (Alzheimer disease, 2021)."
1	5	ET-RAG	test.agent_etrag	A5	Full ET-RAG	cosine retrieval + evidence quality + temporal recency + hybrid paper context + per-option retrieval + quality check	0.5	0.3	0.2	7	Which age group is most at risk for cognitive disorders–associated AD?	A. <40 years | B. 40–65 years | C. 65–90 years | D. >90 years	D	>90 years	C	False	0.748364	8.37	3.46	1.044	26	20	0.566755	True	True	True	False	2023-oxidative-damage-in-neurodegeneration-roles-in-the-pathogenesis-and-progression-of-alzheimer-disease.pdf | 2024 Linking activity dyshomeostasis and sleep disturbances in Alzheimer disease.pdf | 2024 Neuroinflammation in Alzheimer disease.pdf | 2025 Updates on mouse models of Alzheimer’s disease.pdf | alzheimer disease  2021.pdf	"C. 65–90 years

The prevalence of overt cognitive impairment increases exponentially with advancing age, particularly after 65 years, with the incidence of dementia rising steeply in this age group (Alzheimer disease, 2021). Additionally, the fastest-growing demographic segment at risk for cognitive disorders is the oldest-old group (people aged >90 years), which has the highest risk of multi-aetiology dementia (Alzheimer disease, 2021)."	"C. 65–90 years

The prevalence of overt cognitive impairment increases exponentially with advancing age, particularly after 65 years, with the incidence of dementia rising steeply in this age group (Alzheimer disease, 2021). Additionally, the fastest-growing demographic segment at risk for cognitive disorders is the oldest-old group (people aged >90 years), which has the highest risk of multi-aetiology dementia (Alzheimer disease, 2021)."
1	5	ET-RAG	test.agent_etrag	A5	Full ET-RAG	cosine retrieval + evidence quality + temporal recency + hybrid paper context + per-option retrieval + quality check	0.5	0.3	0.2	8	Which sleep stage is critical for metabolite clearance from the brain?	A. REM sleep | B. NREM sleep | C. Light sleep | D. Awake state	B	NREM sleep	B	True	0.735286	12.095	4.572	1.01	15	15	0.529388	True	True	True	False	2023-oxidative-damage-in-neurodegeneration-roles-in-the-pathogenesis-and-progression-of-alzheimer-disease.pdf | 2024 Advancements and Challenges in Antiamyloid Therapy for.pdf | 2024 Immune Activation in Alzheimer Disease.pdf | 2024 Linking activity dyshomeostasis and sleep disturbances in Alzheimer disease.pdf | 2025 Updates on mouse models of Alzheimer’s disease.pdf | Recent advances in Alzheimer’s disease mechanisms clinical trials and new drug development strategies.pdf | alzheimer disease  2021.pdf	"B. NREM sleep

NREM sleep is critical for metabolite clearance from the brain, particularly during the glymphatic system's activity, which is enhanced during this sleep stage. This process is essential for the clearance of amyloid-beta (Aβ) and other waste products, as highlighted in ""Linking activity dyshomeostasis and sleep disturbances in Alzheimer disease"" (2024)."	"B. NREM sleep

NREM sleep is critical for metabolite clearance from the brain, particularly during the glymphatic system's activity, which is enhanced during this sleep stage. This process is essential for the clearance of amyloid-beta (Aβ) and other waste products, as highlighted in ""Linking activity dyshomeostasis and sleep disturbances in Alzheimer disease"" (2024). The review emphasizes that Aβ production and release are higher during wakefulness, while clearance through the glymphatic system is more effective during sleep, particularly NREM sleep."
1	5	ET-RAG	test.agent_etrag	A5	Full ET-RAG	cosine retrieval + evidence quality + temporal recency + hybrid paper context + per-option retrieval + quality check	0.5	0.3	0.2	9	What kind of volume change is associated with hearing loss in AD patients?	A. Increased brain volume | B. Decreased hippocampal volume | C. Increased white matter | D. Enlarged ventricles	B	Decreased hippocampal volume	B	True	0.740705	7.576	3.54	1.086	20	20	0.544871	True	True	True	False	2023-oxidative-damage-in-neurodegeneration-roles-in-the-pathogenesis-and-progression-of-alzheimer-disease.pdf | 2024 Advancements and Challenges in Antiamyloid Therapy for.pdf | 2024 Cell type-specific roles of APOE4 in Alzheimer disease.pdf | 2024 Immune Activation in Alzheimer Disease.pdf | 2024 Linking activity dyshomeostasis and sleep disturbances in Alzheimer disease.pdf | 2024 Neuroinflammation in Alzheimer disease.pdf | 2025 Oligodendrocytes in Alzheimer’s disease pathophysiology.pdf | 2025 Updates on mouse models of Alzheimer’s disease.pdf | Recent advances in Alzheimer’s disease mechanisms clinical trials and new drug development strategies.pdf | alzheimer disease  2021.pdf	"B. Decreased hippocampal volume

Hearing loss in Alzheimer's disease patients is associated with decreased hippocampal volume, as indicated by the relationship between cognitive impairment and structural brain changes, particularly in the hippocampus (Alzheimer disease, 2021)."	"B. Decreased hippocampal volume

Hearing loss in Alzheimer's disease patients is associated with decreased hippocampal volume, as indicated by the relationship between cognitive impairment and structural brain changes, particularly in the hippocampus (Alzheimer disease, 2021). This atrophy in the hippocampus is a significant marker of neurodegeneration in Alzheimer's, correlating with cognitive decline and supporting the notion that hearing loss may exacerbate these changes (Alzheimer disease, 2021)."
1	5	ET-RAG	test.agent_etrag	A5	Full ET-RAG	cosine retrieval + evidence quality + temporal recency + hybrid paper context + per-option retrieval + quality check	0.5	0.3	0.2	10	The Mediterranean diet is primarily considered:	A. A treatment for AD | B. A preventive dietary strategy | C. A high-fat diet | D. A protein-reduction plan	B	A preventive dietary strategy	B	True	0.736015	8.268	2.46	1.29	19	19	0.531471	True	True	True	False	2023-oxidative-damage-in-neurodegeneration-roles-in-the-pathogenesis-and-progression-of-alzheimer-disease.pdf | 2024 Advancements and Challenges in Antiamyloid Therapy for.pdf | 2024 Neuroinflammation in Alzheimer disease.pdf | Recent advances in Alzheimer’s disease mechanisms clinical trials and new drug development strategies.pdf | alzheimer disease  2021.pdf	B. A preventive dietary strategy. The Mediterranean diet has been linked to a reduced risk of Alzheimer's disease (AD) and is considered a preventive approach to maintain good health and potentially optimize cognitive function (Oxidative damage in neurodegeneration: roles in the pathogenesis and progression of Alzheimer disease, 2023).	B. A preventive dietary strategy. The Mediterranean diet has been linked to a reduced risk of Alzheimer's disease (AD) and is considered a preventive approach to maintain good health and potentially optimize cognitive function (Oxidative damage in neurodegeneration: roles in the pathogenesis and progression of Alzheimer disease, 2023). Additionally, a well-balanced diet is deemed the most reasonable approach to optimize health maintenance, particularly when individuals are at risk for AD (Alzheimer disease, 2021).
2	5	ET-RAG	test.agent_etrag	A5	Full ET-RAG	cosine retrieval + evidence quality + temporal recency + hybrid paper context + per-option retrieval + quality check	0.5	0.3	0.2	1	Which protein is considered a hallmark of Alzheimer’s disease (AD) pathology?	A. α-synuclein | B. Amyloid-beta (Aβ) | C. Huntingtin | D. Dopamine	B	Amyloid-beta (Aβ)	B	True	0.754141	9.048	3.194	2.268	41	20	0.58326	True	True	True	False	2023-oxidative-damage-in-neurodegeneration-roles-in-the-pathogenesis-and-progression-of-alzheimer-disease.pdf | 2024 Advancements and Challenges in Antiamyloid Therapy for.pdf | 2024 Cell type-specific roles of APOE4 in Alzheimer disease.pdf | 2024 Neuroinflammation in Alzheimer disease.pdf | alzheimer disease  2021.pdf	B. Amyloid-beta (Aβ) is considered a hallmark of Alzheimer’s disease (AD) pathology, as it is biologically defined by the presence of β-amyloid-containing plaques and tau-containing neurofibrillary tangles (Alzheimer disease, 2021).	B. Amyloid-beta (Aβ) is considered a hallmark of Alzheimer’s disease (AD) pathology, as it is biologically defined by the presence of β-amyloid-containing plaques and tau-containing neurofibrillary tangles (Alzheimer disease, 2021). Aβ accumulation and tau tangles are the two most common proteins implicated in AD pathogenesis, contributing to neuronal inflammation and cognitive decline (Advancements and Challenges in Antiamyloid Therapy for Alzheimer’s Disease, 2024; Neuroinflammation in Alzheimer disease, 2024).
2	5	ET-RAG	test.agent_etrag	A5	Full ET-RAG	cosine retrieval + evidence quality + temporal recency + hybrid paper context + per-option retrieval + quality check	0.5	0.3	0.2	2	What type of sleep disorder is commonly associated with increased AD risk?	A. Narcolepsy | B. Insomnia | C. Obstructive sleep apnea (OSA) | D. Sleepwalking	C	Obstructive sleep apnea (OSA)	C	True	0.735265	7.954	3.081	1.635	21	20	0.52933	True	True	True	False	2023-oxidative-damage-in-neurodegeneration-roles-in-the-pathogenesis-and-progression-of-alzheimer-disease.pdf | 2024 Advancements and Challenges in Antiamyloid Therapy for.pdf | 2024 Cell type-specific roles of APOE4 in Alzheimer disease.pdf | 2024 Immune Activation in Alzheimer Disease.pdf | 2024 Linking activity dyshomeostasis and sleep disturbances in Alzheimer disease.pdf | 2024 Neuroinflammation in Alzheimer disease.pdf | 2025 Updates on mouse models of Alzheimer’s disease.pdf | alzheimer disease  2021.pdf	C. Obstructive sleep apnea (OSA) is commonly associated with increased AD risk. Sleep disorders, including OSA, can exacerbate cognitive decline and are linked to the pathophysiology of Alzheimer's disease, particularly through mechanisms involving neuronal hyperexcitability and sleep disturbances (Linking activity dyshomeostasis and sleep disturbances in Alzheimer disease, 2024).	C. Obstructive sleep apnea (OSA) is commonly associated with increased AD risk. Sleep disorders, including OSA, can exacerbate cognitive decline and are linked to the pathophysiology of Alzheimer's disease, particularly through mechanisms involving neuronal hyperexcitability and sleep disturbances (Linking activity dyshomeostasis and sleep disturbances in Alzheimer disease, 2024).
2	5	ET-RAG	test.agent_etrag	A5	Full ET-RAG	cosine retrieval + evidence quality + temporal recency + hybrid paper context + per-option retrieval + quality check	0.5	0.3	0.2	3	Which imaging modality was first introduced to visualize brain amyloid in AD?	A. CT | B. MRI | C. Aβ-PET | D. SPECT	C	Aβ-PET	C	True	0.753408	7.533	2.756	1.242	28	20	0.581165	True	True	True	False	2023-oxidative-damage-in-neurodegeneration-roles-in-the-pathogenesis-and-progression-of-alzheimer-disease.pdf | 2024 Advancements and Challenges in Antiamyloid Therapy for.pdf | 2024 Immune Activation in Alzheimer Disease.pdf | 2024 Neuroinflammation in Alzheimer disease.pdf | 2025 Updates on mouse models of Alzheimer’s disease.pdf | alzheimer disease  2021.pdf	"C. Aβ-PET

The introduction of Aβ-PET imaging in 2004 clarified the roles of FDG-PET and MRI in evaluating patients with cognitive impairment, specifically for visualizing brain amyloid in Alzheimer disease (AD) (Alzheimer disease, 2021)."	"C. Aβ-PET

The introduction of Aβ-PET imaging in 2004 clarified the roles of FDG-PET and MRI in evaluating patients with cognitive impairment, specifically for visualizing brain amyloid in Alzheimer disease (AD) (Alzheimer disease, 2021). Aβ-PET markers allow for the direct visualization of Aβ plaque accumulation, increasing the precision of AD diagnosis and enabling a real-time view of the evolution of β-amyloidosis over time (Alzheimer disease, 2021)."
2	5	ET-RAG	test.agent_etrag	A5	Full ET-RAG	cosine retrieval + evidence quality + temporal recency + hybrid paper context + per-option retrieval + quality check	0.5	0.3	0.2	4	Which gut-related intervention shows potential for AD treatment?	A. Probiotics | B. Vitamin D | C. Antibiotics | D. Statins	A	Probiotics	A	True	0.742454	15.997	2.846	1.036	8	8	0.549868	True	True	True	False	2023-oxidative-damage-in-neurodegeneration-roles-in-the-pathogenesis-and-progression-of-alzheimer-disease.pdf | 2024 Advancements and Challenges in Antiamyloid Therapy for.pdf | 2024 Immune Activation in Alzheimer Disease.pdf | 2024 Neuroinflammation in Alzheimer disease.pdf | 2025 Updates on mouse models of Alzheimer’s disease.pdf | Recent advances in Alzheimer’s disease mechanisms clinical trials and new drug development strategies.pdf | alzheimer disease  2021.pdf	"A. Probiotics

Probiotics, specifically Bifidobacterium and Lactobacillus species, have shown potential in improving blood-brain barrier integrity and memory deficits in mouse models of Alzheimer's disease (AD) after antibiotic-induced microbiome depletion (Neuroinflammation in Alzheimer disease, 2024)."	"A. Probiotics

Probiotics, specifically Bifidobacterium and Lactobacillus species, have shown potential in improving blood-brain barrier integrity and memory deficits in mouse models of Alzheimer's disease (AD) after antibiotic-induced microbiome depletion (Neuroinflammation in Alzheimer disease, 2024). Therapy with these probiotics after antibiotic administration improves blood-brain barrier integrity and memory deficits in mouse models of AD (Neuroinflammation in Alzheimer disease, 2024). This suggests that probiotics may play a beneficial role in AD treatment by modulating gut microbiota and enhancing cognitive function."
2	5	ET-RAG	test.agent_etrag	A5	Full ET-RAG	cosine retrieval + evidence quality + temporal recency + hybrid paper context + per-option retrieval + quality check	0.5	0.3	0.2	5	What is the typical spacing used in the Tallapoosa tract for loblolly pine?	A. 4x4 ft | B. 6x6 ft | C. 6x12 ft | D. 8x10 ft	NOT_COVERED	Not Covered	NOT_COVERED	True	0.92	5.128	2.406	1.31	15	15	0.519866	True	True	True	False	2023-oxidative-damage-in-neurodegeneration-roles-in-the-pathogenesis-and-progression-of-alzheimer-disease.pdf | 2024 Advancements and Challenges in Antiamyloid Therapy for.pdf | 2024 Cell type-specific roles of APOE4 in Alzheimer disease.pdf | 2024 Immune Activation in Alzheimer Disease.pdf | 2024 Linking activity dyshomeostasis and sleep disturbances in Alzheimer disease.pdf | 2025 Updates on mouse models of Alzheimer’s disease.pdf | Recent advances in Alzheimer’s disease mechanisms clinical trials and new drug development strategies.pdf | alzheimer disease  2021.pdf	Not covered.	Not covered.
2	5	ET-RAG	test.agent_etrag	A5	Full ET-RAG	cosine retrieval + evidence quality + temporal recency + hybrid paper context + per-option retrieval + quality check	0.5	0.3	0.2	6	The A-T-N biomarker framework includes tau as which letter?	A. A | B. T | C. N | D. None	B	T	B	True	0.746497	7.221	3.078	0.993	22	20	0.56142	True	True	True	False	2023-oxidative-damage-in-neurodegeneration-roles-in-the-pathogenesis-and-progression-of-alzheimer-disease.pdf | 2024 Advancements and Challenges in Antiamyloid Therapy for.pdf | 2024 Cell type-specific roles of APOE4 in Alzheimer disease.pdf | 2024 Immune Activation in Alzheimer Disease.pdf | 2024 Neuroinflammation in Alzheimer disease.pdf | 2025 Updates on mouse models of Alzheimer’s disease.pdf | alzheimer disease  2021.pdf	"B. T

In the A-T-N biomarker framework, tau is represented by the letter ""T,"" indicating abnormal tau protein levels, which are crucial for diagnosing Alzheimer's disease (AD) (Alzheimer disease, 2021)."	"B. T

In the A-T-N biomarker framework, tau is represented by the letter ""T,"" indicating abnormal tau protein levels, which are crucial for diagnosing Alzheimer's disease (AD). The framework classifies biomarkers into three categories: A for amyloid, T for tau, and N for neurodegeneration. Tau biomarkers, derived from PET and cerebrospinal fluid (CSF), are both abnormal at higher values, and tau-PET provides a measure of regional tau abundance and distribution (Alzheimer disease, 2021)."
2	5	ET-RAG	test.agent_etrag	A5	Full ET-RAG	cosine retrieval + evidence quality + temporal recency + hybrid paper context + per-option retrieval + quality check	0.5	0.3	0.2	7	Which age group is most at risk for cognitive disorders–associated AD?	A. <40 years | B. 40–65 years | C. 65–90 years | D. >90 years	D	>90 years	C	False	0.748358	9.364	3.408	1.488	26	20	0.566737	True	True	True	False	2023-oxidative-damage-in-neurodegeneration-roles-in-the-pathogenesis-and-progression-of-alzheimer-disease.pdf | 2024 Linking activity dyshomeostasis and sleep disturbances in Alzheimer disease.pdf | 2024 Neuroinflammation in Alzheimer disease.pdf | 2025 Updates on mouse models of Alzheimer’s disease.pdf | alzheimer disease  2021.pdf	"C. 65–90 years

The prevalence of overt cognitive impairment increases exponentially with advancing age, particularly after 65 years, with the incidence of dementia rising steeply in this age group (Alzheimer disease, 2021). Additionally, the fastest-growing demographic segment at risk for cognitive disorders is the oldest-old group (people aged >90 years), which has the highest risk of multi-aetiology dementia (Alzheimer disease, 2021)."	"C. 65–90 years

The prevalence of overt cognitive impairment increases exponentially with advancing age, particularly after 65 years, with the incidence of dementia rising steeply in this age group (Alzheimer disease, 2021). Additionally, the fastest-growing demographic segment at risk for cognitive disorders is the oldest-old group (people aged >90 years), which has the highest risk of multi-aetiology dementia (Alzheimer disease, 2021)."
2	5	ET-RAG	test.agent_etrag	A5	Full ET-RAG	cosine retrieval + evidence quality + temporal recency + hybrid paper context + per-option retrieval + quality check	0.5	0.3	0.2	8	Which sleep stage is critical for metabolite clearance from the brain?	A. REM sleep | B. NREM sleep | C. Light sleep | D. Awake state	B	NREM sleep	B	True	0.735272	7.395	2.97	1.116	15	15	0.529348	True	True	True	False	2023-oxidative-damage-in-neurodegeneration-roles-in-the-pathogenesis-and-progression-of-alzheimer-disease.pdf | 2024 Advancements and Challenges in Antiamyloid Therapy for.pdf | 2024 Immune Activation in Alzheimer Disease.pdf | 2024 Linking activity dyshomeostasis and sleep disturbances in Alzheimer disease.pdf | 2025 Updates on mouse models of Alzheimer’s disease.pdf | Recent advances in Alzheimer’s disease mechanisms clinical trials and new drug development strategies.pdf | alzheimer disease  2021.pdf	"B. NREM sleep

NREM sleep, particularly during slow-wave sleep, is critical for metabolite clearance from the brain, including the clearance of amyloid-β (Aβ). This process is facilitated by the glymphatic system, which is more active during sleep (Linking activity dyshomeostasis and sleep disturbances in Alzheimer disease, 2024)."	"B. NREM sleep

NREM sleep, particularly during slow-wave sleep, is critical for metabolite clearance from the brain, including the clearance of amyloid-β (Aβ). This process is facilitated by the glymphatic system, which is more active during sleep (Linking activity dyshomeostasis and sleep disturbances in Alzheimer disease, 2024)."
2	5	ET-RAG	test.agent_etrag	A5	Full ET-RAG	cosine retrieval + evidence quality + temporal recency + hybrid paper context + per-option retrieval + quality check	0.5	0.3	0.2	9	What kind of volume change is associated with hearing loss in AD patients?	A. Increased brain volume | B. Decreased hippocampal volume | C. Increased white matter | D. Enlarged ventricles	B	Decreased hippocampal volume	B	True	0.740696	7.806	2.8	1.031	20	20	0.544846	True	True	True	False	2023-oxidative-damage-in-neurodegeneration-roles-in-the-pathogenesis-and-progression-of-alzheimer-disease.pdf | 2024 Advancements and Challenges in Antiamyloid Therapy for.pdf | 2024 Cell type-specific roles of APOE4 in Alzheimer disease.pdf | 2024 Immune Activation in Alzheimer Disease.pdf | 2024 Linking activity dyshomeostasis and sleep disturbances in Alzheimer disease.pdf | 2024 Neuroinflammation in Alzheimer disease.pdf | 2025 Oligodendrocytes in Alzheimer’s disease pathophysiology.pdf | 2025 Updates on mouse models of Alzheimer’s disease.pdf | Recent advances in Alzheimer’s disease mechanisms clinical trials and new drug development strategies.pdf | alzheimer disease  2021.pdf	"B. Decreased hippocampal volume

Hearing loss in Alzheimer's disease patients is associated with decreased hippocampal volume, as indicated by the relationship between cognitive impairment and structural brain changes, particularly in the hippocampus (Alzheimer disease, 2021)."	"B. Decreased hippocampal volume

Hearing loss in Alzheimer's disease patients is associated with decreased hippocampal volume, as indicated by the relationship between cognitive impairment and structural brain changes, particularly in the hippocampus (Alzheimer disease, 2021). This correlation suggests that as cognitive impairment progresses, there is a notable reduction in hippocampal volume, which is a critical area for memory and learning, further linking hearing loss to cognitive decline in these patients."
2	5	ET-RAG	test.agent_etrag	A5	Full ET-RAG	cosine retrieval + evidence quality + temporal recency + hybrid paper context + per-option retrieval + quality check	0.5	0.3	0.2	10	The Mediterranean diet is primarily considered:	A. A treatment for AD | B. A preventive dietary strategy | C. A high-fat diet | D. A protein-reduction plan	B	A preventive dietary strategy	B	True	0.736015	8.863	3.208	1.171	19	19	0.531471	True	True	True	False	2023-oxidative-damage-in-neurodegeneration-roles-in-the-pathogenesis-and-progression-of-alzheimer-disease.pdf | 2024 Advancements and Challenges in Antiamyloid Therapy for.pdf | 2024 Neuroinflammation in Alzheimer disease.pdf | Recent advances in Alzheimer’s disease mechanisms clinical trials and new drug development strategies.pdf | alzheimer disease  2021.pdf	B. A preventive dietary strategy. The Mediterranean diet has been linked to a reduced risk of Alzheimer's disease (AD) and is considered a preventive approach to maintain good health and cognitive function (Oxidative damage in neurodegeneration: roles in the pathogenesis and progression of Alzheimer disease, 2023).	B. A preventive dietary strategy. The Mediterranean diet has been linked to a reduced risk of Alzheimer's disease (AD) and is considered a preventive approach to maintain good health and cognitive function (Oxidative damage in neurodegeneration: roles in the pathogenesis and progression of Alzheimer disease, 2023). Additionally, the FINGER study demonstrated that multidomain strategies, including balanced nutrition like the Mediterranean diet, can improve cognitive outcomes in individuals at risk of dementia (Alzheimer disease, 2021).
3	5	ET-RAG	test.agent_etrag	A5	Full ET-RAG	cosine retrieval + evidence quality + temporal recency + hybrid paper context + per-option retrieval + quality check	0.5	0.3	0.2	1	Which protein is considered a hallmark of Alzheimer’s disease (AD) pathology?	A. α-synuclein | B. Amyloid-beta (Aβ) | C. Huntingtin | D. Dopamine	B	Amyloid-beta (Aβ)	B	True	0.754152	10.452	3.078	2.871	41	20	0.58329	True	True	True	False	2023-oxidative-damage-in-neurodegeneration-roles-in-the-pathogenesis-and-progression-of-alzheimer-disease.pdf | 2024 Advancements and Challenges in Antiamyloid Therapy for.pdf | 2024 Cell type-specific roles of APOE4 in Alzheimer disease.pdf | 2024 Neuroinflammation in Alzheimer disease.pdf | alzheimer disease  2021.pdf	B. Amyloid-beta (Aβ) is considered a hallmark of Alzheimer’s disease (AD) pathology, as it is biologically defined by the presence of β-amyloid-containing plaques and tau-containing neurofibrillary tangles (Alzheimer disease, 2021).	B. Amyloid-beta (Aβ) is considered a hallmark of Alzheimer’s disease (AD) pathology, as it is biologically defined by the presence of β-amyloid-containing plaques and tau-containing neurofibrillary tangles (Alzheimer disease, 2021). Accumulation of Aβ and tau tangles are the two most common proteins implicated in AD pathogenesis (Advancements and Challenges in Antiamyloid Therapy for Alzheimer’s Disease: A Comprehensive Review, 2024).
3	5	ET-RAG	test.agent_etrag	A5	Full ET-RAG	cosine retrieval + evidence quality + temporal recency + hybrid paper context + per-option retrieval + quality check	0.5	0.3	0.2	2	What type of sleep disorder is commonly associated with increased AD risk?	A. Narcolepsy | B. Insomnia | C. Obstructive sleep apnea (OSA) | D. Sleepwalking	C	Obstructive sleep apnea (OSA)	C	True	0.735425	8.044	2.91	1.168	22	20	0.529785	True	True	True	False	2023-oxidative-damage-in-neurodegeneration-roles-in-the-pathogenesis-and-progression-of-alzheimer-disease.pdf | 2024 Advancements and Challenges in Antiamyloid Therapy for.pdf | 2024 Cell type-specific roles of APOE4 in Alzheimer disease.pdf | 2024 Immune Activation in Alzheimer Disease.pdf | 2024 Linking activity dyshomeostasis and sleep disturbances in Alzheimer disease.pdf | 2024 Neuroinflammation in Alzheimer disease.pdf | 2025 Updates on mouse models of Alzheimer’s disease.pdf | alzheimer disease  2021.pdf	"C. Obstructive sleep apnea (OSA)

Obstructive sleep apnea is commonly associated with increased Alzheimer's disease (AD) risk. Sleep disorders, including OSA, can exacerbate cognitive decline and are linked to the pathophysiology of AD, particularly through mechanisms involving neuronal hyperexcitability and sleep disturbances (Linking activity dyshomeostasis and sleep disturbances in Alzheimer disease, 2024)."	"C. Obstructive sleep apnea (OSA)

Obstructive sleep apnea is commonly associated with increased Alzheimer's disease (AD) risk. Sleep disorders, including OSA, can exacerbate cognitive decline and are linked to the pathophysiology of AD, particularly through mechanisms involving neuronal hyperexcitability and sleep disturbances (Linking activity dyshomeostasis and sleep disturbances in Alzheimer disease, 2024)."
3	5	ET-RAG	test.agent_etrag	A5	Full ET-RAG	cosine retrieval + evidence quality + temporal recency + hybrid paper context + per-option retrieval + quality check	0.5	0.3	0.2	3	Which imaging modality was first introduced to visualize brain amyloid in AD?	A. CT | B. MRI | C. Aβ-PET | D. SPECT	C	Aβ-PET	C	True	0.753408	6.716	2.512	1.226	28	20	0.581165	True	True	True	False	2023-oxidative-damage-in-neurodegeneration-roles-in-the-pathogenesis-and-progression-of-alzheimer-disease.pdf | 2024 Advancements and Challenges in Antiamyloid Therapy for.pdf | 2024 Immune Activation in Alzheimer Disease.pdf | 2024 Neuroinflammation in Alzheimer disease.pdf | 2025 Updates on mouse models of Alzheimer’s disease.pdf | alzheimer disease  2021.pdf	"C. Aβ-PET

The introduction of Aβ-PET imaging in 2004 clarified the roles of FDG-PET and MRI in evaluating patients with cognitive impairment, specifically for visualizing brain amyloid in Alzheimer disease (AD) (Alzheimer disease, 2021)."	"C. Aβ-PET

The introduction of Aβ-PET imaging in 2004 clarified the roles of FDG-PET and MRI in evaluating patients with cognitive impairment, specifically for visualizing brain amyloid in Alzheimer disease (AD) (Alzheimer disease, 2021). Aβ-PET markers allow for the direct visualization of Aβ plaque accumulation, increasing the precision of AD diagnosis and enabling a real-time view of the evolution of β-amyloidosis over time (Alzheimer disease, 2021)."
3	5	ET-RAG	test.agent_etrag	A5	Full ET-RAG	cosine retrieval + evidence quality + temporal recency + hybrid paper context + per-option retrieval + quality check	0.5	0.3	0.2	4	Which gut-related intervention shows potential for AD treatment?	A. Probiotics | B. Vitamin D | C. Antibiotics | D. Statins	A	Probiotics	A	True	0.742454	7.139	2.696	0.971	8	8	0.549868	True	True	True	False	2023-oxidative-damage-in-neurodegeneration-roles-in-the-pathogenesis-and-progression-of-alzheimer-disease.pdf | 2024 Advancements and Challenges in Antiamyloid Therapy for.pdf | 2024 Immune Activation in Alzheimer Disease.pdf | 2024 Neuroinflammation in Alzheimer disease.pdf | 2025 Updates on mouse models of Alzheimer’s disease.pdf | Recent advances in Alzheimer’s disease mechanisms clinical trials and new drug development strategies.pdf | alzheimer disease  2021.pdf	"A. Probiotics

Probiotics, specifically Bifidobacterium and Lactobacillus species, have shown potential in improving blood-brain barrier integrity and memory deficits in mouse models of Alzheimer's disease (AD) after antibiotic-induced microbiome depletion (Neuroinflammation in Alzheimer disease, 2024)."	"A. Probiotics

Probiotics, specifically Bifidobacterium and Lactobacillus species, have shown potential in improving blood-brain barrier integrity and memory deficits in mouse models of Alzheimer's disease (AD) after antibiotic-induced microbiome depletion (Neuroinflammation in Alzheimer disease, 2024). Therapy with these probiotics enhances cognitive parameters in mice with AD and reduces serum Aβ levels by shifting the microbiome composition (Neuroinflammation in Alzheimer disease, 2024). This suggests that probiotics may play a beneficial role in AD treatment through their effects on the gut-brain axis and neuroinflammation."
3	5	ET-RAG	test.agent_etrag	A5	Full ET-RAG	cosine retrieval + evidence quality + temporal recency + hybrid paper context + per-option retrieval + quality check	0.5	0.3	0.2	5	What is the typical spacing used in the Tallapoosa tract for loblolly pine?	A. 4x4 ft | B. 6x6 ft | C. 6x12 ft | D. 8x10 ft	NOT_COVERED	Not Covered	NOT_COVERED	True	0.92	7.351	2.811	2.844	15	15	0.519862	True	True	True	False	2023-oxidative-damage-in-neurodegeneration-roles-in-the-pathogenesis-and-progression-of-alzheimer-disease.pdf | 2024 Advancements and Challenges in Antiamyloid Therapy for.pdf | 2024 Cell type-specific roles of APOE4 in Alzheimer disease.pdf | 2024 Immune Activation in Alzheimer Disease.pdf | 2024 Linking activity dyshomeostasis and sleep disturbances in Alzheimer disease.pdf | 2025 Updates on mouse models of Alzheimer’s disease.pdf | Recent advances in Alzheimer’s disease mechanisms clinical trials and new drug development strategies.pdf | alzheimer disease  2021.pdf	Not covered.	Not covered.
3	5	ET-RAG	test.agent_etrag	A5	Full ET-RAG	cosine retrieval + evidence quality + temporal recency + hybrid paper context + per-option retrieval + quality check	0.5	0.3	0.2	6	The A-T-N biomarker framework includes tau as which letter?	A. A | B. T | C. N | D. None	B	T	B	True	0.746497	12.764	8.407	1.211	22	20	0.561419	True	True	True	False	2023-oxidative-damage-in-neurodegeneration-roles-in-the-pathogenesis-and-progression-of-alzheimer-disease.pdf | 2024 Advancements and Challenges in Antiamyloid Therapy for.pdf | 2024 Cell type-specific roles of APOE4 in Alzheimer disease.pdf | 2024 Immune Activation in Alzheimer Disease.pdf | 2024 Neuroinflammation in Alzheimer disease.pdf | 2025 Updates on mouse models of Alzheimer’s disease.pdf | alzheimer disease  2021.pdf	"B. T

In the A-T-N biomarker framework, tau is represented by the letter ""T,"" indicating abnormal tau protein levels, which are crucial for diagnosing Alzheimer's disease (AD) pathology (Alzheimer disease, 2021)."	"B. T

In the A-T-N biomarker framework, tau is represented by the letter ""T,"" indicating abnormal tau protein levels, which are crucial for diagnosing Alzheimer's disease (AD) pathology. The framework classifies biomarkers into three categories: amyloid (A), tau (T), and neurodegeneration (N), with tau biomarkers being specifically associated with tau pathology (Alzheimer disease, 2021)."
3	5	ET-RAG	test.agent_etrag	A5	Full ET-RAG	cosine retrieval + evidence quality + temporal recency + hybrid paper context + per-option retrieval + quality check	0.5	0.3	0.2	7	Which age group is most at risk for cognitive disorders–associated AD?	A. <40 years | B. 40–65 years | C. 65–90 years | D. >90 years	D	>90 years	C	False	0.748364	6.528	2.846	0.935	26	20	0.566755	True	True	True	False	2023-oxidative-damage-in-neurodegeneration-roles-in-the-pathogenesis-and-progression-of-alzheimer-disease.pdf | 2024 Linking activity dyshomeostasis and sleep disturbances in Alzheimer disease.pdf | 2024 Neuroinflammation in Alzheimer disease.pdf | 2025 Updates on mouse models of Alzheimer’s disease.pdf | alzheimer disease  2021.pdf	"C. 65–90 years

The prevalence of overt cognitive impairment increases exponentially with advancing age, particularly after 65 years, with the incidence of dementia rising steeply in this age group (Alzheimer disease, 2021). Additionally, the fastest-growing demographic segment at risk for cognitive disorders is the oldest-old group (people aged >90 years), which has the highest risk of multi-aetiology dementia (Alzheimer disease, 2021)."	"C. 65–90 years

The prevalence of overt cognitive impairment increases exponentially with advancing age, particularly after 65 years, with the incidence of dementia rising steeply in this age group (Alzheimer disease, 2021). Additionally, the fastest-growing demographic segment at risk for cognitive disorders is the oldest-old group (people aged >90 years), which has the highest risk of multi-aetiology dementia (Alzheimer disease, 2021)."
3	5	ET-RAG	test.agent_etrag	A5	Full ET-RAG	cosine retrieval + evidence quality + temporal recency + hybrid paper context + per-option retrieval + quality check	0.5	0.3	0.2	8	Which sleep stage is critical for metabolite clearance from the brain?	A. REM sleep | B. NREM sleep | C. Light sleep | D. Awake state	B	NREM sleep	B	True	0.73527	11.244	2.662	0.907	15	15	0.529342	True	True	True	False	2023-oxidative-damage-in-neurodegeneration-roles-in-the-pathogenesis-and-progression-of-alzheimer-disease.pdf | 2024 Advancements and Challenges in Antiamyloid Therapy for.pdf | 2024 Immune Activation in Alzheimer Disease.pdf | 2024 Linking activity dyshomeostasis and sleep disturbances in Alzheimer disease.pdf | 2025 Updates on mouse models of Alzheimer’s disease.pdf | Recent advances in Alzheimer’s disease mechanisms clinical trials and new drug development strategies.pdf | alzheimer disease  2021.pdf	"B. NREM sleep

NREM sleep is critical for metabolite clearance from the brain, particularly during the glymphatic system's activity, which is enhanced during this sleep stage. This process is essential for the clearance of amyloid-beta (Aβ) and other waste products from the central nervous system (Linking activity dyshomeostasis and sleep disturbances in Alzheimer disease, 2024)."	"B. NREM sleep

NREM sleep is critical for metabolite clearance from the brain, particularly during the glymphatic system's activity, which is enhanced during this sleep stage. This process is essential for the clearance of amyloid-beta (Aβ) and other waste products from the central nervous system (Linking activity dyshomeostasis and sleep disturbances in Alzheimer disease, 2024)."
3	5	ET-RAG	test.agent_etrag	A5	Full ET-RAG	cosine retrieval + evidence quality + temporal recency + hybrid paper context + per-option retrieval + quality check	0.5	0.3	0.2	9	What kind of volume change is associated with hearing loss in AD patients?	A. Increased brain volume | B. Decreased hippocampal volume | C. Increased white matter | D. Enlarged ventricles	B	Decreased hippocampal volume	B	True	0.740705	7.162	2.463	0.888	20	20	0.544871	True	True	True	False	2023-oxidative-damage-in-neurodegeneration-roles-in-the-pathogenesis-and-progression-of-alzheimer-disease.pdf | 2024 Advancements and Challenges in Antiamyloid Therapy for.pdf | 2024 Cell type-specific roles of APOE4 in Alzheimer disease.pdf | 2024 Immune Activation in Alzheimer Disease.pdf | 2024 Linking activity dyshomeostasis and sleep disturbances in Alzheimer disease.pdf | 2024 Neuroinflammation in Alzheimer disease.pdf | 2025 Oligodendrocytes in Alzheimer’s disease pathophysiology.pdf | 2025 Updates on mouse models of Alzheimer’s disease.pdf | Recent advances in Alzheimer’s disease mechanisms clinical trials and new drug development strategies.pdf | alzheimer disease  2021.pdf	"B. Decreased hippocampal volume

Hearing loss in Alzheimer's disease patients is associated with decreased hippocampal volume, as indicated by the relationship between cognitive impairment and structural brain changes, particularly in the hippocampus (Alzheimer disease, 2021)."	"B. Decreased hippocampal volume

Hearing loss in Alzheimer's disease patients is associated with decreased hippocampal volume, as indicated by the relationship between cognitive impairment and structural brain changes, particularly in the hippocampus (Alzheimer disease, 2021). This atrophy in the hippocampus is a significant marker of neurodegeneration in Alzheimer's, correlating with cognitive decline and highlighting the importance of hippocampal integrity in maintaining cognitive functions (Alzheimer disease, 2021)."
3	5	ET-RAG	test.agent_etrag	A5	Full ET-RAG	cosine retrieval + evidence quality + temporal recency + hybrid paper context + per-option retrieval + quality check	0.5	0.3	0.2	10	The Mediterranean diet is primarily considered:	A. A treatment for AD | B. A preventive dietary strategy | C. A high-fat diet | D. A protein-reduction plan	B	A preventive dietary strategy	B	True	0.736016	5.978	2.318	1.035	19	19	0.531474	True	True	True	False	2023-oxidative-damage-in-neurodegeneration-roles-in-the-pathogenesis-and-progression-of-alzheimer-disease.pdf | 2024 Advancements and Challenges in Antiamyloid Therapy for.pdf | 2024 Neuroinflammation in Alzheimer disease.pdf | Recent advances in Alzheimer’s disease mechanisms clinical trials and new drug development strategies.pdf | alzheimer disease  2021.pdf	B. A preventive dietary strategy. The Mediterranean diet has been linked to a reduced risk of Alzheimer's disease (AD) and is considered a preventive approach to maintain good health and cognitive function (Oxidative damage in neurodegeneration: roles in the pathogenesis and progression of Alzheimer disease, 2023).	B. A preventive dietary strategy. The Mediterranean diet has been linked to a reduced risk of Alzheimer's disease (AD) and is considered a preventive approach to maintain good health and cognitive function (Oxidative damage in neurodegeneration: roles in the pathogenesis and progression of Alzheimer disease, 2023). Additionally, the FINGER study demonstrated that multidomain strategies, including balanced nutrition like the Mediterranean diet, can improve cognitive outcomes in individuals at risk of dementia (Alzheimer disease, 2021).
4	5	ET-RAG	test.agent_etrag	A5	Full ET-RAG	cosine retrieval + evidence quality + temporal recency + hybrid paper context + per-option retrieval + quality check	0.5	0.3	0.2	1	Which protein is considered a hallmark of Alzheimer’s disease (AD) pathology?	A. α-synuclein | B. Amyloid-beta (Aβ) | C. Huntingtin | D. Dopamine	B	Amyloid-beta (Aβ)	B	True	0.754141	7.261	2.69	0.872	41	20	0.58326	True	True	True	False	2023-oxidative-damage-in-neurodegeneration-roles-in-the-pathogenesis-and-progression-of-alzheimer-disease.pdf | 2024 Advancements and Challenges in Antiamyloid Therapy for.pdf | 2024 Cell type-specific roles of APOE4 in Alzheimer disease.pdf | 2024 Neuroinflammation in Alzheimer disease.pdf | alzheimer disease  2021.pdf	B. Amyloid-beta (Aβ) is considered a hallmark of Alzheimer’s disease (AD) pathology, as it is biologically defined by the presence of β-amyloid-containing plaques and tau-containing neurofibrillary tangles (Alzheimer disease, 2021).	B. Amyloid-beta (Aβ) is considered a hallmark of Alzheimer’s disease (AD) pathology, as it is biologically defined by the presence of β-amyloid-containing plaques and tau-containing neurofibrillary tangles (Alzheimer disease, 2021). Aβ accumulation and tau tangles are the two most common proteins implicated in AD pathogenesis, contributing to neuronal inflammation and cognitive decline (Advancements and Challenges in Antiamyloid Therapy for Alzheimer’s Disease: A Comprehensive Review, 2024).
4	5	ET-RAG	test.agent_etrag	A5	Full ET-RAG	cosine retrieval + evidence quality + temporal recency + hybrid paper context + per-option retrieval + quality check	0.5	0.3	0.2	2	What type of sleep disorder is commonly associated with increased AD risk?	A. Narcolepsy | B. Insomnia | C. Obstructive sleep apnea (OSA) | D. Sleepwalking	C	Obstructive sleep apnea (OSA)	C	True	0.735423	12.274	7.877	1.164	22	20	0.52978	True	True	True	False	2023-oxidative-damage-in-neurodegeneration-roles-in-the-pathogenesis-and-progression-of-alzheimer-disease.pdf | 2024 Advancements and Challenges in Antiamyloid Therapy for.pdf | 2024 Cell type-specific roles of APOE4 in Alzheimer disease.pdf | 2024 Immune Activation in Alzheimer Disease.pdf | 2024 Linking activity dyshomeostasis and sleep disturbances in Alzheimer disease.pdf | 2024 Neuroinflammation in Alzheimer disease.pdf | 2025 Updates on mouse models of Alzheimer’s disease.pdf | alzheimer disease  2021.pdf	"C. Obstructive sleep apnea (OSA)

Sleep disorders, particularly obstructive sleep apnea (OSA), are commonly associated with increased risk for Alzheimer's disease (AD). Sleep disturbances can exacerbate hyperexcitability in neuronal circuits, which is linked to AD pathology (Linking activity dyshomeostasis and sleep disturbances in Alzheimer disease, 2024)."	"C. Obstructive sleep apnea (OSA)

Sleep disorders, particularly obstructive sleep apnea (OSA), are commonly associated with increased risk for Alzheimer's disease (AD). Sleep disturbances can exacerbate hyperexcitability in neuronal circuits, which is linked to AD pathology (Linking activity dyshomeostasis and sleep disturbances in Alzheimer disease, 2024). This relationship highlights the importance of addressing sleep disorders to potentially mitigate the risk of developing AD."
4	5	ET-RAG	test.agent_etrag	A5	Full ET-RAG	cosine retrieval + evidence quality + temporal recency + hybrid paper context + per-option retrieval + quality check	0.5	0.3	0.2	3	Which imaging modality was first introduced to visualize brain amyloid in AD?	A. CT | B. MRI | C. Aβ-PET | D. SPECT	C	Aβ-PET	C	True	0.75341	8.583	3.555	0.899	28	20	0.581172	True	True	True	False	2023-oxidative-damage-in-neurodegeneration-roles-in-the-pathogenesis-and-progression-of-alzheimer-disease.pdf | 2024 Advancements and Challenges in Antiamyloid Therapy for.pdf | 2024 Immune Activation in Alzheimer Disease.pdf | 2024 Neuroinflammation in Alzheimer disease.pdf | 2025 Updates on mouse models of Alzheimer’s disease.pdf | alzheimer disease  2021.pdf	"C. Aβ-PET

The introduction of Aβ-PET imaging in 2004 clarified the roles of FDG-PET and MRI in evaluating patients with cognitive impairment, specifically for visualizing brain amyloid in Alzheimer disease (AD) (Alzheimer disease, 2021)."	"C. Aβ-PET

The introduction of Aβ-PET imaging in 2004 clarified the roles of FDG-PET and MRI in evaluating patients with cognitive impairment, specifically for visualizing brain amyloid in Alzheimer disease (AD) (Alzheimer disease, 2021). Aβ-PET markers allow for the direct visualization of Aβ plaque accumulation, increasing the precision of AD diagnosis and enabling a real-time view of the evolution of β-amyloidosis over time (Alzheimer disease, 2021)."
4	5	ET-RAG	test.agent_etrag	A5	Full ET-RAG	cosine retrieval + evidence quality + temporal recency + hybrid paper context + per-option retrieval + quality check	0.5	0.3	0.2	4	Which gut-related intervention shows potential for AD treatment?	A. Probiotics | B. Vitamin D | C. Antibiotics | D. Statins	A	Probiotics	A	True	0.742452	6.233	2.315	1.044	8	8	0.549864	True	True	True	False	2023-oxidative-damage-in-neurodegeneration-roles-in-the-pathogenesis-and-progression-of-alzheimer-disease.pdf | 2024 Advancements and Challenges in Antiamyloid Therapy for.pdf | 2024 Immune Activation in Alzheimer Disease.pdf | 2024 Neuroinflammation in Alzheimer disease.pdf | 2025 Updates on mouse models of Alzheimer’s disease.pdf | Recent advances in Alzheimer’s disease mechanisms clinical trials and new drug development strategies.pdf | alzheimer disease  2021.pdf	"A. Probiotics

Probiotics, specifically Bifidobacterium and Lactobacillus species, have shown potential in improving blood-brain barrier integrity and memory deficits in mouse models of Alzheimer's disease (AD) after antibiotic-induced microbiome depletion (Neuroinflammation in Alzheimer disease, 2024)."	"A. Probiotics

Probiotics, specifically Bifidobacterium and Lactobacillus species, have shown potential in improving blood-brain barrier integrity and memory deficits in mouse models of Alzheimer's disease (AD) after antibiotic-induced microbiome depletion (Neuroinflammation in Alzheimer disease, 2024). This intervention highlights the role of the gut microbiome in modulating neuroinflammation and cognitive function, suggesting a promising avenue for AD treatment."
4	5	ET-RAG	test.agent_etrag	A5	Full ET-RAG	cosine retrieval + evidence quality + temporal recency + hybrid paper context + per-option retrieval + quality check	0.5	0.3	0.2	5	What is the typical spacing used in the Tallapoosa tract for loblolly pine?	A. 4x4 ft | B. 6x6 ft | C. 6x12 ft | D. 8x10 ft	NOT_COVERED	Not Covered	NOT_COVERED	True	0.92	10.17	7.782	0.922	15	15	0.519869	True	True	True	False	2023-oxidative-damage-in-neurodegeneration-roles-in-the-pathogenesis-and-progression-of-alzheimer-disease.pdf | 2024 Advancements and Challenges in Antiamyloid Therapy for.pdf | 2024 Cell type-specific roles of APOE4 in Alzheimer disease.pdf | 2024 Immune Activation in Alzheimer Disease.pdf | 2024 Linking activity dyshomeostasis and sleep disturbances in Alzheimer disease.pdf | 2025 Updates on mouse models of Alzheimer’s disease.pdf | Recent advances in Alzheimer’s disease mechanisms clinical trials and new drug development strategies.pdf | alzheimer disease  2021.pdf	Not covered.	Not covered.
4	5	ET-RAG	test.agent_etrag	A5	Full ET-RAG	cosine retrieval + evidence quality + temporal recency + hybrid paper context + per-option retrieval + quality check	0.5	0.3	0.2	6	The A-T-N biomarker framework includes tau as which letter?	A. A | B. T | C. N | D. None	B	T	B	True	0.746494	6.414	2.593	0.977	22	20	0.561412	True	True	True	False	2023-oxidative-damage-in-neurodegeneration-roles-in-the-pathogenesis-and-progression-of-alzheimer-disease.pdf | 2024 Advancements and Challenges in Antiamyloid Therapy for.pdf | 2024 Cell type-specific roles of APOE4 in Alzheimer disease.pdf | 2024 Immune Activation in Alzheimer Disease.pdf | 2024 Neuroinflammation in Alzheimer disease.pdf | 2025 Updates on mouse models of Alzheimer’s disease.pdf | alzheimer disease  2021.pdf	"B. T

In the A-T-N biomarker framework, tau is represented by the letter ""T,"" indicating abnormal tau protein levels, which are crucial for diagnosing Alzheimer's disease (AD) pathology (Alzheimer disease, 2021)."	"B. T

In the A-T-N biomarker framework, tau is represented by the letter ""T,"" indicating abnormal tau protein levels, which are crucial for diagnosing Alzheimer's disease (AD) pathology (Alzheimer disease, 2021). The framework classifies biomarkers into three categories: amyloid (A), tau (T), and neurodegeneration (N), with tau being specifically linked to the presence of neurofibrillary tangles associated with AD (Alzheimer disease, 2021)."
4	5	ET-RAG	test.agent_etrag	A5	Full ET-RAG	cosine retrieval + evidence quality + temporal recency + hybrid paper context + per-option retrieval + quality check	0.5	0.3	0.2	7	Which age group is most at risk for cognitive disorders–associated AD?	A. <40 years | B. 40–65 years | C. 65–90 years | D. >90 years	D	>90 years	C	False	0.748359	6.445	2.197	0.945	26	20	0.566739	True	True	True	False	2023-oxidative-damage-in-neurodegeneration-roles-in-the-pathogenesis-and-progression-of-alzheimer-disease.pdf | 2024 Linking activity dyshomeostasis and sleep disturbances in Alzheimer disease.pdf | 2024 Neuroinflammation in Alzheimer disease.pdf | 2025 Updates on mouse models of Alzheimer’s disease.pdf | alzheimer disease  2021.pdf	"C. 65–90 years

The prevalence of overt cognitive impairment increases exponentially with advancing age, particularly after 65 years, with the incidence of dementia rising steeply in this age group (Alzheimer disease, 2021). Additionally, the fastest-growing demographic segment at risk for cognitive disorders is the oldest-old group (people aged >90 years), which has the highest risk of multi-aetiology dementia (Alzheimer disease, 2021)."	"C. 65–90 years

The prevalence of overt cognitive impairment increases exponentially with advancing age, particularly after 65 years, with the incidence of dementia rising steeply in this age group (Alzheimer disease, 2021). Additionally, the fastest-growing demographic segment at risk for cognitive disorders is the oldest-old group (people aged >90 years), which has the highest risk of multi-aetiology dementia (Alzheimer disease, 2021)."
4	5	ET-RAG	test.agent_etrag	A5	Full ET-RAG	cosine retrieval + evidence quality + temporal recency + hybrid paper context + per-option retrieval + quality check	0.5	0.3	0.2	8	Which sleep stage is critical for metabolite clearance from the brain?	A. REM sleep | B. NREM sleep | C. Light sleep | D. Awake state	B	NREM sleep	B	True	0.735284	7.526	2.682	0.951	15	15	0.529382	True	True	True	False	2023-oxidative-damage-in-neurodegeneration-roles-in-the-pathogenesis-and-progression-of-alzheimer-disease.pdf | 2024 Advancements and Challenges in Antiamyloid Therapy for.pdf | 2024 Immune Activation in Alzheimer Disease.pdf | 2024 Linking activity dyshomeostasis and sleep disturbances in Alzheimer disease.pdf | 2025 Updates on mouse models of Alzheimer’s disease.pdf | Recent advances in Alzheimer’s disease mechanisms clinical trials and new drug development strategies.pdf | alzheimer disease  2021.pdf	"B. NREM sleep

NREM sleep is critical for metabolite clearance from the brain, particularly during the glymphatic system's activity, which is enhanced during this sleep stage. This process is essential for the clearance of amyloid-β and other waste products, as highlighted in ""Linking activity dyshomeostasis and sleep disturbances in Alzheimer disease"" (2024)."	"B. NREM sleep

NREM sleep is critical for metabolite clearance from the brain, particularly during the glymphatic system's activity, which is enhanced during this sleep stage. This process is essential for the clearance of amyloid-β and other waste products, as highlighted in ""Linking activity dyshomeostasis and sleep disturbances in Alzheimer disease"" (2024). The review emphasizes the importance of sleep in maintaining brain health and facilitating the removal of neurotoxic metabolites, underscoring the role of NREM sleep in this vital function."
4	5	ET-RAG	test.agent_etrag	A5	Full ET-RAG	cosine retrieval + evidence quality + temporal recency + hybrid paper context + per-option retrieval + quality check	0.5	0.3	0.2	9	What kind of volume change is associated with hearing loss in AD patients?	A. Increased brain volume | B. Decreased hippocampal volume | C. Increased white matter | D. Enlarged ventricles	B	Decreased hippocampal volume	B	True	0.740705	5.879	2.288	1.022	20	20	0.544871	True	True	True	False	2023-oxidative-damage-in-neurodegeneration-roles-in-the-pathogenesis-and-progression-of-alzheimer-disease.pdf | 2024 Advancements and Challenges in Antiamyloid Therapy for.pdf | 2024 Cell type-specific roles of APOE4 in Alzheimer disease.pdf | 2024 Immune Activation in Alzheimer Disease.pdf | 2024 Linking activity dyshomeostasis and sleep disturbances in Alzheimer disease.pdf | 2024 Neuroinflammation in Alzheimer disease.pdf | 2025 Oligodendrocytes in Alzheimer’s disease pathophysiology.pdf | 2025 Updates on mouse models of Alzheimer’s disease.pdf | Recent advances in Alzheimer’s disease mechanisms clinical trials and new drug development strategies.pdf | alzheimer disease  2021.pdf	"B. Decreased hippocampal volume

Hearing loss in Alzheimer's disease patients is associated with decreased hippocampal volume, as indicated by the relationship between cognitive impairment and structural changes in the brain, particularly in the hippocampus (Alzheimer disease, 2021)."	"B. Decreased hippocampal volume

Hearing loss in Alzheimer's disease patients is associated with decreased hippocampal volume, as indicated by the relationship between cognitive impairment and structural changes in the brain, particularly in the hippocampus (Alzheimer disease, 2021). This correlation suggests that as cognitive impairment progresses, there is a notable reduction in hippocampal volume, which is critical for memory and spatial navigation, further linking hearing loss to cognitive decline in Alzheimer's patients."
4	5	ET-RAG	test.agent_etrag	A5	Full ET-RAG	cosine retrieval + evidence quality + temporal recency + hybrid paper context + per-option retrieval + quality check	0.5	0.3	0.2	10	The Mediterranean diet is primarily considered:	A. A treatment for AD | B. A preventive dietary strategy | C. A high-fat diet | D. A protein-reduction plan	B	A preventive dietary strategy	B	True	0.736016	6.524	2.658	1.19	19	19	0.531475	True	True	True	False	2023-oxidative-damage-in-neurodegeneration-roles-in-the-pathogenesis-and-progression-of-alzheimer-disease.pdf | 2024 Advancements and Challenges in Antiamyloid Therapy for.pdf | 2024 Neuroinflammation in Alzheimer disease.pdf | Recent advances in Alzheimer’s disease mechanisms clinical trials and new drug development strategies.pdf | alzheimer disease  2021.pdf	B. A preventive dietary strategy. The Mediterranean diet has been linked to a reduced risk of Alzheimer's disease (AD) and is considered a preventive approach to maintain good health and cognitive function (Oxidative damage in neurodegeneration: roles in the pathogenesis and progression of Alzheimer disease, 2023).	B. A preventive dietary strategy. The Mediterranean diet has been linked to a reduced risk of Alzheimer's disease (AD) and is considered a preventive approach to maintain good health and cognitive function (Oxidative damage in neurodegeneration: roles in the pathogenesis and progression of Alzheimer disease, 2023). Additionally, the FINGER study demonstrated that multidomain strategies, including balanced nutrition like the Mediterranean diet, can improve cognitive outcomes in individuals at risk of dementia (Alzheimer disease, 2021).
5	5	ET-RAG	test.agent_etrag	A5	Full ET-RAG	cosine retrieval + evidence quality + temporal recency + hybrid paper context + per-option retrieval + quality check	0.5	0.3	0.2	1	Which protein is considered a hallmark of Alzheimer’s disease (AD) pathology?	A. α-synuclein | B. Amyloid-beta (Aβ) | C. Huntingtin | D. Dopamine	B	Amyloid-beta (Aβ)	B	True	0.754242	7.746	3.749	0.846	41	20	0.583549	True	True	True	False	2023-oxidative-damage-in-neurodegeneration-roles-in-the-pathogenesis-and-progression-of-alzheimer-disease.pdf | 2024 Advancements and Challenges in Antiamyloid Therapy for.pdf | 2024 Cell type-specific roles of APOE4 in Alzheimer disease.pdf | 2024 Neuroinflammation in Alzheimer disease.pdf | alzheimer disease  2021.pdf	B. Amyloid-beta (Aβ) is considered a hallmark of Alzheimer’s disease (AD) pathology, as it is biologically defined by the presence of β-amyloid-containing plaques and tau-containing neurofibrillary tangles (Alzheimer disease, 2021).	B. Amyloid-beta (Aβ) is considered a hallmark of Alzheimer’s disease (AD) pathology, as it is biologically defined by the presence of β-amyloid-containing plaques and tau-containing neurofibrillary tangles (Alzheimer disease, 2021). The pathology of canonical AD dementia involves Aβ-containing extracellular neuritic plaques found throughout the cerebral cortex and tau-containing neurofibrillary tangles that occur initially in the medial temporal lobe (Alzheimer disease, 2021).
5	5	ET-RAG	test.agent_etrag	A5	Full ET-RAG	cosine retrieval + evidence quality + temporal recency + hybrid paper context + per-option retrieval + quality check	0.5	0.3	0.2	2	What type of sleep disorder is commonly associated with increased AD risk?	A. Narcolepsy | B. Insomnia | C. Obstructive sleep apnea (OSA) | D. Sleepwalking	C	Obstructive sleep apnea (OSA)	C	True	0.735421	7.497	2.329	0.946	22	20	0.529775	True	True	True	False	2023-oxidative-damage-in-neurodegeneration-roles-in-the-pathogenesis-and-progression-of-alzheimer-disease.pdf | 2024 Advancements and Challenges in Antiamyloid Therapy for.pdf | 2024 Cell type-specific roles of APOE4 in Alzheimer disease.pdf | 2024 Immune Activation in Alzheimer Disease.pdf | 2024 Linking activity dyshomeostasis and sleep disturbances in Alzheimer disease.pdf | 2024 Neuroinflammation in Alzheimer disease.pdf | 2025 Updates on mouse models of Alzheimer’s disease.pdf | alzheimer disease  2021.pdf	C. Obstructive sleep apnea (OSA) is commonly associated with increased AD risk. Sleep disorders, particularly OSA, can exacerbate cognitive decline and are linked to the pathophysiology of Alzheimer's disease (AD) by affecting neuronal activity and sleep homeostasis (Linking activity dyshomeostasis and sleep disturbances in Alzheimer disease, 2024).	C. Obstructive sleep apnea (OSA) is commonly associated with increased AD risk. Sleep disorders, particularly OSA, can exacerbate cognitive decline and are linked to the pathophysiology of Alzheimer's disease (AD) by affecting neuronal activity and sleep homeostasis (Linking activity dyshomeostasis and sleep disturbances in Alzheimer disease, 2024).
5	5	ET-RAG	test.agent_etrag	A5	Full ET-RAG	cosine retrieval + evidence quality + temporal recency + hybrid paper context + per-option retrieval + quality check	0.5	0.3	0.2	3	Which imaging modality was first introduced to visualize brain amyloid in AD?	A. CT | B. MRI | C. Aβ-PET | D. SPECT	C	Aβ-PET	C	True	0.753407	6.026	2.118	0.966	28	20	0.581162	True	True	True	False	2023-oxidative-damage-in-neurodegeneration-roles-in-the-pathogenesis-and-progression-of-alzheimer-disease.pdf | 2024 Advancements and Challenges in Antiamyloid Therapy for.pdf | 2024 Immune Activation in Alzheimer Disease.pdf | 2024 Neuroinflammation in Alzheimer disease.pdf | 2025 Updates on mouse models of Alzheimer’s disease.pdf | alzheimer disease  2021.pdf	"C. Aβ-PET

The introduction of Aβ-PET imaging in 2004 clarified the roles of FDG-PET and MRI in evaluating patients with cognitive impairment, specifically for visualizing brain amyloid in Alzheimer disease (AD) (Alzheimer disease, 2021)."	"C. Aβ-PET

The introduction of Aβ-PET imaging in 2004 clarified the roles of FDG-PET and MRI in evaluating patients with cognitive impairment, specifically for visualizing brain amyloid in Alzheimer disease (AD) (Alzheimer disease, 2021). Aβ-PET markers allow for the direct visualization of Aβ plaque accumulation, increasing the precision of AD diagnosis and enabling a real-time view of the evolution of β-amyloidosis over time (Alzheimer disease, 2021)."
5	5	ET-RAG	test.agent_etrag	A5	Full ET-RAG	cosine retrieval + evidence quality + temporal recency + hybrid paper context + per-option retrieval + quality check	0.5	0.3	0.2	4	Which gut-related intervention shows potential for AD treatment?	A. Probiotics | B. Vitamin D | C. Antibiotics | D. Statins	A	Probiotics	A	True	0.742453	6.322	2.325	0.804	8	8	0.549865	True	True	True	False	2023-oxidative-damage-in-neurodegeneration-roles-in-the-pathogenesis-and-progression-of-alzheimer-disease.pdf | 2024 Advancements and Challenges in Antiamyloid Therapy for.pdf | 2024 Immune Activation in Alzheimer Disease.pdf | 2024 Neuroinflammation in Alzheimer disease.pdf | 2025 Updates on mouse models of Alzheimer’s disease.pdf | Recent advances in Alzheimer’s disease mechanisms clinical trials and new drug development strategies.pdf | alzheimer disease  2021.pdf	"A. Probiotics

Probiotics, specifically Bifidobacterium and Lactobacillus species, have shown potential in improving blood-brain barrier integrity and memory deficits in mouse models of Alzheimer's disease (AD) after antibiotic-induced microbiome depletion (Neuroinflammation in Alzheimer disease, 2024)."	"A. Probiotics

Probiotics, specifically Bifidobacterium and Lactobacillus species, have shown potential in improving blood-brain barrier integrity and memory deficits in mouse models of Alzheimer's disease (AD) after antibiotic-induced microbiome depletion (Neuroinflammation in Alzheimer disease, 2024). Therapy with these probiotics after antibiotic administration improves blood-brain barrier integrity and memory deficits in mouse models of AD (Neuroinflammation in Alzheimer disease, 2024). This suggests that probiotics may play a beneficial role in AD treatment by modulating gut microbiota and enhancing cognitive function."
5	5	ET-RAG	test.agent_etrag	A5	Full ET-RAG	cosine retrieval + evidence quality + temporal recency + hybrid paper context + per-option retrieval + quality check	0.5	0.3	0.2	5	What is the typical spacing used in the Tallapoosa tract for loblolly pine?	A. 4x4 ft | B. 6x6 ft | C. 6x12 ft | D. 8x10 ft	NOT_COVERED	Not Covered	NOT_COVERED	True	0.92	6.004	2.965	0.814	15	15	0.519859	True	True	True	False	2023-oxidative-damage-in-neurodegeneration-roles-in-the-pathogenesis-and-progression-of-alzheimer-disease.pdf | 2024 Advancements and Challenges in Antiamyloid Therapy for.pdf | 2024 Cell type-specific roles of APOE4 in Alzheimer disease.pdf | 2024 Immune Activation in Alzheimer Disease.pdf | 2024 Linking activity dyshomeostasis and sleep disturbances in Alzheimer disease.pdf | 2025 Updates on mouse models of Alzheimer’s disease.pdf | Recent advances in Alzheimer’s disease mechanisms clinical trials and new drug development strategies.pdf | alzheimer disease  2021.pdf	Not covered.	Not covered.
5	5	ET-RAG	test.agent_etrag	A5	Full ET-RAG	cosine retrieval + evidence quality + temporal recency + hybrid paper context + per-option retrieval + quality check	0.5	0.3	0.2	6	The A-T-N biomarker framework includes tau as which letter?	A. A | B. T | C. N | D. None	B	T	B	True	0.746497	7.379	2.46	1.217	22	20	0.561419	True	True	True	False	2023-oxidative-damage-in-neurodegeneration-roles-in-the-pathogenesis-and-progression-of-alzheimer-disease.pdf | 2024 Advancements and Challenges in Antiamyloid Therapy for.pdf | 2024 Cell type-specific roles of APOE4 in Alzheimer disease.pdf | 2024 Immune Activation in Alzheimer Disease.pdf | 2024 Neuroinflammation in Alzheimer disease.pdf | 2025 Updates on mouse models of Alzheimer’s disease.pdf | alzheimer disease  2021.pdf	"B. T

In the A-T-N biomarker framework, tau is represented by the letter ""T,"" indicating abnormal tau protein levels, which are crucial for diagnosing Alzheimer's disease (AD) pathology (Alzheimer disease, 2021)."	"B. T

In the A-T-N biomarker framework, tau is represented by the letter ""T,"" indicating abnormal tau protein levels, which are crucial for diagnosing Alzheimer's disease (AD) pathology. The framework classifies biomarkers into three categories: amyloid (A), tau (T), and neurodegeneration (N), with tau biomarkers being specifically associated with tau pathology (Alzheimer disease, 2021)."
5	5	ET-RAG	test.agent_etrag	A5	Full ET-RAG	cosine retrieval + evidence quality + temporal recency + hybrid paper context + per-option retrieval + quality check	0.5	0.3	0.2	7	Which age group is most at risk for cognitive disorders–associated AD?	A. <40 years | B. 40–65 years | C. 65–90 years | D. >90 years	D	>90 years	C	False	0.748359	6.1	2.433	1.104	26	20	0.56674	True	True	True	False	2023-oxidative-damage-in-neurodegeneration-roles-in-the-pathogenesis-and-progression-of-alzheimer-disease.pdf | 2024 Linking activity dyshomeostasis and sleep disturbances in Alzheimer disease.pdf | 2024 Neuroinflammation in Alzheimer disease.pdf | 2025 Updates on mouse models of Alzheimer’s disease.pdf | alzheimer disease  2021.pdf	"C. 65–90 years

The prevalence of overt cognitive impairment increases exponentially with advancing age, particularly after 65 years, with the incidence of dementia rising steeply in this age group (Alzheimer disease, 2021). Additionally, the fastest-growing demographic segment at risk for cognitive disorders is the oldest-old group (people aged >90 years), which has the highest risk of multi-aetiology dementia (Alzheimer disease, 2021)."	"C. 65–90 years

The prevalence of overt cognitive impairment increases exponentially with advancing age, particularly after 65 years, with the incidence of dementia rising steeply in this age group (Alzheimer disease, 2021). Additionally, the fastest-growing demographic segment at risk for cognitive disorders is the oldest-old group (people aged >90 years), which has the highest risk of multi-aetiology dementia (Alzheimer disease, 2021)."
5	5	ET-RAG	test.agent_etrag	A5	Full ET-RAG	cosine retrieval + evidence quality + temporal recency + hybrid paper context + per-option retrieval + quality check	0.5	0.3	0.2	8	Which sleep stage is critical for metabolite clearance from the brain?	A. REM sleep | B. NREM sleep | C. Light sleep | D. Awake state	B	NREM sleep	B	True	0.73527	9.028	3.044	1.153	15	15	0.529342	True	True	True	False	2023-oxidative-damage-in-neurodegeneration-roles-in-the-pathogenesis-and-progression-of-alzheimer-disease.pdf | 2024 Advancements and Challenges in Antiamyloid Therapy for.pdf | 2024 Immune Activation in Alzheimer Disease.pdf | 2024 Linking activity dyshomeostasis and sleep disturbances in Alzheimer disease.pdf | 2025 Updates on mouse models of Alzheimer’s disease.pdf | Recent advances in Alzheimer’s disease mechanisms clinical trials and new drug development strategies.pdf | alzheimer disease  2021.pdf	"B. NREM sleep

NREM sleep is critical for metabolite clearance from the brain, particularly during the glymphatic system's activity, which is enhanced during this sleep stage. This process is essential for the clearance of amyloid-β and other waste products, as highlighted in ""Linking activity dyshomeostasis and sleep disturbances in Alzheimer disease"" (2024)."	"B. NREM sleep

NREM sleep is critical for metabolite clearance from the brain, particularly during the glymphatic system's activity, which is enhanced during this sleep stage. This process is essential for the clearance of amyloid-β and other waste products, as highlighted in ""Linking activity dyshomeostasis and sleep disturbances in Alzheimer disease"" (2024). The review emphasizes the importance of sleep in maintaining brain health and facilitating the removal of neurotoxic metabolites, underscoring the role of NREM sleep in this critical function."
5	5	ET-RAG	test.agent_etrag	A5	Full ET-RAG	cosine retrieval + evidence quality + temporal recency + hybrid paper context + per-option retrieval + quality check	0.5	0.3	0.2	9	What kind of volume change is associated with hearing loss in AD patients?	A. Increased brain volume | B. Decreased hippocampal volume | C. Increased white matter | D. Enlarged ventricles	B	Decreased hippocampal volume	B	True	0.740705	6.976	3.012	1.027	20	20	0.544871	True	True	True	False	2023-oxidative-damage-in-neurodegeneration-roles-in-the-pathogenesis-and-progression-of-alzheimer-disease.pdf | 2024 Advancements and Challenges in Antiamyloid Therapy for.pdf | 2024 Cell type-specific roles of APOE4 in Alzheimer disease.pdf | 2024 Immune Activation in Alzheimer Disease.pdf | 2024 Linking activity dyshomeostasis and sleep disturbances in Alzheimer disease.pdf | 2024 Neuroinflammation in Alzheimer disease.pdf | 2025 Oligodendrocytes in Alzheimer’s disease pathophysiology.pdf | 2025 Updates on mouse models of Alzheimer’s disease.pdf | Recent advances in Alzheimer’s disease mechanisms clinical trials and new drug development strategies.pdf | alzheimer disease  2021.pdf	"B. Decreased hippocampal volume. 

Hearing loss in Alzheimer's disease patients is associated with decreased hippocampal volume, which reflects the neurodegenerative changes occurring in the brain. This relationship highlights the impact of auditory dysfunction on cognitive decline and brain atrophy in AD patients (Alzheimer disease, 2021)."	"B. Decreased hippocampal volume. 

Hearing loss in Alzheimer's disease patients is associated with decreased hippocampal volume, reflecting neurodegenerative changes in the brain. This relationship underscores the impact of auditory dysfunction on cognitive decline and brain atrophy in AD patients (Alzheimer disease, 2021)."
5	5	ET-RAG	test.agent_etrag	A5	Full ET-RAG	cosine retrieval + evidence quality + temporal recency + hybrid paper context + per-option retrieval + quality check	0.5	0.3	0.2	10	The Mediterranean diet is primarily considered:	A. A treatment for AD | B. A preventive dietary strategy | C. A high-fat diet | D. A protein-reduction plan	B	A preventive dietary strategy	B	True	0.736015	8.48	2.814	1.176	19	19	0.531472	True	True	True	False	2023-oxidative-damage-in-neurodegeneration-roles-in-the-pathogenesis-and-progression-of-alzheimer-disease.pdf | 2024 Advancements and Challenges in Antiamyloid Therapy for.pdf | 2024 Neuroinflammation in Alzheimer disease.pdf | Recent advances in Alzheimer’s disease mechanisms clinical trials and new drug development strategies.pdf | alzheimer disease  2021.pdf	B. A preventive dietary strategy. The Mediterranean diet has been linked to a reduced risk of Alzheimer's disease (AD) and is considered a preventive approach to maintain good health and cognitive function (Oxidative damage in neurodegeneration: roles in the pathogenesis and progression of Alzheimer disease, 2023).	B. A preventive dietary strategy. The Mediterranean diet has been linked to a reduced risk of Alzheimer's disease (AD) and is considered a preventive approach to maintain good health and cognitive function (Oxidative damage in neurodegeneration: roles in the pathogenesis and progression of Alzheimer disease, 2023). Additionally, specific dietary patterns, including the Mediterranean diet, have been definitively linked to AD risk, emphasizing the importance of a well-balanced diet for optimizing health and preventing cognitive decline (Oxidative damage in neurodegeneration: roles in the pathogenesis and progression of Alzheimer disease, 2023).
