round_number	config_order	agent_family	invocation_source	config_id	configuration	enabled_components	similarity_weight	evidence_weight	temporal_weight	question_number	question	options	correct_answer_keys	correct_answer_texts	predicted_answer_keys	correctness_score	correctness_scheme	is_correct	confidence	execution_time_sec	base_retrieval_time_sec	option_retrieval_time_sec	candidate_count	top_chunk_count	mean_top_retrieval_score	mean_top_cosine_score	mean_top_evidence_score	mean_top_temporal_score	evidence_query_candidates_added	temporal_query_candidates_added	hybrid_context_file_count	hybrid_option_passage_count	hybrid_context_char_count	hybrid_non_regression_guard	hybrid_context	per_option_retrieval	quality_check	quality_changed	source_files	draft_answer	final_answer
1	0	ET-RAG	test.agent_etrag	A0	Cosine baseline	cosine retrieval	1.0	0.0	0.0	1	Which of the following are components of the A-T-N AD biomarker framework?	A. Amyloid beta | B. Tau | C. Neurodegeneration markers | D. Synaptic vesicle proteins	A, B, C	Amyloid beta | Tau | Neurodegeneration markers	A, B, C	1.0	strict_partial_credit	True	0.73937	6.111	2.792	0.0	28	25	0.541058	0.541058	0.5	0.852	0	0	0	0	0	False	False	False	False	False	2023-oxidative-damage-in-neurodegeneration-roles-in-the-pathogenesis-and-progression-of-alzheimer-disease.pdf | 2024 Advancements and Challenges in Antiamyloid Therapy for.pdf | 2024 Cell type-specific roles of APOE4 in Alzheimer disease.pdf | 2024 Neuroinflammation in Alzheimer disease.pdf | Recent advances in Alzheimer’s disease mechanisms clinical trials and new drug development strategies.pdf | alzheimer disease  2021.pdf	"A: SUPPORTED — The A-T-N framework includes amyloid beta (Aβ) deposition, pathologic tau, and neurodegeneration markers as components, as stated in ""Alzheimer disease"" (2021).  
B: SUPPORTED — The A-T-N framework specifically includes tau as a component, as mentioned in ""Alzheimer disease"" (2021).  
C: SUPPORTED — Neurodegeneration markers are part of the A-T-N framework, as indicated in ""Alzheimer disease"" (2021).  
D: NOT SUPPORTED — Synaptic vesicle proteins are not mentioned as a component of the A-T-N framework in the provided evidence.  

ANSWER: A, B, C"	"A: SUPPORTED — The A-T-N framework includes amyloid beta (Aβ) deposition, pathologic tau, and neurodegeneration markers as components, as stated in ""Alzheimer disease"" (2021).  
B: SUPPORTED — The A-T-N framework specifically includes tau as a component, as mentioned in ""Alzheimer disease"" (2021).  
C: SUPPORTED — Neurodegeneration markers are part of the A-T-N framework, as indicated in ""Alzheimer disease"" (2021).  
D: NOT SUPPORTED — Synaptic vesicle proteins are not mentioned as a component of the A-T-N framework in the provided evidence.  

ANSWER: A, B, C"
1	0	ET-RAG	test.agent_etrag	A0	Cosine baseline	cosine retrieval	1.0	0.0	0.0	2	Which sleep-related conditions are discussed as contributing to AD progression?	A. Sleep apnea | B. Long sleep duration | C. Short sleep duration | D. Insomnia	A, B, C, D	Sleep apnea | Long sleep duration | Short sleep duration | Insomnia	A, D	0.5	strict_partial_credit	False	0.692175	3.749	1.906	0.0	16	16	0.406215	0.406215	0.5	0.865625	0	0	0	0	0	False	False	False	False	False	2023-oxidative-damage-in-neurodegeneration-roles-in-the-pathogenesis-and-progression-of-alzheimer-disease.pdf | 2024 Advancements and Challenges in Antiamyloid Therapy for.pdf | 2024 Linking activity dyshomeostasis and sleep disturbances in Alzheimer disease.pdf | 2025 Oligodendrocytes in Alzheimer’s disease pathophysiology.pdf | 2025 Updates on mouse models of Alzheimer’s disease.pdf | Recent advances in Alzheimer’s disease mechanisms clinical trials and new drug development strategies.pdf | alzheimer disease  2021.pdf	"A: SUPPORTED — Obstructive sleep apnea is discussed as a comorbid sleep disorder that should be treated in patients with dementia, as it can exacerbate cognitive impairment (Alzheimer disease, 2021).  
B: NOT SUPPORTED — There is no evidence provided that specifically discusses long sleep duration as contributing to Alzheimer's disease progression.  
C: NOT SUPPORTED — There is no evidence provided that specifically discusses short sleep duration as contributing to Alzheimer's disease progression.  
D: SUPPORTED — Insomnia is mentioned as a comorbid condition that can affect the quality of life in patients with Alzheimer's disease (Alzheimer disease, 2021).  
ANSWER: A, D"	"A: SUPPORTED — Obstructive sleep apnea is discussed as a comorbid sleep disorder that should be treated in patients with dementia, as it can exacerbate cognitive impairment (Alzheimer disease, 2021).  
B: NOT SUPPORTED — There is no evidence provided that specifically discusses long sleep duration as contributing to Alzheimer's disease progression.  
C: NOT SUPPORTED — There is no evidence provided that specifically discusses short sleep duration as contributing to Alzheimer's disease progression.  
D: SUPPORTED — Insomnia is mentioned as a comorbid condition that can affect the quality of life in patients with Alzheimer's disease (Alzheimer disease, 2021).  
ANSWER: A, D"
1	0	ET-RAG	test.agent_etrag	A0	Cosine baseline	cosine retrieval	1.0	0.0	0.0	3	Which interventions were identified as promising for sleep-related AD therapy?	A. CBT-I | B. Suvorexant | C. Positive airway pressure treatment | D. Ketamine	A, B, C	CBT-I | Suvorexant | Positive airway pressure treatment	A, C	0.666667	strict_partial_credit	False	0.705161	3.706	1.782	0.0	18	18	0.443317	0.443317	0.54375	0.855556	0	0	0	0	0	False	False	False	False	False	2023-oxidative-damage-in-neurodegeneration-roles-in-the-pathogenesis-and-progression-of-alzheimer-disease.pdf | 2024 Advancements and Challenges in Antiamyloid Therapy for.pdf | 2024 Linking activity dyshomeostasis and sleep disturbances in Alzheimer disease.pdf | 2025 Updates on mouse models of Alzheimer’s disease.pdf | Recent advances in Alzheimer’s disease mechanisms clinical trials and new drug development strategies.pdf | alzheimer disease  2021.pdf	"A: SUPPORTED — Cognitive Behavioral Therapy for Insomnia (CBT-I) is discussed as a non-pharmacological intervention that may help manage sleep disturbances in Alzheimer's disease patients (Linking activity dyshomeostasis and sleep disturbances in Alzheimer disease, 2024).

B: NOT SUPPORTED — There is no evidence provided in the excerpts that directly supports the use of Suvorexant as a promising intervention for sleep-related Alzheimer's disease therapy.

C: SUPPORTED — Positive airway pressure treatment is mentioned as a method to treat comorbid sleep disorders, such as obstructive sleep apnea, in patients with dementia (Alzheimer disease, 2021).

D: NOT SUPPORTED — There is no evidence in the excerpts that supports the use of Ketamine as a promising intervention for sleep-related Alzheimer's disease therapy.

ANSWER: A, C"	"A: SUPPORTED — Cognitive Behavioral Therapy for Insomnia (CBT-I) is discussed as a non-pharmacological intervention that may help manage sleep disturbances in Alzheimer's disease patients (Linking activity dyshomeostasis and sleep disturbances in Alzheimer disease, 2024).

B: NOT SUPPORTED — There is no evidence provided in the excerpts that directly supports the use of Suvorexant as a promising intervention for sleep-related Alzheimer's disease therapy.

C: SUPPORTED — Positive airway pressure treatment is mentioned as a method to treat comorbid sleep disorders, such as obstructive sleep apnea, in patients with dementia (Alzheimer disease, 2021).

D: NOT SUPPORTED — There is no evidence in the excerpts that supports the use of Ketamine as a promising intervention for sleep-related Alzheimer's disease therapy.

ANSWER: A, C"
1	0	ET-RAG	test.agent_etrag	A0	Cosine baseline	cosine retrieval	1.0	0.0	0.0	4	Hearing loss in older adults may lead to which of the following?	A. Decreased brain volume | B. Higher tau levels | C. Lower social engagement | D. Enhanced neurogenesis	A, B, C	Decreased brain volume | Higher tau levels | Lower social engagement	A, B, C	1.0	strict_partial_credit	True	0.711789	4.271	2.026	0.0	22	22	0.462254	0.462254	0.513295	0.875	0	0	0	0	0	False	False	False	False	False	2023-oxidative-damage-in-neurodegeneration-roles-in-the-pathogenesis-and-progression-of-alzheimer-disease.pdf | 2024 Advancements and Challenges in Antiamyloid Therapy for.pdf | 2024 Cell type-specific roles of APOE4 in Alzheimer disease.pdf | 2024 Immune Activation in Alzheimer Disease.pdf | 2024 Linking activity dyshomeostasis and sleep disturbances in Alzheimer disease.pdf | 2024 Neuroinflammation in Alzheimer disease.pdf | 2025 Oligodendrocytes in Alzheimer’s disease pathophysiology.pdf | 2025 Updates on mouse models of Alzheimer’s disease.pdf | Recent advances in Alzheimer’s disease mechanisms clinical trials and new drug development strategies.pdf | alzheimer disease  2021.pdf	"A: SUPPORTED — The evidence indicates that tauopathy occurs in networks that support specific cognitive domains and are impaired in symptomatic Alzheimer's disease, which is relevant to the relationship between hearing loss and higher tau levels (Alzheimer disease, 2021).  
B: SUPPORTED — The evidence discusses the relationship between tau levels and cognitive decline, suggesting that higher tau levels are associated with cognitive impairment, which may be relevant to hearing loss in older adults (Alzheimer disease, 2021).  
C: SUPPORTED — The evidence states that neuropsychiatric symptoms, including social withdrawal, often co-occur with cognitive deficits in Alzheimer's disease, indicating that hearing loss may lead to lower social engagement (Alzheimer disease, 2021).  
D: NOT SUPPORTED — There is no evidence provided that supports the idea that hearing loss in older adults leads to enhanced neurogenesis.  

ANSWER: A, B, C"	"A: SUPPORTED — The evidence indicates that tauopathy occurs in networks that support specific cognitive domains and are impaired in symptomatic Alzheimer's disease, which is relevant to the relationship between hearing loss and higher tau levels (Alzheimer disease, 2021).  
B: SUPPORTED — The evidence discusses the relationship between tau levels and cognitive decline, suggesting that higher tau levels are associated with cognitive impairment, which may be relevant to hearing loss in older adults (Alzheimer disease, 2021).  
C: SUPPORTED — The evidence states that neuropsychiatric symptoms, including social withdrawal, often co-occur with cognitive deficits in Alzheimer's disease, indicating that hearing loss may lead to lower social engagement (Alzheimer disease, 2021).  
D: NOT SUPPORTED — There is no evidence provided that supports the idea that hearing loss in older adults leads to enhanced neurogenesis.  

ANSWER: A, B, C"
1	0	ET-RAG	test.agent_etrag	A0	Cosine baseline	cosine retrieval	1.0	0.0	0.0	5	Which factors have been epidemiologically linked to AD?	A. Hypoxia | B. Gut microbiota imbalance | C. High education | D. Diet	A, B, D	Hypoxia | Gut microbiota imbalance | Diet	B, D	0.666667	strict_partial_credit	False	0.715806	3.972	2.179	0.0	20	20	0.473732	0.473732	0.52025	0.87	0	0	0	0	0	False	False	False	False	False	2023-oxidative-damage-in-neurodegeneration-roles-in-the-pathogenesis-and-progression-of-alzheimer-disease.pdf | 2024 Advancements and Challenges in Antiamyloid Therapy for.pdf | 2024 Cell type-specific roles of APOE4 in Alzheimer disease.pdf | 2024 Immune Activation in Alzheimer Disease.pdf | 2024 Linking activity dyshomeostasis and sleep disturbances in Alzheimer disease.pdf | 2024 Neuroinflammation in Alzheimer disease.pdf | 2025 Updates on mouse models of Alzheimer’s disease.pdf | Recent advances in Alzheimer’s disease mechanisms clinical trials and new drug development strategies.pdf | alzheimer disease  2021.pdf	"A: NOT SUPPORTED — There is no direct evidence linking hypoxia to Alzheimer's disease in the provided excerpts.  
B: SUPPORTED — The microbiota-gut-brain axis hypothesis suggests that alterations in gut microbiota can influence brain function and may be linked to Alzheimer's disease (Recent advances in Alzheimer’s disease: mechanisms, clinical trials and new drug development strategies, year unknown).  
C: NOT SUPPORTED — High education is not mentioned as a risk factor or linked to Alzheimer's disease in the provided excerpts.  
D: SUPPORTED — Specific dietary patterns have been linked to Alzheimer's disease risk, indicating that diet plays a role in the disease (Oxidative damage in neurodegeneration: roles in the pathogenesis and progression of Alzheimer disease, 2023).  
ANSWER: B, D"	"A: NOT SUPPORTED — There is no direct evidence linking hypoxia to Alzheimer's disease in the provided excerpts.  
B: SUPPORTED — The microbiota-gut-brain axis hypothesis suggests that alterations in gut microbiota can influence brain function and may be linked to Alzheimer's disease (Recent advances in Alzheimer’s disease: mechanisms, clinical trials and new drug development strategies, year unknown).  
C: NOT SUPPORTED — High education is not mentioned as a risk factor or linked to Alzheimer's disease in the provided excerpts.  
D: SUPPORTED — Specific dietary patterns have been linked to Alzheimer's disease risk, indicating that diet plays a role in the disease (Oxidative damage in neurodegeneration: roles in the pathogenesis and progression of Alzheimer disease, 2023).  
ANSWER: B, D"
1	0	ET-RAG	test.agent_etrag	A0	Cosine baseline	cosine retrieval	1.0	0.0	0.0	6	Which imaging biomarkers are used in AD diagnosis?	A. Tau-PET | B. MRI | C. CT | D. FDG-PET	A, B, D	Tau-PET | MRI | FDG-PET	A, B, D	1.0	strict_partial_credit	True	0.73652	4.655	2.227	0.0	28	25	0.532913	0.532913	0.5216	0.858	0	0	0	0	0	False	False	False	False	False	2023-oxidative-damage-in-neurodegeneration-roles-in-the-pathogenesis-and-progression-of-alzheimer-disease.pdf | 2024 Advancements and Challenges in Antiamyloid Therapy for.pdf | 2024 Immune Activation in Alzheimer Disease.pdf | 2024 Neuroinflammation in Alzheimer disease.pdf | 2025 Updates on mouse models of Alzheimer’s disease.pdf | Recent advances in Alzheimer’s disease mechanisms clinical trials and new drug development strategies.pdf | alzheimer disease  2021.pdf	"A: SUPPORTED — Tau-PET imaging allows the detection of tauopathy that is largely specific for Alzheimer's disease and is used as a biomarker in its diagnosis (Alzheimer disease, 2021).  
B: SUPPORTED — Structural MRI is useful for assessing atrophy in the medial temporal lobe, which is relevant in the context of Alzheimer's disease diagnosis (Alzheimer disease, 2021).  
C: NOT SUPPORTED — The evidence does not support the use of CT as a specific imaging biomarker for Alzheimer's disease diagnosis (Alzheimer disease, 2021).  
D: SUPPORTED — FDG-PET detects reduced glucose metabolism in brain regions characteristic of Alzheimer's disease and is used as a biomarker in its diagnosis (Recent advances in Alzheimer’s disease: mechanisms, clinical trials and new drug development strategies, year unknown).  
ANSWER: A, B, D"	"A: SUPPORTED — Tau-PET imaging allows the detection of tauopathy that is largely specific for Alzheimer's disease and is used as a biomarker in its diagnosis (Alzheimer disease, 2021).  
B: SUPPORTED — Structural MRI is useful for assessing atrophy in the medial temporal lobe, which is relevant in the context of Alzheimer's disease diagnosis (Alzheimer disease, 2021).  
C: NOT SUPPORTED — The evidence does not support the use of CT as a specific imaging biomarker for Alzheimer's disease diagnosis (Alzheimer disease, 2021).  
D: SUPPORTED — FDG-PET detects reduced glucose metabolism in brain regions characteristic of Alzheimer's disease and is used as a biomarker in its diagnosis (Recent advances in Alzheimer’s disease: mechanisms, clinical trials and new drug development strategies, year unknown).  
ANSWER: A, B, D"
1	0	ET-RAG	test.agent_etrag	A0	Cosine baseline	cosine retrieval	1.0	0.0	0.0	7	What roles do CSF biomarkers play in AD diagnosis?	A. Stage disease progression | B. Diagnose mild cognitive impairment | C. Indicate tau pathology | D. Replace neuropsychological testing	A, B, C	Stage disease progression | Diagnose mild cognitive impairment | Indicate tau pathology	A, B, C	1.0	strict_partial_credit	True	0.742812	10.199	2.924	0.0	31	25	0.550892	0.550892	0.5207	0.848	0	0	0	0	0	False	False	False	False	False	2024 Advancements and Challenges in Antiamyloid Therapy for.pdf | 2024 Immune Activation in Alzheimer Disease.pdf | 2024 Neuroinflammation in Alzheimer disease.pdf | Recent advances in Alzheimer’s disease mechanisms clinical trials and new drug development strategies.pdf | alzheimer disease  2021.pdf	"A: SUPPORTED — CSF biomarkers can indicate the severity of the AD process, as they include tau PET and neurodegeneration biomarkers, which are used to stage disease progression (Alzheimer disease, 2021).  
B: SUPPORTED — CSF biomarkers are recognized for their diagnostic utility in diagnosing mild cognitive impairment (MCI) and are used clinically in many countries (Alzheimer disease, 2021).  
C: SUPPORTED — p-tau181 is considered a specific biomarker for tau pathology, which is typically increased in MCI and dementia due to AD (Alzheimer disease, 2021).  
D: NOT SUPPORTED — The evidence does not support the idea that CSF biomarkers can replace neuropsychological testing, as they serve different roles in the diagnostic process (Alzheimer disease, 2021).  
ANSWER: A, B, C"	"A: SUPPORTED — CSF biomarkers can indicate the severity of the AD process, as they include tau PET and neurodegeneration biomarkers, which are used to stage disease progression (Alzheimer disease, 2021).  
B: SUPPORTED — CSF biomarkers are recognized for their diagnostic utility in diagnosing mild cognitive impairment (MCI) and are used clinically in many countries (Alzheimer disease, 2021).  
C: SUPPORTED — p-tau181 is considered a specific biomarker for tau pathology, which is typically increased in MCI and dementia due to AD (Alzheimer disease, 2021).  
D: NOT SUPPORTED — The evidence does not support the idea that CSF biomarkers can replace neuropsychological testing, as they serve different roles in the diagnostic process (Alzheimer disease, 2021).  
ANSWER: A, B, C"
1	0	ET-RAG	test.agent_etrag	A0	Cosine baseline	cosine retrieval	1.0	0.0	0.0	8	What effects does gut microbiota have in AD animal models?	A. Promotes inflammation | B. Improves memory | C. Impairs spatial learning | D. Reduces tau levels	A, C	Promotes inflammation | Impairs spatial learning	A, B, C	0.0	strict_partial_credit	False	0.728775	4.885	2.129	0.0	10	10	0.510785	0.510785	0.5	0.87	0	0	0	0	0	False	False	False	False	False	2023-oxidative-damage-in-neurodegeneration-roles-in-the-pathogenesis-and-progression-of-alzheimer-disease.pdf | 2024 Advancements and Challenges in Antiamyloid Therapy for.pdf | 2024 Immune Activation in Alzheimer Disease.pdf | 2024 Neuroinflammation in Alzheimer disease.pdf | 2025 Updates on mouse models of Alzheimer’s disease.pdf | Recent advances in Alzheimer’s disease mechanisms clinical trials and new drug development strategies.pdf | alzheimer disease  2021.pdf	"A: SUPPORTED — The evidence indicates that microbiota can promote inflammation, as seen in the activation of the intestinal NLRP3 inflammasome and the release of inflammatory factors in AD models (2024 Immune Activation in Alzheimer Disease).  
B: SUPPORTED — The evidence suggests that therapy with probiotics improves memory deficits in mouse models of AD (2024 Neuroinflammation in Alzheimer disease).  
C: SUPPORTED — The evidence shows that the absence of microbiota in germ-free mice leads to cognitive impairments, including impaired spatial learning (2024 Immune Activation in Alzheimer Disease).  
D: NOT SUPPORTED — There is no evidence provided that supports the claim that gut microbiota reduces tau levels in AD animal models.  

ANSWER: A, B, C"	"A: SUPPORTED — The evidence indicates that microbiota can promote inflammation, as seen in the activation of the intestinal NLRP3 inflammasome and the release of inflammatory factors in AD models (2024 Immune Activation in Alzheimer Disease).  
B: SUPPORTED — The evidence suggests that therapy with probiotics improves memory deficits in mouse models of AD (2024 Neuroinflammation in Alzheimer disease).  
C: SUPPORTED — The evidence shows that the absence of microbiota in germ-free mice leads to cognitive impairments, including impaired spatial learning (2024 Immune Activation in Alzheimer Disease).  
D: NOT SUPPORTED — There is no evidence provided that supports the claim that gut microbiota reduces tau levels in AD animal models.  

ANSWER: A, B, C"
1	0	ET-RAG	test.agent_etrag	A0	Cosine baseline	cosine retrieval	1.0	0.0	0.0	9	Which sleep characteristics are associated with AD?	A. Reduced REM duration | B. Abnormal slow-wave oscillations | C. Increased CSF tau during wakefulness | D. Stable sleep architecture	A, B, C	Reduced REM duration | Abnormal slow-wave oscillations | Increased CSF tau during wakefulness	A, B	0.666667	strict_partial_credit	False	0.695053	7.759	5.469	0.0	12	12	0.414438	0.414438	0.5	0.875	0	0	0	0	0	False	False	False	False	False	2023-oxidative-damage-in-neurodegeneration-roles-in-the-pathogenesis-and-progression-of-alzheimer-disease.pdf | 2024 Advancements and Challenges in Antiamyloid Therapy for.pdf | 2024 Immune Activation in Alzheimer Disease.pdf | 2024 Linking activity dyshomeostasis and sleep disturbances in Alzheimer disease.pdf | 2024 Neuroinflammation in Alzheimer disease.pdf | 2025 Updates on mouse models of Alzheimer’s disease.pdf | Recent advances in Alzheimer’s disease mechanisms clinical trials and new drug development strategies.pdf | alzheimer disease  2021.pdf	"A: SUPPORTED — Reduced sharp-wave ripples in NREM sleep and quiet wakefulness are observed in familial Alzheimer disease models, indicating reduced REM duration is associated with AD (Linking activity dyshomeostasis and sleep disturbances in Alzheimer disease, 2024).  
B: SUPPORTED — Abnormal slow-wave oscillations are indicated by reduced UP state durations and failed transitions in AD mouse models, suggesting this characteristic is associated with AD (Linking activity dyshomeostasis and sleep disturbances in Alzheimer disease, 2024).  
C: NOT SUPPORTED — There is no direct evidence linking increased CSF tau during wakefulness to sleep characteristics in the context of AD in the provided excerpts.  
D: NOT SUPPORTED — The evidence does not support the notion of stable sleep architecture in AD, as alterations in sleep patterns are noted in the context of the disease (Linking activity dyshomeostasis and sleep disturbances in Alzheimer disease, 2024).  
ANSWER: A, B"	"A: SUPPORTED — Reduced sharp-wave ripples in NREM sleep and quiet wakefulness are observed in familial Alzheimer disease models, indicating reduced REM duration is associated with AD (Linking activity dyshomeostasis and sleep disturbances in Alzheimer disease, 2024).  
B: SUPPORTED — Abnormal slow-wave oscillations are indicated by reduced UP state durations and failed transitions in AD mouse models, suggesting this characteristic is associated with AD (Linking activity dyshomeostasis and sleep disturbances in Alzheimer disease, 2024).  
C: NOT SUPPORTED — There is no direct evidence linking increased CSF tau during wakefulness to sleep characteristics in the context of AD in the provided excerpts.  
D: NOT SUPPORTED — The evidence does not support the notion of stable sleep architecture in AD, as alterations in sleep patterns are noted in the context of the disease (Linking activity dyshomeostasis and sleep disturbances in Alzheimer disease, 2024).  
ANSWER: A, B"
1	0	ET-RAG	test.agent_etrag	A0	Cosine baseline	cosine retrieval	1.0	0.0	0.0	10	Which interventions may improve cognition in MCI or early dementia?	A. Melatonin | B. Rivasti gmine | C. Suvorexant | D. Ketogenic diet	A, B, C	Melatonin | Rivasti gmine | Suvorexant	B	0.333333	strict_partial_credit	False	0.709235	3.622	1.891	0.0	23	23	0.454957	0.454957	0.542065	0.854348	0	0	0	0	0	False	False	False	False	False	2023-oxidative-damage-in-neurodegeneration-roles-in-the-pathogenesis-and-progression-of-alzheimer-disease.pdf | 2024 Advancements and Challenges in Antiamyloid Therapy for.pdf | 2024 Linking activity dyshomeostasis and sleep disturbances in Alzheimer disease.pdf | 2025 Updates on mouse models of Alzheimer’s disease.pdf | Recent advances in Alzheimer’s disease mechanisms clinical trials and new drug development strategies.pdf | alzheimer disease  2021.pdf	"A: NOT SUPPORTED — There is no evidence in the provided excerpts that melatonin improves cognition in MCI or early dementia.  
B: SUPPORTED — Cholinesterase inhibitors, including rivastigmine, have been shown to alleviate cognitive impairment in AD patients, as noted in ""Alzheimer disease"" (2021).  
C: NOT SUPPORTED — There is no evidence in the provided excerpts that suvorexant improves cognition in MCI or early dementia.  
D: NOT SUPPORTED — The evidence does not support that a ketogenic diet improves cognition in MCI or early dementia.  

ANSWER: B"	"A: NOT SUPPORTED — There is no evidence in the provided excerpts that melatonin improves cognition in MCI or early dementia.  
B: SUPPORTED — Cholinesterase inhibitors, including rivastigmine, have been shown to alleviate cognitive impairment in AD patients, as noted in ""Alzheimer disease"" (2021).  
C: NOT SUPPORTED — There is no evidence in the provided excerpts that suvorexant improves cognition in MCI or early dementia.  
D: NOT SUPPORTED — The evidence does not support that a ketogenic diet improves cognition in MCI or early dementia.  

ANSWER: B"
2	0	ET-RAG	test.agent_etrag	A0	Cosine baseline	cosine retrieval	1.0	0.0	0.0	1	Which of the following are components of the A-T-N AD biomarker framework?	A. Amyloid beta | B. Tau | C. Neurodegeneration markers | D. Synaptic vesicle proteins	A, B, C	Amyloid beta | Tau | Neurodegeneration markers	A, B, C	1.0	strict_partial_credit	True	0.73937	4.617	2.386	0.0	28	25	0.541058	0.541058	0.5	0.852	0	0	0	0	0	False	False	False	False	False	2023-oxidative-damage-in-neurodegeneration-roles-in-the-pathogenesis-and-progression-of-alzheimer-disease.pdf | 2024 Advancements and Challenges in Antiamyloid Therapy for.pdf | 2024 Cell type-specific roles of APOE4 in Alzheimer disease.pdf | 2024 Neuroinflammation in Alzheimer disease.pdf | Recent advances in Alzheimer’s disease mechanisms clinical trials and new drug development strategies.pdf | alzheimer disease  2021.pdf	"A: SUPPORTED — The A-T-N framework includes amyloid beta (Aβ) deposition, pathologic tau, and neurodegeneration markers as components, as stated in ""Alzheimer disease"" (2021).  
B: SUPPORTED — The A-T-N framework specifically includes tau as a component, as indicated in ""Alzheimer disease"" (2021).  
C: SUPPORTED — Neurodegeneration markers are part of the A-T-N framework, as mentioned in ""Alzheimer disease"" (2021).  
D: NOT SUPPORTED — Synaptic vesicle proteins are not mentioned as a component of the A-T-N framework in the provided evidence.  
ANSWER: A, B, C"	"A: SUPPORTED — The A-T-N framework includes amyloid beta (Aβ) deposition, pathologic tau, and neurodegeneration markers as components, as stated in ""Alzheimer disease"" (2021).  
B: SUPPORTED — The A-T-N framework specifically includes tau as a component, as indicated in ""Alzheimer disease"" (2021).  
C: SUPPORTED — Neurodegeneration markers are part of the A-T-N framework, as mentioned in ""Alzheimer disease"" (2021).  
D: NOT SUPPORTED — Synaptic vesicle proteins are not mentioned as a component of the A-T-N framework in the provided evidence.  
ANSWER: A, B, C"
2	0	ET-RAG	test.agent_etrag	A0	Cosine baseline	cosine retrieval	1.0	0.0	0.0	2	Which sleep-related conditions are discussed as contributing to AD progression?	A. Sleep apnea | B. Long sleep duration | C. Short sleep duration | D. Insomnia	A, B, C, D	Sleep apnea | Long sleep duration | Short sleep duration | Insomnia	A, D	0.5	strict_partial_credit	False	0.692176	5.357	2.804	0.0	16	16	0.406216	0.406216	0.5	0.865625	0	0	0	0	0	False	False	False	False	False	2023-oxidative-damage-in-neurodegeneration-roles-in-the-pathogenesis-and-progression-of-alzheimer-disease.pdf | 2024 Advancements and Challenges in Antiamyloid Therapy for.pdf | 2024 Linking activity dyshomeostasis and sleep disturbances in Alzheimer disease.pdf | 2025 Oligodendrocytes in Alzheimer’s disease pathophysiology.pdf | 2025 Updates on mouse models of Alzheimer’s disease.pdf | Recent advances in Alzheimer’s disease mechanisms clinical trials and new drug development strategies.pdf | alzheimer disease  2021.pdf	"A: SUPPORTED — Comorbid sleep disorders, such as obstructive sleep apnoea, should be treated using oral appliances or nasal devices that create expiratory positive airway pressure; patients with dementia may have difficulty adapting to sleeping with a mask. (Alzheimer disease, 2021)

B: NOT SUPPORTED — There is no evidence in the provided excerpts that discusses long sleep duration as contributing to Alzheimer's disease progression.

C: NOT SUPPORTED — There is no evidence in the provided excerpts that discusses short sleep duration as contributing to Alzheimer's disease progression.

D: SUPPORTED — Insomnia and sleep disturbances are mentioned as factors that can affect cognitive impairment and quality of life in patients with Alzheimer's disease. (Alzheimer disease, 2021)

ANSWER: A, D"	"A: SUPPORTED — Comorbid sleep disorders, such as obstructive sleep apnoea, should be treated using oral appliances or nasal devices that create expiratory positive airway pressure; patients with dementia may have difficulty adapting to sleeping with a mask. (Alzheimer disease, 2021)

B: NOT SUPPORTED — There is no evidence in the provided excerpts that discusses long sleep duration as contributing to Alzheimer's disease progression.

C: NOT SUPPORTED — There is no evidence in the provided excerpts that discusses short sleep duration as contributing to Alzheimer's disease progression.

D: SUPPORTED — Insomnia and sleep disturbances are mentioned as factors that can affect cognitive impairment and quality of life in patients with Alzheimer's disease. (Alzheimer disease, 2021)

ANSWER: A, D"
2	0	ET-RAG	test.agent_etrag	A0	Cosine baseline	cosine retrieval	1.0	0.0	0.0	3	Which interventions were identified as promising for sleep-related AD therapy?	A. CBT-I | B. Suvorexant | C. Positive airway pressure treatment | D. Ketamine	A, B, C	CBT-I | Suvorexant | Positive airway pressure treatment	A, C	0.666667	strict_partial_credit	False	0.705167	6.824	4.794	0.0	18	18	0.443333	0.443333	0.54375	0.855556	0	0	0	0	0	False	False	False	False	False	2023-oxidative-damage-in-neurodegeneration-roles-in-the-pathogenesis-and-progression-of-alzheimer-disease.pdf | 2024 Advancements and Challenges in Antiamyloid Therapy for.pdf | 2024 Linking activity dyshomeostasis and sleep disturbances in Alzheimer disease.pdf | 2025 Updates on mouse models of Alzheimer’s disease.pdf | Recent advances in Alzheimer’s disease mechanisms clinical trials and new drug development strategies.pdf | alzheimer disease  2021.pdf	"A: SUPPORTED — Cognitive Behavioral Therapy for Insomnia (CBT-I) is discussed as a potential intervention for sleep disturbances in Alzheimer's disease in the paper ""Linking activity dyshomeostasis and sleep disturbances in Alzheimer disease"" (2024).  
B: NOT SUPPORTED — There is no evidence provided in the excerpts that directly supports the use of Suvorexant for sleep-related therapy in Alzheimer's disease.  
C: SUPPORTED — Positive airway pressure treatment is mentioned as a method to treat comorbid sleep disorders like obstructive sleep apnea in patients with dementia, as noted in the paper ""Alzheimer disease"" (2021).  
D: NOT SUPPORTED — The excerpts do not provide evidence supporting the use of Ketamine for sleep-related therapy in Alzheimer's disease.  
ANSWER: A, C"	"A: SUPPORTED — Cognitive Behavioral Therapy for Insomnia (CBT-I) is discussed as a potential intervention for sleep disturbances in Alzheimer's disease in the paper ""Linking activity dyshomeostasis and sleep disturbances in Alzheimer disease"" (2024).  
B: NOT SUPPORTED — There is no evidence provided in the excerpts that directly supports the use of Suvorexant for sleep-related therapy in Alzheimer's disease.  
C: SUPPORTED — Positive airway pressure treatment is mentioned as a method to treat comorbid sleep disorders like obstructive sleep apnea in patients with dementia, as noted in the paper ""Alzheimer disease"" (2021).  
D: NOT SUPPORTED — The excerpts do not provide evidence supporting the use of Ketamine for sleep-related therapy in Alzheimer's disease.  
ANSWER: A, C"
2	0	ET-RAG	test.agent_etrag	A0	Cosine baseline	cosine retrieval	1.0	0.0	0.0	4	Hearing loss in older adults may lead to which of the following?	A. Decreased brain volume | B. Higher tau levels | C. Lower social engagement | D. Enhanced neurogenesis	A, B, C	Decreased brain volume | Higher tau levels | Lower social engagement	A, B, C	1.0	strict_partial_credit	True	0.711789	4.662	2.168	0.0	22	22	0.462254	0.462254	0.513295	0.875	0	0	0	0	0	False	False	False	False	False	2023-oxidative-damage-in-neurodegeneration-roles-in-the-pathogenesis-and-progression-of-alzheimer-disease.pdf | 2024 Advancements and Challenges in Antiamyloid Therapy for.pdf | 2024 Cell type-specific roles of APOE4 in Alzheimer disease.pdf | 2024 Immune Activation in Alzheimer Disease.pdf | 2024 Linking activity dyshomeostasis and sleep disturbances in Alzheimer disease.pdf | 2024 Neuroinflammation in Alzheimer disease.pdf | 2025 Oligodendrocytes in Alzheimer’s disease pathophysiology.pdf | 2025 Updates on mouse models of Alzheimer’s disease.pdf | Recent advances in Alzheimer’s disease mechanisms clinical trials and new drug development strategies.pdf | alzheimer disease  2021.pdf	"A: SUPPORTED — The evidence indicates that ""the loss of homeostasis in areas of high synaptic activity in the DMN could induce dysfunction as well as the loss of homeostasis in remote but connected brain regions,"" which suggests a relationship between hearing loss and decreased brain volume (Alzheimer disease, 2021).  
B: SUPPORTED — The evidence discusses that ""tauopathy occurs in networks other than the DMN that support specific cognitive domains and are impaired in symptomatic AD,"" indicating a potential link between hearing loss and higher tau levels (Alzheimer disease, 2021).  
C: SUPPORTED — The evidence states that ""neuropsychiatric symptoms often co-occur with cognitive deficits, of which depression, anxiety and social withdrawal may be most evident in mild dementia,"" suggesting that hearing loss may lead to lower social engagement (Alzheimer disease, 2021).  
D: NOT SUPPORTED — There is no evidence provided that supports the idea that hearing loss in older adults leads to enhanced neurogenesis.  

ANSWER: A, B, C"	"A: SUPPORTED — The evidence indicates that ""the loss of homeostasis in areas of high synaptic activity in the DMN could induce dysfunction as well as the loss of homeostasis in remote but connected brain regions,"" which suggests a relationship between hearing loss and decreased brain volume (Alzheimer disease, 2021).  
B: SUPPORTED — The evidence discusses that ""tauopathy occurs in networks other than the DMN that support specific cognitive domains and are impaired in symptomatic AD,"" indicating a potential link between hearing loss and higher tau levels (Alzheimer disease, 2021).  
C: SUPPORTED — The evidence states that ""neuropsychiatric symptoms often co-occur with cognitive deficits, of which depression, anxiety and social withdrawal may be most evident in mild dementia,"" suggesting that hearing loss may lead to lower social engagement (Alzheimer disease, 2021).  
D: NOT SUPPORTED — There is no evidence provided that supports the idea that hearing loss in older adults leads to enhanced neurogenesis.  

ANSWER: A, B, C"
2	0	ET-RAG	test.agent_etrag	A0	Cosine baseline	cosine retrieval	1.0	0.0	0.0	5	Which factors have been epidemiologically linked to AD?	A. Hypoxia | B. Gut microbiota imbalance | C. High education | D. Diet	A, B, D	Hypoxia | Gut microbiota imbalance | Diet	B, D	0.666667	strict_partial_credit	False	0.715806	4.222	1.969	0.0	20	20	0.473731	0.473731	0.52025	0.87	0	0	0	0	0	False	False	False	False	False	2023-oxidative-damage-in-neurodegeneration-roles-in-the-pathogenesis-and-progression-of-alzheimer-disease.pdf | 2024 Advancements and Challenges in Antiamyloid Therapy for.pdf | 2024 Cell type-specific roles of APOE4 in Alzheimer disease.pdf | 2024 Immune Activation in Alzheimer Disease.pdf | 2024 Linking activity dyshomeostasis and sleep disturbances in Alzheimer disease.pdf | 2024 Neuroinflammation in Alzheimer disease.pdf | 2025 Updates on mouse models of Alzheimer’s disease.pdf | Recent advances in Alzheimer’s disease mechanisms clinical trials and new drug development strategies.pdf | alzheimer disease  2021.pdf	"A: NOT SUPPORTED — There is no direct evidence linking hypoxia to Alzheimer's disease in the provided excerpts.  
B: SUPPORTED — The microbiota-gut-brain axis hypothesis suggests that alterations in gut microbiota can influence brain function and may be linked to Alzheimer's disease (Recent advances in Alzheimer’s disease: mechanisms, clinical trials and new drug development strategies, year unknown).  
C: NOT SUPPORTED — High education is not mentioned as a risk factor or linked to Alzheimer's disease in the provided excerpts.  
D: SUPPORTED — Specific dietary patterns have been linked to Alzheimer's disease risk, indicating that diet plays a role in the disease (Oxidative damage in neurodegeneration: roles in the pathogenesis and progression of Alzheimer disease, 2023).  
ANSWER: B, D"	"A: NOT SUPPORTED — There is no direct evidence linking hypoxia to Alzheimer's disease in the provided excerpts.  
B: SUPPORTED — The microbiota-gut-brain axis hypothesis suggests that alterations in gut microbiota can influence brain function and may be linked to Alzheimer's disease (Recent advances in Alzheimer’s disease: mechanisms, clinical trials and new drug development strategies, year unknown).  
C: NOT SUPPORTED — High education is not mentioned as a risk factor or linked to Alzheimer's disease in the provided excerpts.  
D: SUPPORTED — Specific dietary patterns have been linked to Alzheimer's disease risk, indicating that diet plays a role in the disease (Oxidative damage in neurodegeneration: roles in the pathogenesis and progression of Alzheimer disease, 2023).  
ANSWER: B, D"
2	0	ET-RAG	test.agent_etrag	A0	Cosine baseline	cosine retrieval	1.0	0.0	0.0	6	Which imaging biomarkers are used in AD diagnosis?	A. Tau-PET | B. MRI | C. CT | D. FDG-PET	A, B, D	Tau-PET | MRI | FDG-PET	A, B, D	1.0	strict_partial_credit	True	0.73652	6.338	2.161	0.0	28	25	0.532913	0.532913	0.5216	0.858	0	0	0	0	0	False	False	False	False	False	2023-oxidative-damage-in-neurodegeneration-roles-in-the-pathogenesis-and-progression-of-alzheimer-disease.pdf | 2024 Advancements and Challenges in Antiamyloid Therapy for.pdf | 2024 Immune Activation in Alzheimer Disease.pdf | 2024 Neuroinflammation in Alzheimer disease.pdf | 2025 Updates on mouse models of Alzheimer’s disease.pdf | Recent advances in Alzheimer’s disease mechanisms clinical trials and new drug development strategies.pdf | alzheimer disease  2021.pdf	"A: SUPPORTED — Tau-PET imaging allows the detection of tauopathy that is largely specific for Alzheimer's disease and is used as a biomarker in its diagnosis (Alzheimer disease, 2021).  
B: SUPPORTED — Structural MRI is useful for assessing atrophy in the medial temporal lobe, which is relevant in the context of Alzheimer's disease diagnosis (Alzheimer disease, 2021).  
C: NOT SUPPORTED — While CT is mentioned as an imaging modality, it lacks specificity and sensitivity for Alzheimer's disease, making it difficult to integrate into a conceptual model of AD (Alzheimer disease, 2021).  
D: SUPPORTED — FDG-PET detects reduced glucose metabolism in brain regions characteristic of Alzheimer's disease and is used as a biomarker in its diagnosis (Recent advances in Alzheimer’s disease: mechanisms, clinical trials and new drug development strategies, year unknown).  
ANSWER: A, B, D"	"A: SUPPORTED — Tau-PET imaging allows the detection of tauopathy that is largely specific for Alzheimer's disease and is used as a biomarker in its diagnosis (Alzheimer disease, 2021).  
B: SUPPORTED — Structural MRI is useful for assessing atrophy in the medial temporal lobe, which is relevant in the context of Alzheimer's disease diagnosis (Alzheimer disease, 2021).  
C: NOT SUPPORTED — While CT is mentioned as an imaging modality, it lacks specificity and sensitivity for Alzheimer's disease, making it difficult to integrate into a conceptual model of AD (Alzheimer disease, 2021).  
D: SUPPORTED — FDG-PET detects reduced glucose metabolism in brain regions characteristic of Alzheimer's disease and is used as a biomarker in its diagnosis (Recent advances in Alzheimer’s disease: mechanisms, clinical trials and new drug development strategies, year unknown).  
ANSWER: A, B, D"
2	0	ET-RAG	test.agent_etrag	A0	Cosine baseline	cosine retrieval	1.0	0.0	0.0	7	What roles do CSF biomarkers play in AD diagnosis?	A. Stage disease progression | B. Diagnose mild cognitive impairment | C. Indicate tau pathology | D. Replace neuropsychological testing	A, B, C	Stage disease progression | Diagnose mild cognitive impairment | Indicate tau pathology	A, B, C	1.0	strict_partial_credit	True	0.742807	4.348	1.916	0.0	31	25	0.550877	0.550877	0.5207	0.848	0	0	0	0	0	False	False	False	False	False	2024 Advancements and Challenges in Antiamyloid Therapy for.pdf | 2024 Immune Activation in Alzheimer Disease.pdf | 2024 Neuroinflammation in Alzheimer disease.pdf | Recent advances in Alzheimer’s disease mechanisms clinical trials and new drug development strategies.pdf | alzheimer disease  2021.pdf	"A: SUPPORTED — CSF biomarkers are recognized by research guidelines for their diagnostic utility in Alzheimer’s disease (AD) and can indicate the severity of the AD process (Alzheimer disease, 2021).  
B: SUPPORTED — The presence of abnormal AD biomarkers, including CSF biomarkers, is associated with an increased risk of progression from mild cognitive impairment (MCI) to dementia (Alzheimer disease, 2021).  
C: SUPPORTED — p-tau181 is considered a specific biomarker for tau pathology in Alzheimer’s disease (Alzheimer disease, 2021).  
D: NOT SUPPORTED — The evidence does not support the idea that CSF biomarkers can replace neuropsychological testing in the diagnosis of Alzheimer’s disease (Alzheimer disease, 2021).  
ANSWER: A, B, C"	"A: SUPPORTED — CSF biomarkers are recognized by research guidelines for their diagnostic utility in Alzheimer’s disease (AD) and can indicate the severity of the AD process (Alzheimer disease, 2021).  
B: SUPPORTED — The presence of abnormal AD biomarkers, including CSF biomarkers, is associated with an increased risk of progression from mild cognitive impairment (MCI) to dementia (Alzheimer disease, 2021).  
C: SUPPORTED — p-tau181 is considered a specific biomarker for tau pathology in Alzheimer’s disease (Alzheimer disease, 2021).  
D: NOT SUPPORTED — The evidence does not support the idea that CSF biomarkers can replace neuropsychological testing in the diagnosis of Alzheimer’s disease (Alzheimer disease, 2021).  
ANSWER: A, B, C"
2	0	ET-RAG	test.agent_etrag	A0	Cosine baseline	cosine retrieval	1.0	0.0	0.0	8	What effects does gut microbiota have in AD animal models?	A. Promotes inflammation | B. Improves memory | C. Impairs spatial learning | D. Reduces tau levels	A, C	Promotes inflammation | Impairs spatial learning	A, B, C	0.0	strict_partial_credit	False	0.728773	4.176	1.914	0.0	10	10	0.51078	0.51078	0.5	0.87	0	0	0	0	0	False	False	False	False	False	2023-oxidative-damage-in-neurodegeneration-roles-in-the-pathogenesis-and-progression-of-alzheimer-disease.pdf | 2024 Advancements and Challenges in Antiamyloid Therapy for.pdf | 2024 Immune Activation in Alzheimer Disease.pdf | 2024 Neuroinflammation in Alzheimer disease.pdf | 2025 Updates on mouse models of Alzheimer’s disease.pdf | Recent advances in Alzheimer’s disease mechanisms clinical trials and new drug development strategies.pdf | alzheimer disease  2021.pdf	"A: SUPPORTED — The evidence states that microbiota can promote inflammation, as seen in the paper ""2024 Immune Activation in Alzheimer Disease,"" which discusses how microbiota can activate inflammatory pathways in the context of Alzheimer's disease.  
B: SUPPORTED — The evidence indicates that therapy with probiotics can improve memory deficits in mouse models of Alzheimer's disease, as mentioned in the paper ""Neuroinflammation in Alzheimer disease"" (2024).  
C: SUPPORTED — The evidence shows that the presence of microbiota can impair spatial learning, as indicated in the paper ""2024 Immune Activation in Alzheimer Disease,"" which discusses how microbiota recolonization can lead to increased tau phosphorylation and gliosis, affecting cognitive functions.  
D: NOT SUPPORTED — There is no evidence provided that directly states that gut microbiota reduces tau levels in AD animal models.  

ANSWER: A, B, C"	"A: SUPPORTED — The evidence states that microbiota can promote inflammation, as seen in the paper ""2024 Immune Activation in Alzheimer Disease,"" which discusses how microbiota can activate inflammatory pathways in the context of Alzheimer's disease.  
B: SUPPORTED — The evidence indicates that therapy with probiotics can improve memory deficits in mouse models of Alzheimer's disease, as mentioned in the paper ""Neuroinflammation in Alzheimer disease"" (2024).  
C: SUPPORTED — The evidence shows that the presence of microbiota can impair spatial learning, as indicated in the paper ""2024 Immune Activation in Alzheimer Disease,"" which discusses how microbiota recolonization can lead to increased tau phosphorylation and gliosis, affecting cognitive functions.  
D: NOT SUPPORTED — There is no evidence provided that directly states that gut microbiota reduces tau levels in AD animal models.  

ANSWER: A, B, C"
2	0	ET-RAG	test.agent_etrag	A0	Cosine baseline	cosine retrieval	1.0	0.0	0.0	9	Which sleep characteristics are associated with AD?	A. Reduced REM duration | B. Abnormal slow-wave oscillations | C. Increased CSF tau during wakefulness | D. Stable sleep architecture	A, B, C	Reduced REM duration | Abnormal slow-wave oscillations | Increased CSF tau during wakefulness	A, B	0.666667	strict_partial_credit	False	0.69505	4.686	1.949	0.0	12	12	0.414429	0.414429	0.5	0.875	0	0	0	0	0	False	False	False	False	False	2023-oxidative-damage-in-neurodegeneration-roles-in-the-pathogenesis-and-progression-of-alzheimer-disease.pdf | 2024 Advancements and Challenges in Antiamyloid Therapy for.pdf | 2024 Immune Activation in Alzheimer Disease.pdf | 2024 Linking activity dyshomeostasis and sleep disturbances in Alzheimer disease.pdf | 2024 Neuroinflammation in Alzheimer disease.pdf | 2025 Updates on mouse models of Alzheimer’s disease.pdf | Recent advances in Alzheimer’s disease mechanisms clinical trials and new drug development strategies.pdf | alzheimer disease  2021.pdf	"A: SUPPORTED — Reduced sharp-wave ripples in NREM sleep and quiet wakefulness are observed in familial Alzheimer disease mouse models, indicating reduced REM duration is associated with AD (Linking activity dyshomeostasis and sleep disturbances in Alzheimer disease, 2024).  
B: SUPPORTED — Abnormal slow-wave oscillations are indicated by reduced UP state durations and failed transitions in AD mouse models, suggesting this characteristic is associated with AD (Linking activity dyshomeostasis and sleep disturbances in Alzheimer disease, 2024).  
C: NOT SUPPORTED — There is no direct evidence in the provided excerpts linking increased CSF tau during wakefulness specifically to sleep characteristics associated with AD.  
D: NOT SUPPORTED — The evidence does not support the notion of stable sleep architecture in the context of AD, as alterations in sleep patterns are noted in the literature.  

ANSWER: A, B"	"A: SUPPORTED — Reduced sharp-wave ripples in NREM sleep and quiet wakefulness are observed in familial Alzheimer disease mouse models, indicating reduced REM duration is associated with AD (Linking activity dyshomeostasis and sleep disturbances in Alzheimer disease, 2024).  
B: SUPPORTED — Abnormal slow-wave oscillations are indicated by reduced UP state durations and failed transitions in AD mouse models, suggesting this characteristic is associated with AD (Linking activity dyshomeostasis and sleep disturbances in Alzheimer disease, 2024).  
C: NOT SUPPORTED — There is no direct evidence in the provided excerpts linking increased CSF tau during wakefulness specifically to sleep characteristics associated with AD.  
D: NOT SUPPORTED — The evidence does not support the notion of stable sleep architecture in the context of AD, as alterations in sleep patterns are noted in the literature.  

ANSWER: A, B"
2	0	ET-RAG	test.agent_etrag	A0	Cosine baseline	cosine retrieval	1.0	0.0	0.0	10	Which interventions may improve cognition in MCI or early dementia?	A. Melatonin | B. Rivasti gmine | C. Suvorexant | D. Ketogenic diet	A, B, C	Melatonin | Rivasti gmine | Suvorexant	B	0.333333	strict_partial_credit	False	0.709231	3.851	1.969	0.0	23	23	0.454946	0.454946	0.542065	0.854348	0	0	0	0	0	False	False	False	False	False	2023-oxidative-damage-in-neurodegeneration-roles-in-the-pathogenesis-and-progression-of-alzheimer-disease.pdf | 2024 Advancements and Challenges in Antiamyloid Therapy for.pdf | 2024 Linking activity dyshomeostasis and sleep disturbances in Alzheimer disease.pdf | 2025 Updates on mouse models of Alzheimer’s disease.pdf | Recent advances in Alzheimer’s disease mechanisms clinical trials and new drug development strategies.pdf | alzheimer disease  2021.pdf	"A: NOT SUPPORTED — There is no evidence in the provided excerpts that melatonin improves cognition in MCI or early dementia.  
B: SUPPORTED — Cholinesterase inhibitors, including rivastigmine, have been shown to alleviate cognitive impairment in AD patients, as noted in ""Alzheimer disease"" (2021).  
C: NOT SUPPORTED — There is no evidence in the provided excerpts that suvorexant improves cognition in MCI or early dementia.  
D: NOT SUPPORTED — The evidence does not support that a ketogenic diet improves cognition in MCI or early dementia.  

ANSWER: B"	"A: NOT SUPPORTED — There is no evidence in the provided excerpts that melatonin improves cognition in MCI or early dementia.  
B: SUPPORTED — Cholinesterase inhibitors, including rivastigmine, have been shown to alleviate cognitive impairment in AD patients, as noted in ""Alzheimer disease"" (2021).  
C: NOT SUPPORTED — There is no evidence in the provided excerpts that suvorexant improves cognition in MCI or early dementia.  
D: NOT SUPPORTED — The evidence does not support that a ketogenic diet improves cognition in MCI or early dementia.  

ANSWER: B"
3	0	ET-RAG	test.agent_etrag	A0	Cosine baseline	cosine retrieval	1.0	0.0	0.0	1	Which of the following are components of the A-T-N AD biomarker framework?	A. Amyloid beta | B. Tau | C. Neurodegeneration markers | D. Synaptic vesicle proteins	A, B, C	Amyloid beta | Tau | Neurodegeneration markers	A, B, C	1.0	strict_partial_credit	True	0.739369	4.353	1.89	0.0	28	25	0.541053	0.541053	0.5	0.852	0	0	0	0	0	False	False	False	False	False	2023-oxidative-damage-in-neurodegeneration-roles-in-the-pathogenesis-and-progression-of-alzheimer-disease.pdf | 2024 Advancements and Challenges in Antiamyloid Therapy for.pdf | 2024 Cell type-specific roles of APOE4 in Alzheimer disease.pdf | 2024 Neuroinflammation in Alzheimer disease.pdf | Recent advances in Alzheimer’s disease mechanisms clinical trials and new drug development strategies.pdf | alzheimer disease  2021.pdf	"A: SUPPORTED — The A-T-N framework includes amyloid beta (Aβ) deposition, pathologic tau, and neurodegeneration markers as components, as stated in ""Alzheimer disease"" (2021).  
B: SUPPORTED — The A-T-N framework specifically includes tau as a component, as indicated in ""Alzheimer disease"" (2021).  
C: SUPPORTED — Neurodegeneration markers are part of the A-T-N framework, as mentioned in ""Alzheimer disease"" (2021).  
D: NOT SUPPORTED — Synaptic vesicle proteins are not mentioned as a component of the A-T-N framework in the provided evidence.  

ANSWER: A, B, C"	"A: SUPPORTED — The A-T-N framework includes amyloid beta (Aβ) deposition, pathologic tau, and neurodegeneration markers as components, as stated in ""Alzheimer disease"" (2021).  
B: SUPPORTED — The A-T-N framework specifically includes tau as a component, as indicated in ""Alzheimer disease"" (2021).  
C: SUPPORTED — Neurodegeneration markers are part of the A-T-N framework, as mentioned in ""Alzheimer disease"" (2021).  
D: NOT SUPPORTED — Synaptic vesicle proteins are not mentioned as a component of the A-T-N framework in the provided evidence.  

ANSWER: A, B, C"
3	0	ET-RAG	test.agent_etrag	A0	Cosine baseline	cosine retrieval	1.0	0.0	0.0	2	Which sleep-related conditions are discussed as contributing to AD progression?	A. Sleep apnea | B. Long sleep duration | C. Short sleep duration | D. Insomnia	A, B, C, D	Sleep apnea | Long sleep duration | Short sleep duration | Insomnia	A, D	0.5	strict_partial_credit	False	0.692179	3.738	1.75	0.0	16	16	0.406226	0.406226	0.5	0.865625	0	0	0	0	0	False	False	False	False	False	2023-oxidative-damage-in-neurodegeneration-roles-in-the-pathogenesis-and-progression-of-alzheimer-disease.pdf | 2024 Advancements and Challenges in Antiamyloid Therapy for.pdf | 2024 Linking activity dyshomeostasis and sleep disturbances in Alzheimer disease.pdf | 2025 Oligodendrocytes in Alzheimer’s disease pathophysiology.pdf | 2025 Updates on mouse models of Alzheimer’s disease.pdf | Recent advances in Alzheimer’s disease mechanisms clinical trials and new drug development strategies.pdf | alzheimer disease  2021.pdf	"A: SUPPORTED — Comorbid sleep disorders, such as obstructive sleep apnoea, should be treated using oral appliances or nasal devices that create expiratory positive airway pressure; patients with dementia may have difficulty adapting to sleeping with a mask. (Alzheimer disease, 2021)

B: NOT SUPPORTED — There is no evidence in the provided excerpts that discusses long sleep duration as contributing to Alzheimer's disease progression.

C: NOT SUPPORTED — There is no evidence in the provided excerpts that discusses short sleep duration as contributing to Alzheimer's disease progression.

D: SUPPORTED — The evidence indicates that sleep deficits may serve as an adaptive solution to mitigate hyperexcitability at presymptomatic AD stages, suggesting a relationship between sleep disturbances and Alzheimer's disease. (Linking activity dyshomeostasis and sleep disturbances in Alzheimer disease, 2024)

ANSWER: A, D"	"A: SUPPORTED — Comorbid sleep disorders, such as obstructive sleep apnoea, should be treated using oral appliances or nasal devices that create expiratory positive airway pressure; patients with dementia may have difficulty adapting to sleeping with a mask. (Alzheimer disease, 2021)

B: NOT SUPPORTED — There is no evidence in the provided excerpts that discusses long sleep duration as contributing to Alzheimer's disease progression.

C: NOT SUPPORTED — There is no evidence in the provided excerpts that discusses short sleep duration as contributing to Alzheimer's disease progression.

D: SUPPORTED — The evidence indicates that sleep deficits may serve as an adaptive solution to mitigate hyperexcitability at presymptomatic AD stages, suggesting a relationship between sleep disturbances and Alzheimer's disease. (Linking activity dyshomeostasis and sleep disturbances in Alzheimer disease, 2024)

ANSWER: A, D"
3	0	ET-RAG	test.agent_etrag	A0	Cosine baseline	cosine retrieval	1.0	0.0	0.0	3	Which interventions were identified as promising for sleep-related AD therapy?	A. CBT-I | B. Suvorexant | C. Positive airway pressure treatment | D. Ketamine	A, B, C	CBT-I | Suvorexant | Positive airway pressure treatment	A, C	0.666667	strict_partial_credit	False	0.705161	4.109	2.067	0.0	18	18	0.443317	0.443317	0.54375	0.855556	0	0	0	0	0	False	False	False	False	False	2023-oxidative-damage-in-neurodegeneration-roles-in-the-pathogenesis-and-progression-of-alzheimer-disease.pdf | 2024 Advancements and Challenges in Antiamyloid Therapy for.pdf | 2024 Linking activity dyshomeostasis and sleep disturbances in Alzheimer disease.pdf | 2025 Updates on mouse models of Alzheimer’s disease.pdf | Recent advances in Alzheimer’s disease mechanisms clinical trials and new drug development strategies.pdf | alzheimer disease  2021.pdf	"A: SUPPORTED — Cognitive Behavioral Therapy for Insomnia (CBT-I) is discussed as a potential intervention for sleep disturbances in Alzheimer's disease in the paper ""Linking activity dyshomeostasis and sleep disturbances in Alzheimer disease"" (2024).  
B: NOT SUPPORTED — There is no evidence provided in the excerpts that directly supports the use of Suvorexant for sleep-related Alzheimer's disease therapy.  
C: SUPPORTED — Positive airway pressure treatment is mentioned as a method to treat comorbid sleep disorders like obstructive sleep apnea in patients with dementia, as noted in the paper ""Alzheimer disease"" (2021).  
D: NOT SUPPORTED — There is no evidence in the excerpts that supports the use of Ketamine for sleep-related Alzheimer's disease therapy.  
ANSWER: A, C"	"A: SUPPORTED — Cognitive Behavioral Therapy for Insomnia (CBT-I) is discussed as a potential intervention for sleep disturbances in Alzheimer's disease in the paper ""Linking activity dyshomeostasis and sleep disturbances in Alzheimer disease"" (2024).  
B: NOT SUPPORTED — There is no evidence provided in the excerpts that directly supports the use of Suvorexant for sleep-related Alzheimer's disease therapy.  
C: SUPPORTED — Positive airway pressure treatment is mentioned as a method to treat comorbid sleep disorders like obstructive sleep apnea in patients with dementia, as noted in the paper ""Alzheimer disease"" (2021).  
D: NOT SUPPORTED — There is no evidence in the excerpts that supports the use of Ketamine for sleep-related Alzheimer's disease therapy.  
ANSWER: A, C"
3	0	ET-RAG	test.agent_etrag	A0	Cosine baseline	cosine retrieval	1.0	0.0	0.0	4	Hearing loss in older adults may lead to which of the following?	A. Decreased brain volume | B. Higher tau levels | C. Lower social engagement | D. Enhanced neurogenesis	A, B, C	Decreased brain volume | Higher tau levels | Lower social engagement	A, B, C	1.0	strict_partial_credit	True	0.71179	4.303	1.912	0.0	22	22	0.462257	0.462257	0.513295	0.875	0	0	0	0	0	False	False	False	False	False	2023-oxidative-damage-in-neurodegeneration-roles-in-the-pathogenesis-and-progression-of-alzheimer-disease.pdf | 2024 Advancements and Challenges in Antiamyloid Therapy for.pdf | 2024 Cell type-specific roles of APOE4 in Alzheimer disease.pdf | 2024 Immune Activation in Alzheimer Disease.pdf | 2024 Linking activity dyshomeostasis and sleep disturbances in Alzheimer disease.pdf | 2024 Neuroinflammation in Alzheimer disease.pdf | 2025 Oligodendrocytes in Alzheimer’s disease pathophysiology.pdf | 2025 Updates on mouse models of Alzheimer’s disease.pdf | Recent advances in Alzheimer’s disease mechanisms clinical trials and new drug development strategies.pdf | alzheimer disease  2021.pdf	"A: SUPPORTED — The evidence indicates that ""the loss of homeostasis in areas of high synaptic activity in the DMN could induce dysfunction as well as the loss of homeostasis in remote but connected brain regions,"" which suggests a relationship between hearing loss and decreased brain volume (Alzheimer disease, 2021).  
B: SUPPORTED — The evidence discusses that ""tauopathy occurs in networks other than the DMN that support specific cognitive domains and are impaired in symptomatic AD,"" indicating a potential link between hearing loss and higher tau levels (Alzheimer disease, 2021).  
C: SUPPORTED — The evidence states that ""neuropsychiatric symptoms often co-occur with cognitive deficits, of which depression, anxiety and social withdrawal may be most evident in mild dementia,"" suggesting that hearing loss may lead to lower social engagement (Alzheimer disease, 2021).  
D: NOT SUPPORTED — There is no evidence provided that supports the idea that hearing loss in older adults leads to enhanced neurogenesis.  

ANSWER: A, B, C"	"A: SUPPORTED — The evidence indicates that ""the loss of homeostasis in areas of high synaptic activity in the DMN could induce dysfunction as well as the loss of homeostasis in remote but connected brain regions,"" which suggests a relationship between hearing loss and decreased brain volume (Alzheimer disease, 2021).  
B: SUPPORTED — The evidence discusses that ""tauopathy occurs in networks other than the DMN that support specific cognitive domains and are impaired in symptomatic AD,"" indicating a potential link between hearing loss and higher tau levels (Alzheimer disease, 2021).  
C: SUPPORTED — The evidence states that ""neuropsychiatric symptoms often co-occur with cognitive deficits, of which depression, anxiety and social withdrawal may be most evident in mild dementia,"" suggesting that hearing loss may lead to lower social engagement (Alzheimer disease, 2021).  
D: NOT SUPPORTED — There is no evidence provided that supports the idea that hearing loss in older adults leads to enhanced neurogenesis.  

ANSWER: A, B, C"
3	0	ET-RAG	test.agent_etrag	A0	Cosine baseline	cosine retrieval	1.0	0.0	0.0	5	Which factors have been epidemiologically linked to AD?	A. Hypoxia | B. Gut microbiota imbalance | C. High education | D. Diet	A, B, D	Hypoxia | Gut microbiota imbalance | Diet	B, D	0.666667	strict_partial_credit	False	0.715804	4.017	1.856	0.0	20	20	0.473725	0.473725	0.52025	0.87	0	0	0	0	0	False	False	False	False	False	2023-oxidative-damage-in-neurodegeneration-roles-in-the-pathogenesis-and-progression-of-alzheimer-disease.pdf | 2024 Advancements and Challenges in Antiamyloid Therapy for.pdf | 2024 Cell type-specific roles of APOE4 in Alzheimer disease.pdf | 2024 Immune Activation in Alzheimer Disease.pdf | 2024 Linking activity dyshomeostasis and sleep disturbances in Alzheimer disease.pdf | 2024 Neuroinflammation in Alzheimer disease.pdf | 2025 Updates on mouse models of Alzheimer’s disease.pdf | Recent advances in Alzheimer’s disease mechanisms clinical trials and new drug development strategies.pdf | alzheimer disease  2021.pdf	"A: NOT SUPPORTED — There is no direct evidence linking hypoxia to Alzheimer's disease in the provided excerpts.  
B: SUPPORTED — The microbiota-gut-brain axis hypothesis suggests that alterations in gut microbiota can influence brain function and may be linked to Alzheimer's disease (Recent advances in Alzheimer’s disease: mechanisms, clinical trials and new drug development strategies, year unknown).  
C: NOT SUPPORTED — The evidence does not support a direct link between high education and Alzheimer's disease in the provided excerpts.  
D: SUPPORTED — Specific dietary patterns have been linked to Alzheimer's disease risk, indicating that diet plays a role in the disease (Oxidative damage in neurodegeneration: roles in the pathogenesis and progression of Alzheimer disease, 2023).  
ANSWER: B, D"	"A: NOT SUPPORTED — There is no direct evidence linking hypoxia to Alzheimer's disease in the provided excerpts.  
B: SUPPORTED — The microbiota-gut-brain axis hypothesis suggests that alterations in gut microbiota can influence brain function and may be linked to Alzheimer's disease (Recent advances in Alzheimer’s disease: mechanisms, clinical trials and new drug development strategies, year unknown).  
C: NOT SUPPORTED — The evidence does not support a direct link between high education and Alzheimer's disease in the provided excerpts.  
D: SUPPORTED — Specific dietary patterns have been linked to Alzheimer's disease risk, indicating that diet plays a role in the disease (Oxidative damage in neurodegeneration: roles in the pathogenesis and progression of Alzheimer disease, 2023).  
ANSWER: B, D"
3	0	ET-RAG	test.agent_etrag	A0	Cosine baseline	cosine retrieval	1.0	0.0	0.0	6	Which imaging biomarkers are used in AD diagnosis?	A. Tau-PET | B. MRI | C. CT | D. FDG-PET	A, B, D	Tau-PET | MRI | FDG-PET	A, B, D	1.0	strict_partial_credit	True	0.736512	3.994	1.995	0.0	28	25	0.532891	0.532891	0.5216	0.858	0	0	0	0	0	False	False	False	False	False	2023-oxidative-damage-in-neurodegeneration-roles-in-the-pathogenesis-and-progression-of-alzheimer-disease.pdf | 2024 Advancements and Challenges in Antiamyloid Therapy for.pdf | 2024 Immune Activation in Alzheimer Disease.pdf | 2024 Neuroinflammation in Alzheimer disease.pdf | 2025 Updates on mouse models of Alzheimer’s disease.pdf | Recent advances in Alzheimer’s disease mechanisms clinical trials and new drug development strategies.pdf | alzheimer disease  2021.pdf	"A: SUPPORTED — Tau-PET imaging allows the detection of tauopathy that is largely specific for Alzheimer's disease and is used as a biomarker in its diagnosis (Alzheimer disease, 2021).  
B: SUPPORTED — Structural MRI is useful for assessing atrophy in the medial temporal lobe, which is relevant in the context of Alzheimer's disease diagnosis (Alzheimer disease, 2021).  
C: NOT SUPPORTED — While CT is mentioned as an imaging modality, the evidence indicates its lack of specificity or sensitivity for Alzheimer's disease, making it less relevant for diagnosis (Alzheimer disease, 2021).  
D: SUPPORTED — FDG-PET detects reduced glucose metabolism in brain regions characteristic of Alzheimer's disease and is used as a biomarker in its diagnosis (Recent advances in Alzheimer’s disease: mechanisms, clinical trials and new drug development strategies, year unknown).  
ANSWER: A, B, D"	"A: SUPPORTED — Tau-PET imaging allows the detection of tauopathy that is largely specific for Alzheimer's disease and is used as a biomarker in its diagnosis (Alzheimer disease, 2021).  
B: SUPPORTED — Structural MRI is useful for assessing atrophy in the medial temporal lobe, which is relevant in the context of Alzheimer's disease diagnosis (Alzheimer disease, 2021).  
C: NOT SUPPORTED — While CT is mentioned as an imaging modality, the evidence indicates its lack of specificity or sensitivity for Alzheimer's disease, making it less relevant for diagnosis (Alzheimer disease, 2021).  
D: SUPPORTED — FDG-PET detects reduced glucose metabolism in brain regions characteristic of Alzheimer's disease and is used as a biomarker in its diagnosis (Recent advances in Alzheimer’s disease: mechanisms, clinical trials and new drug development strategies, year unknown).  
ANSWER: A, B, D"
3	0	ET-RAG	test.agent_etrag	A0	Cosine baseline	cosine retrieval	1.0	0.0	0.0	7	What roles do CSF biomarkers play in AD diagnosis?	A. Stage disease progression | B. Diagnose mild cognitive impairment | C. Indicate tau pathology | D. Replace neuropsychological testing	A, B, C	Stage disease progression | Diagnose mild cognitive impairment | Indicate tau pathology	A, B, C	1.0	strict_partial_credit	True	0.742753	4.741	2.037	0.0	31	25	0.550723	0.550723	0.5207	0.848	0	0	0	0	0	False	False	False	False	False	2024 Advancements and Challenges in Antiamyloid Therapy for.pdf | 2024 Immune Activation in Alzheimer Disease.pdf | 2024 Neuroinflammation in Alzheimer disease.pdf | Recent advances in Alzheimer’s disease mechanisms clinical trials and new drug development strategies.pdf | alzheimer disease  2021.pdf	"A: SUPPORTED — CSF biomarkers are recognized for their diagnostic utility in Alzheimer's disease, including their ability to indicate disease progression (Alzheimer disease, 2021).  
B: SUPPORTED — CSF biomarkers can help diagnose mild cognitive impairment, particularly through the assessment of Aβ and tau levels (Alzheimer disease, 2021).  
C: SUPPORTED — p-tau181 is considered a specific biomarker for tau pathology in Alzheimer's disease (Alzheimer disease, 2021).  
D: NOT SUPPORTED — CSF biomarkers are not intended to replace neuropsychological testing but rather to complement it in the diagnostic process (Alzheimer disease, 2021).  
ANSWER: A, B, C"	"A: SUPPORTED — CSF biomarkers are recognized for their diagnostic utility in Alzheimer's disease, including their ability to indicate disease progression (Alzheimer disease, 2021).  
B: SUPPORTED — CSF biomarkers can help diagnose mild cognitive impairment, particularly through the assessment of Aβ and tau levels (Alzheimer disease, 2021).  
C: SUPPORTED — p-tau181 is considered a specific biomarker for tau pathology in Alzheimer's disease (Alzheimer disease, 2021).  
D: NOT SUPPORTED — CSF biomarkers are not intended to replace neuropsychological testing but rather to complement it in the diagnostic process (Alzheimer disease, 2021).  
ANSWER: A, B, C"
3	0	ET-RAG	test.agent_etrag	A0	Cosine baseline	cosine retrieval	1.0	0.0	0.0	8	What effects does gut microbiota have in AD animal models?	A. Promotes inflammation | B. Improves memory | C. Impairs spatial learning | D. Reduces tau levels	A, C	Promotes inflammation | Impairs spatial learning	A, C	1.0	strict_partial_credit	True	0.728773	4.701	2.2	0.0	10	10	0.51078	0.51078	0.5	0.87	0	0	0	0	0	False	False	False	False	False	2023-oxidative-damage-in-neurodegeneration-roles-in-the-pathogenesis-and-progression-of-alzheimer-disease.pdf | 2024 Advancements and Challenges in Antiamyloid Therapy for.pdf | 2024 Immune Activation in Alzheimer Disease.pdf | 2024 Neuroinflammation in Alzheimer disease.pdf | 2025 Updates on mouse models of Alzheimer’s disease.pdf | Recent advances in Alzheimer’s disease mechanisms clinical trials and new drug development strategies.pdf | alzheimer disease  2021.pdf	"A: SUPPORTED — The evidence indicates that microbiota can promote inflammation, as seen in the paper ""2024 Immune Activation in Alzheimer Disease,"" which discusses how microbiota can activate inflammatory pathways in the context of Alzheimer's disease. 

B: NOT SUPPORTED — There is no evidence provided in the excerpts that directly supports the claim that gut microbiota improves memory in AD animal models.

C: SUPPORTED — The evidence suggests that gut microbiota can impair spatial learning, as indicated in the paper ""2024 Immune Activation in Alzheimer Disease,"" which describes how microbiota depletion can lead to cognitive deficits, including spatial learning impairments.

D: NOT SUPPORTED — The excerpts do not provide evidence that gut microbiota reduces tau levels in AD animal models.

ANSWER: A, C"	"A: SUPPORTED — The evidence indicates that microbiota can promote inflammation, as seen in the paper ""2024 Immune Activation in Alzheimer Disease,"" which discusses how microbiota can activate inflammatory pathways in the context of Alzheimer's disease. 

B: NOT SUPPORTED — There is no evidence provided in the excerpts that directly supports the claim that gut microbiota improves memory in AD animal models.

C: SUPPORTED — The evidence suggests that gut microbiota can impair spatial learning, as indicated in the paper ""2024 Immune Activation in Alzheimer Disease,"" which describes how microbiota depletion can lead to cognitive deficits, including spatial learning impairments.

D: NOT SUPPORTED — The excerpts do not provide evidence that gut microbiota reduces tau levels in AD animal models.

ANSWER: A, C"
3	0	ET-RAG	test.agent_etrag	A0	Cosine baseline	cosine retrieval	1.0	0.0	0.0	9	Which sleep characteristics are associated with AD?	A. Reduced REM duration | B. Abnormal slow-wave oscillations | C. Increased CSF tau during wakefulness | D. Stable sleep architecture	A, B, C	Reduced REM duration | Abnormal slow-wave oscillations | Increased CSF tau during wakefulness	A, B	0.666667	strict_partial_credit	False	0.695058	9.031	6.051	0.0	12	12	0.41445	0.41445	0.5	0.875	0	0	0	0	0	False	False	False	False	False	2023-oxidative-damage-in-neurodegeneration-roles-in-the-pathogenesis-and-progression-of-alzheimer-disease.pdf | 2024 Advancements and Challenges in Antiamyloid Therapy for.pdf | 2024 Immune Activation in Alzheimer Disease.pdf | 2024 Linking activity dyshomeostasis and sleep disturbances in Alzheimer disease.pdf | 2024 Neuroinflammation in Alzheimer disease.pdf | 2025 Updates on mouse models of Alzheimer’s disease.pdf | Recent advances in Alzheimer’s disease mechanisms clinical trials and new drug development strategies.pdf | alzheimer disease  2021.pdf	"A: SUPPORTED — Reduced sharp-wave ripples in NREM sleep and quiet wakefulness are observed in familial Alzheimer disease mouse models, indicating reduced REM duration is associated with AD (Linking activity dyshomeostasis and sleep disturbances in Alzheimer disease, 2024).  
B: SUPPORTED — Abnormal slow-wave oscillations are indicated by reduced UP state durations and failed transitions in AD mouse models, suggesting this characteristic is associated with AD (Linking activity dyshomeostasis and sleep disturbances in Alzheimer disease, 2024).  
C: NOT SUPPORTED — There is no direct evidence linking increased CSF tau during wakefulness to sleep characteristics in the context of AD in the provided excerpts.  
D: NOT SUPPORTED — The evidence does not support the notion of stable sleep architecture in AD, as alterations in sleep patterns are noted in the context of the disease (Linking activity dyshomeostasis and sleep disturbances in Alzheimer disease, 2024).  

ANSWER: A, B"	"A: SUPPORTED — Reduced sharp-wave ripples in NREM sleep and quiet wakefulness are observed in familial Alzheimer disease mouse models, indicating reduced REM duration is associated with AD (Linking activity dyshomeostasis and sleep disturbances in Alzheimer disease, 2024).  
B: SUPPORTED — Abnormal slow-wave oscillations are indicated by reduced UP state durations and failed transitions in AD mouse models, suggesting this characteristic is associated with AD (Linking activity dyshomeostasis and sleep disturbances in Alzheimer disease, 2024).  
C: NOT SUPPORTED — There is no direct evidence linking increased CSF tau during wakefulness to sleep characteristics in the context of AD in the provided excerpts.  
D: NOT SUPPORTED — The evidence does not support the notion of stable sleep architecture in AD, as alterations in sleep patterns are noted in the context of the disease (Linking activity dyshomeostasis and sleep disturbances in Alzheimer disease, 2024).  

ANSWER: A, B"
3	0	ET-RAG	test.agent_etrag	A0	Cosine baseline	cosine retrieval	1.0	0.0	0.0	10	Which interventions may improve cognition in MCI or early dementia?	A. Melatonin | B. Rivasti gmine | C. Suvorexant | D. Ketogenic diet	A, B, C	Melatonin | Rivasti gmine | Suvorexant	B	0.333333	strict_partial_credit	False	0.709234	3.56	1.787	0.0	23	23	0.454954	0.454954	0.542065	0.854348	0	0	0	0	0	False	False	False	False	False	2023-oxidative-damage-in-neurodegeneration-roles-in-the-pathogenesis-and-progression-of-alzheimer-disease.pdf | 2024 Advancements and Challenges in Antiamyloid Therapy for.pdf | 2024 Linking activity dyshomeostasis and sleep disturbances in Alzheimer disease.pdf | 2025 Updates on mouse models of Alzheimer’s disease.pdf | Recent advances in Alzheimer’s disease mechanisms clinical trials and new drug development strategies.pdf | alzheimer disease  2021.pdf	"A: NOT SUPPORTED — There is no evidence in the provided excerpts that melatonin improves cognition in MCI or early dementia.  
B: SUPPORTED — Cholinesterase inhibitors, including rivastigmine, have been shown to alleviate cognitive impairment in AD patients, as noted in ""Alzheimer disease"" (2021).  
C: NOT SUPPORTED — There is no evidence in the provided excerpts that suvorexant improves cognition in MCI or early dementia.  
D: NOT SUPPORTED — The evidence does not support that a ketogenic diet improves cognition in MCI or early dementia.  

ANSWER: B"	"A: NOT SUPPORTED — There is no evidence in the provided excerpts that melatonin improves cognition in MCI or early dementia.  
B: SUPPORTED — Cholinesterase inhibitors, including rivastigmine, have been shown to alleviate cognitive impairment in AD patients, as noted in ""Alzheimer disease"" (2021).  
C: NOT SUPPORTED — There is no evidence in the provided excerpts that suvorexant improves cognition in MCI or early dementia.  
D: NOT SUPPORTED — The evidence does not support that a ketogenic diet improves cognition in MCI or early dementia.  

ANSWER: B"
4	0	ET-RAG	test.agent_etrag	A0	Cosine baseline	cosine retrieval	1.0	0.0	0.0	1	Which of the following are components of the A-T-N AD biomarker framework?	A. Amyloid beta | B. Tau | C. Neurodegeneration markers | D. Synaptic vesicle proteins	A, B, C	Amyloid beta | Tau | Neurodegeneration markers	A, B, C	1.0	strict_partial_credit	True	0.739369	4.796	2.204	0.0	28	25	0.541053	0.541053	0.5	0.852	0	0	0	0	0	False	False	False	False	False	2023-oxidative-damage-in-neurodegeneration-roles-in-the-pathogenesis-and-progression-of-alzheimer-disease.pdf | 2024 Advancements and Challenges in Antiamyloid Therapy for.pdf | 2024 Cell type-specific roles of APOE4 in Alzheimer disease.pdf | 2024 Neuroinflammation in Alzheimer disease.pdf | Recent advances in Alzheimer’s disease mechanisms clinical trials and new drug development strategies.pdf | alzheimer disease  2021.pdf	"A: SUPPORTED — The A-T-N framework includes amyloid beta (Aβ) deposition, pathologic tau, and neurodegeneration markers as components, as stated in ""Alzheimer disease"" (2021).  
B: SUPPORTED — The A-T-N framework specifically includes tau as a component, as indicated in ""Alzheimer disease"" (2021).  
C: SUPPORTED — Neurodegeneration markers are part of the A-T-N framework, as mentioned in ""Alzheimer disease"" (2021).  
D: NOT SUPPORTED — Synaptic vesicle proteins are not mentioned as a component of the A-T-N framework in the provided evidence.  
ANSWER: A, B, C"	"A: SUPPORTED — The A-T-N framework includes amyloid beta (Aβ) deposition, pathologic tau, and neurodegeneration markers as components, as stated in ""Alzheimer disease"" (2021).  
B: SUPPORTED — The A-T-N framework specifically includes tau as a component, as indicated in ""Alzheimer disease"" (2021).  
C: SUPPORTED — Neurodegeneration markers are part of the A-T-N framework, as mentioned in ""Alzheimer disease"" (2021).  
D: NOT SUPPORTED — Synaptic vesicle proteins are not mentioned as a component of the A-T-N framework in the provided evidence.  
ANSWER: A, B, C"
4	0	ET-RAG	test.agent_etrag	A0	Cosine baseline	cosine retrieval	1.0	0.0	0.0	2	Which sleep-related conditions are discussed as contributing to AD progression?	A. Sleep apnea | B. Long sleep duration | C. Short sleep duration | D. Insomnia	A, B, C, D	Sleep apnea | Long sleep duration | Short sleep duration | Insomnia	A, D	0.5	strict_partial_credit	False	0.692171	4.538	2.092	0.0	16	16	0.406203	0.406203	0.5	0.865625	0	0	0	0	0	False	False	False	False	False	2023-oxidative-damage-in-neurodegeneration-roles-in-the-pathogenesis-and-progression-of-alzheimer-disease.pdf | 2024 Advancements and Challenges in Antiamyloid Therapy for.pdf | 2024 Linking activity dyshomeostasis and sleep disturbances in Alzheimer disease.pdf | 2025 Oligodendrocytes in Alzheimer’s disease pathophysiology.pdf | 2025 Updates on mouse models of Alzheimer’s disease.pdf | Recent advances in Alzheimer’s disease mechanisms clinical trials and new drug development strategies.pdf | alzheimer disease  2021.pdf	"A: SUPPORTED — Comorbid sleep disorders, such as obstructive sleep apnoea, should be treated using oral appliances or nasal devices that create expiratory positive airway pressure; patients with dementia may have difficulty adapting to sleeping with a mask. (Alzheimer disease, 2021)

B: NOT SUPPORTED — There is no evidence in the provided excerpts that discusses long sleep duration as contributing to Alzheimer's disease progression.

C: NOT SUPPORTED — There is no evidence in the provided excerpts that discusses short sleep duration as contributing to Alzheimer's disease progression.

D: SUPPORTED — The evidence indicates that sleep deficits may serve as an adaptive solution to mitigate hyperexcitability at presymptomatic AD stages, suggesting a relationship between sleep disturbances and Alzheimer's disease. (Linking activity dyshomeostasis and sleep disturbances in Alzheimer disease, 2024)

ANSWER: A, D"	"A: SUPPORTED — Comorbid sleep disorders, such as obstructive sleep apnoea, should be treated using oral appliances or nasal devices that create expiratory positive airway pressure; patients with dementia may have difficulty adapting to sleeping with a mask. (Alzheimer disease, 2021)

B: NOT SUPPORTED — There is no evidence in the provided excerpts that discusses long sleep duration as contributing to Alzheimer's disease progression.

C: NOT SUPPORTED — There is no evidence in the provided excerpts that discusses short sleep duration as contributing to Alzheimer's disease progression.

D: SUPPORTED — The evidence indicates that sleep deficits may serve as an adaptive solution to mitigate hyperexcitability at presymptomatic AD stages, suggesting a relationship between sleep disturbances and Alzheimer's disease. (Linking activity dyshomeostasis and sleep disturbances in Alzheimer disease, 2024)

ANSWER: A, D"
4	0	ET-RAG	test.agent_etrag	A0	Cosine baseline	cosine retrieval	1.0	0.0	0.0	3	Which interventions were identified as promising for sleep-related AD therapy?	A. CBT-I | B. Suvorexant | C. Positive airway pressure treatment | D. Ketamine	A, B, C	CBT-I | Suvorexant | Positive airway pressure treatment	A, C	0.666667	strict_partial_credit	False	0.705164	4.688	2.389	0.0	18	18	0.443327	0.443327	0.54375	0.855556	0	0	0	0	0	False	False	False	False	False	2023-oxidative-damage-in-neurodegeneration-roles-in-the-pathogenesis-and-progression-of-alzheimer-disease.pdf | 2024 Advancements and Challenges in Antiamyloid Therapy for.pdf | 2024 Linking activity dyshomeostasis and sleep disturbances in Alzheimer disease.pdf | 2025 Updates on mouse models of Alzheimer’s disease.pdf | Recent advances in Alzheimer’s disease mechanisms clinical trials and new drug development strategies.pdf | alzheimer disease  2021.pdf	"A: SUPPORTED — Cognitive Behavioral Therapy for Insomnia (CBT-I) is discussed as a potential intervention for sleep disturbances in Alzheimer's disease in the paper ""Linking activity dyshomeostasis and sleep disturbances in Alzheimer disease"" (2024).  
B: NOT SUPPORTED — There is no evidence provided in the excerpts that directly supports the use of Suvorexant for sleep-related Alzheimer's disease therapy.  
C: SUPPORTED — Positive airway pressure treatment is mentioned as a method to treat comorbid sleep disorders like obstructive sleep apnea in patients with dementia, as noted in the paper ""Alzheimer disease"" (2021).  
D: NOT SUPPORTED — There is no evidence in the excerpts that supports the use of Ketamine for sleep-related Alzheimer's disease therapy.  
ANSWER: A, C"	"A: SUPPORTED — Cognitive Behavioral Therapy for Insomnia (CBT-I) is discussed as a potential intervention for sleep disturbances in Alzheimer's disease in the paper ""Linking activity dyshomeostasis and sleep disturbances in Alzheimer disease"" (2024).  
B: NOT SUPPORTED — There is no evidence provided in the excerpts that directly supports the use of Suvorexant for sleep-related Alzheimer's disease therapy.  
C: SUPPORTED — Positive airway pressure treatment is mentioned as a method to treat comorbid sleep disorders like obstructive sleep apnea in patients with dementia, as noted in the paper ""Alzheimer disease"" (2021).  
D: NOT SUPPORTED — There is no evidence in the excerpts that supports the use of Ketamine for sleep-related Alzheimer's disease therapy.  
ANSWER: A, C"
4	0	ET-RAG	test.agent_etrag	A0	Cosine baseline	cosine retrieval	1.0	0.0	0.0	4	Hearing loss in older adults may lead to which of the following?	A. Decreased brain volume | B. Higher tau levels | C. Lower social engagement | D. Enhanced neurogenesis	A, B, C	Decreased brain volume | Higher tau levels | Lower social engagement	A, B, C	1.0	strict_partial_credit	True	0.71179	4.381	1.715	0.0	22	22	0.462257	0.462257	0.513295	0.875	0	0	0	0	0	False	False	False	False	False	2023-oxidative-damage-in-neurodegeneration-roles-in-the-pathogenesis-and-progression-of-alzheimer-disease.pdf | 2024 Advancements and Challenges in Antiamyloid Therapy for.pdf | 2024 Cell type-specific roles of APOE4 in Alzheimer disease.pdf | 2024 Immune Activation in Alzheimer Disease.pdf | 2024 Linking activity dyshomeostasis and sleep disturbances in Alzheimer disease.pdf | 2024 Neuroinflammation in Alzheimer disease.pdf | 2025 Oligodendrocytes in Alzheimer’s disease pathophysiology.pdf | 2025 Updates on mouse models of Alzheimer’s disease.pdf | Recent advances in Alzheimer’s disease mechanisms clinical trials and new drug development strategies.pdf | alzheimer disease  2021.pdf	"A: SUPPORTED — The evidence indicates that tauopathy occurs in networks that support specific cognitive domains and are impaired in symptomatic Alzheimer's disease, which is relevant to the relationship between hearing loss and higher tau levels (Alzheimer disease, 2021).  
B: SUPPORTED — The evidence discusses the relationship between tau levels and cognitive decline, suggesting that higher tau levels are associated with cognitive impairment, which may be relevant to hearing loss in older adults (Alzheimer disease, 2021).  
C: SUPPORTED — The evidence states that neuropsychiatric symptoms, including social withdrawal, often co-occur with cognitive deficits in Alzheimer's disease, indicating that hearing loss may lead to lower social engagement (Alzheimer disease, 2021).  
D: NOT SUPPORTED — There is no evidence provided that supports the idea that hearing loss in older adults leads to enhanced neurogenesis.  

ANSWER: A, B, C"	"A: SUPPORTED — The evidence indicates that tauopathy occurs in networks that support specific cognitive domains and are impaired in symptomatic Alzheimer's disease, which is relevant to the relationship between hearing loss and higher tau levels (Alzheimer disease, 2021).  
B: SUPPORTED — The evidence discusses the relationship between tau levels and cognitive decline, suggesting that higher tau levels are associated with cognitive impairment, which may be relevant to hearing loss in older adults (Alzheimer disease, 2021).  
C: SUPPORTED — The evidence states that neuropsychiatric symptoms, including social withdrawal, often co-occur with cognitive deficits in Alzheimer's disease, indicating that hearing loss may lead to lower social engagement (Alzheimer disease, 2021).  
D: NOT SUPPORTED — There is no evidence provided that supports the idea that hearing loss in older adults leads to enhanced neurogenesis.  

ANSWER: A, B, C"
4	0	ET-RAG	test.agent_etrag	A0	Cosine baseline	cosine retrieval	1.0	0.0	0.0	5	Which factors have been epidemiologically linked to AD?	A. Hypoxia | B. Gut microbiota imbalance | C. High education | D. Diet	A, B, D	Hypoxia | Gut microbiota imbalance | Diet	B, D	0.666667	strict_partial_credit	False	0.715804	3.845	1.993	0.0	20	20	0.473726	0.473726	0.52025	0.87	0	0	0	0	0	False	False	False	False	False	2023-oxidative-damage-in-neurodegeneration-roles-in-the-pathogenesis-and-progression-of-alzheimer-disease.pdf | 2024 Advancements and Challenges in Antiamyloid Therapy for.pdf | 2024 Cell type-specific roles of APOE4 in Alzheimer disease.pdf | 2024 Immune Activation in Alzheimer Disease.pdf | 2024 Linking activity dyshomeostasis and sleep disturbances in Alzheimer disease.pdf | 2024 Neuroinflammation in Alzheimer disease.pdf | 2025 Updates on mouse models of Alzheimer’s disease.pdf | Recent advances in Alzheimer’s disease mechanisms clinical trials and new drug development strategies.pdf | alzheimer disease  2021.pdf	"A: NOT SUPPORTED — There is no direct evidence linking hypoxia to Alzheimer's disease in the provided excerpts.  
B: SUPPORTED — The microbiota-gut-brain axis hypothesis suggests that alterations in gut microbiota can influence brain function and may be linked to Alzheimer's disease (Recent advances in Alzheimer’s disease: mechanisms, clinical trials and new drug development strategies, year unknown).  
C: NOT SUPPORTED — High education is not mentioned as a risk factor for Alzheimer's disease in the provided excerpts.  
D: SUPPORTED — Specific dietary patterns have been linked to Alzheimer's disease risk, indicating that diet plays a role in the disease (Oxidative damage in neurodegeneration: roles in the pathogenesis and progression of Alzheimer disease, 2023).  
ANSWER: B, D"	"A: NOT SUPPORTED — There is no direct evidence linking hypoxia to Alzheimer's disease in the provided excerpts.  
B: SUPPORTED — The microbiota-gut-brain axis hypothesis suggests that alterations in gut microbiota can influence brain function and may be linked to Alzheimer's disease (Recent advances in Alzheimer’s disease: mechanisms, clinical trials and new drug development strategies, year unknown).  
C: NOT SUPPORTED — High education is not mentioned as a risk factor for Alzheimer's disease in the provided excerpts.  
D: SUPPORTED — Specific dietary patterns have been linked to Alzheimer's disease risk, indicating that diet plays a role in the disease (Oxidative damage in neurodegeneration: roles in the pathogenesis and progression of Alzheimer disease, 2023).  
ANSWER: B, D"
4	0	ET-RAG	test.agent_etrag	A0	Cosine baseline	cosine retrieval	1.0	0.0	0.0	6	Which imaging biomarkers are used in AD diagnosis?	A. Tau-PET | B. MRI | C. CT | D. FDG-PET	A, B, D	Tau-PET | MRI | FDG-PET	A, B, C, D	0.0	strict_partial_credit	False	0.73652	4.001	1.95	0.0	28	25	0.532913	0.532913	0.5216	0.858	0	0	0	0	0	False	False	False	False	False	2023-oxidative-damage-in-neurodegeneration-roles-in-the-pathogenesis-and-progression-of-alzheimer-disease.pdf | 2024 Advancements and Challenges in Antiamyloid Therapy for.pdf | 2024 Immune Activation in Alzheimer Disease.pdf | 2024 Neuroinflammation in Alzheimer disease.pdf | 2025 Updates on mouse models of Alzheimer’s disease.pdf | Recent advances in Alzheimer’s disease mechanisms clinical trials and new drug development strategies.pdf | alzheimer disease  2021.pdf	"A: SUPPORTED — Tau-PET imaging allows the detection of tauopathy that is largely specific for Alzheimer's disease, as discussed in the paper ""Alzheimer disease"" (2021).  
B: SUPPORTED — Structural MRI is useful for assessing hippocampal and entorhinal cortex atrophy, which is relevant in the context of Alzheimer's disease diagnosis, as mentioned in the paper ""Recent advances in Alzheimer’s disease: mechanisms, clinical trials and new drug development strategies"" (year unknown).  
C: SUPPORTED — CT, along with FDG-PET and MRI, was one of the first imaging modalities used to evaluate patients with cognitive impairment, as stated in the paper ""Alzheimer disease"" (2021).  
D: SUPPORTED — FDG-PET detects reduced glucose metabolism in the posterior cingulate and temporoparietal lobes, which is characteristic of Alzheimer's disease, as noted in the paper ""Recent advances in Alzheimer’s disease: mechanisms, clinical trials and new drug development strategies"" (year unknown).  
ANSWER: A, B, C, D"	"A: SUPPORTED — Tau-PET imaging allows the detection of tauopathy that is largely specific for Alzheimer's disease, as discussed in the paper ""Alzheimer disease"" (2021).  
B: SUPPORTED — Structural MRI is useful for assessing hippocampal and entorhinal cortex atrophy, which is relevant in the context of Alzheimer's disease diagnosis, as mentioned in the paper ""Recent advances in Alzheimer’s disease: mechanisms, clinical trials and new drug development strategies"" (year unknown).  
C: SUPPORTED — CT, along with FDG-PET and MRI, was one of the first imaging modalities used to evaluate patients with cognitive impairment, as stated in the paper ""Alzheimer disease"" (2021).  
D: SUPPORTED — FDG-PET detects reduced glucose metabolism in the posterior cingulate and temporoparietal lobes, which is characteristic of Alzheimer's disease, as noted in the paper ""Recent advances in Alzheimer’s disease: mechanisms, clinical trials and new drug development strategies"" (year unknown).  
ANSWER: A, B, C, D"
4	0	ET-RAG	test.agent_etrag	A0	Cosine baseline	cosine retrieval	1.0	0.0	0.0	7	What roles do CSF biomarkers play in AD diagnosis?	A. Stage disease progression | B. Diagnose mild cognitive impairment | C. Indicate tau pathology | D. Replace neuropsychological testing	A, B, C	Stage disease progression | Diagnose mild cognitive impairment | Indicate tau pathology	A, B, C	1.0	strict_partial_credit	True	0.742807	4.82	2.627	0.0	31	25	0.550877	0.550877	0.5207	0.848	0	0	0	0	0	False	False	False	False	False	2024 Advancements and Challenges in Antiamyloid Therapy for.pdf | 2024 Immune Activation in Alzheimer Disease.pdf | 2024 Neuroinflammation in Alzheimer disease.pdf | Recent advances in Alzheimer’s disease mechanisms clinical trials and new drug development strategies.pdf | alzheimer disease  2021.pdf	"A: SUPPORTED — CSF biomarkers are recognized by research guidelines for their diagnostic utility in Alzheimer’s disease (AD) and can indicate the severity of the AD process (Alzheimer disease, 2021).  
B: SUPPORTED — The presence of abnormal AD biomarkers, including CSF biomarkers, is associated with an increased risk of progression from mild cognitive impairment (MCI) to dementia (Alzheimer disease, 2021).  
C: SUPPORTED — p-tau181 is considered a specific biomarker for tau pathology in Alzheimer’s disease (Alzheimer disease, 2021).  
D: NOT SUPPORTED — The evidence does not support the idea that CSF biomarkers can replace neuropsychological testing in the diagnosis of Alzheimer’s disease (Alzheimer disease, 2021).  
ANSWER: A, B, C"	"A: SUPPORTED — CSF biomarkers are recognized by research guidelines for their diagnostic utility in Alzheimer’s disease (AD) and can indicate the severity of the AD process (Alzheimer disease, 2021).  
B: SUPPORTED — The presence of abnormal AD biomarkers, including CSF biomarkers, is associated with an increased risk of progression from mild cognitive impairment (MCI) to dementia (Alzheimer disease, 2021).  
C: SUPPORTED — p-tau181 is considered a specific biomarker for tau pathology in Alzheimer’s disease (Alzheimer disease, 2021).  
D: NOT SUPPORTED — The evidence does not support the idea that CSF biomarkers can replace neuropsychological testing in the diagnosis of Alzheimer’s disease (Alzheimer disease, 2021).  
ANSWER: A, B, C"
4	0	ET-RAG	test.agent_etrag	A0	Cosine baseline	cosine retrieval	1.0	0.0	0.0	8	What effects does gut microbiota have in AD animal models?	A. Promotes inflammation | B. Improves memory | C. Impairs spatial learning | D. Reduces tau levels	A, C	Promotes inflammation | Impairs spatial learning	A, B, C	0.0	strict_partial_credit	False	0.728773	4.259	2.615	0.0	10	10	0.51078	0.51078	0.5	0.87	0	0	0	0	0	False	False	False	False	False	2023-oxidative-damage-in-neurodegeneration-roles-in-the-pathogenesis-and-progression-of-alzheimer-disease.pdf | 2024 Advancements and Challenges in Antiamyloid Therapy for.pdf | 2024 Immune Activation in Alzheimer Disease.pdf | 2024 Neuroinflammation in Alzheimer disease.pdf | 2025 Updates on mouse models of Alzheimer’s disease.pdf | Recent advances in Alzheimer’s disease mechanisms clinical trials and new drug development strategies.pdf | alzheimer disease  2021.pdf	"A: SUPPORTED — The evidence indicates that microbiota can promote inflammation, as seen in the paper ""2024 Immune Activation in Alzheimer Disease,"" which discusses how microbiota can activate inflammatory pathways in the context of Alzheimer's disease.  
B: SUPPORTED — The evidence suggests that gut microbiota can improve memory, as indicated in the paper ""Neuroinflammation in Alzheimer disease,"" which states that therapy with specific probiotics improves memory deficits in mouse models of AD.  
C: SUPPORTED — The evidence shows that gut microbiota can impair spatial learning, as mentioned in the paper ""2024 Immune Activation in Alzheimer Disease,"" where it is noted that microbiota recolonization can lead to increased tau phosphorylation and cognitive deficits.  
D: NOT SUPPORTED — There is no evidence in the provided excerpts that supports the claim that gut microbiota reduces tau levels in AD animal models.  

ANSWER: A, B, C"	"A: SUPPORTED — The evidence indicates that microbiota can promote inflammation, as seen in the paper ""2024 Immune Activation in Alzheimer Disease,"" which discusses how microbiota can activate inflammatory pathways in the context of Alzheimer's disease.  
B: SUPPORTED — The evidence suggests that gut microbiota can improve memory, as indicated in the paper ""Neuroinflammation in Alzheimer disease,"" which states that therapy with specific probiotics improves memory deficits in mouse models of AD.  
C: SUPPORTED — The evidence shows that gut microbiota can impair spatial learning, as mentioned in the paper ""2024 Immune Activation in Alzheimer Disease,"" where it is noted that microbiota recolonization can lead to increased tau phosphorylation and cognitive deficits.  
D: NOT SUPPORTED — There is no evidence in the provided excerpts that supports the claim that gut microbiota reduces tau levels in AD animal models.  

ANSWER: A, B, C"
4	0	ET-RAG	test.agent_etrag	A0	Cosine baseline	cosine retrieval	1.0	0.0	0.0	9	Which sleep characteristics are associated with AD?	A. Reduced REM duration | B. Abnormal slow-wave oscillations | C. Increased CSF tau during wakefulness | D. Stable sleep architecture	A, B, C	Reduced REM duration | Abnormal slow-wave oscillations | Increased CSF tau during wakefulness	A, B	0.666667	strict_partial_credit	False	0.695055	4.735	1.932	0.0	12	12	0.414444	0.414444	0.5	0.875	0	0	0	0	0	False	False	False	False	False	2023-oxidative-damage-in-neurodegeneration-roles-in-the-pathogenesis-and-progression-of-alzheimer-disease.pdf | 2024 Advancements and Challenges in Antiamyloid Therapy for.pdf | 2024 Immune Activation in Alzheimer Disease.pdf | 2024 Linking activity dyshomeostasis and sleep disturbances in Alzheimer disease.pdf | 2024 Neuroinflammation in Alzheimer disease.pdf | 2025 Updates on mouse models of Alzheimer’s disease.pdf | Recent advances in Alzheimer’s disease mechanisms clinical trials and new drug development strategies.pdf | alzheimer disease  2021.pdf	"A: SUPPORTED — Reduced sharp-wave ripples in NREM sleep and quiet wakefulness are observed in familial Alzheimer disease mouse models, indicating reduced REM duration is associated with AD (Linking activity dyshomeostasis and sleep disturbances in Alzheimer disease, 2024).  
B: SUPPORTED — Abnormal slow-wave oscillations are indicated by reduced UP state durations and failed transitions in AD mouse models, suggesting this characteristic is associated with AD (Linking activity dyshomeostasis and sleep disturbances in Alzheimer disease, 2024).  
C: NOT SUPPORTED — There is no direct evidence in the provided excerpts linking increased CSF tau during wakefulness specifically to sleep characteristics associated with AD.  
D: NOT SUPPORTED — The evidence does not support the notion of stable sleep architecture in the context of AD, as alterations in sleep patterns are noted in the literature (Linking activity dyshomeostasis and sleep disturbances in Alzheimer disease, 2024).  

ANSWER: A, B"	"A: SUPPORTED — Reduced sharp-wave ripples in NREM sleep and quiet wakefulness are observed in familial Alzheimer disease mouse models, indicating reduced REM duration is associated with AD (Linking activity dyshomeostasis and sleep disturbances in Alzheimer disease, 2024).  
B: SUPPORTED — Abnormal slow-wave oscillations are indicated by reduced UP state durations and failed transitions in AD mouse models, suggesting this characteristic is associated with AD (Linking activity dyshomeostasis and sleep disturbances in Alzheimer disease, 2024).  
C: NOT SUPPORTED — There is no direct evidence in the provided excerpts linking increased CSF tau during wakefulness specifically to sleep characteristics associated with AD.  
D: NOT SUPPORTED — The evidence does not support the notion of stable sleep architecture in the context of AD, as alterations in sleep patterns are noted in the literature (Linking activity dyshomeostasis and sleep disturbances in Alzheimer disease, 2024).  

ANSWER: A, B"
4	0	ET-RAG	test.agent_etrag	A0	Cosine baseline	cosine retrieval	1.0	0.0	0.0	10	Which interventions may improve cognition in MCI or early dementia?	A. Melatonin | B. Rivasti gmine | C. Suvorexant | D. Ketogenic diet	A, B, C	Melatonin | Rivasti gmine | Suvorexant	B	0.333333	strict_partial_credit	False	0.709219	4.019	1.87	0.0	23	23	0.45491	0.45491	0.542065	0.854348	0	0	0	0	0	False	False	False	False	False	2023-oxidative-damage-in-neurodegeneration-roles-in-the-pathogenesis-and-progression-of-alzheimer-disease.pdf | 2024 Advancements and Challenges in Antiamyloid Therapy for.pdf | 2024 Linking activity dyshomeostasis and sleep disturbances in Alzheimer disease.pdf | 2025 Updates on mouse models of Alzheimer’s disease.pdf | Recent advances in Alzheimer’s disease mechanisms clinical trials and new drug development strategies.pdf | alzheimer disease  2021.pdf	"A: NOT SUPPORTED — There is no evidence in the provided excerpts that melatonin improves cognition in MCI or early dementia.  
B: SUPPORTED — Cholinesterase inhibitors, including rivastigmine, have been shown to alleviate cognitive impairment in AD patients, as noted in ""Alzheimer disease"" (2021).  
C: NOT SUPPORTED — There is no evidence in the provided excerpts that suvorexant improves cognition in MCI or early dementia.  
D: NOT SUPPORTED — The evidence does not support that a ketogenic diet improves cognition in MCI or early dementia.  

ANSWER: B"	"A: NOT SUPPORTED — There is no evidence in the provided excerpts that melatonin improves cognition in MCI or early dementia.  
B: SUPPORTED — Cholinesterase inhibitors, including rivastigmine, have been shown to alleviate cognitive impairment in AD patients, as noted in ""Alzheimer disease"" (2021).  
C: NOT SUPPORTED — There is no evidence in the provided excerpts that suvorexant improves cognition in MCI or early dementia.  
D: NOT SUPPORTED — The evidence does not support that a ketogenic diet improves cognition in MCI or early dementia.  

ANSWER: B"
5	0	ET-RAG	test.agent_etrag	A0	Cosine baseline	cosine retrieval	1.0	0.0	0.0	1	Which of the following are components of the A-T-N AD biomarker framework?	A. Amyloid beta | B. Tau | C. Neurodegeneration markers | D. Synaptic vesicle proteins	A, B, C	Amyloid beta | Tau | Neurodegeneration markers	A, B, C	1.0	strict_partial_credit	True	0.739369	4.386	1.903	0.0	28	25	0.541053	0.541053	0.5	0.852	0	0	0	0	0	False	False	False	False	False	2023-oxidative-damage-in-neurodegeneration-roles-in-the-pathogenesis-and-progression-of-alzheimer-disease.pdf | 2024 Advancements and Challenges in Antiamyloid Therapy for.pdf | 2024 Cell type-specific roles of APOE4 in Alzheimer disease.pdf | 2024 Neuroinflammation in Alzheimer disease.pdf | Recent advances in Alzheimer’s disease mechanisms clinical trials and new drug development strategies.pdf | alzheimer disease  2021.pdf	"A: SUPPORTED — The A-T-N framework includes amyloid beta (Aβ) deposition, pathologic tau, and neurodegeneration markers as components, as stated in ""Alzheimer disease"" (2021).  
B: SUPPORTED — The A-T-N framework specifically includes tau as a component, as indicated in ""Alzheimer disease"" (2021).  
C: SUPPORTED — Neurodegeneration markers are part of the A-T-N framework, as mentioned in ""Alzheimer disease"" (2021).  
D: NOT SUPPORTED — Synaptic vesicle proteins are not mentioned as a component of the A-T-N framework in the provided evidence.  
ANSWER: A, B, C"	"A: SUPPORTED — The A-T-N framework includes amyloid beta (Aβ) deposition, pathologic tau, and neurodegeneration markers as components, as stated in ""Alzheimer disease"" (2021).  
B: SUPPORTED — The A-T-N framework specifically includes tau as a component, as indicated in ""Alzheimer disease"" (2021).  
C: SUPPORTED — Neurodegeneration markers are part of the A-T-N framework, as mentioned in ""Alzheimer disease"" (2021).  
D: NOT SUPPORTED — Synaptic vesicle proteins are not mentioned as a component of the A-T-N framework in the provided evidence.  
ANSWER: A, B, C"
5	0	ET-RAG	test.agent_etrag	A0	Cosine baseline	cosine retrieval	1.0	0.0	0.0	2	Which sleep-related conditions are discussed as contributing to AD progression?	A. Sleep apnea | B. Long sleep duration | C. Short sleep duration | D. Insomnia	A, B, C, D	Sleep apnea | Long sleep duration | Short sleep duration | Insomnia	A, D	0.5	strict_partial_credit	False	0.692173	3.51	1.851	0.0	16	16	0.406208	0.406208	0.5	0.865625	0	0	0	0	0	False	False	False	False	False	2023-oxidative-damage-in-neurodegeneration-roles-in-the-pathogenesis-and-progression-of-alzheimer-disease.pdf | 2024 Advancements and Challenges in Antiamyloid Therapy for.pdf | 2024 Linking activity dyshomeostasis and sleep disturbances in Alzheimer disease.pdf | 2025 Oligodendrocytes in Alzheimer’s disease pathophysiology.pdf | 2025 Updates on mouse models of Alzheimer’s disease.pdf | Recent advances in Alzheimer’s disease mechanisms clinical trials and new drug development strategies.pdf | alzheimer disease  2021.pdf	"A: SUPPORTED — Comorbid sleep disorders, such as obstructive sleep apnoea, should be treated using oral appliances or nasal devices that create expiratory positive airway pressure; patients with dementia may have difficulty adapting to sleeping with a mask. (Alzheimer disease, 2021)

B: NOT SUPPORTED — There is no evidence in the provided excerpts that discusses long sleep duration as contributing to Alzheimer's disease progression.

C: NOT SUPPORTED — There is no evidence in the provided excerpts that discusses short sleep duration as contributing to Alzheimer's disease progression.

D: SUPPORTED — Insomnia is mentioned as a comorbid condition that can affect the quality of life of patients with Alzheimer's disease. (Alzheimer disease, 2021)

ANSWER: A, D"	"A: SUPPORTED — Comorbid sleep disorders, such as obstructive sleep apnoea, should be treated using oral appliances or nasal devices that create expiratory positive airway pressure; patients with dementia may have difficulty adapting to sleeping with a mask. (Alzheimer disease, 2021)

B: NOT SUPPORTED — There is no evidence in the provided excerpts that discusses long sleep duration as contributing to Alzheimer's disease progression.

C: NOT SUPPORTED — There is no evidence in the provided excerpts that discusses short sleep duration as contributing to Alzheimer's disease progression.

D: SUPPORTED — Insomnia is mentioned as a comorbid condition that can affect the quality of life of patients with Alzheimer's disease. (Alzheimer disease, 2021)

ANSWER: A, D"
5	0	ET-RAG	test.agent_etrag	A0	Cosine baseline	cosine retrieval	1.0	0.0	0.0	3	Which interventions were identified as promising for sleep-related AD therapy?	A. CBT-I | B. Suvorexant | C. Positive airway pressure treatment | D. Ketamine	A, B, C	CBT-I | Suvorexant | Positive airway pressure treatment	A, C	0.666667	strict_partial_credit	False	0.705166	3.911	2.037	0.0	18	18	0.443331	0.443331	0.54375	0.855556	0	0	0	0	0	False	False	False	False	False	2023-oxidative-damage-in-neurodegeneration-roles-in-the-pathogenesis-and-progression-of-alzheimer-disease.pdf | 2024 Advancements and Challenges in Antiamyloid Therapy for.pdf | 2024 Linking activity dyshomeostasis and sleep disturbances in Alzheimer disease.pdf | 2025 Updates on mouse models of Alzheimer’s disease.pdf | Recent advances in Alzheimer’s disease mechanisms clinical trials and new drug development strategies.pdf | alzheimer disease  2021.pdf	"A: SUPPORTED — Cognitive Behavioral Therapy for Insomnia (CBT-I) is discussed as a potential intervention for sleep disturbances in Alzheimer's disease in the paper ""Linking activity dyshomeostasis and sleep disturbances in Alzheimer disease"" (2024).  
B: NOT SUPPORTED — There is no evidence in the provided excerpts that directly supports the use of Suvorexant for sleep-related Alzheimer's disease therapy.  
C: SUPPORTED — Positive airway pressure treatment is mentioned as a method to treat comorbid sleep disorders like obstructive sleep apnea in patients with dementia, as noted in the paper ""Alzheimer disease"" (2021).  
D: NOT SUPPORTED — There is no evidence in the provided excerpts that supports the use of Ketamine for sleep-related Alzheimer's disease therapy.  
ANSWER: A, C"	"A: SUPPORTED — Cognitive Behavioral Therapy for Insomnia (CBT-I) is discussed as a potential intervention for sleep disturbances in Alzheimer's disease in the paper ""Linking activity dyshomeostasis and sleep disturbances in Alzheimer disease"" (2024).  
B: NOT SUPPORTED — There is no evidence in the provided excerpts that directly supports the use of Suvorexant for sleep-related Alzheimer's disease therapy.  
C: SUPPORTED — Positive airway pressure treatment is mentioned as a method to treat comorbid sleep disorders like obstructive sleep apnea in patients with dementia, as noted in the paper ""Alzheimer disease"" (2021).  
D: NOT SUPPORTED — There is no evidence in the provided excerpts that supports the use of Ketamine for sleep-related Alzheimer's disease therapy.  
ANSWER: A, C"
5	0	ET-RAG	test.agent_etrag	A0	Cosine baseline	cosine retrieval	1.0	0.0	0.0	4	Hearing loss in older adults may lead to which of the following?	A. Decreased brain volume | B. Higher tau levels | C. Lower social engagement | D. Enhanced neurogenesis	A, B, C	Decreased brain volume | Higher tau levels | Lower social engagement	A, B, C	1.0	strict_partial_credit	True	0.711788	5.579	2.521	0.0	22	22	0.462253	0.462253	0.513295	0.875	0	0	0	0	0	False	False	False	False	False	2023-oxidative-damage-in-neurodegeneration-roles-in-the-pathogenesis-and-progression-of-alzheimer-disease.pdf | 2024 Advancements and Challenges in Antiamyloid Therapy for.pdf | 2024 Cell type-specific roles of APOE4 in Alzheimer disease.pdf | 2024 Immune Activation in Alzheimer Disease.pdf | 2024 Linking activity dyshomeostasis and sleep disturbances in Alzheimer disease.pdf | 2024 Neuroinflammation in Alzheimer disease.pdf | 2025 Oligodendrocytes in Alzheimer’s disease pathophysiology.pdf | 2025 Updates on mouse models of Alzheimer’s disease.pdf | Recent advances in Alzheimer’s disease mechanisms clinical trials and new drug development strategies.pdf | alzheimer disease  2021.pdf	"A: SUPPORTED — The evidence indicates that ""the loss of homeostasis in areas of high synaptic activity in the DMN could induce dysfunction as well as the loss of homeostasis in remote but connected brain regions,"" which suggests a relationship between hearing loss and decreased brain volume (Alzheimer disease, 2021).  
B: SUPPORTED — The evidence discusses that ""tauopathy occurs in networks other than the DMN that support specific cognitive domains and are impaired in symptomatic AD,"" indicating a potential link between hearing loss and higher tau levels (Alzheimer disease, 2021).  
C: SUPPORTED — The evidence states that ""neuropsychiatric symptoms often co-occur with cognitive deficits, of which depression, anxiety and social withdrawal may be most evident in mild dementia,"" suggesting that hearing loss may lead to lower social engagement (Alzheimer disease, 2021).  
D: NOT SUPPORTED — There is no evidence provided that supports the idea that hearing loss in older adults leads to enhanced neurogenesis.  

ANSWER: A, B, C"	"A: SUPPORTED — The evidence indicates that ""the loss of homeostasis in areas of high synaptic activity in the DMN could induce dysfunction as well as the loss of homeostasis in remote but connected brain regions,"" which suggests a relationship between hearing loss and decreased brain volume (Alzheimer disease, 2021).  
B: SUPPORTED — The evidence discusses that ""tauopathy occurs in networks other than the DMN that support specific cognitive domains and are impaired in symptomatic AD,"" indicating a potential link between hearing loss and higher tau levels (Alzheimer disease, 2021).  
C: SUPPORTED — The evidence states that ""neuropsychiatric symptoms often co-occur with cognitive deficits, of which depression, anxiety and social withdrawal may be most evident in mild dementia,"" suggesting that hearing loss may lead to lower social engagement (Alzheimer disease, 2021).  
D: NOT SUPPORTED — There is no evidence provided that supports the idea that hearing loss in older adults leads to enhanced neurogenesis.  

ANSWER: A, B, C"
5	0	ET-RAG	test.agent_etrag	A0	Cosine baseline	cosine retrieval	1.0	0.0	0.0	5	Which factors have been epidemiologically linked to AD?	A. Hypoxia | B. Gut microbiota imbalance | C. High education | D. Diet	A, B, D	Hypoxia | Gut microbiota imbalance | Diet	B, D	0.666667	strict_partial_credit	False	0.715805	3.742	1.818	0.0	20	20	0.473728	0.473728	0.52025	0.87	0	0	0	0	0	False	False	False	False	False	2023-oxidative-damage-in-neurodegeneration-roles-in-the-pathogenesis-and-progression-of-alzheimer-disease.pdf | 2024 Advancements and Challenges in Antiamyloid Therapy for.pdf | 2024 Cell type-specific roles of APOE4 in Alzheimer disease.pdf | 2024 Immune Activation in Alzheimer Disease.pdf | 2024 Linking activity dyshomeostasis and sleep disturbances in Alzheimer disease.pdf | 2024 Neuroinflammation in Alzheimer disease.pdf | 2025 Updates on mouse models of Alzheimer’s disease.pdf | Recent advances in Alzheimer’s disease mechanisms clinical trials and new drug development strategies.pdf | alzheimer disease  2021.pdf	"A: NOT SUPPORTED — There is no direct evidence linking hypoxia to Alzheimer's disease in the provided excerpts.  
B: SUPPORTED — The microbiota-gut-brain axis hypothesis suggests that alterations in gut microbiota can influence brain function and may be linked to Alzheimer's disease (Recent advances in Alzheimer’s disease: mechanisms, clinical trials and new drug development strategies, year unknown).  
C: NOT SUPPORTED — High education is not mentioned as a risk factor for Alzheimer's disease in the provided excerpts.  
D: SUPPORTED — Specific dietary patterns have been linked to Alzheimer's disease risk, indicating that diet plays a role in the disease (Oxidative damage in neurodegeneration: roles in the pathogenesis and progression of Alzheimer disease, 2023).  
ANSWER: B, D"	"A: NOT SUPPORTED — There is no direct evidence linking hypoxia to Alzheimer's disease in the provided excerpts.  
B: SUPPORTED — The microbiota-gut-brain axis hypothesis suggests that alterations in gut microbiota can influence brain function and may be linked to Alzheimer's disease (Recent advances in Alzheimer’s disease: mechanisms, clinical trials and new drug development strategies, year unknown).  
C: NOT SUPPORTED — High education is not mentioned as a risk factor for Alzheimer's disease in the provided excerpts.  
D: SUPPORTED — Specific dietary patterns have been linked to Alzheimer's disease risk, indicating that diet plays a role in the disease (Oxidative damage in neurodegeneration: roles in the pathogenesis and progression of Alzheimer disease, 2023).  
ANSWER: B, D"
5	0	ET-RAG	test.agent_etrag	A0	Cosine baseline	cosine retrieval	1.0	0.0	0.0	6	Which imaging biomarkers are used in AD diagnosis?	A. Tau-PET | B. MRI | C. CT | D. FDG-PET	A, B, D	Tau-PET | MRI | FDG-PET	A, B, D	1.0	strict_partial_credit	True	0.736518	4.114	2.121	0.0	28	25	0.532908	0.532908	0.5216	0.858	0	0	0	0	0	False	False	False	False	False	2023-oxidative-damage-in-neurodegeneration-roles-in-the-pathogenesis-and-progression-of-alzheimer-disease.pdf | 2024 Advancements and Challenges in Antiamyloid Therapy for.pdf | 2024 Immune Activation in Alzheimer Disease.pdf | 2024 Neuroinflammation in Alzheimer disease.pdf | 2025 Updates on mouse models of Alzheimer’s disease.pdf | Recent advances in Alzheimer’s disease mechanisms clinical trials and new drug development strategies.pdf | alzheimer disease  2021.pdf	"A: SUPPORTED — Tau-PET imaging allows the detection of tauopathy that is largely specific for Alzheimer's disease, as discussed in the paper ""Alzheimer disease"" (2021).  
B: SUPPORTED — MRI is used to assess hippocampal and entorhinal cortex atrophy in the medial temporal lobe, as mentioned in the paper ""Recent advances in Alzheimer’s disease: mechanisms, clinical trials and new drug development strategies"" (year unknown).  
C: NOT SUPPORTED — The evidence does not support the use of CT as a specific imaging biomarker for Alzheimer's disease diagnosis, as it lacks specificity or sensitivity for AD.  
D: SUPPORTED — FDG-PET detects reduced glucose metabolism in the posterior cingulate and temporoparietal lobes, which is characteristic of Alzheimer's disease, as stated in the paper ""Recent advances in Alzheimer’s disease: mechanisms, clinical trials and new drug development strategies"" (year unknown).  
ANSWER: A, B, D"	"A: SUPPORTED — Tau-PET imaging allows the detection of tauopathy that is largely specific for Alzheimer's disease, as discussed in the paper ""Alzheimer disease"" (2021).  
B: SUPPORTED — MRI is used to assess hippocampal and entorhinal cortex atrophy in the medial temporal lobe, as mentioned in the paper ""Recent advances in Alzheimer’s disease: mechanisms, clinical trials and new drug development strategies"" (year unknown).  
C: NOT SUPPORTED — The evidence does not support the use of CT as a specific imaging biomarker for Alzheimer's disease diagnosis, as it lacks specificity or sensitivity for AD.  
D: SUPPORTED — FDG-PET detects reduced glucose metabolism in the posterior cingulate and temporoparietal lobes, which is characteristic of Alzheimer's disease, as stated in the paper ""Recent advances in Alzheimer’s disease: mechanisms, clinical trials and new drug development strategies"" (year unknown).  
ANSWER: A, B, D"
5	0	ET-RAG	test.agent_etrag	A0	Cosine baseline	cosine retrieval	1.0	0.0	0.0	7	What roles do CSF biomarkers play in AD diagnosis?	A. Stage disease progression | B. Diagnose mild cognitive impairment | C. Indicate tau pathology | D. Replace neuropsychological testing	A, B, C	Stage disease progression | Diagnose mild cognitive impairment | Indicate tau pathology	A, B, C	1.0	strict_partial_credit	True	0.742807	4.59	2.426	0.0	31	25	0.550877	0.550877	0.5207	0.848	0	0	0	0	0	False	False	False	False	False	2024 Advancements and Challenges in Antiamyloid Therapy for.pdf | 2024 Immune Activation in Alzheimer Disease.pdf | 2024 Neuroinflammation in Alzheimer disease.pdf | Recent advances in Alzheimer’s disease mechanisms clinical trials and new drug development strategies.pdf | alzheimer disease  2021.pdf	"A: SUPPORTED — CSF biomarkers are recognized for their diagnostic utility in Alzheimer's disease, particularly in indicating disease progression (Alzheimer disease, 2021).  
B: SUPPORTED — CSF biomarkers can help diagnose mild cognitive impairment, as individuals with abnormal Aβ biomarkers are at increased risk for cognitive decline (Alzheimer disease, 2021).  
C: SUPPORTED — p-tau181 is considered a specific biomarker for tau pathology in Alzheimer's disease (Alzheimer disease, 2021).  
D: NOT SUPPORTED — The evidence does not support the idea that CSF biomarkers can replace neuropsychological testing in the diagnosis of Alzheimer's disease (Alzheimer disease, 2021).  
ANSWER: A, B, C"	"A: SUPPORTED — CSF biomarkers are recognized for their diagnostic utility in Alzheimer's disease, particularly in indicating disease progression (Alzheimer disease, 2021).  
B: SUPPORTED — CSF biomarkers can help diagnose mild cognitive impairment, as individuals with abnormal Aβ biomarkers are at increased risk for cognitive decline (Alzheimer disease, 2021).  
C: SUPPORTED — p-tau181 is considered a specific biomarker for tau pathology in Alzheimer's disease (Alzheimer disease, 2021).  
D: NOT SUPPORTED — The evidence does not support the idea that CSF biomarkers can replace neuropsychological testing in the diagnosis of Alzheimer's disease (Alzheimer disease, 2021).  
ANSWER: A, B, C"
5	0	ET-RAG	test.agent_etrag	A0	Cosine baseline	cosine retrieval	1.0	0.0	0.0	8	What effects does gut microbiota have in AD animal models?	A. Promotes inflammation | B. Improves memory | C. Impairs spatial learning | D. Reduces tau levels	A, C	Promotes inflammation | Impairs spatial learning	A, B, C	0.0	strict_partial_credit	False	0.728773	3.81	2.004	0.0	10	10	0.51078	0.51078	0.5	0.87	0	0	0	0	0	False	False	False	False	False	2023-oxidative-damage-in-neurodegeneration-roles-in-the-pathogenesis-and-progression-of-alzheimer-disease.pdf | 2024 Advancements and Challenges in Antiamyloid Therapy for.pdf | 2024 Immune Activation in Alzheimer Disease.pdf | 2024 Neuroinflammation in Alzheimer disease.pdf | 2025 Updates on mouse models of Alzheimer’s disease.pdf | Recent advances in Alzheimer’s disease mechanisms clinical trials and new drug development strategies.pdf | alzheimer disease  2021.pdf	"A: SUPPORTED — The evidence indicates that microbiota can promote inflammation, as seen in the paper ""2024 Immune Activation in Alzheimer Disease,"" which discusses how microbiota can activate inflammatory pathways in the context of Alzheimer's disease.  
B: SUPPORTED — The evidence suggests that gut microbiota can improve memory, as indicated in the paper ""Neuroinflammation in Alzheimer disease,"" which states that therapy with specific probiotics improves memory deficits in mouse models of AD.  
C: SUPPORTED — The evidence shows that gut microbiota can impair spatial learning, as mentioned in the paper ""2024 Immune Activation in Alzheimer Disease,"" which describes how microbiota depletion can lead to cognitive deficits, including spatial learning impairments.  
D: NOT SUPPORTED — There is no evidence in the provided excerpts that directly states gut microbiota reduces tau levels in AD animal models.  

ANSWER: A, B, C"	"A: SUPPORTED — The evidence indicates that microbiota can promote inflammation, as seen in the paper ""2024 Immune Activation in Alzheimer Disease,"" which discusses how microbiota can activate inflammatory pathways in the context of Alzheimer's disease.  
B: SUPPORTED — The evidence suggests that gut microbiota can improve memory, as indicated in the paper ""Neuroinflammation in Alzheimer disease,"" which states that therapy with specific probiotics improves memory deficits in mouse models of AD.  
C: SUPPORTED — The evidence shows that gut microbiota can impair spatial learning, as mentioned in the paper ""2024 Immune Activation in Alzheimer Disease,"" which describes how microbiota depletion can lead to cognitive deficits, including spatial learning impairments.  
D: NOT SUPPORTED — There is no evidence in the provided excerpts that directly states gut microbiota reduces tau levels in AD animal models.  

ANSWER: A, B, C"
5	0	ET-RAG	test.agent_etrag	A0	Cosine baseline	cosine retrieval	1.0	0.0	0.0	9	Which sleep characteristics are associated with AD?	A. Reduced REM duration | B. Abnormal slow-wave oscillations | C. Increased CSF tau during wakefulness | D. Stable sleep architecture	A, B, C	Reduced REM duration | Abnormal slow-wave oscillations | Increased CSF tau during wakefulness	A, B	0.666667	strict_partial_credit	False	0.695057	4.59	1.841	0.0	12	12	0.414448	0.414448	0.5	0.875	0	0	0	0	0	False	False	False	False	False	2023-oxidative-damage-in-neurodegeneration-roles-in-the-pathogenesis-and-progression-of-alzheimer-disease.pdf | 2024 Advancements and Challenges in Antiamyloid Therapy for.pdf | 2024 Immune Activation in Alzheimer Disease.pdf | 2024 Linking activity dyshomeostasis and sleep disturbances in Alzheimer disease.pdf | 2024 Neuroinflammation in Alzheimer disease.pdf | 2025 Updates on mouse models of Alzheimer’s disease.pdf | Recent advances in Alzheimer’s disease mechanisms clinical trials and new drug development strategies.pdf | alzheimer disease  2021.pdf	"A: SUPPORTED — Reduced sharp-wave ripples in NREM sleep and quiet wakefulness are observed in familial Alzheimer disease models, indicating reduced REM duration is associated with AD (Linking activity dyshomeostasis and sleep disturbances in Alzheimer disease, 2024).  
B: SUPPORTED — Abnormal slow-wave oscillations are indicated by reduced UP state durations and failed transitions in AD mouse models, suggesting this characteristic is associated with AD (Linking activity dyshomeostasis and sleep disturbances in Alzheimer disease, 2024).  
C: NOT SUPPORTED — There is no direct evidence in the provided excerpts linking increased CSF tau during wakefulness specifically to sleep characteristics associated with AD.  
D: NOT SUPPORTED — The evidence does not support the notion of stable sleep architecture in the context of AD, as alterations in sleep patterns are noted in the literature (Linking activity dyshomeostasis and sleep disturbances in Alzheimer disease, 2024).  
ANSWER: A, B"	"A: SUPPORTED — Reduced sharp-wave ripples in NREM sleep and quiet wakefulness are observed in familial Alzheimer disease models, indicating reduced REM duration is associated with AD (Linking activity dyshomeostasis and sleep disturbances in Alzheimer disease, 2024).  
B: SUPPORTED — Abnormal slow-wave oscillations are indicated by reduced UP state durations and failed transitions in AD mouse models, suggesting this characteristic is associated with AD (Linking activity dyshomeostasis and sleep disturbances in Alzheimer disease, 2024).  
C: NOT SUPPORTED — There is no direct evidence in the provided excerpts linking increased CSF tau during wakefulness specifically to sleep characteristics associated with AD.  
D: NOT SUPPORTED — The evidence does not support the notion of stable sleep architecture in the context of AD, as alterations in sleep patterns are noted in the literature (Linking activity dyshomeostasis and sleep disturbances in Alzheimer disease, 2024).  
ANSWER: A, B"
5	0	ET-RAG	test.agent_etrag	A0	Cosine baseline	cosine retrieval	1.0	0.0	0.0	10	Which interventions may improve cognition in MCI or early dementia?	A. Melatonin | B. Rivasti gmine | C. Suvorexant | D. Ketogenic diet	A, B, C	Melatonin | Rivasti gmine | Suvorexant	B	0.333333	strict_partial_credit	False	0.709233	4.209	2.278	0.0	23	23	0.454951	0.454951	0.542065	0.854348	0	0	0	0	0	False	False	False	False	False	2023-oxidative-damage-in-neurodegeneration-roles-in-the-pathogenesis-and-progression-of-alzheimer-disease.pdf | 2024 Advancements and Challenges in Antiamyloid Therapy for.pdf | 2024 Linking activity dyshomeostasis and sleep disturbances in Alzheimer disease.pdf | 2025 Updates on mouse models of Alzheimer’s disease.pdf | Recent advances in Alzheimer’s disease mechanisms clinical trials and new drug development strategies.pdf | alzheimer disease  2021.pdf	"A: NOT SUPPORTED — There is no evidence in the provided excerpts that melatonin improves cognition in MCI or early dementia.  
B: SUPPORTED — Cholinesterase inhibitors, including rivastigmine, have been shown to alleviate cognitive impairment in AD patients, as noted in ""Alzheimer disease"" (2021).  
C: NOT SUPPORTED — There is no evidence in the provided excerpts that suvorexant improves cognition in MCI or early dementia.  
D: NOT SUPPORTED — The evidence does not support that a ketogenic diet improves cognition in MCI or early dementia.  

ANSWER: B"	"A: NOT SUPPORTED — There is no evidence in the provided excerpts that melatonin improves cognition in MCI or early dementia.  
B: SUPPORTED — Cholinesterase inhibitors, including rivastigmine, have been shown to alleviate cognitive impairment in AD patients, as noted in ""Alzheimer disease"" (2021).  
C: NOT SUPPORTED — There is no evidence in the provided excerpts that suvorexant improves cognition in MCI or early dementia.  
D: NOT SUPPORTED — The evidence does not support that a ketogenic diet improves cognition in MCI or early dementia.  

ANSWER: B"
1	1	ET-RAG	test.agent_etrag	A1	+ Evidence quality	cosine retrieval + evidence quality	0.7	0.3	0.0	1	Which of the following are components of the A-T-N AD biomarker framework?	A. Amyloid beta | B. Tau | C. Neurodegeneration markers | D. Synaptic vesicle proteins	A, B, C	Amyloid beta | Tau | Neurodegeneration markers	A, B, C	1.0	strict_partial_credit	True	0.738423	5.329	2.303	0.0	29	25	0.538351	0.551701	0.5072	0.852	1	0	0	0	0	False	False	False	False	False	2023-oxidative-damage-in-neurodegeneration-roles-in-the-pathogenesis-and-progression-of-alzheimer-disease.pdf | 2024 Advancements and Challenges in Antiamyloid Therapy for.pdf | 2024 Cell type-specific roles of APOE4 in Alzheimer disease.pdf | 2024 Neuroinflammation in Alzheimer disease.pdf | Recent advances in Alzheimer’s disease mechanisms clinical trials and new drug development strategies.pdf | alzheimer disease  2021.pdf	"A: SUPPORTED — The A-T-N framework includes amyloid beta as a key biomarker for Alzheimer's disease, as stated in ""Alzheimer disease"" (2021).  
B: SUPPORTED — The framework also incorporates tau as a significant biomarker, as mentioned in ""Alzheimer disease"" (2021).  
C: SUPPORTED — Neurodegeneration markers are part of the A-T-N framework, as indicated in ""Alzheimer disease"" (2021).  
D: NOT SUPPORTED — Synaptic vesicle proteins are not mentioned as components of the A-T-N framework in the provided evidence.  

ANSWER: A, B, C"	"A: SUPPORTED — The A-T-N framework includes amyloid beta as a key biomarker for Alzheimer's disease, as stated in ""Alzheimer disease"" (2021).  
B: SUPPORTED — The framework also incorporates tau as a significant biomarker, as mentioned in ""Alzheimer disease"" (2021).  
C: SUPPORTED — Neurodegeneration markers are part of the A-T-N framework, as indicated in ""Alzheimer disease"" (2021).  
D: NOT SUPPORTED — Synaptic vesicle proteins are not mentioned as components of the A-T-N framework in the provided evidence.  

ANSWER: A, B, C"
1	1	ET-RAG	test.agent_etrag	A1	+ Evidence quality	cosine retrieval + evidence quality	0.7	0.3	0.0	2	Which sleep-related conditions are discussed as contributing to AD progression?	A. Sleep apnea | B. Long sleep duration | C. Short sleep duration | D. Insomnia	A, B, C, D	Sleep apnea | Long sleep duration | Short sleep duration | Insomnia	A, B, C, D	1.0	strict_partial_credit	True	0.702104	3.971	2.196	0.0	16	16	0.434583	0.406547	0.5	0.865625	0	0	0	0	0	False	False	False	False	False	2023-oxidative-damage-in-neurodegeneration-roles-in-the-pathogenesis-and-progression-of-alzheimer-disease.pdf | 2024 Advancements and Challenges in Antiamyloid Therapy for.pdf | 2024 Linking activity dyshomeostasis and sleep disturbances in Alzheimer disease.pdf | 2025 Oligodendrocytes in Alzheimer’s disease pathophysiology.pdf | 2025 Updates on mouse models of Alzheimer’s disease.pdf | Recent advances in Alzheimer’s disease mechanisms clinical trials and new drug development strategies.pdf | alzheimer disease  2021.pdf	"A: SUPPORTED — Sleep disturbances, including obstructive sleep apnea, are discussed as contributing factors to the progression of Alzheimer's disease (AD) in the paper ""Alzheimer disease"" (2021).  
B: SUPPORTED — Long sleep duration is mentioned as a factor that may be associated with cognitive decline and AD progression in the paper ""Alzheimer disease"" (2021).  
C: SUPPORTED — Short sleep duration is discussed as a potential contributor to cognitive decline and AD progression in the paper ""Alzheimer disease"" (2021).  
D: SUPPORTED — Insomnia is identified as a sleep disorder that can affect cognitive function and is associated with the progression of Alzheimer's disease in the paper ""Alzheimer disease"" (2021).  
ANSWER: A, B, C, D"	"A: SUPPORTED — Sleep disturbances, including obstructive sleep apnea, are discussed as contributing factors to the progression of Alzheimer's disease (AD) in the paper ""Alzheimer disease"" (2021).  
B: SUPPORTED — Long sleep duration is mentioned as a factor that may be associated with cognitive decline and AD progression in the paper ""Alzheimer disease"" (2021).  
C: SUPPORTED — Short sleep duration is discussed as a potential contributor to cognitive decline and AD progression in the paper ""Alzheimer disease"" (2021).  
D: SUPPORTED — Insomnia is identified as a sleep disorder that can affect cognitive function and is associated with the progression of Alzheimer's disease in the paper ""Alzheimer disease"" (2021).  
ANSWER: A, B, C, D"
1	1	ET-RAG	test.agent_etrag	A1	+ Evidence quality	cosine retrieval + evidence quality	0.7	0.3	0.0	3	Which interventions were identified as promising for sleep-related AD therapy?	A. CBT-I | B. Suvorexant | C. Positive airway pressure treatment | D. Ketamine	A, B, C	CBT-I | Suvorexant | Positive airway pressure treatment	A, C	0.666667	strict_partial_credit	False	0.715706	4.04	2.027	0.0	18	18	0.473446	0.443316	0.54375	0.855556	0	0	0	0	0	False	False	False	False	False	2023-oxidative-damage-in-neurodegeneration-roles-in-the-pathogenesis-and-progression-of-alzheimer-disease.pdf | 2024 Advancements and Challenges in Antiamyloid Therapy for.pdf | 2024 Linking activity dyshomeostasis and sleep disturbances in Alzheimer disease.pdf | 2025 Updates on mouse models of Alzheimer’s disease.pdf | Recent advances in Alzheimer’s disease mechanisms clinical trials and new drug development strategies.pdf | alzheimer disease  2021.pdf	"A: SUPPORTED — Cognitive Behavioral Therapy for Insomnia (CBT-I) is discussed as a non-pharmacological intervention that may benefit patients with Alzheimer's disease experiencing sleep disturbances (Linking activity dyshomeostasis and sleep disturbances in Alzheimer disease, 2024).  
B: NOT SUPPORTED — There is no evidence provided in the excerpts that directly supports the use of Suvorexant as a promising intervention for sleep-related Alzheimer's disease therapy.  
C: SUPPORTED — Positive airway pressure treatment is mentioned as a method to treat comorbid sleep disorders, such as obstructive sleep apnea, in patients with dementia (Alzheimer disease, 2021).  
D: NOT SUPPORTED — The excerpts do not provide evidence supporting the use of Ketamine as a promising intervention for sleep-related Alzheimer's disease therapy.  
ANSWER: A, C"	"A: SUPPORTED — Cognitive Behavioral Therapy for Insomnia (CBT-I) is discussed as a non-pharmacological intervention that may benefit patients with Alzheimer's disease experiencing sleep disturbances (Linking activity dyshomeostasis and sleep disturbances in Alzheimer disease, 2024).  
B: NOT SUPPORTED — There is no evidence provided in the excerpts that directly supports the use of Suvorexant as a promising intervention for sleep-related Alzheimer's disease therapy.  
C: SUPPORTED — Positive airway pressure treatment is mentioned as a method to treat comorbid sleep disorders, such as obstructive sleep apnea, in patients with dementia (Alzheimer disease, 2021).  
D: NOT SUPPORTED — The excerpts do not provide evidence supporting the use of Ketamine as a promising intervention for sleep-related Alzheimer's disease therapy.  
ANSWER: A, C"
1	1	ET-RAG	test.agent_etrag	A1	+ Evidence quality	cosine retrieval + evidence quality	0.7	0.3	0.0	4	Hearing loss in older adults may lead to which of the following?	A. Decreased brain volume | B. Higher tau levels | C. Lower social engagement | D. Enhanced neurogenesis	A, B, C	Decreased brain volume | Higher tau levels | Lower social engagement	A, B, C	1.0	strict_partial_credit	True	0.723335	4.878	2.434	0.0	24	24	0.495244	0.479143	0.532813	0.872917	2	0	0	0	0	False	False	False	False	False	2023-oxidative-damage-in-neurodegeneration-roles-in-the-pathogenesis-and-progression-of-alzheimer-disease.pdf | 2024 Advancements and Challenges in Antiamyloid Therapy for.pdf | 2024 Cell type-specific roles of APOE4 in Alzheimer disease.pdf | 2024 Immune Activation in Alzheimer Disease.pdf | 2024 Linking activity dyshomeostasis and sleep disturbances in Alzheimer disease.pdf | 2024 Neuroinflammation in Alzheimer disease.pdf | 2025 Oligodendrocytes in Alzheimer’s disease pathophysiology.pdf | 2025 Updates on mouse models of Alzheimer’s disease.pdf | Recent advances in Alzheimer’s disease mechanisms clinical trials and new drug development strategies.pdf | alzheimer disease  2021.pdf	"A: SUPPORTED — Hearing loss in older adults is associated with decreased brain volume, as indicated by the evidence that cognitive impairment and increased amyloid by PET lead to accelerated regional atrophy in the temporal and parietal isocortex (Alzheimer disease, 2021).  
B: SUPPORTED — Higher tau levels are discussed in relation to cognitive decline and neurodegeneration, with evidence showing that elevated tau levels are associated with increased risk of cognitive decline in individuals with mild cognitive impairment (Alzheimer disease, 2021).  
C: SUPPORTED — Lower social engagement is noted as a common outcome in individuals with cognitive deficits, including those with hearing loss, as social withdrawal often co-occurs with cognitive decline (Alzheimer disease, 2021).  
D: NOT SUPPORTED — There is no evidence provided that supports the idea that hearing loss in older adults leads to enhanced neurogenesis.  

ANSWER: A, B, C"	"A: SUPPORTED — Hearing loss in older adults is associated with decreased brain volume, as indicated by the evidence that cognitive impairment and increased amyloid by PET lead to accelerated regional atrophy in the temporal and parietal isocortex (Alzheimer disease, 2021).  
B: SUPPORTED — Higher tau levels are discussed in relation to cognitive decline and neurodegeneration, with evidence showing that elevated tau levels are associated with increased risk of cognitive decline in individuals with mild cognitive impairment (Alzheimer disease, 2021).  
C: SUPPORTED — Lower social engagement is noted as a common outcome in individuals with cognitive deficits, including those with hearing loss, as social withdrawal often co-occurs with cognitive decline (Alzheimer disease, 2021).  
D: NOT SUPPORTED — There is no evidence provided that supports the idea that hearing loss in older adults leads to enhanced neurogenesis.  

ANSWER: A, B, C"
1	1	ET-RAG	test.agent_etrag	A1	+ Evidence quality	cosine retrieval + evidence quality	0.7	0.3	0.0	5	Which factors have been epidemiologically linked to AD?	A. Hypoxia | B. Gut microbiota imbalance | C. High education | D. Diet	A, B, D	Hypoxia | Gut microbiota imbalance | Diet	B, D	0.666667	strict_partial_credit	False	0.719547	5.484	2.208	0.0	20	20	0.484421	0.473888	0.509	0.87	0	0	0	0	0	False	False	False	False	False	2023-oxidative-damage-in-neurodegeneration-roles-in-the-pathogenesis-and-progression-of-alzheimer-disease.pdf | 2024 Advancements and Challenges in Antiamyloid Therapy for.pdf | 2024 Cell type-specific roles of APOE4 in Alzheimer disease.pdf | 2024 Immune Activation in Alzheimer Disease.pdf | 2024 Linking activity dyshomeostasis and sleep disturbances in Alzheimer disease.pdf | 2024 Neuroinflammation in Alzheimer disease.pdf | 2025 Updates on mouse models of Alzheimer’s disease.pdf | Recent advances in Alzheimer’s disease mechanisms clinical trials and new drug development strategies.pdf | alzheimer disease  2021.pdf	"A: NOT SUPPORTED — There is no direct evidence linking hypoxia to Alzheimer's disease in the provided excerpts.  
B: SUPPORTED — The microbiota-gut-brain axis hypothesis suggests that gut microbiota imbalance may influence brain function and has been linked to Alzheimer's disease (Recent advances in Alzheimer’s disease: mechanisms, clinical trials and new drug development strategies, year unknown).  
C: NOT SUPPORTED — The evidence does not support a direct link between high education and Alzheimer's disease in the provided excerpts.  
D: SUPPORTED — Specific dietary patterns have been linked to Alzheimer's disease risk, indicating that diet plays a role in the disease (Oxidative damage in neurodegeneration: roles in the pathogenesis and progression of Alzheimer disease, 2023).  
ANSWER: B, D"	"A: NOT SUPPORTED — There is no direct evidence linking hypoxia to Alzheimer's disease in the provided excerpts.  
B: SUPPORTED — The microbiota-gut-brain axis hypothesis suggests that gut microbiota imbalance may influence brain function and has been linked to Alzheimer's disease (Recent advances in Alzheimer’s disease: mechanisms, clinical trials and new drug development strategies, year unknown).  
C: NOT SUPPORTED — The evidence does not support a direct link between high education and Alzheimer's disease in the provided excerpts.  
D: SUPPORTED — Specific dietary patterns have been linked to Alzheimer's disease risk, indicating that diet plays a role in the disease (Oxidative damage in neurodegeneration: roles in the pathogenesis and progression of Alzheimer disease, 2023).  
ANSWER: B, D"
1	1	ET-RAG	test.agent_etrag	A1	+ Evidence quality	cosine retrieval + evidence quality	0.7	0.3	0.0	6	Which imaging biomarkers are used in AD diagnosis?	A. Tau-PET | B. MRI | C. CT | D. FDG-PET	A, B, D	Tau-PET | MRI | FDG-PET	A, B, D	1.0	strict_partial_credit	True	0.736538	4.172	2.089	0.0	28	25	0.532966	0.537837	0.5216	0.858	0	0	0	0	0	False	False	False	False	False	2023-oxidative-damage-in-neurodegeneration-roles-in-the-pathogenesis-and-progression-of-alzheimer-disease.pdf | 2024 Advancements and Challenges in Antiamyloid Therapy for.pdf | 2024 Immune Activation in Alzheimer Disease.pdf | 2024 Neuroinflammation in Alzheimer disease.pdf | 2025 Updates on mouse models of Alzheimer’s disease.pdf | Recent advances in Alzheimer’s disease mechanisms clinical trials and new drug development strategies.pdf | alzheimer disease  2021.pdf	"A: SUPPORTED — ""Tau-PET imaging allows the detection of tauopathy that is largely, though not entirely, specific for AD."" (Alzheimer disease, 2021)  
B: SUPPORTED — ""Structural MRI is also useful to assess patients for cerebral microbleeds that occur as a consequence of cerebral amyloid angiopathy."" (Alzheimer disease, 2021)  
C: NOT SUPPORTED — ""CT was superseded by MRI for research purposes."" (Alzheimer disease, 2021)  
D: SUPPORTED — ""FDG-PET has revealed a pattern of temporal-parietal and hippocampal hypometabolism that precedes volume loss in the same regions and is highly characteristic of AD."" (Alzheimer disease, 2021)  
ANSWER: A, B, D"	"A: SUPPORTED — ""Tau-PET imaging allows the detection of tauopathy that is largely, though not entirely, specific for AD."" (Alzheimer disease, 2021)  
B: SUPPORTED — ""Structural MRI is also useful to assess patients for cerebral microbleeds that occur as a consequence of cerebral amyloid angiopathy."" (Alzheimer disease, 2021)  
C: NOT SUPPORTED — ""CT was superseded by MRI for research purposes."" (Alzheimer disease, 2021)  
D: SUPPORTED — ""FDG-PET has revealed a pattern of temporal-parietal and hippocampal hypometabolism that precedes volume loss in the same regions and is highly characteristic of AD."" (Alzheimer disease, 2021)  
ANSWER: A, B, D"
1	1	ET-RAG	test.agent_etrag	A1	+ Evidence quality	cosine retrieval + evidence quality	0.7	0.3	0.0	7	What roles do CSF biomarkers play in AD diagnosis?	A. Stage disease progression | B. Diagnose mild cognitive impairment | C. Indicate tau pathology | D. Replace neuropsychological testing	A, B, C	Stage disease progression | Diagnose mild cognitive impairment | Indicate tau pathology	B, C	0.666667	strict_partial_credit	False	0.740975	8.736	2.239	0.0	31	25	0.545644	0.556334	0.5207	0.848	0	0	0	0	0	False	False	False	False	False	2024 Advancements and Challenges in Antiamyloid Therapy for.pdf | 2024 Immune Activation in Alzheimer Disease.pdf | 2024 Neuroinflammation in Alzheimer disease.pdf | Recent advances in Alzheimer’s disease mechanisms clinical trials and new drug development strategies.pdf | alzheimer disease  2021.pdf	"A: NOT SUPPORTED — The evidence indicates that CSF biomarkers are not useful for staging disease severity in Alzheimer's disease (AD) (Alzheimer disease, 2021).  
B: SUPPORTED — CSF biomarkers can help diagnose mild cognitive impairment (MCI) and are associated with an increased risk of progression to dementia (Alzheimer disease, 2021).  
C: SUPPORTED — Phosphorylated tau (p-tau181) is recognized as a specific biomarker for tau pathology in Alzheimer's disease (Alzheimer disease, 2021).  
D: NOT SUPPORTED — The evidence does not support the idea that CSF biomarkers can replace neuropsychological testing in the diagnosis of Alzheimer's disease (Alzheimer disease, 2021).  

ANSWER: B, C"	"A: NOT SUPPORTED — The evidence indicates that CSF biomarkers are not useful for staging disease severity in Alzheimer's disease (AD) (Alzheimer disease, 2021).  
B: SUPPORTED — CSF biomarkers can help diagnose mild cognitive impairment (MCI) and are associated with an increased risk of progression to dementia (Alzheimer disease, 2021).  
C: SUPPORTED — Phosphorylated tau (p-tau181) is recognized as a specific biomarker for tau pathology in Alzheimer's disease (Alzheimer disease, 2021).  
D: NOT SUPPORTED — The evidence does not support the idea that CSF biomarkers can replace neuropsychological testing in the diagnosis of Alzheimer's disease (Alzheimer disease, 2021).  

ANSWER: B, C"
1	1	ET-RAG	test.agent_etrag	A1	+ Evidence quality	cosine retrieval + evidence quality	0.7	0.3	0.0	8	What effects does gut microbiota have in AD animal models?	A. Promotes inflammation | B. Improves memory | C. Impairs spatial learning | D. Reduces tau levels	A, C	Promotes inflammation | Impairs spatial learning	A, C	1.0	strict_partial_credit	True	0.727646	3.951	2.17	0.0	10	10	0.50756	0.5108	0.5	0.87	0	0	0	0	0	False	False	False	False	False	2023-oxidative-damage-in-neurodegeneration-roles-in-the-pathogenesis-and-progression-of-alzheimer-disease.pdf | 2024 Advancements and Challenges in Antiamyloid Therapy for.pdf | 2024 Immune Activation in Alzheimer Disease.pdf | 2024 Neuroinflammation in Alzheimer disease.pdf | 2025 Updates on mouse models of Alzheimer’s disease.pdf | Recent advances in Alzheimer’s disease mechanisms clinical trials and new drug development strategies.pdf | alzheimer disease  2021.pdf	"A: SUPPORTED — The evidence indicates that microbiome-originated LPS and SCFAs may impair the permeability of the BBB and affect homeostasis, leading to increased neuroinflammation, as discussed in ""Neuroinflammation in Alzheimer disease"" (2024).  
B: NOT SUPPORTED — There is no evidence provided that directly states gut microbiota improves memory in AD animal models.  
C: SUPPORTED — The evidence suggests that in germ-free mice, there are global defects in microglia morphology and maturity, which can lead to impaired cognitive functions, as mentioned in ""Neuroinflammation in Alzheimer disease"" (2024).  
D: NOT SUPPORTED — There is no evidence provided that directly states gut microbiota reduces tau levels in AD animal models.  

ANSWER: A, C"	"A: SUPPORTED — The evidence indicates that microbiome-originated LPS and SCFAs may impair the permeability of the BBB and affect homeostasis, leading to increased neuroinflammation, as discussed in ""Neuroinflammation in Alzheimer disease"" (2024).  
B: NOT SUPPORTED — There is no evidence provided that directly states gut microbiota improves memory in AD animal models.  
C: SUPPORTED — The evidence suggests that in germ-free mice, there are global defects in microglia morphology and maturity, which can lead to impaired cognitive functions, as mentioned in ""Neuroinflammation in Alzheimer disease"" (2024).  
D: NOT SUPPORTED — There is no evidence provided that directly states gut microbiota reduces tau levels in AD animal models.  

ANSWER: A, C"
1	1	ET-RAG	test.agent_etrag	A1	+ Evidence quality	cosine retrieval + evidence quality	0.7	0.3	0.0	9	Which sleep characteristics are associated with AD?	A. Reduced REM duration | B. Abnormal slow-wave oscillations | C. Increased CSF tau during wakefulness | D. Stable sleep architecture	A, B, C	Reduced REM duration | Abnormal slow-wave oscillations | Increased CSF tau during wakefulness	A, B	0.666667	strict_partial_credit	False	0.704042	5.705	2.767	0.0	12	12	0.44012	0.414457	0.5	0.875	0	0	0	0	0	False	False	False	False	False	2023-oxidative-damage-in-neurodegeneration-roles-in-the-pathogenesis-and-progression-of-alzheimer-disease.pdf | 2024 Advancements and Challenges in Antiamyloid Therapy for.pdf | 2024 Immune Activation in Alzheimer Disease.pdf | 2024 Linking activity dyshomeostasis and sleep disturbances in Alzheimer disease.pdf | 2024 Neuroinflammation in Alzheimer disease.pdf | 2025 Updates on mouse models of Alzheimer’s disease.pdf | Recent advances in Alzheimer’s disease mechanisms clinical trials and new drug development strategies.pdf | alzheimer disease  2021.pdf	"A: SUPPORTED — Reduced sharp-wave ripples in NREM sleep and quiet wakefulness are observed in familial Alzheimer disease models, indicating altered sleep characteristics associated with AD (Linking activity dyshomeostasis and sleep disturbances in Alzheimer disease, 2024).  
B: SUPPORTED — Abnormal slow-wave oscillations are indicated by reduced UP state durations and failed transitions in AD mouse models, suggesting a disruption in normal sleep patterns (Linking activity dyshomeostasis and sleep disturbances in Alzheimer disease, 2024).  
C: NOT SUPPORTED — There is no direct evidence in the provided excerpts linking increased CSF tau during wakefulness specifically to sleep characteristics associated with AD.  
D: NOT SUPPORTED — The evidence does not support the notion of stable sleep architecture in AD, as alterations in sleep patterns are noted in the context of the disease (Linking activity dyshomeostasis and sleep disturbances in Alzheimer disease, 2024).  
ANSWER: A, B"	"A: SUPPORTED — Reduced sharp-wave ripples in NREM sleep and quiet wakefulness are observed in familial Alzheimer disease models, indicating altered sleep characteristics associated with AD (Linking activity dyshomeostasis and sleep disturbances in Alzheimer disease, 2024).  
B: SUPPORTED — Abnormal slow-wave oscillations are indicated by reduced UP state durations and failed transitions in AD mouse models, suggesting a disruption in normal sleep patterns (Linking activity dyshomeostasis and sleep disturbances in Alzheimer disease, 2024).  
C: NOT SUPPORTED — There is no direct evidence in the provided excerpts linking increased CSF tau during wakefulness specifically to sleep characteristics associated with AD.  
D: NOT SUPPORTED — The evidence does not support the notion of stable sleep architecture in AD, as alterations in sleep patterns are noted in the context of the disease (Linking activity dyshomeostasis and sleep disturbances in Alzheimer disease, 2024).  
ANSWER: A, B"
1	1	ET-RAG	test.agent_etrag	A1	+ Evidence quality	cosine retrieval + evidence quality	0.7	0.3	0.0	10	Which interventions may improve cognition in MCI or early dementia?	A. Melatonin | B. Rivasti gmine | C. Suvorexant | D. Ketogenic diet	A, B, C	Melatonin | Rivasti gmine | Suvorexant	B	0.333333	strict_partial_credit	False	0.719542	5.05	2.992	0.0	23	23	0.484407	0.456342	0.549891	0.854348	0	0	0	0	0	False	False	False	False	False	2023-oxidative-damage-in-neurodegeneration-roles-in-the-pathogenesis-and-progression-of-alzheimer-disease.pdf | 2024 Advancements and Challenges in Antiamyloid Therapy for.pdf | 2024 Linking activity dyshomeostasis and sleep disturbances in Alzheimer disease.pdf | 2025 Updates on mouse models of Alzheimer’s disease.pdf | Recent advances in Alzheimer’s disease mechanisms clinical trials and new drug development strategies.pdf | alzheimer disease  2021.pdf	"A: NOT SUPPORTED — There is no evidence in the provided excerpts that melatonin improves cognition in MCI or early dementia.  
B: SUPPORTED — Rivastigmine is a cholinesterase inhibitor that has shown modest benefits in delaying symptom progression in patients with mild to moderate Alzheimer's disease, as noted in the review ""Alzheimer disease"" (2021).  
C: NOT SUPPORTED — There is no evidence in the provided excerpts that suvorexant improves cognition in MCI or early dementia.  
D: NOT SUPPORTED — There is no evidence in the provided excerpts that a ketogenic diet improves cognition in MCI or early dementia.  
ANSWER: B"	"A: NOT SUPPORTED — There is no evidence in the provided excerpts that melatonin improves cognition in MCI or early dementia.  
B: SUPPORTED — Rivastigmine is a cholinesterase inhibitor that has shown modest benefits in delaying symptom progression in patients with mild to moderate Alzheimer's disease, as noted in the review ""Alzheimer disease"" (2021).  
C: NOT SUPPORTED — There is no evidence in the provided excerpts that suvorexant improves cognition in MCI or early dementia.  
D: NOT SUPPORTED — There is no evidence in the provided excerpts that a ketogenic diet improves cognition in MCI or early dementia.  
ANSWER: B"
2	1	ET-RAG	test.agent_etrag	A1	+ Evidence quality	cosine retrieval + evidence quality	0.7	0.3	0.0	1	Which of the following are components of the A-T-N AD biomarker framework?	A. Amyloid beta | B. Tau | C. Neurodegeneration markers | D. Synaptic vesicle proteins	A, B, C	Amyloid beta | Tau | Neurodegeneration markers	A, B, C	1.0	strict_partial_credit	True	0.738423	4.309	2.093	0.0	29	25	0.538351	0.551701	0.5072	0.852	1	0	0	0	0	False	False	False	False	False	2023-oxidative-damage-in-neurodegeneration-roles-in-the-pathogenesis-and-progression-of-alzheimer-disease.pdf | 2024 Advancements and Challenges in Antiamyloid Therapy for.pdf | 2024 Cell type-specific roles of APOE4 in Alzheimer disease.pdf | 2024 Neuroinflammation in Alzheimer disease.pdf | Recent advances in Alzheimer’s disease mechanisms clinical trials and new drug development strategies.pdf | alzheimer disease  2021.pdf	"A: SUPPORTED — The A-T-N framework includes amyloid beta as a key biomarker for Alzheimer's disease, as stated in ""Alzheimer disease"" (2021).  
B: SUPPORTED — Tau is also a component of the A-T-N framework, specifically as an abnormal tau protein biomarker, as mentioned in ""Alzheimer disease"" (2021).  
C: SUPPORTED — Neurodegeneration markers are included in the A-T-N framework, as they are used to indicate the severity of the Alzheimer's disease process, according to ""Alzheimer disease"" (2021).  
D: NOT SUPPORTED — Synaptic vesicle proteins are not mentioned as part of the A-T-N framework in the provided evidence.  

ANSWER: A, B, C"	"A: SUPPORTED — The A-T-N framework includes amyloid beta as a key biomarker for Alzheimer's disease, as stated in ""Alzheimer disease"" (2021).  
B: SUPPORTED — Tau is also a component of the A-T-N framework, specifically as an abnormal tau protein biomarker, as mentioned in ""Alzheimer disease"" (2021).  
C: SUPPORTED — Neurodegeneration markers are included in the A-T-N framework, as they are used to indicate the severity of the Alzheimer's disease process, according to ""Alzheimer disease"" (2021).  
D: NOT SUPPORTED — Synaptic vesicle proteins are not mentioned as part of the A-T-N framework in the provided evidence.  

ANSWER: A, B, C"
2	1	ET-RAG	test.agent_etrag	A1	+ Evidence quality	cosine retrieval + evidence quality	0.7	0.3	0.0	2	Which sleep-related conditions are discussed as contributing to AD progression?	A. Sleep apnea | B. Long sleep duration | C. Short sleep duration | D. Insomnia	A, B, C, D	Sleep apnea | Long sleep duration | Short sleep duration | Insomnia	A, B, C, D	1.0	strict_partial_credit	True	0.702104	11.814	3.474	0.0	16	16	0.434583	0.406548	0.5	0.865625	0	0	0	0	0	False	False	False	False	False	2023-oxidative-damage-in-neurodegeneration-roles-in-the-pathogenesis-and-progression-of-alzheimer-disease.pdf | 2024 Advancements and Challenges in Antiamyloid Therapy for.pdf | 2024 Linking activity dyshomeostasis and sleep disturbances in Alzheimer disease.pdf | 2025 Oligodendrocytes in Alzheimer’s disease pathophysiology.pdf | 2025 Updates on mouse models of Alzheimer’s disease.pdf | Recent advances in Alzheimer’s disease mechanisms clinical trials and new drug development strategies.pdf | alzheimer disease  2021.pdf	"A: SUPPORTED — Sleep disturbances, including obstructive sleep apnea, are discussed as contributing factors to the progression of Alzheimer's disease (AD) in the paper ""Alzheimer disease"" (2021).  
B: SUPPORTED — Long sleep duration is mentioned as a factor that may be associated with cognitive decline and AD progression in the paper ""Alzheimer disease"" (2021).  
C: SUPPORTED — Short sleep duration is discussed as a potential contributor to cognitive decline and AD progression in the paper ""Alzheimer disease"" (2021).  
D: SUPPORTED — Insomnia is identified as a sleep disorder that can affect cognitive function and is associated with the progression of Alzheimer's disease in the paper ""Alzheimer disease"" (2021).  
ANSWER: A, B, C, D"	"A: SUPPORTED — Sleep disturbances, including obstructive sleep apnea, are discussed as contributing factors to the progression of Alzheimer's disease (AD) in the paper ""Alzheimer disease"" (2021).  
B: SUPPORTED — Long sleep duration is mentioned as a factor that may be associated with cognitive decline and AD progression in the paper ""Alzheimer disease"" (2021).  
C: SUPPORTED — Short sleep duration is discussed as a potential contributor to cognitive decline and AD progression in the paper ""Alzheimer disease"" (2021).  
D: SUPPORTED — Insomnia is identified as a sleep disorder that can affect cognitive function and is associated with the progression of Alzheimer's disease in the paper ""Alzheimer disease"" (2021).  
ANSWER: A, B, C, D"
2	1	ET-RAG	test.agent_etrag	A1	+ Evidence quality	cosine retrieval + evidence quality	0.7	0.3	0.0	3	Which interventions were identified as promising for sleep-related AD therapy?	A. CBT-I | B. Suvorexant | C. Positive airway pressure treatment | D. Ketamine	A, B, C	CBT-I | Suvorexant | Positive airway pressure treatment	A, C	0.666667	strict_partial_credit	False	0.715706	4.102	2.106	0.0	18	18	0.473447	0.443317	0.54375	0.855556	0	0	0	0	0	False	False	False	False	False	2023-oxidative-damage-in-neurodegeneration-roles-in-the-pathogenesis-and-progression-of-alzheimer-disease.pdf | 2024 Advancements and Challenges in Antiamyloid Therapy for.pdf | 2024 Linking activity dyshomeostasis and sleep disturbances in Alzheimer disease.pdf | 2025 Updates on mouse models of Alzheimer’s disease.pdf | Recent advances in Alzheimer’s disease mechanisms clinical trials and new drug development strategies.pdf | alzheimer disease  2021.pdf	"A: SUPPORTED — Cognitive Behavioral Therapy for Insomnia (CBT-I) is discussed as a non-pharmacological intervention that may help improve sleep in patients with Alzheimer's disease (Alzheimer disease, 2021).  
B: NOT SUPPORTED — There is no evidence provided in the excerpts that directly supports the use of Suvorexant for sleep-related therapy in Alzheimer's disease.  
C: SUPPORTED — Positive airway pressure treatment is mentioned as a method to treat comorbid sleep disorders like obstructive sleep apnea in patients with dementia (Alzheimer disease, 2021).  
D: NOT SUPPORTED — There is no evidence in the excerpts that supports the use of Ketamine for sleep-related therapy in Alzheimer's disease.  
ANSWER: A, C"	"A: SUPPORTED — Cognitive Behavioral Therapy for Insomnia (CBT-I) is discussed as a non-pharmacological intervention that may help improve sleep in patients with Alzheimer's disease (Alzheimer disease, 2021).  
B: NOT SUPPORTED — There is no evidence provided in the excerpts that directly supports the use of Suvorexant for sleep-related therapy in Alzheimer's disease.  
C: SUPPORTED — Positive airway pressure treatment is mentioned as a method to treat comorbid sleep disorders like obstructive sleep apnea in patients with dementia (Alzheimer disease, 2021).  
D: NOT SUPPORTED — There is no evidence in the excerpts that supports the use of Ketamine for sleep-related therapy in Alzheimer's disease.  
ANSWER: A, C"
2	1	ET-RAG	test.agent_etrag	A1	+ Evidence quality	cosine retrieval + evidence quality	0.7	0.3	0.0	4	Hearing loss in older adults may lead to which of the following?	A. Decreased brain volume | B. Higher tau levels | C. Lower social engagement | D. Enhanced neurogenesis	A, B, C	Decreased brain volume | Higher tau levels | Lower social engagement	A, B, C	1.0	strict_partial_credit	True	0.723338	4.053	1.968	0.0	24	24	0.495251	0.479153	0.532813	0.872917	2	0	0	0	0	False	False	False	False	False	2023-oxidative-damage-in-neurodegeneration-roles-in-the-pathogenesis-and-progression-of-alzheimer-disease.pdf | 2024 Advancements and Challenges in Antiamyloid Therapy for.pdf | 2024 Cell type-specific roles of APOE4 in Alzheimer disease.pdf | 2024 Immune Activation in Alzheimer Disease.pdf | 2024 Linking activity dyshomeostasis and sleep disturbances in Alzheimer disease.pdf | 2024 Neuroinflammation in Alzheimer disease.pdf | 2025 Oligodendrocytes in Alzheimer’s disease pathophysiology.pdf | 2025 Updates on mouse models of Alzheimer’s disease.pdf | Recent advances in Alzheimer’s disease mechanisms clinical trials and new drug development strategies.pdf | alzheimer disease  2021.pdf	"A: SUPPORTED — Hearing loss in older adults is associated with decreased brain volume, as indicated by the evidence that cognitive impairment and increased amyloid levels correlate with accelerated regional atrophy in the temporal and parietal isocortex (Alzheimer disease, 2021).  
B: SUPPORTED — Higher tau levels are associated with cognitive decline and neurodegeneration, as evidenced by the correlation between elevated tau levels and the risk of progression to dementia (Alzheimer disease, 2021).  
C: SUPPORTED — Hearing loss in older adults is linked to lower social engagement, as neuropsychiatric symptoms such as social withdrawal often co-occur with cognitive deficits in dementia (Alzheimer disease, 2021).  
D: NOT SUPPORTED — There is no evidence provided that supports the idea that hearing loss in older adults leads to enhanced neurogenesis.  

ANSWER: A, B, C"	"A: SUPPORTED — Hearing loss in older adults is associated with decreased brain volume, as indicated by the evidence that cognitive impairment and increased amyloid levels correlate with accelerated regional atrophy in the temporal and parietal isocortex (Alzheimer disease, 2021).  
B: SUPPORTED — Higher tau levels are associated with cognitive decline and neurodegeneration, as evidenced by the correlation between elevated tau levels and the risk of progression to dementia (Alzheimer disease, 2021).  
C: SUPPORTED — Hearing loss in older adults is linked to lower social engagement, as neuropsychiatric symptoms such as social withdrawal often co-occur with cognitive deficits in dementia (Alzheimer disease, 2021).  
D: NOT SUPPORTED — There is no evidence provided that supports the idea that hearing loss in older adults leads to enhanced neurogenesis.  

ANSWER: A, B, C"
2	1	ET-RAG	test.agent_etrag	A1	+ Evidence quality	cosine retrieval + evidence quality	0.7	0.3	0.0	5	Which factors have been epidemiologically linked to AD?	A. Hypoxia | B. Gut microbiota imbalance | C. High education | D. Diet	A, B, D	Hypoxia | Gut microbiota imbalance | Diet	B, D	0.666667	strict_partial_credit	False	0.719548	4.02	1.9	0.0	20	20	0.484423	0.47389	0.509	0.87	0	0	0	0	0	False	False	False	False	False	2023-oxidative-damage-in-neurodegeneration-roles-in-the-pathogenesis-and-progression-of-alzheimer-disease.pdf | 2024 Advancements and Challenges in Antiamyloid Therapy for.pdf | 2024 Cell type-specific roles of APOE4 in Alzheimer disease.pdf | 2024 Immune Activation in Alzheimer Disease.pdf | 2024 Linking activity dyshomeostasis and sleep disturbances in Alzheimer disease.pdf | 2024 Neuroinflammation in Alzheimer disease.pdf | 2025 Updates on mouse models of Alzheimer’s disease.pdf | Recent advances in Alzheimer’s disease mechanisms clinical trials and new drug development strategies.pdf | alzheimer disease  2021.pdf	"A: NOT SUPPORTED — There is no direct evidence linking hypoxia to Alzheimer's disease in the provided excerpts.  
B: SUPPORTED — The microbiota-gut-brain axis hypothesis suggests that gut microbiota imbalance may influence brain function and has been linked to Alzheimer's disease (Recent advances in Alzheimer’s disease: mechanisms, clinical trials and new drug development strategies, year unknown).  
C: NOT SUPPORTED — The evidence does not support a direct link between high education and Alzheimer's disease in the provided excerpts.  
D: SUPPORTED — Specific dietary patterns have been linked to Alzheimer's disease risk, indicating that diet plays a role in the disease (Oxidative damage in neurodegeneration: roles in the pathogenesis and progression of Alzheimer disease, 2023).  
ANSWER: B, D"	"A: NOT SUPPORTED — There is no direct evidence linking hypoxia to Alzheimer's disease in the provided excerpts.  
B: SUPPORTED — The microbiota-gut-brain axis hypothesis suggests that gut microbiota imbalance may influence brain function and has been linked to Alzheimer's disease (Recent advances in Alzheimer’s disease: mechanisms, clinical trials and new drug development strategies, year unknown).  
C: NOT SUPPORTED — The evidence does not support a direct link between high education and Alzheimer's disease in the provided excerpts.  
D: SUPPORTED — Specific dietary patterns have been linked to Alzheimer's disease risk, indicating that diet plays a role in the disease (Oxidative damage in neurodegeneration: roles in the pathogenesis and progression of Alzheimer disease, 2023).  
ANSWER: B, D"
2	1	ET-RAG	test.agent_etrag	A1	+ Evidence quality	cosine retrieval + evidence quality	0.7	0.3	0.0	6	Which imaging biomarkers are used in AD diagnosis?	A. Tau-PET | B. MRI | C. CT | D. FDG-PET	A, B, D	Tau-PET | MRI | FDG-PET	A, B, D	1.0	strict_partial_credit	True	0.736538	4.455	2.103	0.0	28	25	0.532966	0.537837	0.5216	0.858	0	0	0	0	0	False	False	False	False	False	2023-oxidative-damage-in-neurodegeneration-roles-in-the-pathogenesis-and-progression-of-alzheimer-disease.pdf | 2024 Advancements and Challenges in Antiamyloid Therapy for.pdf | 2024 Immune Activation in Alzheimer Disease.pdf | 2024 Neuroinflammation in Alzheimer disease.pdf | 2025 Updates on mouse models of Alzheimer’s disease.pdf | Recent advances in Alzheimer’s disease mechanisms clinical trials and new drug development strategies.pdf | alzheimer disease  2021.pdf	"A: SUPPORTED — ""Tau-PET imaging allows the detection of tauopathy that is largely, though not entirely, specific for AD."" (Alzheimer disease, 2021)  
B: SUPPORTED — ""Structural MRI is also useful to assess patients for cerebral microbleeds that occur as a consequence of cerebral amyloid angiopathy."" (Alzheimer disease, 2021)  
C: NOT SUPPORTED — ""CT was superseded by MRI for research purposes."" (Alzheimer disease, 2021)  
D: SUPPORTED — ""FDG-PET has revealed a pattern of temporal-parietal and hippocampal hypometabolism that precedes volume loss in the same regions and is highly characteristic of AD."" (Alzheimer disease, 2021)  
ANSWER: A, B, D"	"A: SUPPORTED — ""Tau-PET imaging allows the detection of tauopathy that is largely, though not entirely, specific for AD."" (Alzheimer disease, 2021)  
B: SUPPORTED — ""Structural MRI is also useful to assess patients for cerebral microbleeds that occur as a consequence of cerebral amyloid angiopathy."" (Alzheimer disease, 2021)  
C: NOT SUPPORTED — ""CT was superseded by MRI for research purposes."" (Alzheimer disease, 2021)  
D: SUPPORTED — ""FDG-PET has revealed a pattern of temporal-parietal and hippocampal hypometabolism that precedes volume loss in the same regions and is highly characteristic of AD."" (Alzheimer disease, 2021)  
ANSWER: A, B, D"
2	1	ET-RAG	test.agent_etrag	A1	+ Evidence quality	cosine retrieval + evidence quality	0.7	0.3	0.0	7	What roles do CSF biomarkers play in AD diagnosis?	A. Stage disease progression | B. Diagnose mild cognitive impairment | C. Indicate tau pathology | D. Replace neuropsychological testing	A, B, C	Stage disease progression | Diagnose mild cognitive impairment | Indicate tau pathology	B, C	0.666667	strict_partial_credit	False	0.740954	4.321	2.132	0.0	31	25	0.545584	0.556248	0.5207	0.848	0	0	0	0	0	False	False	False	False	False	2024 Advancements and Challenges in Antiamyloid Therapy for.pdf | 2024 Immune Activation in Alzheimer Disease.pdf | 2024 Neuroinflammation in Alzheimer disease.pdf | Recent advances in Alzheimer’s disease mechanisms clinical trials and new drug development strategies.pdf | alzheimer disease  2021.pdf	"A: NOT SUPPORTED — The evidence indicates that CSF biomarkers are not useful for staging disease severity in Alzheimer's disease (AD) (Alzheimer disease, 2021).  
B: SUPPORTED — CSF biomarkers can help diagnose mild cognitive impairment (MCI) and are associated with an increased risk of progression to dementia (Alzheimer disease, 2021).  
C: SUPPORTED — Phosphorylated tau (p-tau181) is recognized as a specific biomarker for tau pathology in Alzheimer's disease (Alzheimer disease, 2021).  
D: NOT SUPPORTED — The evidence does not support the idea that CSF biomarkers can replace neuropsychological testing in the diagnosis of Alzheimer's disease (Alzheimer disease, 2021).  
ANSWER: B, C"	"A: NOT SUPPORTED — The evidence indicates that CSF biomarkers are not useful for staging disease severity in Alzheimer's disease (AD) (Alzheimer disease, 2021).  
B: SUPPORTED — CSF biomarkers can help diagnose mild cognitive impairment (MCI) and are associated with an increased risk of progression to dementia (Alzheimer disease, 2021).  
C: SUPPORTED — Phosphorylated tau (p-tau181) is recognized as a specific biomarker for tau pathology in Alzheimer's disease (Alzheimer disease, 2021).  
D: NOT SUPPORTED — The evidence does not support the idea that CSF biomarkers can replace neuropsychological testing in the diagnosis of Alzheimer's disease (Alzheimer disease, 2021).  
ANSWER: B, C"
2	1	ET-RAG	test.agent_etrag	A1	+ Evidence quality	cosine retrieval + evidence quality	0.7	0.3	0.0	8	What effects does gut microbiota have in AD animal models?	A. Promotes inflammation | B. Improves memory | C. Impairs spatial learning | D. Reduces tau levels	A, C	Promotes inflammation | Impairs spatial learning	A, B, C	0.0	strict_partial_credit	False	0.727646	5.755	2.156	0.0	10	10	0.50756	0.5108	0.5	0.87	0	0	0	0	0	False	False	False	False	False	2023-oxidative-damage-in-neurodegeneration-roles-in-the-pathogenesis-and-progression-of-alzheimer-disease.pdf | 2024 Advancements and Challenges in Antiamyloid Therapy for.pdf | 2024 Immune Activation in Alzheimer Disease.pdf | 2024 Neuroinflammation in Alzheimer disease.pdf | 2025 Updates on mouse models of Alzheimer’s disease.pdf | Recent advances in Alzheimer’s disease mechanisms clinical trials and new drug development strategies.pdf | alzheimer disease  2021.pdf	"A: SUPPORTED — The evidence indicates that microbiome-originated LPS and SCFAs may impair the permeability of the BBB and affect homeostasis, leading to increased neuroinflammation in Alzheimer disease (Neuroinflammation in Alzheimer disease, 2024).  
B: SUPPORTED — Therapy with Bifidobacterium and Lactobacillus species-based probiotics after antibiotic administration improves memory deficits in mouse models of AD (Neuroinflammation in Alzheimer disease, 2024).  
C: SUPPORTED — Microglia in germ-free animals have enhanced Aβ uptake at early disease stages and protect against tau-related neurodegeneration, suggesting that alterations in the microbiome can impair spatial learning (Neuroinflammation in Alzheimer disease, 2024).  
D: NOT SUPPORTED — There is no evidence provided that directly states that gut microbiota reduces tau levels in AD animal models.  

ANSWER: A, B, C"	"A: SUPPORTED — The evidence indicates that microbiome-originated LPS and SCFAs may impair the permeability of the BBB and affect homeostasis, leading to increased neuroinflammation in Alzheimer disease (Neuroinflammation in Alzheimer disease, 2024).  
B: SUPPORTED — Therapy with Bifidobacterium and Lactobacillus species-based probiotics after antibiotic administration improves memory deficits in mouse models of AD (Neuroinflammation in Alzheimer disease, 2024).  
C: SUPPORTED — Microglia in germ-free animals have enhanced Aβ uptake at early disease stages and protect against tau-related neurodegeneration, suggesting that alterations in the microbiome can impair spatial learning (Neuroinflammation in Alzheimer disease, 2024).  
D: NOT SUPPORTED — There is no evidence provided that directly states that gut microbiota reduces tau levels in AD animal models.  

ANSWER: A, B, C"
2	1	ET-RAG	test.agent_etrag	A1	+ Evidence quality	cosine retrieval + evidence quality	0.7	0.3	0.0	9	Which sleep characteristics are associated with AD?	A. Reduced REM duration | B. Abnormal slow-wave oscillations | C. Increased CSF tau during wakefulness | D. Stable sleep architecture	A, B, C	Reduced REM duration | Abnormal slow-wave oscillations | Increased CSF tau during wakefulness	A, B	0.666667	strict_partial_credit	False	0.704041	4.976	2.347	0.0	12	12	0.440117	0.414453	0.5	0.875	0	0	0	0	0	False	False	False	False	False	2023-oxidative-damage-in-neurodegeneration-roles-in-the-pathogenesis-and-progression-of-alzheimer-disease.pdf | 2024 Advancements and Challenges in Antiamyloid Therapy for.pdf | 2024 Immune Activation in Alzheimer Disease.pdf | 2024 Linking activity dyshomeostasis and sleep disturbances in Alzheimer disease.pdf | 2024 Neuroinflammation in Alzheimer disease.pdf | 2025 Updates on mouse models of Alzheimer’s disease.pdf | Recent advances in Alzheimer’s disease mechanisms clinical trials and new drug development strategies.pdf | alzheimer disease  2021.pdf	"A: SUPPORTED — Reduced sharp-wave ripples in NREM sleep and quiet wakefulness are observed in familial Alzheimer disease mouse models, indicating reduced REM duration is associated with AD (Linking activity dyshomeostasis and sleep disturbances in Alzheimer disease, 2024).  
B: SUPPORTED — Abnormal slow-wave oscillations are indicated by reduced UP state durations and failed transitions in AD mouse models, suggesting this characteristic is associated with AD (Linking activity dyshomeostasis and sleep disturbances in Alzheimer disease, 2024).  
C: NOT SUPPORTED — There is no direct evidence in the provided excerpts linking increased CSF tau during wakefulness specifically to sleep characteristics associated with AD.  
D: NOT SUPPORTED — The evidence does not support the notion of stable sleep architecture in AD, as alterations in sleep patterns are noted in the context of the disease (Linking activity dyshomeostasis and sleep disturbances in Alzheimer disease, 2024).  
ANSWER: A, B"	"A: SUPPORTED — Reduced sharp-wave ripples in NREM sleep and quiet wakefulness are observed in familial Alzheimer disease mouse models, indicating reduced REM duration is associated with AD (Linking activity dyshomeostasis and sleep disturbances in Alzheimer disease, 2024).  
B: SUPPORTED — Abnormal slow-wave oscillations are indicated by reduced UP state durations and failed transitions in AD mouse models, suggesting this characteristic is associated with AD (Linking activity dyshomeostasis and sleep disturbances in Alzheimer disease, 2024).  
C: NOT SUPPORTED — There is no direct evidence in the provided excerpts linking increased CSF tau during wakefulness specifically to sleep characteristics associated with AD.  
D: NOT SUPPORTED — The evidence does not support the notion of stable sleep architecture in AD, as alterations in sleep patterns are noted in the context of the disease (Linking activity dyshomeostasis and sleep disturbances in Alzheimer disease, 2024).  
ANSWER: A, B"
2	1	ET-RAG	test.agent_etrag	A1	+ Evidence quality	cosine retrieval + evidence quality	0.7	0.3	0.0	10	Which interventions may improve cognition in MCI or early dementia?	A. Melatonin | B. Rivasti gmine | C. Suvorexant | D. Ketogenic diet	A, B, C	Melatonin | Rivasti gmine | Suvorexant	B	0.333333	strict_partial_credit	False	0.719541	4.655	2.324	0.0	23	23	0.484403	0.456337	0.549891	0.854348	0	0	0	0	0	False	False	False	False	False	2023-oxidative-damage-in-neurodegeneration-roles-in-the-pathogenesis-and-progression-of-alzheimer-disease.pdf | 2024 Advancements and Challenges in Antiamyloid Therapy for.pdf | 2024 Linking activity dyshomeostasis and sleep disturbances in Alzheimer disease.pdf | 2025 Updates on mouse models of Alzheimer’s disease.pdf | Recent advances in Alzheimer’s disease mechanisms clinical trials and new drug development strategies.pdf | alzheimer disease  2021.pdf	"A: NOT SUPPORTED — There is no evidence in the provided excerpts that melatonin improves cognition in MCI or early dementia.  
B: SUPPORTED — Rivastigmine is a cholinesterase inhibitor that has shown modest benefits in delaying symptom progression in patients with mild to moderate Alzheimer's disease, as noted in the paper ""Alzheimer disease"" (2021).  
C: NOT SUPPORTED — There is no evidence in the provided excerpts that suvorexant improves cognition in MCI or early dementia.  
D: NOT SUPPORTED — There is no evidence in the provided excerpts that a ketogenic diet improves cognition in MCI or early dementia.  

ANSWER: B"	"A: NOT SUPPORTED — There is no evidence in the provided excerpts that melatonin improves cognition in MCI or early dementia.  
B: SUPPORTED — Rivastigmine is a cholinesterase inhibitor that has shown modest benefits in delaying symptom progression in patients with mild to moderate Alzheimer's disease, as noted in the paper ""Alzheimer disease"" (2021).  
C: NOT SUPPORTED — There is no evidence in the provided excerpts that suvorexant improves cognition in MCI or early dementia.  
D: NOT SUPPORTED — There is no evidence in the provided excerpts that a ketogenic diet improves cognition in MCI or early dementia.  

ANSWER: B"
3	1	ET-RAG	test.agent_etrag	A1	+ Evidence quality	cosine retrieval + evidence quality	0.7	0.3	0.0	1	Which of the following are components of the A-T-N AD biomarker framework?	A. Amyloid beta | B. Tau | C. Neurodegeneration markers | D. Synaptic vesicle proteins	A, B, C	Amyloid beta | Tau | Neurodegeneration markers	A, B, C	1.0	strict_partial_credit	True	0.738423	4.113	2.124	0.0	29	25	0.538351	0.551701	0.5072	0.852	1	0	0	0	0	False	False	False	False	False	2023-oxidative-damage-in-neurodegeneration-roles-in-the-pathogenesis-and-progression-of-alzheimer-disease.pdf | 2024 Advancements and Challenges in Antiamyloid Therapy for.pdf | 2024 Cell type-specific roles of APOE4 in Alzheimer disease.pdf | 2024 Neuroinflammation in Alzheimer disease.pdf | Recent advances in Alzheimer’s disease mechanisms clinical trials and new drug development strategies.pdf | alzheimer disease  2021.pdf	"A: SUPPORTED — The A-T-N framework includes amyloid beta as a key biomarker for Alzheimer's disease, as stated in ""Alzheimer disease"" (2021).  
B: SUPPORTED — Tau is also a component of the A-T-N framework, specifically as an abnormal tau protein biomarker, as mentioned in ""Alzheimer disease"" (2021).  
C: SUPPORTED — Neurodegeneration markers are included in the A-T-N framework, as they are used to indicate the severity of the Alzheimer's disease process, according to ""Alzheimer disease"" (2021).  
D: NOT SUPPORTED — Synaptic vesicle proteins are not mentioned as part of the A-T-N framework in the provided evidence.  

ANSWER: A, B, C"	"A: SUPPORTED — The A-T-N framework includes amyloid beta as a key biomarker for Alzheimer's disease, as stated in ""Alzheimer disease"" (2021).  
B: SUPPORTED — Tau is also a component of the A-T-N framework, specifically as an abnormal tau protein biomarker, as mentioned in ""Alzheimer disease"" (2021).  
C: SUPPORTED — Neurodegeneration markers are included in the A-T-N framework, as they are used to indicate the severity of the Alzheimer's disease process, according to ""Alzheimer disease"" (2021).  
D: NOT SUPPORTED — Synaptic vesicle proteins are not mentioned as part of the A-T-N framework in the provided evidence.  

ANSWER: A, B, C"
3	1	ET-RAG	test.agent_etrag	A1	+ Evidence quality	cosine retrieval + evidence quality	0.7	0.3	0.0	2	Which sleep-related conditions are discussed as contributing to AD progression?	A. Sleep apnea | B. Long sleep duration | C. Short sleep duration | D. Insomnia	A, B, C, D	Sleep apnea | Long sleep duration | Short sleep duration | Insomnia	A, B, C, D	1.0	strict_partial_credit	True	0.702103	3.849	2.083	0.0	16	16	0.43458	0.406543	0.5	0.865625	0	0	0	0	0	False	False	False	False	False	2023-oxidative-damage-in-neurodegeneration-roles-in-the-pathogenesis-and-progression-of-alzheimer-disease.pdf | 2024 Advancements and Challenges in Antiamyloid Therapy for.pdf | 2024 Linking activity dyshomeostasis and sleep disturbances in Alzheimer disease.pdf | 2025 Oligodendrocytes in Alzheimer’s disease pathophysiology.pdf | 2025 Updates on mouse models of Alzheimer’s disease.pdf | Recent advances in Alzheimer’s disease mechanisms clinical trials and new drug development strategies.pdf | alzheimer disease  2021.pdf	"A: SUPPORTED — Sleep disturbances, including obstructive sleep apnea, are discussed as contributing factors to the progression of Alzheimer's disease (AD) in the paper ""Alzheimer disease"" (2021).  
B: SUPPORTED — Long sleep duration is mentioned as a potential factor associated with cognitive decline in Alzheimer's disease in the paper ""Alzheimer disease"" (2021).  
C: SUPPORTED — Short sleep duration is discussed as a contributing factor to cognitive decline in Alzheimer's disease in the paper ""Alzheimer disease"" (2021).  
D: SUPPORTED — Insomnia is identified as a sleep disorder that can affect individuals with Alzheimer's disease and is discussed in the context of its impact on cognitive function in the paper ""Alzheimer disease"" (2021).  
ANSWER: A, B, C, D"	"A: SUPPORTED — Sleep disturbances, including obstructive sleep apnea, are discussed as contributing factors to the progression of Alzheimer's disease (AD) in the paper ""Alzheimer disease"" (2021).  
B: SUPPORTED — Long sleep duration is mentioned as a potential factor associated with cognitive decline in Alzheimer's disease in the paper ""Alzheimer disease"" (2021).  
C: SUPPORTED — Short sleep duration is discussed as a contributing factor to cognitive decline in Alzheimer's disease in the paper ""Alzheimer disease"" (2021).  
D: SUPPORTED — Insomnia is identified as a sleep disorder that can affect individuals with Alzheimer's disease and is discussed in the context of its impact on cognitive function in the paper ""Alzheimer disease"" (2021).  
ANSWER: A, B, C, D"
3	1	ET-RAG	test.agent_etrag	A1	+ Evidence quality	cosine retrieval + evidence quality	0.7	0.3	0.0	3	Which interventions were identified as promising for sleep-related AD therapy?	A. CBT-I | B. Suvorexant | C. Positive airway pressure treatment | D. Ketamine	A, B, C	CBT-I | Suvorexant | Positive airway pressure treatment	A, C	0.666667	strict_partial_credit	False	0.71571	6.98	4.356	0.0	18	18	0.473457	0.443332	0.54375	0.855556	0	0	0	0	0	False	False	False	False	False	2023-oxidative-damage-in-neurodegeneration-roles-in-the-pathogenesis-and-progression-of-alzheimer-disease.pdf | 2024 Advancements and Challenges in Antiamyloid Therapy for.pdf | 2024 Linking activity dyshomeostasis and sleep disturbances in Alzheimer disease.pdf | 2025 Updates on mouse models of Alzheimer’s disease.pdf | Recent advances in Alzheimer’s disease mechanisms clinical trials and new drug development strategies.pdf | alzheimer disease  2021.pdf	"A: SUPPORTED — Cognitive Behavioral Therapy for Insomnia (CBT-I) is discussed as a non-pharmacological intervention that may benefit patients with Alzheimer's disease experiencing sleep disturbances (Linking activity dyshomeostasis and sleep disturbances in Alzheimer disease, 2024).  
B: NOT SUPPORTED — There is no evidence provided in the excerpts that directly supports the use of Suvorexant for sleep-related therapy in Alzheimer's disease.  
C: SUPPORTED — Positive airway pressure treatment is mentioned as a method to treat comorbid sleep disorders like obstructive sleep apnea in patients with dementia (Alzheimer disease, 2021).  
D: NOT SUPPORTED — There is no evidence in the excerpts that supports the use of Ketamine for sleep-related therapy in Alzheimer's disease.  
ANSWER: A, C"	"A: SUPPORTED — Cognitive Behavioral Therapy for Insomnia (CBT-I) is discussed as a non-pharmacological intervention that may benefit patients with Alzheimer's disease experiencing sleep disturbances (Linking activity dyshomeostasis and sleep disturbances in Alzheimer disease, 2024).  
B: NOT SUPPORTED — There is no evidence provided in the excerpts that directly supports the use of Suvorexant for sleep-related therapy in Alzheimer's disease.  
C: SUPPORTED — Positive airway pressure treatment is mentioned as a method to treat comorbid sleep disorders like obstructive sleep apnea in patients with dementia (Alzheimer disease, 2021).  
D: NOT SUPPORTED — There is no evidence in the excerpts that supports the use of Ketamine for sleep-related therapy in Alzheimer's disease.  
ANSWER: A, C"
3	1	ET-RAG	test.agent_etrag	A1	+ Evidence quality	cosine retrieval + evidence quality	0.7	0.3	0.0	4	Hearing loss in older adults may lead to which of the following?	A. Decreased brain volume | B. Higher tau levels | C. Lower social engagement | D. Enhanced neurogenesis	A, B, C	Decreased brain volume | Higher tau levels | Lower social engagement	A, B, C, D	0.0	strict_partial_credit	False	0.723338	4.94	2.594	0.0	24	24	0.495251	0.479154	0.532813	0.872917	2	0	0	0	0	False	False	False	False	False	2023-oxidative-damage-in-neurodegeneration-roles-in-the-pathogenesis-and-progression-of-alzheimer-disease.pdf | 2024 Advancements and Challenges in Antiamyloid Therapy for.pdf | 2024 Cell type-specific roles of APOE4 in Alzheimer disease.pdf | 2024 Immune Activation in Alzheimer Disease.pdf | 2024 Linking activity dyshomeostasis and sleep disturbances in Alzheimer disease.pdf | 2024 Neuroinflammation in Alzheimer disease.pdf | 2025 Oligodendrocytes in Alzheimer’s disease pathophysiology.pdf | 2025 Updates on mouse models of Alzheimer’s disease.pdf | Recent advances in Alzheimer’s disease mechanisms clinical trials and new drug development strategies.pdf | alzheimer disease  2021.pdf	"A: SUPPORTED — Hearing loss in older adults is associated with decreased brain volume, as indicated by the evidence that cognitive impairment and increased amyloid by PET correlate with accelerated regional atrophy in the temporal and parietal isocortex (Alzheimer disease, 2021).  
B: SUPPORTED — Higher tau levels are associated with cognitive decline and neurodegeneration, as evidenced by the correlation between elevated tau biomarkers and increased risk of cognitive impairment (Alzheimer disease, 2021).  
C: SUPPORTED — Hearing loss in older adults is linked to lower social engagement, as neuropsychiatric symptoms such as social withdrawal often co-occur with cognitive deficits (Alzheimer disease, 2021).  
D: NOT SUPPORTED — There is no evidence provided that supports the idea that hearing loss in older adults leads to enhanced neurogenesis.  

ANSWER: A, B, C, D"	"A: SUPPORTED — Hearing loss in older adults is associated with decreased brain volume, as indicated by the evidence that cognitive impairment and increased amyloid by PET correlate with accelerated regional atrophy in the temporal and parietal isocortex (Alzheimer disease, 2021).  
B: SUPPORTED — Higher tau levels are associated with cognitive decline and neurodegeneration, as evidenced by the correlation between elevated tau biomarkers and increased risk of cognitive impairment (Alzheimer disease, 2021).  
C: SUPPORTED — Hearing loss in older adults is linked to lower social engagement, as neuropsychiatric symptoms such as social withdrawal often co-occur with cognitive deficits (Alzheimer disease, 2021).  
D: NOT SUPPORTED — There is no evidence provided that supports the idea that hearing loss in older adults leads to enhanced neurogenesis.  

ANSWER: A, B, C, D"
3	1	ET-RAG	test.agent_etrag	A1	+ Evidence quality	cosine retrieval + evidence quality	0.7	0.3	0.0	5	Which factors have been epidemiologically linked to AD?	A. Hypoxia | B. Gut microbiota imbalance | C. High education | D. Diet	A, B, D	Hypoxia | Gut microbiota imbalance | Diet	B, D	0.666667	strict_partial_credit	False	0.719548	4.435	2.688	0.0	20	20	0.484423	0.473891	0.509	0.87	0	0	0	0	0	False	False	False	False	False	2023-oxidative-damage-in-neurodegeneration-roles-in-the-pathogenesis-and-progression-of-alzheimer-disease.pdf | 2024 Advancements and Challenges in Antiamyloid Therapy for.pdf | 2024 Cell type-specific roles of APOE4 in Alzheimer disease.pdf | 2024 Immune Activation in Alzheimer Disease.pdf | 2024 Linking activity dyshomeostasis and sleep disturbances in Alzheimer disease.pdf | 2024 Neuroinflammation in Alzheimer disease.pdf | 2025 Updates on mouse models of Alzheimer’s disease.pdf | Recent advances in Alzheimer’s disease mechanisms clinical trials and new drug development strategies.pdf | alzheimer disease  2021.pdf	"A: NOT SUPPORTED — There is no direct evidence linking hypoxia to Alzheimer's disease in the provided excerpts.  
B: SUPPORTED — The microbiota-gut-brain axis hypothesis suggests that gut microbiota imbalance may influence brain function and has been linked to Alzheimer's disease (Recent advances in Alzheimer’s disease: mechanisms, clinical trials and new drug development strategies, year unknown).  
C: NOT SUPPORTED — The evidence does not support a direct link between high education and Alzheimer's disease in the provided excerpts.  
D: SUPPORTED — Specific dietary patterns have been linked to Alzheimer's disease risk, indicating that diet plays a role in the disease (Oxidative damage in neurodegeneration: roles in the pathogenesis and progression of Alzheimer disease, 2023).  
ANSWER: B, D"	"A: NOT SUPPORTED — There is no direct evidence linking hypoxia to Alzheimer's disease in the provided excerpts.  
B: SUPPORTED — The microbiota-gut-brain axis hypothesis suggests that gut microbiota imbalance may influence brain function and has been linked to Alzheimer's disease (Recent advances in Alzheimer’s disease: mechanisms, clinical trials and new drug development strategies, year unknown).  
C: NOT SUPPORTED — The evidence does not support a direct link between high education and Alzheimer's disease in the provided excerpts.  
D: SUPPORTED — Specific dietary patterns have been linked to Alzheimer's disease risk, indicating that diet plays a role in the disease (Oxidative damage in neurodegeneration: roles in the pathogenesis and progression of Alzheimer disease, 2023).  
ANSWER: B, D"
3	1	ET-RAG	test.agent_etrag	A1	+ Evidence quality	cosine retrieval + evidence quality	0.7	0.3	0.0	6	Which imaging biomarkers are used in AD diagnosis?	A. Tau-PET | B. MRI | C. CT | D. FDG-PET	A, B, D	Tau-PET | MRI | FDG-PET	A, B, D	1.0	strict_partial_credit	True	0.736548	4.369	2.174	0.0	28	25	0.532993	0.537876	0.5216	0.858	0	0	0	0	0	False	False	False	False	False	2023-oxidative-damage-in-neurodegeneration-roles-in-the-pathogenesis-and-progression-of-alzheimer-disease.pdf | 2024 Advancements and Challenges in Antiamyloid Therapy for.pdf | 2024 Immune Activation in Alzheimer Disease.pdf | 2024 Neuroinflammation in Alzheimer disease.pdf | 2025 Updates on mouse models of Alzheimer’s disease.pdf | Recent advances in Alzheimer’s disease mechanisms clinical trials and new drug development strategies.pdf | alzheimer disease  2021.pdf	"A: SUPPORTED — ""Tau-PET imaging allows the detection of tauopathy that is largely, though not entirely, specific for AD."" (Alzheimer disease, 2021)  
B: SUPPORTED — ""Structural MRI is also useful to assess patients for cerebral microbleeds that occur as a consequence of cerebral amyloid angiopathy."" (Alzheimer disease, 2021)  
C: NOT SUPPORTED — ""CT was superseded by MRI for research purposes."" (Alzheimer disease, 2021)  
D: SUPPORTED — ""FDG-PET has revealed a pattern of temporal-parietal and hippocampal hypometabolism that precedes volume loss in the same regions and is highly characteristic of AD."" (Alzheimer disease, 2021)  
ANSWER: A, B, D"	"A: SUPPORTED — ""Tau-PET imaging allows the detection of tauopathy that is largely, though not entirely, specific for AD."" (Alzheimer disease, 2021)  
B: SUPPORTED — ""Structural MRI is also useful to assess patients for cerebral microbleeds that occur as a consequence of cerebral amyloid angiopathy."" (Alzheimer disease, 2021)  
C: NOT SUPPORTED — ""CT was superseded by MRI for research purposes."" (Alzheimer disease, 2021)  
D: SUPPORTED — ""FDG-PET has revealed a pattern of temporal-parietal and hippocampal hypometabolism that precedes volume loss in the same regions and is highly characteristic of AD."" (Alzheimer disease, 2021)  
ANSWER: A, B, D"
3	1	ET-RAG	test.agent_etrag	A1	+ Evidence quality	cosine retrieval + evidence quality	0.7	0.3	0.0	7	What roles do CSF biomarkers play in AD diagnosis?	A. Stage disease progression | B. Diagnose mild cognitive impairment | C. Indicate tau pathology | D. Replace neuropsychological testing	A, B, C	Stage disease progression | Diagnose mild cognitive impairment | Indicate tau pathology	B, C	0.666667	strict_partial_credit	False	0.740975	4.271	2.313	0.0	31	25	0.545644	0.556334	0.5207	0.848	0	0	0	0	0	False	False	False	False	False	2024 Advancements and Challenges in Antiamyloid Therapy for.pdf | 2024 Immune Activation in Alzheimer Disease.pdf | 2024 Neuroinflammation in Alzheimer disease.pdf | Recent advances in Alzheimer’s disease mechanisms clinical trials and new drug development strategies.pdf | alzheimer disease  2021.pdf	"A: NOT SUPPORTED — The evidence indicates that CSF biomarkers are not useful for staging disease severity in Alzheimer's disease (AD) (Alzheimer disease, 2021).  
B: SUPPORTED — CSF biomarkers can help diagnose mild cognitive impairment (MCI) and are associated with an increased risk of progression to dementia (Alzheimer disease, 2021).  
C: SUPPORTED — Phosphorylated tau (p-tau181) is recognized as a specific biomarker for tau pathology in Alzheimer's disease (Alzheimer disease, 2021).  
D: NOT SUPPORTED — The evidence does not support the idea that CSF biomarkers can replace neuropsychological testing in the diagnosis of Alzheimer's disease (Alzheimer disease, 2021).  
ANSWER: B, C"	"A: NOT SUPPORTED — The evidence indicates that CSF biomarkers are not useful for staging disease severity in Alzheimer's disease (AD) (Alzheimer disease, 2021).  
B: SUPPORTED — CSF biomarkers can help diagnose mild cognitive impairment (MCI) and are associated with an increased risk of progression to dementia (Alzheimer disease, 2021).  
C: SUPPORTED — Phosphorylated tau (p-tau181) is recognized as a specific biomarker for tau pathology in Alzheimer's disease (Alzheimer disease, 2021).  
D: NOT SUPPORTED — The evidence does not support the idea that CSF biomarkers can replace neuropsychological testing in the diagnosis of Alzheimer's disease (Alzheimer disease, 2021).  
ANSWER: B, C"
3	1	ET-RAG	test.agent_etrag	A1	+ Evidence quality	cosine retrieval + evidence quality	0.7	0.3	0.0	8	What effects does gut microbiota have in AD animal models?	A. Promotes inflammation | B. Improves memory | C. Impairs spatial learning | D. Reduces tau levels	A, C	Promotes inflammation | Impairs spatial learning	A, B, C	0.0	strict_partial_credit	False	0.727648	7.071	2.464	0.0	10	10	0.507566	0.510808	0.5	0.87	0	0	0	0	0	False	False	False	False	False	2023-oxidative-damage-in-neurodegeneration-roles-in-the-pathogenesis-and-progression-of-alzheimer-disease.pdf | 2024 Advancements and Challenges in Antiamyloid Therapy for.pdf | 2024 Immune Activation in Alzheimer Disease.pdf | 2024 Neuroinflammation in Alzheimer disease.pdf | 2025 Updates on mouse models of Alzheimer’s disease.pdf | Recent advances in Alzheimer’s disease mechanisms clinical trials and new drug development strategies.pdf | alzheimer disease  2021.pdf	"A: SUPPORTED — The evidence indicates that microbiome-originated LPS and SCFAs may impair the permeability of the BBB and affect homeostasis, leading to increased inflammation in the brain, as discussed in ""Neuroinflammation in Alzheimer disease"" (2024).  
B: SUPPORTED — The therapy with Bifidobacterium and Lactobacillus species-based probiotics after antibiotic administration improves memory deficits in mouse models of AD, as noted in ""Neuroinflammation in Alzheimer disease"" (2024).  
C: SUPPORTED — The evidence suggests that microglia in germ-free animals have enhanced Aβ uptake and protect against tau-related neurodegeneration, which implies that the absence of gut microbiota may impair spatial learning, as mentioned in ""Neuroinflammation in Alzheimer disease"" (2024).  
D: NOT SUPPORTED — There is no evidence provided that directly states gut microbiota reduces tau levels in AD animal models.  

ANSWER: A, B, C"	"A: SUPPORTED — The evidence indicates that microbiome-originated LPS and SCFAs may impair the permeability of the BBB and affect homeostasis, leading to increased inflammation in the brain, as discussed in ""Neuroinflammation in Alzheimer disease"" (2024).  
B: SUPPORTED — The therapy with Bifidobacterium and Lactobacillus species-based probiotics after antibiotic administration improves memory deficits in mouse models of AD, as noted in ""Neuroinflammation in Alzheimer disease"" (2024).  
C: SUPPORTED — The evidence suggests that microglia in germ-free animals have enhanced Aβ uptake and protect against tau-related neurodegeneration, which implies that the absence of gut microbiota may impair spatial learning, as mentioned in ""Neuroinflammation in Alzheimer disease"" (2024).  
D: NOT SUPPORTED — There is no evidence provided that directly states gut microbiota reduces tau levels in AD animal models.  

ANSWER: A, B, C"
3	1	ET-RAG	test.agent_etrag	A1	+ Evidence quality	cosine retrieval + evidence quality	0.7	0.3	0.0	9	Which sleep characteristics are associated with AD?	A. Reduced REM duration | B. Abnormal slow-wave oscillations | C. Increased CSF tau during wakefulness | D. Stable sleep architecture	A, B, C	Reduced REM duration | Abnormal slow-wave oscillations | Increased CSF tau during wakefulness	A, B	0.666667	strict_partial_credit	False	0.704035	5.347	2.189	0.0	12	12	0.4401	0.414429	0.5	0.875	0	0	0	0	0	False	False	False	False	False	2023-oxidative-damage-in-neurodegeneration-roles-in-the-pathogenesis-and-progression-of-alzheimer-disease.pdf | 2024 Advancements and Challenges in Antiamyloid Therapy for.pdf | 2024 Immune Activation in Alzheimer Disease.pdf | 2024 Linking activity dyshomeostasis and sleep disturbances in Alzheimer disease.pdf | 2024 Neuroinflammation in Alzheimer disease.pdf | 2025 Updates on mouse models of Alzheimer’s disease.pdf | Recent advances in Alzheimer’s disease mechanisms clinical trials and new drug development strategies.pdf | alzheimer disease  2021.pdf	"A: SUPPORTED — Reduced sharp-wave ripples in NREM sleep and quiet wakefulness are observed in familial Alzheimer disease mouse models, indicating reduced REM duration is associated with AD (Linking activity dyshomeostasis and sleep disturbances in Alzheimer disease, 2024).  
B: SUPPORTED — Abnormal slow-wave oscillations are indicated by reduced UP state durations and failed transitions in AD mouse models, suggesting this characteristic is associated with AD (Linking activity dyshomeostasis and sleep disturbances in Alzheimer disease, 2024).  
C: NOT SUPPORTED — There is no direct evidence in the provided excerpts linking increased CSF tau during wakefulness specifically to sleep characteristics associated with AD.  
D: NOT SUPPORTED — The evidence does not support the notion of stable sleep architecture in the context of AD, as alterations in sleep patterns are noted in the literature (Linking activity dyshomeostasis and sleep disturbances in Alzheimer disease, 2024).  

ANSWER: A, B"	"A: SUPPORTED — Reduced sharp-wave ripples in NREM sleep and quiet wakefulness are observed in familial Alzheimer disease mouse models, indicating reduced REM duration is associated with AD (Linking activity dyshomeostasis and sleep disturbances in Alzheimer disease, 2024).  
B: SUPPORTED — Abnormal slow-wave oscillations are indicated by reduced UP state durations and failed transitions in AD mouse models, suggesting this characteristic is associated with AD (Linking activity dyshomeostasis and sleep disturbances in Alzheimer disease, 2024).  
C: NOT SUPPORTED — There is no direct evidence in the provided excerpts linking increased CSF tau during wakefulness specifically to sleep characteristics associated with AD.  
D: NOT SUPPORTED — The evidence does not support the notion of stable sleep architecture in the context of AD, as alterations in sleep patterns are noted in the literature (Linking activity dyshomeostasis and sleep disturbances in Alzheimer disease, 2024).  

ANSWER: A, B"
3	1	ET-RAG	test.agent_etrag	A1	+ Evidence quality	cosine retrieval + evidence quality	0.7	0.3	0.0	10	Which interventions may improve cognition in MCI or early dementia?	A. Melatonin | B. Rivasti gmine | C. Suvorexant | D. Ketogenic diet	A, B, C	Melatonin | Rivasti gmine | Suvorexant	B	0.333333	strict_partial_credit	False	0.719544	4.127	2.232	0.0	23	23	0.484411	0.456348	0.549891	0.854348	0	0	0	0	0	False	False	False	False	False	2023-oxidative-damage-in-neurodegeneration-roles-in-the-pathogenesis-and-progression-of-alzheimer-disease.pdf | 2024 Advancements and Challenges in Antiamyloid Therapy for.pdf | 2024 Linking activity dyshomeostasis and sleep disturbances in Alzheimer disease.pdf | 2025 Updates on mouse models of Alzheimer’s disease.pdf | Recent advances in Alzheimer’s disease mechanisms clinical trials and new drug development strategies.pdf | alzheimer disease  2021.pdf	"A: NOT SUPPORTED — There is no evidence in the provided excerpts that melatonin improves cognition in MCI or early dementia.  
B: SUPPORTED — Rivastigmine is a cholinesterase inhibitor that has shown modest benefits in delaying symptom progression in patients with mild to moderate Alzheimer's disease, as noted in the review ""Alzheimer disease"" (2021).  
C: NOT SUPPORTED — There is no evidence in the provided excerpts that suvorexant improves cognition in MCI or early dementia.  
D: NOT SUPPORTED — There is no evidence in the provided excerpts that a ketogenic diet improves cognition in MCI or early dementia.  
ANSWER: B"	"A: NOT SUPPORTED — There is no evidence in the provided excerpts that melatonin improves cognition in MCI or early dementia.  
B: SUPPORTED — Rivastigmine is a cholinesterase inhibitor that has shown modest benefits in delaying symptom progression in patients with mild to moderate Alzheimer's disease, as noted in the review ""Alzheimer disease"" (2021).  
C: NOT SUPPORTED — There is no evidence in the provided excerpts that suvorexant improves cognition in MCI or early dementia.  
D: NOT SUPPORTED — There is no evidence in the provided excerpts that a ketogenic diet improves cognition in MCI or early dementia.  
ANSWER: B"
4	1	ET-RAG	test.agent_etrag	A1	+ Evidence quality	cosine retrieval + evidence quality	0.7	0.3	0.0	1	Which of the following are components of the A-T-N AD biomarker framework?	A. Amyloid beta | B. Tau | C. Neurodegeneration markers | D. Synaptic vesicle proteins	A, B, C	Amyloid beta | Tau | Neurodegeneration markers	A, B, C	1.0	strict_partial_credit	True	0.738424	4.483	2.147	0.0	29	25	0.538353	0.551705	0.5072	0.852	1	0	0	0	0	False	False	False	False	False	2023-oxidative-damage-in-neurodegeneration-roles-in-the-pathogenesis-and-progression-of-alzheimer-disease.pdf | 2024 Advancements and Challenges in Antiamyloid Therapy for.pdf | 2024 Cell type-specific roles of APOE4 in Alzheimer disease.pdf | 2024 Neuroinflammation in Alzheimer disease.pdf | Recent advances in Alzheimer’s disease mechanisms clinical trials and new drug development strategies.pdf | alzheimer disease  2021.pdf	"A: SUPPORTED — The A-T-N framework includes amyloid beta as a key biomarker for Alzheimer's disease, as stated in ""Alzheimer disease"" (2021).  
B: SUPPORTED — The framework also incorporates tau as a significant biomarker, as mentioned in ""Alzheimer disease"" (2021).  
C: SUPPORTED — Neurodegeneration markers are part of the A-T-N framework, as indicated in ""Alzheimer disease"" (2021).  
D: NOT SUPPORTED — Synaptic vesicle proteins are not mentioned as components of the A-T-N framework in the provided evidence.  

ANSWER: A, B, C"	"A: SUPPORTED — The A-T-N framework includes amyloid beta as a key biomarker for Alzheimer's disease, as stated in ""Alzheimer disease"" (2021).  
B: SUPPORTED — The framework also incorporates tau as a significant biomarker, as mentioned in ""Alzheimer disease"" (2021).  
C: SUPPORTED — Neurodegeneration markers are part of the A-T-N framework, as indicated in ""Alzheimer disease"" (2021).  
D: NOT SUPPORTED — Synaptic vesicle proteins are not mentioned as components of the A-T-N framework in the provided evidence.  

ANSWER: A, B, C"
4	1	ET-RAG	test.agent_etrag	A1	+ Evidence quality	cosine retrieval + evidence quality	0.7	0.3	0.0	2	Which sleep-related conditions are discussed as contributing to AD progression?	A. Sleep apnea | B. Long sleep duration | C. Short sleep duration | D. Insomnia	A, B, C, D	Sleep apnea | Long sleep duration | Short sleep duration | Insomnia	A, B, C, D	1.0	strict_partial_credit	True	0.702106	3.739	2.029	0.0	16	16	0.434589	0.406555	0.5	0.865625	0	0	0	0	0	False	False	False	False	False	2023-oxidative-damage-in-neurodegeneration-roles-in-the-pathogenesis-and-progression-of-alzheimer-disease.pdf | 2024 Advancements and Challenges in Antiamyloid Therapy for.pdf | 2024 Linking activity dyshomeostasis and sleep disturbances in Alzheimer disease.pdf | 2025 Oligodendrocytes in Alzheimer’s disease pathophysiology.pdf | 2025 Updates on mouse models of Alzheimer’s disease.pdf | Recent advances in Alzheimer’s disease mechanisms clinical trials and new drug development strategies.pdf | alzheimer disease  2021.pdf	"A: SUPPORTED — Sleep disturbances, including obstructive sleep apnea, are discussed as contributing factors to the progression of Alzheimer's disease (AD) in the paper ""Alzheimer disease"" (2021).  
B: SUPPORTED — Long sleep duration is mentioned as a factor that may be associated with cognitive decline in Alzheimer's disease in the paper ""Alzheimer disease"" (2021).  
C: SUPPORTED — Short sleep duration is discussed as a potential contributor to cognitive decline in Alzheimer's disease in the paper ""Alzheimer disease"" (2021).  
D: SUPPORTED — Insomnia is identified as a sleep disorder that can affect individuals with Alzheimer's disease and is discussed in the context of its impact on cognitive function in the paper ""Alzheimer disease"" (2021).  
ANSWER: A, B, C, D"	"A: SUPPORTED — Sleep disturbances, including obstructive sleep apnea, are discussed as contributing factors to the progression of Alzheimer's disease (AD) in the paper ""Alzheimer disease"" (2021).  
B: SUPPORTED — Long sleep duration is mentioned as a factor that may be associated with cognitive decline in Alzheimer's disease in the paper ""Alzheimer disease"" (2021).  
C: SUPPORTED — Short sleep duration is discussed as a potential contributor to cognitive decline in Alzheimer's disease in the paper ""Alzheimer disease"" (2021).  
D: SUPPORTED — Insomnia is identified as a sleep disorder that can affect individuals with Alzheimer's disease and is discussed in the context of its impact on cognitive function in the paper ""Alzheimer disease"" (2021).  
ANSWER: A, B, C, D"
4	1	ET-RAG	test.agent_etrag	A1	+ Evidence quality	cosine retrieval + evidence quality	0.7	0.3	0.0	3	Which interventions were identified as promising for sleep-related AD therapy?	A. CBT-I | B. Suvorexant | C. Positive airway pressure treatment | D. Ketamine	A, B, C	CBT-I | Suvorexant | Positive airway pressure treatment	A, C	0.666667	strict_partial_credit	False	0.715707	4.178	2.001	0.0	18	18	0.473448	0.443319	0.54375	0.855556	0	0	0	0	0	False	False	False	False	False	2023-oxidative-damage-in-neurodegeneration-roles-in-the-pathogenesis-and-progression-of-alzheimer-disease.pdf | 2024 Advancements and Challenges in Antiamyloid Therapy for.pdf | 2024 Linking activity dyshomeostasis and sleep disturbances in Alzheimer disease.pdf | 2025 Updates on mouse models of Alzheimer’s disease.pdf | Recent advances in Alzheimer’s disease mechanisms clinical trials and new drug development strategies.pdf | alzheimer disease  2021.pdf	"A: SUPPORTED — Cognitive Behavioral Therapy for Insomnia (CBT-I) is discussed as a non-pharmacological intervention that may help improve sleep in patients with Alzheimer's disease (Alzheimer disease, 2021).  
B: NOT SUPPORTED — There is no evidence provided in the excerpts that directly supports the use of Suvorexant as a promising intervention for sleep-related Alzheimer's disease therapy.  
C: SUPPORTED — Positive airway pressure treatment is mentioned as a method to treat comorbid sleep disorders, such as obstructive sleep apnea, in patients with dementia (Alzheimer disease, 2021).  
D: NOT SUPPORTED — There is no evidence in the excerpts that supports the use of Ketamine as a promising intervention for sleep-related Alzheimer's disease therapy.  
ANSWER: A, C"	"A: SUPPORTED — Cognitive Behavioral Therapy for Insomnia (CBT-I) is discussed as a non-pharmacological intervention that may help improve sleep in patients with Alzheimer's disease (Alzheimer disease, 2021).  
B: NOT SUPPORTED — There is no evidence provided in the excerpts that directly supports the use of Suvorexant as a promising intervention for sleep-related Alzheimer's disease therapy.  
C: SUPPORTED — Positive airway pressure treatment is mentioned as a method to treat comorbid sleep disorders, such as obstructive sleep apnea, in patients with dementia (Alzheimer disease, 2021).  
D: NOT SUPPORTED — There is no evidence in the excerpts that supports the use of Ketamine as a promising intervention for sleep-related Alzheimer's disease therapy.  
ANSWER: A, C"
4	1	ET-RAG	test.agent_etrag	A1	+ Evidence quality	cosine retrieval + evidence quality	0.7	0.3	0.0	4	Hearing loss in older adults may lead to which of the following?	A. Decreased brain volume | B. Higher tau levels | C. Lower social engagement | D. Enhanced neurogenesis	A, B, C	Decreased brain volume | Higher tau levels | Lower social engagement	A, B, C, D	0.0	strict_partial_credit	False	0.723338	4.03	2.219	0.0	24	24	0.495252	0.479155	0.532813	0.872917	2	0	0	0	0	False	False	False	False	False	2023-oxidative-damage-in-neurodegeneration-roles-in-the-pathogenesis-and-progression-of-alzheimer-disease.pdf | 2024 Advancements and Challenges in Antiamyloid Therapy for.pdf | 2024 Cell type-specific roles of APOE4 in Alzheimer disease.pdf | 2024 Immune Activation in Alzheimer Disease.pdf | 2024 Linking activity dyshomeostasis and sleep disturbances in Alzheimer disease.pdf | 2024 Neuroinflammation in Alzheimer disease.pdf | 2025 Oligodendrocytes in Alzheimer’s disease pathophysiology.pdf | 2025 Updates on mouse models of Alzheimer’s disease.pdf | Recent advances in Alzheimer’s disease mechanisms clinical trials and new drug development strategies.pdf | alzheimer disease  2021.pdf	"A: SUPPORTED — Hearing loss in older adults is associated with decreased brain volume, as indicated by the evidence that cognitive impairment and increased amyloid levels correlate with accelerated regional atrophy in the temporal and parietal isocortex (Alzheimer disease, 2021).  
B: SUPPORTED — Higher tau levels are discussed in relation to cognitive decline and neurodegeneration, with evidence showing that elevated tau levels are associated with increased risk of cognitive impairment (Alzheimer disease, 2021).  
C: SUPPORTED — Hearing loss is linked to lower social engagement, as individuals with cognitive impairment often experience social withdrawal (Alzheimer disease, 2021).  
D: NOT SUPPORTED — There is no evidence provided that supports the idea that hearing loss in older adults leads to enhanced neurogenesis.  

ANSWER: A, B, C, D"	"A: SUPPORTED — Hearing loss in older adults is associated with decreased brain volume, as indicated by the evidence that cognitive impairment and increased amyloid levels correlate with accelerated regional atrophy in the temporal and parietal isocortex (Alzheimer disease, 2021).  
B: SUPPORTED — Higher tau levels are discussed in relation to cognitive decline and neurodegeneration, with evidence showing that elevated tau levels are associated with increased risk of cognitive impairment (Alzheimer disease, 2021).  
C: SUPPORTED — Hearing loss is linked to lower social engagement, as individuals with cognitive impairment often experience social withdrawal (Alzheimer disease, 2021).  
D: NOT SUPPORTED — There is no evidence provided that supports the idea that hearing loss in older adults leads to enhanced neurogenesis.  

ANSWER: A, B, C, D"
4	1	ET-RAG	test.agent_etrag	A1	+ Evidence quality	cosine retrieval + evidence quality	0.7	0.3	0.0	5	Which factors have been epidemiologically linked to AD?	A. Hypoxia | B. Gut microbiota imbalance | C. High education | D. Diet	A, B, D	Hypoxia | Gut microbiota imbalance | Diet	B, D	0.666667	strict_partial_credit	False	0.719548	4.007	2.264	0.0	20	20	0.484424	0.473892	0.509	0.87	0	0	0	0	0	False	False	False	False	False	2023-oxidative-damage-in-neurodegeneration-roles-in-the-pathogenesis-and-progression-of-alzheimer-disease.pdf | 2024 Advancements and Challenges in Antiamyloid Therapy for.pdf | 2024 Cell type-specific roles of APOE4 in Alzheimer disease.pdf | 2024 Immune Activation in Alzheimer Disease.pdf | 2024 Linking activity dyshomeostasis and sleep disturbances in Alzheimer disease.pdf | 2024 Neuroinflammation in Alzheimer disease.pdf | 2025 Updates on mouse models of Alzheimer’s disease.pdf | Recent advances in Alzheimer’s disease mechanisms clinical trials and new drug development strategies.pdf | alzheimer disease  2021.pdf	"A: NOT SUPPORTED — There is no direct evidence linking hypoxia to Alzheimer's disease in the provided excerpts.  
B: SUPPORTED — The microbiota-gut-brain axis hypothesis suggests that gut microbiota imbalance may influence brain function and has been linked to Alzheimer's disease (Recent advances in Alzheimer’s disease: mechanisms, clinical trials and new drug development strategies, year unknown).  
C: NOT SUPPORTED — The evidence does not support a direct link between high education and Alzheimer's disease in the provided excerpts.  
D: SUPPORTED — Specific dietary patterns have been linked to Alzheimer's disease risk, indicating that diet plays a role in the disease (Oxidative damage in neurodegeneration: roles in the pathogenesis and progression of Alzheimer disease, 2023).  
ANSWER: B, D"	"A: NOT SUPPORTED — There is no direct evidence linking hypoxia to Alzheimer's disease in the provided excerpts.  
B: SUPPORTED — The microbiota-gut-brain axis hypothesis suggests that gut microbiota imbalance may influence brain function and has been linked to Alzheimer's disease (Recent advances in Alzheimer’s disease: mechanisms, clinical trials and new drug development strategies, year unknown).  
C: NOT SUPPORTED — The evidence does not support a direct link between high education and Alzheimer's disease in the provided excerpts.  
D: SUPPORTED — Specific dietary patterns have been linked to Alzheimer's disease risk, indicating that diet plays a role in the disease (Oxidative damage in neurodegeneration: roles in the pathogenesis and progression of Alzheimer disease, 2023).  
ANSWER: B, D"
4	1	ET-RAG	test.agent_etrag	A1	+ Evidence quality	cosine retrieval + evidence quality	0.7	0.3	0.0	6	Which imaging biomarkers are used in AD diagnosis?	A. Tau-PET | B. MRI | C. CT | D. FDG-PET	A, B, D	Tau-PET | MRI | FDG-PET	A, B, D	1.0	strict_partial_credit	True	0.736534	6.457	4.446	0.0	28	25	0.532954	0.53782	0.5216	0.858	0	0	0	0	0	False	False	False	False	False	2023-oxidative-damage-in-neurodegeneration-roles-in-the-pathogenesis-and-progression-of-alzheimer-disease.pdf | 2024 Advancements and Challenges in Antiamyloid Therapy for.pdf | 2024 Immune Activation in Alzheimer Disease.pdf | 2024 Neuroinflammation in Alzheimer disease.pdf | 2025 Updates on mouse models of Alzheimer’s disease.pdf | Recent advances in Alzheimer’s disease mechanisms clinical trials and new drug development strategies.pdf | alzheimer disease  2021.pdf	"A: SUPPORTED — ""Tau-PET imaging allows the detection of tauopathy that is largely, though not entirely, specific for AD."" (Alzheimer disease, 2021)  
B: SUPPORTED — ""Structural MRI is also useful to assess patients for cerebral microbleeds that occur as a consequence of cerebral amyloid angiopathy."" (Alzheimer disease, 2021)  
C: NOT SUPPORTED — ""CT was superseded by MRI for research purposes."" (Alzheimer disease, 2021)  
D: SUPPORTED — ""FDG-PET has revealed a pattern of temporal-parietal and hippocampal hypometabolism that precedes volume loss in the same regions and is highly characteristic of AD."" (Alzheimer disease, 2021)  
ANSWER: A, B, D"	"A: SUPPORTED — ""Tau-PET imaging allows the detection of tauopathy that is largely, though not entirely, specific for AD."" (Alzheimer disease, 2021)  
B: SUPPORTED — ""Structural MRI is also useful to assess patients for cerebral microbleeds that occur as a consequence of cerebral amyloid angiopathy."" (Alzheimer disease, 2021)  
C: NOT SUPPORTED — ""CT was superseded by MRI for research purposes."" (Alzheimer disease, 2021)  
D: SUPPORTED — ""FDG-PET has revealed a pattern of temporal-parietal and hippocampal hypometabolism that precedes volume loss in the same regions and is highly characteristic of AD."" (Alzheimer disease, 2021)  
ANSWER: A, B, D"
4	1	ET-RAG	test.agent_etrag	A1	+ Evidence quality	cosine retrieval + evidence quality	0.7	0.3	0.0	7	What roles do CSF biomarkers play in AD diagnosis?	A. Stage disease progression | B. Diagnose mild cognitive impairment | C. Indicate tau pathology | D. Replace neuropsychological testing	A, B, C	Stage disease progression | Diagnose mild cognitive impairment | Indicate tau pathology	B, C	0.666667	strict_partial_credit	False	0.740976	5.576	2.322	0.0	31	25	0.545645	0.556336	0.5207	0.848	0	0	0	0	0	False	False	False	False	False	2024 Advancements and Challenges in Antiamyloid Therapy for.pdf | 2024 Immune Activation in Alzheimer Disease.pdf | 2024 Neuroinflammation in Alzheimer disease.pdf | Recent advances in Alzheimer’s disease mechanisms clinical trials and new drug development strategies.pdf | alzheimer disease  2021.pdf	"A: NOT SUPPORTED — The evidence indicates that CSF biomarkers are not useful for staging disease severity in Alzheimer's disease (AD) (Alzheimer disease, 2021).  
B: SUPPORTED — CSF biomarkers can help diagnose mild cognitive impairment (MCI) and are associated with an increased risk of progression to dementia (Alzheimer disease, 2021).  
C: SUPPORTED — Phosphorylated tau (p-tau181) is recognized as a specific biomarker for tau pathology in Alzheimer's disease (Alzheimer disease, 2021).  
D: NOT SUPPORTED — The evidence does not support the idea that CSF biomarkers can replace neuropsychological testing in the diagnosis of Alzheimer's disease (Alzheimer disease, 2021).  
ANSWER: B, C"	"A: NOT SUPPORTED — The evidence indicates that CSF biomarkers are not useful for staging disease severity in Alzheimer's disease (AD) (Alzheimer disease, 2021).  
B: SUPPORTED — CSF biomarkers can help diagnose mild cognitive impairment (MCI) and are associated with an increased risk of progression to dementia (Alzheimer disease, 2021).  
C: SUPPORTED — Phosphorylated tau (p-tau181) is recognized as a specific biomarker for tau pathology in Alzheimer's disease (Alzheimer disease, 2021).  
D: NOT SUPPORTED — The evidence does not support the idea that CSF biomarkers can replace neuropsychological testing in the diagnosis of Alzheimer's disease (Alzheimer disease, 2021).  
ANSWER: B, C"
4	1	ET-RAG	test.agent_etrag	A1	+ Evidence quality	cosine retrieval + evidence quality	0.7	0.3	0.0	8	What effects does gut microbiota have in AD animal models?	A. Promotes inflammation | B. Improves memory | C. Impairs spatial learning | D. Reduces tau levels	A, C	Promotes inflammation | Impairs spatial learning	A, B, C	0.0	strict_partial_credit	False	0.727644	4.136	2.22	0.0	10	10	0.507553	0.51079	0.5	0.87	0	0	0	0	0	False	False	False	False	False	2023-oxidative-damage-in-neurodegeneration-roles-in-the-pathogenesis-and-progression-of-alzheimer-disease.pdf | 2024 Advancements and Challenges in Antiamyloid Therapy for.pdf | 2024 Immune Activation in Alzheimer Disease.pdf | 2024 Neuroinflammation in Alzheimer disease.pdf | 2025 Updates on mouse models of Alzheimer’s disease.pdf | Recent advances in Alzheimer’s disease mechanisms clinical trials and new drug development strategies.pdf | alzheimer disease  2021.pdf	"A: SUPPORTED — The evidence indicates that microbiome-originated LPS and SCFAs may impair the permeability of the BBB and affect homeostasis, leading to increased neuroinflammation, as discussed in ""Neuroinflammation in Alzheimer disease"" (2024).  
B: SUPPORTED — Therapy with Bifidobacterium and Lactobacillus species-based probiotics after antibiotic administration improves memory deficits in mouse models of AD, as noted in ""Neuroinflammation in Alzheimer disease"" (2024).  
C: SUPPORTED — Microglia in germ-free animals have enhanced Aβ uptake at early disease stages and protect against tau-related neurodegeneration, which implies impairment in spatial learning, as mentioned in ""Neuroinflammation in Alzheimer disease"" (2024).  
D: NOT SUPPORTED — There is no evidence provided that directly states gut microbiota reduces tau levels in AD animal models.  

ANSWER: A, B, C"	"A: SUPPORTED — The evidence indicates that microbiome-originated LPS and SCFAs may impair the permeability of the BBB and affect homeostasis, leading to increased neuroinflammation, as discussed in ""Neuroinflammation in Alzheimer disease"" (2024).  
B: SUPPORTED — Therapy with Bifidobacterium and Lactobacillus species-based probiotics after antibiotic administration improves memory deficits in mouse models of AD, as noted in ""Neuroinflammation in Alzheimer disease"" (2024).  
C: SUPPORTED — Microglia in germ-free animals have enhanced Aβ uptake at early disease stages and protect against tau-related neurodegeneration, which implies impairment in spatial learning, as mentioned in ""Neuroinflammation in Alzheimer disease"" (2024).  
D: NOT SUPPORTED — There is no evidence provided that directly states gut microbiota reduces tau levels in AD animal models.  

ANSWER: A, B, C"
4	1	ET-RAG	test.agent_etrag	A1	+ Evidence quality	cosine retrieval + evidence quality	0.7	0.3	0.0	9	Which sleep characteristics are associated with AD?	A. Reduced REM duration | B. Abnormal slow-wave oscillations | C. Increased CSF tau during wakefulness | D. Stable sleep architecture	A, B, C	Reduced REM duration | Abnormal slow-wave oscillations | Increased CSF tau during wakefulness	A, B	0.666667	strict_partial_credit	False	0.704035	4.875	1.975	0.0	12	12	0.4401	0.414429	0.5	0.875	0	0	0	0	0	False	False	False	False	False	2023-oxidative-damage-in-neurodegeneration-roles-in-the-pathogenesis-and-progression-of-alzheimer-disease.pdf | 2024 Advancements and Challenges in Antiamyloid Therapy for.pdf | 2024 Immune Activation in Alzheimer Disease.pdf | 2024 Linking activity dyshomeostasis and sleep disturbances in Alzheimer disease.pdf | 2024 Neuroinflammation in Alzheimer disease.pdf | 2025 Updates on mouse models of Alzheimer’s disease.pdf | Recent advances in Alzheimer’s disease mechanisms clinical trials and new drug development strategies.pdf | alzheimer disease  2021.pdf	"A: SUPPORTED — Reduced sharp-wave ripples in NREM sleep and quiet wakefulness are observed in familial Alzheimer disease mouse models, indicating reduced REM duration is associated with AD (Linking activity dyshomeostasis and sleep disturbances in Alzheimer disease, 2024).  
B: SUPPORTED — Abnormal slow-wave oscillations are indicated by reduced UP state durations and failed transitions in AD mouse models, suggesting this characteristic is associated with AD (Linking activity dyshomeostasis and sleep disturbances in Alzheimer disease, 2024).  
C: NOT SUPPORTED — There is no direct evidence in the provided excerpts linking increased CSF tau during wakefulness specifically to sleep characteristics associated with AD.  
D: NOT SUPPORTED — The evidence does not support stable sleep architecture as being associated with AD; rather, alterations in sleep patterns are noted (Linking activity dyshomeostasis and sleep disturbances in Alzheimer disease, 2024).  
ANSWER: A, B"	"A: SUPPORTED — Reduced sharp-wave ripples in NREM sleep and quiet wakefulness are observed in familial Alzheimer disease mouse models, indicating reduced REM duration is associated with AD (Linking activity dyshomeostasis and sleep disturbances in Alzheimer disease, 2024).  
B: SUPPORTED — Abnormal slow-wave oscillations are indicated by reduced UP state durations and failed transitions in AD mouse models, suggesting this characteristic is associated with AD (Linking activity dyshomeostasis and sleep disturbances in Alzheimer disease, 2024).  
C: NOT SUPPORTED — There is no direct evidence in the provided excerpts linking increased CSF tau during wakefulness specifically to sleep characteristics associated with AD.  
D: NOT SUPPORTED — The evidence does not support stable sleep architecture as being associated with AD; rather, alterations in sleep patterns are noted (Linking activity dyshomeostasis and sleep disturbances in Alzheimer disease, 2024).  
ANSWER: A, B"
4	1	ET-RAG	test.agent_etrag	A1	+ Evidence quality	cosine retrieval + evidence quality	0.7	0.3	0.0	10	Which interventions may improve cognition in MCI or early dementia?	A. Melatonin | B. Rivasti gmine | C. Suvorexant | D. Ketogenic diet	A, B, C	Melatonin | Rivasti gmine | Suvorexant	B	0.333333	strict_partial_credit	False	0.719544	6.016	1.866	0.0	23	23	0.484411	0.456349	0.549891	0.854348	0	0	0	0	0	False	False	False	False	False	2023-oxidative-damage-in-neurodegeneration-roles-in-the-pathogenesis-and-progression-of-alzheimer-disease.pdf | 2024 Advancements and Challenges in Antiamyloid Therapy for.pdf | 2024 Linking activity dyshomeostasis and sleep disturbances in Alzheimer disease.pdf | 2025 Updates on mouse models of Alzheimer’s disease.pdf | Recent advances in Alzheimer’s disease mechanisms clinical trials and new drug development strategies.pdf | alzheimer disease  2021.pdf	"A: NOT SUPPORTED — There is no evidence in the provided excerpts that melatonin improves cognition in MCI or early dementia.  
B: SUPPORTED — Rivastigmine is a cholinesterase inhibitor that has shown modest benefits in delaying symptom progression in patients with mild to moderate Alzheimer's disease, as noted in the paper ""Alzheimer disease"" (2021).  
C: NOT SUPPORTED — There is no evidence in the provided excerpts that suvorexant improves cognition in MCI or early dementia.  
D: NOT SUPPORTED — There is no evidence in the provided excerpts that a ketogenic diet improves cognition in MCI or early dementia.  

ANSWER: B"	"A: NOT SUPPORTED — There is no evidence in the provided excerpts that melatonin improves cognition in MCI or early dementia.  
B: SUPPORTED — Rivastigmine is a cholinesterase inhibitor that has shown modest benefits in delaying symptom progression in patients with mild to moderate Alzheimer's disease, as noted in the paper ""Alzheimer disease"" (2021).  
C: NOT SUPPORTED — There is no evidence in the provided excerpts that suvorexant improves cognition in MCI or early dementia.  
D: NOT SUPPORTED — There is no evidence in the provided excerpts that a ketogenic diet improves cognition in MCI or early dementia.  

ANSWER: B"
5	1	ET-RAG	test.agent_etrag	A1	+ Evidence quality	cosine retrieval + evidence quality	0.7	0.3	0.0	1	Which of the following are components of the A-T-N AD biomarker framework?	A. Amyloid beta | B. Tau | C. Neurodegeneration markers | D. Synaptic vesicle proteins	A, B, C	Amyloid beta | Tau | Neurodegeneration markers	A, B, C	1.0	strict_partial_credit	True	0.738423	4.256	2.098	0.0	29	25	0.538351	0.551701	0.5072	0.852	1	0	0	0	0	False	False	False	False	False	2023-oxidative-damage-in-neurodegeneration-roles-in-the-pathogenesis-and-progression-of-alzheimer-disease.pdf | 2024 Advancements and Challenges in Antiamyloid Therapy for.pdf | 2024 Cell type-specific roles of APOE4 in Alzheimer disease.pdf | 2024 Neuroinflammation in Alzheimer disease.pdf | Recent advances in Alzheimer’s disease mechanisms clinical trials and new drug development strategies.pdf | alzheimer disease  2021.pdf	"A: SUPPORTED — The A-T-N framework includes amyloid beta as a key biomarker, as stated in ""Alzheimer disease"" (2021).  
B: SUPPORTED — Tau is also a component of the A-T-N framework, as indicated in ""Alzheimer disease"" (2021).  
C: SUPPORTED — Neurodegeneration markers are part of the A-T-N framework, as discussed in ""Alzheimer disease"" (2021).  
D: NOT SUPPORTED — Synaptic vesicle proteins are not mentioned as part of the A-T-N framework in the provided evidence.  

ANSWER: A, B, C"	"A: SUPPORTED — The A-T-N framework includes amyloid beta as a key biomarker, as stated in ""Alzheimer disease"" (2021).  
B: SUPPORTED — Tau is also a component of the A-T-N framework, as indicated in ""Alzheimer disease"" (2021).  
C: SUPPORTED — Neurodegeneration markers are part of the A-T-N framework, as discussed in ""Alzheimer disease"" (2021).  
D: NOT SUPPORTED — Synaptic vesicle proteins are not mentioned as part of the A-T-N framework in the provided evidence.  

ANSWER: A, B, C"
5	1	ET-RAG	test.agent_etrag	A1	+ Evidence quality	cosine retrieval + evidence quality	0.7	0.3	0.0	2	Which sleep-related conditions are discussed as contributing to AD progression?	A. Sleep apnea | B. Long sleep duration | C. Short sleep duration | D. Insomnia	A, B, C, D	Sleep apnea | Long sleep duration | Short sleep duration | Insomnia	A, B, C, D	1.0	strict_partial_credit	True	0.702103	3.936	2.068	0.0	16	16	0.43458	0.406543	0.5	0.865625	0	0	0	0	0	False	False	False	False	False	2023-oxidative-damage-in-neurodegeneration-roles-in-the-pathogenesis-and-progression-of-alzheimer-disease.pdf | 2024 Advancements and Challenges in Antiamyloid Therapy for.pdf | 2024 Linking activity dyshomeostasis and sleep disturbances in Alzheimer disease.pdf | 2025 Oligodendrocytes in Alzheimer’s disease pathophysiology.pdf | 2025 Updates on mouse models of Alzheimer’s disease.pdf | Recent advances in Alzheimer’s disease mechanisms clinical trials and new drug development strategies.pdf | alzheimer disease  2021.pdf	"A: SUPPORTED — Sleep disturbances, including obstructive sleep apnea, are discussed as contributing factors to the progression of Alzheimer's disease (AD) in the paper ""Alzheimer disease"" (2021).  
B: SUPPORTED — Long sleep duration is mentioned as a potential factor associated with cognitive decline in Alzheimer's disease in the paper ""Alzheimer disease"" (2021).  
C: SUPPORTED — Short sleep duration is discussed as a contributing factor to cognitive decline in Alzheimer's disease in the paper ""Alzheimer disease"" (2021).  
D: SUPPORTED — Insomnia is identified as a sleep disorder that can affect individuals with Alzheimer's disease and is discussed in the context of its impact on cognitive function in the paper ""Alzheimer disease"" (2021).  
ANSWER: A, B, C, D"	"A: SUPPORTED — Sleep disturbances, including obstructive sleep apnea, are discussed as contributing factors to the progression of Alzheimer's disease (AD) in the paper ""Alzheimer disease"" (2021).  
B: SUPPORTED — Long sleep duration is mentioned as a potential factor associated with cognitive decline in Alzheimer's disease in the paper ""Alzheimer disease"" (2021).  
C: SUPPORTED — Short sleep duration is discussed as a contributing factor to cognitive decline in Alzheimer's disease in the paper ""Alzheimer disease"" (2021).  
D: SUPPORTED — Insomnia is identified as a sleep disorder that can affect individuals with Alzheimer's disease and is discussed in the context of its impact on cognitive function in the paper ""Alzheimer disease"" (2021).  
ANSWER: A, B, C, D"
5	1	ET-RAG	test.agent_etrag	A1	+ Evidence quality	cosine retrieval + evidence quality	0.7	0.3	0.0	3	Which interventions were identified as promising for sleep-related AD therapy?	A. CBT-I | B. Suvorexant | C. Positive airway pressure treatment | D. Ketamine	A, B, C	CBT-I | Suvorexant | Positive airway pressure treatment	A, C	0.666667	strict_partial_credit	False	0.715706	4.438	2.093	0.0	18	18	0.473447	0.443317	0.54375	0.855556	0	0	0	0	0	False	False	False	False	False	2023-oxidative-damage-in-neurodegeneration-roles-in-the-pathogenesis-and-progression-of-alzheimer-disease.pdf | 2024 Advancements and Challenges in Antiamyloid Therapy for.pdf | 2024 Linking activity dyshomeostasis and sleep disturbances in Alzheimer disease.pdf | 2025 Updates on mouse models of Alzheimer’s disease.pdf | Recent advances in Alzheimer’s disease mechanisms clinical trials and new drug development strategies.pdf | alzheimer disease  2021.pdf	"A: SUPPORTED — Cognitive Behavioral Therapy for Insomnia (CBT-I) is discussed as a non-pharmacological intervention that may benefit patients with Alzheimer's disease experiencing sleep disturbances (Linking activity dyshomeostasis and sleep disturbances in Alzheimer disease, 2024).  
B: NOT SUPPORTED — There is no evidence provided in the excerpts that directly supports the use of Suvorexant for sleep-related therapy in Alzheimer's disease.  
C: SUPPORTED — Positive airway pressure treatment is mentioned as a method to treat comorbid sleep disorders, such as obstructive sleep apnea, in patients with dementia (Alzheimer disease, 2021).  
D: NOT SUPPORTED — There is no evidence in the excerpts that supports the use of Ketamine for sleep-related therapy in Alzheimer's disease.  

ANSWER: A, C"	"A: SUPPORTED — Cognitive Behavioral Therapy for Insomnia (CBT-I) is discussed as a non-pharmacological intervention that may benefit patients with Alzheimer's disease experiencing sleep disturbances (Linking activity dyshomeostasis and sleep disturbances in Alzheimer disease, 2024).  
B: NOT SUPPORTED — There is no evidence provided in the excerpts that directly supports the use of Suvorexant for sleep-related therapy in Alzheimer's disease.  
C: SUPPORTED — Positive airway pressure treatment is mentioned as a method to treat comorbid sleep disorders, such as obstructive sleep apnea, in patients with dementia (Alzheimer disease, 2021).  
D: NOT SUPPORTED — There is no evidence in the excerpts that supports the use of Ketamine for sleep-related therapy in Alzheimer's disease.  

ANSWER: A, C"
5	1	ET-RAG	test.agent_etrag	A1	+ Evidence quality	cosine retrieval + evidence quality	0.7	0.3	0.0	4	Hearing loss in older adults may lead to which of the following?	A. Decreased brain volume | B. Higher tau levels | C. Lower social engagement | D. Enhanced neurogenesis	A, B, C	Decreased brain volume | Higher tau levels | Lower social engagement	A, B, C	1.0	strict_partial_credit	True	0.723339	4.504	2.058	0.0	24	24	0.495253	0.479156	0.532813	0.872917	2	0	0	0	0	False	False	False	False	False	2023-oxidative-damage-in-neurodegeneration-roles-in-the-pathogenesis-and-progression-of-alzheimer-disease.pdf | 2024 Advancements and Challenges in Antiamyloid Therapy for.pdf | 2024 Cell type-specific roles of APOE4 in Alzheimer disease.pdf | 2024 Immune Activation in Alzheimer Disease.pdf | 2024 Linking activity dyshomeostasis and sleep disturbances in Alzheimer disease.pdf | 2024 Neuroinflammation in Alzheimer disease.pdf | 2025 Oligodendrocytes in Alzheimer’s disease pathophysiology.pdf | 2025 Updates on mouse models of Alzheimer’s disease.pdf | Recent advances in Alzheimer’s disease mechanisms clinical trials and new drug development strategies.pdf | alzheimer disease  2021.pdf	"A: SUPPORTED — Hearing loss in older adults is associated with decreased brain volume, as indicated by the evidence that cognitive impairment and increased amyloid by PET are linked to accelerated regional atrophy in the temporal and parietal isocortex (Alzheimer disease, 2021).  
B: SUPPORTED — Higher tau levels are discussed in relation to cognitive decline and neurodegeneration, with evidence showing that elevated tau levels are associated with increased risk of cognitive decline in individuals with mild cognitive impairment (Alzheimer disease, 2021).  
C: SUPPORTED — Lower social engagement is noted as a common outcome in individuals with cognitive deficits, including those with hearing loss, as neuropsychiatric symptoms such as social withdrawal often co-occur with cognitive decline (Alzheimer disease, 2021).  
D: NOT SUPPORTED — There is no evidence provided that supports the idea that hearing loss in older adults leads to enhanced neurogenesis; rather, the evidence focuses on cognitive decline and neurodegeneration (Alzheimer disease, 2021).  
ANSWER: A, B, C"	"A: SUPPORTED — Hearing loss in older adults is associated with decreased brain volume, as indicated by the evidence that cognitive impairment and increased amyloid by PET are linked to accelerated regional atrophy in the temporal and parietal isocortex (Alzheimer disease, 2021).  
B: SUPPORTED — Higher tau levels are discussed in relation to cognitive decline and neurodegeneration, with evidence showing that elevated tau levels are associated with increased risk of cognitive decline in individuals with mild cognitive impairment (Alzheimer disease, 2021).  
C: SUPPORTED — Lower social engagement is noted as a common outcome in individuals with cognitive deficits, including those with hearing loss, as neuropsychiatric symptoms such as social withdrawal often co-occur with cognitive decline (Alzheimer disease, 2021).  
D: NOT SUPPORTED — There is no evidence provided that supports the idea that hearing loss in older adults leads to enhanced neurogenesis; rather, the evidence focuses on cognitive decline and neurodegeneration (Alzheimer disease, 2021).  
ANSWER: A, B, C"
5	1	ET-RAG	test.agent_etrag	A1	+ Evidence quality	cosine retrieval + evidence quality	0.7	0.3	0.0	5	Which factors have been epidemiologically linked to AD?	A. Hypoxia | B. Gut microbiota imbalance | C. High education | D. Diet	A, B, D	Hypoxia | Gut microbiota imbalance | Diet	B, D	0.666667	strict_partial_credit	False	0.719548	3.918	2.134	0.0	20	20	0.484422	0.473889	0.509	0.87	0	0	0	0	0	False	False	False	False	False	2023-oxidative-damage-in-neurodegeneration-roles-in-the-pathogenesis-and-progression-of-alzheimer-disease.pdf | 2024 Advancements and Challenges in Antiamyloid Therapy for.pdf | 2024 Cell type-specific roles of APOE4 in Alzheimer disease.pdf | 2024 Immune Activation in Alzheimer Disease.pdf | 2024 Linking activity dyshomeostasis and sleep disturbances in Alzheimer disease.pdf | 2024 Neuroinflammation in Alzheimer disease.pdf | 2025 Updates on mouse models of Alzheimer’s disease.pdf | Recent advances in Alzheimer’s disease mechanisms clinical trials and new drug development strategies.pdf | alzheimer disease  2021.pdf	"A: NOT SUPPORTED — There is no direct evidence linking hypoxia to Alzheimer's disease in the provided excerpts.  
B: SUPPORTED — The microbiota-gut-brain axis hypothesis suggests that gut microbiota imbalance may influence brain function and has been linked to Alzheimer's disease (Recent advances in Alzheimer’s disease: mechanisms, clinical trials and new drug development strategies, year unknown).  
C: NOT SUPPORTED — The evidence does not support a direct link between high education and Alzheimer's disease in the provided excerpts.  
D: SUPPORTED — Specific dietary patterns have been linked to Alzheimer's disease risk, indicating that diet plays a role in the disease (Oxidative damage in neurodegeneration: roles in the pathogenesis and progression of Alzheimer disease, 2023).  
ANSWER: B, D"	"A: NOT SUPPORTED — There is no direct evidence linking hypoxia to Alzheimer's disease in the provided excerpts.  
B: SUPPORTED — The microbiota-gut-brain axis hypothesis suggests that gut microbiota imbalance may influence brain function and has been linked to Alzheimer's disease (Recent advances in Alzheimer’s disease: mechanisms, clinical trials and new drug development strategies, year unknown).  
C: NOT SUPPORTED — The evidence does not support a direct link between high education and Alzheimer's disease in the provided excerpts.  
D: SUPPORTED — Specific dietary patterns have been linked to Alzheimer's disease risk, indicating that diet plays a role in the disease (Oxidative damage in neurodegeneration: roles in the pathogenesis and progression of Alzheimer disease, 2023).  
ANSWER: B, D"
5	1	ET-RAG	test.agent_etrag	A1	+ Evidence quality	cosine retrieval + evidence quality	0.7	0.3	0.0	6	Which imaging biomarkers are used in AD diagnosis?	A. Tau-PET | B. MRI | C. CT | D. FDG-PET	A, B, D	Tau-PET | MRI | FDG-PET	A, B, D	1.0	strict_partial_credit	True	0.736538	4.669	2.682	0.0	28	25	0.532966	0.537837	0.5216	0.858	0	0	0	0	0	False	False	False	False	False	2023-oxidative-damage-in-neurodegeneration-roles-in-the-pathogenesis-and-progression-of-alzheimer-disease.pdf | 2024 Advancements and Challenges in Antiamyloid Therapy for.pdf | 2024 Immune Activation in Alzheimer Disease.pdf | 2024 Neuroinflammation in Alzheimer disease.pdf | 2025 Updates on mouse models of Alzheimer’s disease.pdf | Recent advances in Alzheimer’s disease mechanisms clinical trials and new drug development strategies.pdf | alzheimer disease  2021.pdf	"A: SUPPORTED — Tau-PET imaging allows the detection of tauopathy that is largely specific for Alzheimer's disease, providing a measure of regional tau abundance and distribution (Alzheimer disease, 2021).  
B: SUPPORTED — Structural MRI is often used as a first step to exclude other causes of cognitive impairment and allows the assessment of macroscopic brain atrophy, which is associated with Alzheimer's disease (Alzheimer disease, 2021).  
C: NOT SUPPORTED — While CT is mentioned as an imaging modality used to evaluate cognitive impairment, it lacks specificity or sensitivity for Alzheimer's disease and is not supported as a current biomarker for diagnosis (Alzheimer disease, 2021).  
D: SUPPORTED — FDG-PET detects reduced glucose metabolism in the posterior cingulate and temporoparietal lobes, which is characteristic of Alzheimer's disease and supports its use in diagnosis (Alzheimer disease, 2021).  
ANSWER: A, B, D"	"A: SUPPORTED — Tau-PET imaging allows the detection of tauopathy that is largely specific for Alzheimer's disease, providing a measure of regional tau abundance and distribution (Alzheimer disease, 2021).  
B: SUPPORTED — Structural MRI is often used as a first step to exclude other causes of cognitive impairment and allows the assessment of macroscopic brain atrophy, which is associated with Alzheimer's disease (Alzheimer disease, 2021).  
C: NOT SUPPORTED — While CT is mentioned as an imaging modality used to evaluate cognitive impairment, it lacks specificity or sensitivity for Alzheimer's disease and is not supported as a current biomarker for diagnosis (Alzheimer disease, 2021).  
D: SUPPORTED — FDG-PET detects reduced glucose metabolism in the posterior cingulate and temporoparietal lobes, which is characteristic of Alzheimer's disease and supports its use in diagnosis (Alzheimer disease, 2021).  
ANSWER: A, B, D"
5	1	ET-RAG	test.agent_etrag	A1	+ Evidence quality	cosine retrieval + evidence quality	0.7	0.3	0.0	7	What roles do CSF biomarkers play in AD diagnosis?	A. Stage disease progression | B. Diagnose mild cognitive impairment | C. Indicate tau pathology | D. Replace neuropsychological testing	A, B, C	Stage disease progression | Diagnose mild cognitive impairment | Indicate tau pathology	B, C	0.666667	strict_partial_credit	False	0.740975	4.397	2.047	0.0	31	25	0.545644	0.556334	0.5207	0.848	0	0	0	0	0	False	False	False	False	False	2024 Advancements and Challenges in Antiamyloid Therapy for.pdf | 2024 Immune Activation in Alzheimer Disease.pdf | 2024 Neuroinflammation in Alzheimer disease.pdf | Recent advances in Alzheimer’s disease mechanisms clinical trials and new drug development strategies.pdf | alzheimer disease  2021.pdf	"A: NOT SUPPORTED — The evidence indicates that CSF biomarkers are not useful for staging disease severity in Alzheimer's disease (AD) (Alzheimer disease, 2021).  
B: SUPPORTED — CSF biomarkers can help diagnose mild cognitive impairment (MCI) and are associated with an increased risk of progression to dementia (Alzheimer disease, 2021).  
C: SUPPORTED — Phosphorylated tau (p-tau181) is recognized as a specific biomarker for tau pathology in Alzheimer's disease (Alzheimer disease, 2021).  
D: NOT SUPPORTED — The evidence does not support the idea that CSF biomarkers can replace neuropsychological testing in the diagnosis of Alzheimer's disease (Alzheimer disease, 2021).  
ANSWER: B, C"	"A: NOT SUPPORTED — The evidence indicates that CSF biomarkers are not useful for staging disease severity in Alzheimer's disease (AD) (Alzheimer disease, 2021).  
B: SUPPORTED — CSF biomarkers can help diagnose mild cognitive impairment (MCI) and are associated with an increased risk of progression to dementia (Alzheimer disease, 2021).  
C: SUPPORTED — Phosphorylated tau (p-tau181) is recognized as a specific biomarker for tau pathology in Alzheimer's disease (Alzheimer disease, 2021).  
D: NOT SUPPORTED — The evidence does not support the idea that CSF biomarkers can replace neuropsychological testing in the diagnosis of Alzheimer's disease (Alzheimer disease, 2021).  
ANSWER: B, C"
5	1	ET-RAG	test.agent_etrag	A1	+ Evidence quality	cosine retrieval + evidence quality	0.7	0.3	0.0	8	What effects does gut microbiota have in AD animal models?	A. Promotes inflammation | B. Improves memory | C. Impairs spatial learning | D. Reduces tau levels	A, C	Promotes inflammation | Impairs spatial learning	A, B, C	0.0	strict_partial_credit	False	0.727644	4.062	2.121	0.0	10	10	0.507553	0.51079	0.5	0.87	0	0	0	0	0	False	False	False	False	False	2023-oxidative-damage-in-neurodegeneration-roles-in-the-pathogenesis-and-progression-of-alzheimer-disease.pdf | 2024 Advancements and Challenges in Antiamyloid Therapy for.pdf | 2024 Immune Activation in Alzheimer Disease.pdf | 2024 Neuroinflammation in Alzheimer disease.pdf | 2025 Updates on mouse models of Alzheimer’s disease.pdf | Recent advances in Alzheimer’s disease mechanisms clinical trials and new drug development strategies.pdf | alzheimer disease  2021.pdf	"A: SUPPORTED — The evidence indicates that microbiome-originated LPS and SCFAs may impair the permeability of the BBB and affect homeostasis, leading to increased neuroinflammation in Alzheimer disease models (Neuroinflammation in Alzheimer disease, 2024).  
B: SUPPORTED — Therapy with Bifidobacterium and Lactobacillus species-based probiotics after antibiotic administration improves memory deficits in mouse models of AD (Neuroinflammation in Alzheimer disease, 2024).  
C: SUPPORTED — Microglia in germ-free animals have enhanced Aβ uptake at early disease stages and protect against tau-related neurodegeneration, suggesting that alterations in the microbiome can impair spatial learning (Neuroinflammation in Alzheimer disease, 2024).  
D: NOT SUPPORTED — There is no evidence provided that directly states that gut microbiota reduces tau levels in AD animal models.  

ANSWER: A, B, C"	"A: SUPPORTED — The evidence indicates that microbiome-originated LPS and SCFAs may impair the permeability of the BBB and affect homeostasis, leading to increased neuroinflammation in Alzheimer disease models (Neuroinflammation in Alzheimer disease, 2024).  
B: SUPPORTED — Therapy with Bifidobacterium and Lactobacillus species-based probiotics after antibiotic administration improves memory deficits in mouse models of AD (Neuroinflammation in Alzheimer disease, 2024).  
C: SUPPORTED — Microglia in germ-free animals have enhanced Aβ uptake at early disease stages and protect against tau-related neurodegeneration, suggesting that alterations in the microbiome can impair spatial learning (Neuroinflammation in Alzheimer disease, 2024).  
D: NOT SUPPORTED — There is no evidence provided that directly states that gut microbiota reduces tau levels in AD animal models.  

ANSWER: A, B, C"
5	1	ET-RAG	test.agent_etrag	A1	+ Evidence quality	cosine retrieval + evidence quality	0.7	0.3	0.0	9	Which sleep characteristics are associated with AD?	A. Reduced REM duration | B. Abnormal slow-wave oscillations | C. Increased CSF tau during wakefulness | D. Stable sleep architecture	A, B, C	Reduced REM duration | Abnormal slow-wave oscillations | Increased CSF tau during wakefulness	A, B	0.666667	strict_partial_credit	False	0.704039	7.149	1.959	0.0	12	12	0.440111	0.414444	0.5	0.875	0	0	0	0	0	False	False	False	False	False	2023-oxidative-damage-in-neurodegeneration-roles-in-the-pathogenesis-and-progression-of-alzheimer-disease.pdf | 2024 Advancements and Challenges in Antiamyloid Therapy for.pdf | 2024 Immune Activation in Alzheimer Disease.pdf | 2024 Linking activity dyshomeostasis and sleep disturbances in Alzheimer disease.pdf | 2024 Neuroinflammation in Alzheimer disease.pdf | 2025 Updates on mouse models of Alzheimer’s disease.pdf | Recent advances in Alzheimer’s disease mechanisms clinical trials and new drug development strategies.pdf | alzheimer disease  2021.pdf	"A: SUPPORTED — Reduced sharp-wave ripples in NREM sleep and quiet wakefulness are observed in familial Alzheimer disease mouse models, indicating reduced REM duration is associated with AD (Linking activity dyshomeostasis and sleep disturbances in Alzheimer disease, 2024).  
B: SUPPORTED — Abnormal slow-wave oscillations are indicated by reduced UP state durations and failed transitions in AD mouse models, suggesting this characteristic is associated with AD (Linking activity dyshomeostasis and sleep disturbances in Alzheimer disease, 2024).  
C: NOT SUPPORTED — There is no direct evidence in the provided excerpts linking increased CSF tau during wakefulness specifically to sleep characteristics associated with AD.  
D: NOT SUPPORTED — The evidence does not support the notion of stable sleep architecture in the context of AD, as alterations in sleep patterns are noted in the literature (Linking activity dyshomeostasis and sleep disturbances in Alzheimer disease, 2024).  
ANSWER: A, B"	"A: SUPPORTED — Reduced sharp-wave ripples in NREM sleep and quiet wakefulness are observed in familial Alzheimer disease mouse models, indicating reduced REM duration is associated with AD (Linking activity dyshomeostasis and sleep disturbances in Alzheimer disease, 2024).  
B: SUPPORTED — Abnormal slow-wave oscillations are indicated by reduced UP state durations and failed transitions in AD mouse models, suggesting this characteristic is associated with AD (Linking activity dyshomeostasis and sleep disturbances in Alzheimer disease, 2024).  
C: NOT SUPPORTED — There is no direct evidence in the provided excerpts linking increased CSF tau during wakefulness specifically to sleep characteristics associated with AD.  
D: NOT SUPPORTED — The evidence does not support the notion of stable sleep architecture in the context of AD, as alterations in sleep patterns are noted in the literature (Linking activity dyshomeostasis and sleep disturbances in Alzheimer disease, 2024).  
ANSWER: A, B"
5	1	ET-RAG	test.agent_etrag	A1	+ Evidence quality	cosine retrieval + evidence quality	0.7	0.3	0.0	10	Which interventions may improve cognition in MCI or early dementia?	A. Melatonin | B. Rivasti gmine | C. Suvorexant | D. Ketogenic diet	A, B, C	Melatonin | Rivasti gmine | Suvorexant	B	0.333333	strict_partial_credit	False	0.71954	5.186	3.194	0.0	23	23	0.484401	0.456334	0.549891	0.854348	0	0	0	0	0	False	False	False	False	False	2023-oxidative-damage-in-neurodegeneration-roles-in-the-pathogenesis-and-progression-of-alzheimer-disease.pdf | 2024 Advancements and Challenges in Antiamyloid Therapy for.pdf | 2024 Linking activity dyshomeostasis and sleep disturbances in Alzheimer disease.pdf | 2025 Updates on mouse models of Alzheimer’s disease.pdf | Recent advances in Alzheimer’s disease mechanisms clinical trials and new drug development strategies.pdf | alzheimer disease  2021.pdf	"A: NOT SUPPORTED — There is no evidence indicating that melatonin improves cognition in MCI or early dementia.  
B: SUPPORTED — Rivastigmine is a cholinesterase inhibitor that has shown modest benefits in delaying symptom progression in patients with mild to moderate Alzheimer's disease, as noted in the review ""Alzheimer disease"" (2021).  
C: NOT SUPPORTED — There is no evidence indicating that suvorexant improves cognition in MCI or early dementia.  
D: NOT SUPPORTED — There is no evidence indicating that a ketogenic diet improves cognition in MCI or early dementia.  

ANSWER: B"	"A: NOT SUPPORTED — There is no evidence indicating that melatonin improves cognition in MCI or early dementia.  
B: SUPPORTED — Rivastigmine is a cholinesterase inhibitor that has shown modest benefits in delaying symptom progression in patients with mild to moderate Alzheimer's disease, as noted in the review ""Alzheimer disease"" (2021).  
C: NOT SUPPORTED — There is no evidence indicating that suvorexant improves cognition in MCI or early dementia.  
D: NOT SUPPORTED — There is no evidence indicating that a ketogenic diet improves cognition in MCI or early dementia.  

ANSWER: B"
1	2	ET-RAG	test.agent_etrag	A2	+ Temporal recency	cosine retrieval + evidence quality + temporal recency	0.5	0.3	0.2	1	Which of the following are components of the A-T-N AD biomarker framework?	A. Amyloid beta | B. Tau | C. Neurodegeneration markers | D. Synaptic vesicle proteins	A, B, C	Amyloid beta | Tau | Neurodegeneration markers	A, B, C	1.0	strict_partial_credit	True	0.760394	13.579	6.962	0.0	29	25	0.601124	0.551529	0.5072	0.866	1	0	0	0	0	False	False	False	False	False	2023-oxidative-damage-in-neurodegeneration-roles-in-the-pathogenesis-and-progression-of-alzheimer-disease.pdf | 2024 Advancements and Challenges in Antiamyloid Therapy for.pdf | 2024 Cell type-specific roles of APOE4 in Alzheimer disease.pdf | 2024 Neuroinflammation in Alzheimer disease.pdf | alzheimer disease  2021.pdf	"A: SUPPORTED — The A-T-N framework includes amyloid beta (Aβ) as a key biomarker for Alzheimer's disease, as stated in ""Alzheimer disease"" (2021).  
B: SUPPORTED — The framework also incorporates tau (T) as a significant biomarker, as discussed in ""Alzheimer disease"" (2021).  
C: SUPPORTED — Neurodegeneration markers (N) are part of the A-T-N framework, as indicated in ""Alzheimer disease"" (2021).  
D: NOT SUPPORTED — Synaptic vesicle proteins are not mentioned as part of the A-T-N framework in the provided evidence.  

ANSWER: A, B, C"	"A: SUPPORTED — The A-T-N framework includes amyloid beta (Aβ) as a key biomarker for Alzheimer's disease, as stated in ""Alzheimer disease"" (2021).  
B: SUPPORTED — The framework also incorporates tau (T) as a significant biomarker, as discussed in ""Alzheimer disease"" (2021).  
C: SUPPORTED — Neurodegeneration markers (N) are part of the A-T-N framework, as indicated in ""Alzheimer disease"" (2021).  
D: NOT SUPPORTED — Synaptic vesicle proteins are not mentioned as part of the A-T-N framework in the provided evidence.  

ANSWER: A, B, C"
1	2	ET-RAG	test.agent_etrag	A2	+ Temporal recency	cosine retrieval + evidence quality + temporal recency	0.5	0.3	0.2	2	Which sleep-related conditions are discussed as contributing to AD progression?	A. Sleep apnea | B. Long sleep duration | C. Short sleep duration | D. Insomnia	A, B, C, D	Sleep apnea | Long sleep duration | Short sleep duration | Insomnia	A, B, C, D	1.0	strict_partial_credit	True	0.734406	4.147	2.159	0.0	16	16	0.526875	0.4075	0.5	0.865625	0	0	0	0	0	False	False	False	False	False	2023-oxidative-damage-in-neurodegeneration-roles-in-the-pathogenesis-and-progression-of-alzheimer-disease.pdf | 2024 Advancements and Challenges in Antiamyloid Therapy for.pdf | 2024 Linking activity dyshomeostasis and sleep disturbances in Alzheimer disease.pdf | 2025 Oligodendrocytes in Alzheimer’s disease pathophysiology.pdf | 2025 Updates on mouse models of Alzheimer’s disease.pdf | Recent advances in Alzheimer’s disease mechanisms clinical trials and new drug development strategies.pdf | alzheimer disease  2021.pdf	"A: SUPPORTED — Sleep disturbances, including obstructive sleep apnea, are discussed as contributing factors to the progression of Alzheimer's disease (AD) in the paper ""Alzheimer disease"" (2021).  
B: SUPPORTED — Long sleep duration is mentioned as a sleep-related condition that may contribute to the progression of Alzheimer's disease in the paper ""Alzheimer disease"" (2021).  
C: SUPPORTED — Short sleep duration is discussed as a factor that may contribute to the progression of Alzheimer's disease in the paper ""Alzheimer disease"" (2021).  
D: SUPPORTED — Insomnia is identified as a sleep-related condition that can contribute to the progression of Alzheimer's disease in the paper ""Alzheimer disease"" (2021).  
ANSWER: A, B, C, D"	"A: SUPPORTED — Sleep disturbances, including obstructive sleep apnea, are discussed as contributing factors to the progression of Alzheimer's disease (AD) in the paper ""Alzheimer disease"" (2021).  
B: SUPPORTED — Long sleep duration is mentioned as a sleep-related condition that may contribute to the progression of Alzheimer's disease in the paper ""Alzheimer disease"" (2021).  
C: SUPPORTED — Short sleep duration is discussed as a factor that may contribute to the progression of Alzheimer's disease in the paper ""Alzheimer disease"" (2021).  
D: SUPPORTED — Insomnia is identified as a sleep-related condition that can contribute to the progression of Alzheimer's disease in the paper ""Alzheimer disease"" (2021).  
ANSWER: A, B, C, D"
1	2	ET-RAG	test.agent_etrag	A2	+ Temporal recency	cosine retrieval + evidence quality + temporal recency	0.5	0.3	0.2	3	Which interventions were identified as promising for sleep-related AD therapy?	A. CBT-I | B. Suvorexant | C. Positive airway pressure treatment | D. Ketamine	A, B, C	CBT-I | Suvorexant | Positive airway pressure treatment	A, C	0.666667	strict_partial_credit	False	0.744563	6.165	4.036	0.0	18	18	0.555895	0.443317	0.54375	0.855556	0	0	0	0	0	False	False	False	False	False	2023-oxidative-damage-in-neurodegeneration-roles-in-the-pathogenesis-and-progression-of-alzheimer-disease.pdf | 2024 Advancements and Challenges in Antiamyloid Therapy for.pdf | 2024 Linking activity dyshomeostasis and sleep disturbances in Alzheimer disease.pdf | 2025 Updates on mouse models of Alzheimer’s disease.pdf | Recent advances in Alzheimer’s disease mechanisms clinical trials and new drug development strategies.pdf | alzheimer disease  2021.pdf	"A: SUPPORTED — Cognitive Behavioral Therapy for Insomnia (CBT-I) is discussed as a non-pharmacological intervention that may help improve sleep in patients with Alzheimer's disease (AD) (Linking activity dyshomeostasis and sleep disturbances in Alzheimer disease, 2024).  
B: NOT SUPPORTED — There is no evidence provided in the excerpts that directly supports the use of Suvorexant as a promising intervention for sleep-related AD therapy.  
C: SUPPORTED — Positive airway pressure treatment is mentioned as a method to treat comorbid sleep disorders, such as obstructive sleep apnea, in patients with dementia (Alzheimer disease, 2021).  
D: NOT SUPPORTED — There is no evidence in the excerpts that supports the use of Ketamine as a promising intervention for sleep-related AD therapy.  

ANSWER: A, C"	"A: SUPPORTED — Cognitive Behavioral Therapy for Insomnia (CBT-I) is discussed as a non-pharmacological intervention that may help improve sleep in patients with Alzheimer's disease (AD) (Linking activity dyshomeostasis and sleep disturbances in Alzheimer disease, 2024).  
B: NOT SUPPORTED — There is no evidence provided in the excerpts that directly supports the use of Suvorexant as a promising intervention for sleep-related AD therapy.  
C: SUPPORTED — Positive airway pressure treatment is mentioned as a method to treat comorbid sleep disorders, such as obstructive sleep apnea, in patients with dementia (Alzheimer disease, 2021).  
D: NOT SUPPORTED — There is no evidence in the excerpts that supports the use of Ketamine as a promising intervention for sleep-related AD therapy.  

ANSWER: A, C"
1	2	ET-RAG	test.agent_etrag	A2	+ Temporal recency	cosine retrieval + evidence quality + temporal recency	0.5	0.3	0.2	4	Hearing loss in older adults may lead to which of the following?	A. Decreased brain volume | B. Higher tau levels | C. Lower social engagement | D. Enhanced neurogenesis	A, B, C	Decreased brain volume | Higher tau levels | Lower social engagement	A, B, C	1.0	strict_partial_credit	True	0.751134	5.42	2.627	0.0	24	24	0.574668	0.480482	0.532813	0.872917	2	0	0	0	0	False	False	False	False	False	2023-oxidative-damage-in-neurodegeneration-roles-in-the-pathogenesis-and-progression-of-alzheimer-disease.pdf | 2024 Advancements and Challenges in Antiamyloid Therapy for.pdf | 2024 Cell type-specific roles of APOE4 in Alzheimer disease.pdf | 2024 Immune Activation in Alzheimer Disease.pdf | 2024 Linking activity dyshomeostasis and sleep disturbances in Alzheimer disease.pdf | 2024 Neuroinflammation in Alzheimer disease.pdf | 2025 Oligodendrocytes in Alzheimer’s disease pathophysiology.pdf | 2025 Updates on mouse models of Alzheimer’s disease.pdf | Recent advances in Alzheimer’s disease mechanisms clinical trials and new drug development strategies.pdf | alzheimer disease  2021.pdf	"A: SUPPORTED — Hearing loss in older adults is associated with decreased brain volume, as indicated by the evidence that structural imaging can assess macroscopic brain atrophy, which reflects tissue loss in individuals with cognitive impairment (Alzheimer disease, 2021).  
B: SUPPORTED — Higher tau levels are discussed in relation to cognitive decline and neurodegeneration, with evidence showing that elevated tau levels are associated with increased risk of cognitive impairment and dementia (Alzheimer disease, 2021).  
C: SUPPORTED — Lower social engagement is noted as a common consequence of cognitive decline in older adults, with neuropsychiatric symptoms such as social withdrawal being evident in mild dementia (Alzheimer disease, 2021).  
D: NOT SUPPORTED — There is no evidence provided that supports the idea that hearing loss in older adults leads to enhanced neurogenesis; rather, the evidence focuses on cognitive decline and neurodegeneration (Alzheimer disease, 2021).  
ANSWER: A, B, C"	"A: SUPPORTED — Hearing loss in older adults is associated with decreased brain volume, as indicated by the evidence that structural imaging can assess macroscopic brain atrophy, which reflects tissue loss in individuals with cognitive impairment (Alzheimer disease, 2021).  
B: SUPPORTED — Higher tau levels are discussed in relation to cognitive decline and neurodegeneration, with evidence showing that elevated tau levels are associated with increased risk of cognitive impairment and dementia (Alzheimer disease, 2021).  
C: SUPPORTED — Lower social engagement is noted as a common consequence of cognitive decline in older adults, with neuropsychiatric symptoms such as social withdrawal being evident in mild dementia (Alzheimer disease, 2021).  
D: NOT SUPPORTED — There is no evidence provided that supports the idea that hearing loss in older adults leads to enhanced neurogenesis; rather, the evidence focuses on cognitive decline and neurodegeneration (Alzheimer disease, 2021).  
ANSWER: A, B, C"
1	2	ET-RAG	test.agent_etrag	A2	+ Temporal recency	cosine retrieval + evidence quality + temporal recency	0.5	0.3	0.2	5	Which factors have been epidemiologically linked to AD?	A. Hypoxia | B. Gut microbiota imbalance | C. High education | D. Diet	A, B, D	Hypoxia | Gut microbiota imbalance | Diet	B, D	0.666667	strict_partial_credit	False	0.747743	4.282	2.111	0.0	20	20	0.56498	0.47656	0.509	0.87	0	0	0	0	0	False	False	False	False	False	2023-oxidative-damage-in-neurodegeneration-roles-in-the-pathogenesis-and-progression-of-alzheimer-disease.pdf | 2024 Advancements and Challenges in Antiamyloid Therapy for.pdf | 2024 Cell type-specific roles of APOE4 in Alzheimer disease.pdf | 2024 Immune Activation in Alzheimer Disease.pdf | 2024 Linking activity dyshomeostasis and sleep disturbances in Alzheimer disease.pdf | 2024 Neuroinflammation in Alzheimer disease.pdf | 2025 Updates on mouse models of Alzheimer’s disease.pdf | Recent advances in Alzheimer’s disease mechanisms clinical trials and new drug development strategies.pdf | alzheimer disease  2021.pdf	"A: NOT SUPPORTED — There is no direct evidence linking hypoxia to Alzheimer's disease in the provided excerpts.  
B: SUPPORTED — The microbiota-gut-brain axis hypothesis suggests that gut microbiota imbalance may influence brain function and is discussed in the context of Alzheimer's disease (Recent advances in Alzheimer’s disease: mechanisms, clinical trials and new drug development strategies, year unknown).  
C: NOT SUPPORTED — High education is not mentioned in the context of Alzheimer's disease in the provided excerpts.  
D: SUPPORTED — Specific dietary patterns have been linked to Alzheimer's disease risk, indicating that diet plays a role in the disease (Oxidative damage in neurodegeneration: roles in the pathogenesis and progression of Alzheimer disease, 2023).  
ANSWER: B, D"	"A: NOT SUPPORTED — There is no direct evidence linking hypoxia to Alzheimer's disease in the provided excerpts.  
B: SUPPORTED — The microbiota-gut-brain axis hypothesis suggests that gut microbiota imbalance may influence brain function and is discussed in the context of Alzheimer's disease (Recent advances in Alzheimer’s disease: mechanisms, clinical trials and new drug development strategies, year unknown).  
C: NOT SUPPORTED — High education is not mentioned in the context of Alzheimer's disease in the provided excerpts.  
D: SUPPORTED — Specific dietary patterns have been linked to Alzheimer's disease risk, indicating that diet plays a role in the disease (Oxidative damage in neurodegeneration: roles in the pathogenesis and progression of Alzheimer disease, 2023).  
ANSWER: B, D"
1	2	ET-RAG	test.agent_etrag	A2	+ Temporal recency	cosine retrieval + evidence quality + temporal recency	0.5	0.3	0.2	6	Which imaging biomarkers are used in AD diagnosis?	A. Tau-PET | B. MRI | C. CT | D. FDG-PET	A, B, D	Tau-PET | MRI | FDG-PET	A, B, D	1.0	strict_partial_credit	True	0.759333	4.723	2.785	0.0	28	25	0.598095	0.540031	0.5216	0.858	0	0	0	0	0	False	False	False	False	False	2023-oxidative-damage-in-neurodegeneration-roles-in-the-pathogenesis-and-progression-of-alzheimer-disease.pdf | 2024 Advancements and Challenges in Antiamyloid Therapy for.pdf | 2024 Immune Activation in Alzheimer Disease.pdf | 2024 Neuroinflammation in Alzheimer disease.pdf | 2025 Updates on mouse models of Alzheimer’s disease.pdf | Recent advances in Alzheimer’s disease mechanisms clinical trials and new drug development strategies.pdf | alzheimer disease  2021.pdf	"A: SUPPORTED — Tau-PET imaging allows the detection of tauopathy that is largely specific for Alzheimer's disease and is used as a biomarker in the diagnosis of the disease (Alzheimer disease, 2021).  
B: SUPPORTED — Structural MRI is often used as a first step to exclude other causes of cognitive impairment and is associated with Alzheimer's disease (Alzheimer disease, 2021).  
C: NOT SUPPORTED — While CT is mentioned as a method used in the initial evaluation of cognitive impairment, it is not specifically supported as a biomarker for Alzheimer's disease diagnosis (Alzheimer disease, 2021).  
D: SUPPORTED — FDG-PET has revealed a pattern of hypometabolism that is highly characteristic of Alzheimer's disease and is used in its diagnostic investigation (Alzheimer disease, 2021).  
ANSWER: A, B, D"	"A: SUPPORTED — Tau-PET imaging allows the detection of tauopathy that is largely specific for Alzheimer's disease and is used as a biomarker in the diagnosis of the disease (Alzheimer disease, 2021).  
B: SUPPORTED — Structural MRI is often used as a first step to exclude other causes of cognitive impairment and is associated with Alzheimer's disease (Alzheimer disease, 2021).  
C: NOT SUPPORTED — While CT is mentioned as a method used in the initial evaluation of cognitive impairment, it is not specifically supported as a biomarker for Alzheimer's disease diagnosis (Alzheimer disease, 2021).  
D: SUPPORTED — FDG-PET has revealed a pattern of hypometabolism that is highly characteristic of Alzheimer's disease and is used in its diagnostic investigation (Alzheimer disease, 2021).  
ANSWER: A, B, D"
1	2	ET-RAG	test.agent_etrag	A2	+ Temporal recency	cosine retrieval + evidence quality + temporal recency	0.5	0.3	0.2	7	What roles do CSF biomarkers play in AD diagnosis?	A. Stage disease progression | B. Diagnose mild cognitive impairment | C. Indicate tau pathology | D. Replace neuropsychological testing	A, B, C	Stage disease progression | Diagnose mild cognitive impairment | Indicate tau pathology	A, B, C, D	0.0	strict_partial_credit	False	0.762346	6.211	2.656	0.0	31	25	0.606704	0.554588	0.5207	0.866	0	0	0	0	0	False	False	False	False	False	2023-oxidative-damage-in-neurodegeneration-roles-in-the-pathogenesis-and-progression-of-alzheimer-disease.pdf | 2024 Advancements and Challenges in Antiamyloid Therapy for.pdf | 2024 Immune Activation in Alzheimer Disease.pdf | 2024 Neuroinflammation in Alzheimer disease.pdf | alzheimer disease  2021.pdf	"A: SUPPORTED — CSF biomarkers are recognized by research guidelines for their diagnostic utility in Alzheimer's disease (AD) and are used clinically to indicate the presence of AD pathology (Alzheimer disease, 2021).  
B: SUPPORTED — CSF biomarkers can help diagnose mild cognitive impairment (MCI) and are associated with an increased risk of progression to dementia (Alzheimer disease, 2021).  
C: SUPPORTED — Phosphorylated tau (p-tau181) is considered a specific biomarker for tau pathology in Alzheimer's disease (Alzheimer disease, 2021).  
D: NOT SUPPORTED — There is no evidence that CSF biomarkers can replace neuropsychological testing in the diagnosis of Alzheimer's disease (Alzheimer disease, 2021).  
ANSWER: A, B, C, D"	"A: SUPPORTED — CSF biomarkers are recognized by research guidelines for their diagnostic utility in Alzheimer's disease (AD) and are used clinically to indicate the presence of AD pathology (Alzheimer disease, 2021).  
B: SUPPORTED — CSF biomarkers can help diagnose mild cognitive impairment (MCI) and are associated with an increased risk of progression to dementia (Alzheimer disease, 2021).  
C: SUPPORTED — Phosphorylated tau (p-tau181) is considered a specific biomarker for tau pathology in Alzheimer's disease (Alzheimer disease, 2021).  
D: NOT SUPPORTED — There is no evidence that CSF biomarkers can replace neuropsychological testing in the diagnosis of Alzheimer's disease (Alzheimer disease, 2021).  
ANSWER: A, B, C, D"
1	2	ET-RAG	test.agent_etrag	A2	+ Temporal recency	cosine retrieval + evidence quality + temporal recency	0.5	0.3	0.2	8	What effects does gut microbiota have in AD animal models?	A. Promotes inflammation | B. Improves memory | C. Impairs spatial learning | D. Reduces tau levels	A, C	Promotes inflammation | Impairs spatial learning	A, B, C	0.0	strict_partial_credit	False	0.753465	5.523	3.691	0.0	10	10	0.581328	0.514657	0.5	0.87	0	0	0	0	0	False	False	False	False	False	2023-oxidative-damage-in-neurodegeneration-roles-in-the-pathogenesis-and-progression-of-alzheimer-disease.pdf | 2024 Advancements and Challenges in Antiamyloid Therapy for.pdf | 2024 Immune Activation in Alzheimer Disease.pdf | 2024 Neuroinflammation in Alzheimer disease.pdf | 2025 Updates on mouse models of Alzheimer’s disease.pdf | Recent advances in Alzheimer’s disease mechanisms clinical trials and new drug development strategies.pdf | alzheimer disease  2021.pdf	"A: SUPPORTED — The evidence indicates that microbiome-originated LPS and SCFAs may impair the permeability of the BBB and affect homeostasis, leading to increased neuroinflammation in Alzheimer disease models (Neuroinflammation in Alzheimer disease, 2024).  
B: SUPPORTED — Therapy with Bifidobacterium and Lactobacillus species-based probiotics after antibiotic administration improves memory deficits in mouse models of AD (Neuroinflammation in Alzheimer disease, 2024).  
C: SUPPORTED — Microglia in germ-free animals have enhanced Aβ uptake at early disease stages and protect against tau-related neurodegeneration, suggesting that alterations in the microbiome can impair spatial learning (Neuroinflammation in Alzheimer disease, 2024).  
D: NOT SUPPORTED — There is no evidence provided that directly states that gut microbiota reduces tau levels in AD animal models.  

ANSWER: A, B, C"	"A: SUPPORTED — The evidence indicates that microbiome-originated LPS and SCFAs may impair the permeability of the BBB and affect homeostasis, leading to increased neuroinflammation in Alzheimer disease models (Neuroinflammation in Alzheimer disease, 2024).  
B: SUPPORTED — Therapy with Bifidobacterium and Lactobacillus species-based probiotics after antibiotic administration improves memory deficits in mouse models of AD (Neuroinflammation in Alzheimer disease, 2024).  
C: SUPPORTED — Microglia in germ-free animals have enhanced Aβ uptake at early disease stages and protect against tau-related neurodegeneration, suggesting that alterations in the microbiome can impair spatial learning (Neuroinflammation in Alzheimer disease, 2024).  
D: NOT SUPPORTED — There is no evidence provided that directly states that gut microbiota reduces tau levels in AD animal models.  

ANSWER: A, B, C"
1	2	ET-RAG	test.agent_etrag	A2	+ Temporal recency	cosine retrieval + evidence quality + temporal recency	0.5	0.3	0.2	9	Which sleep characteristics are associated with AD?	A. Reduced REM duration | B. Abnormal slow-wave oscillations | C. Increased CSF tau during wakefulness | D. Stable sleep architecture	A, B, C	Reduced REM duration | Abnormal slow-wave oscillations | Increased CSF tau during wakefulness	A, B	0.666667	strict_partial_credit	False	0.736279	4.876	2.371	0.0	12	12	0.532225	0.414451	0.5	0.875	0	0	0	0	0	False	False	False	False	False	2023-oxidative-damage-in-neurodegeneration-roles-in-the-pathogenesis-and-progression-of-alzheimer-disease.pdf | 2024 Advancements and Challenges in Antiamyloid Therapy for.pdf | 2024 Immune Activation in Alzheimer Disease.pdf | 2024 Linking activity dyshomeostasis and sleep disturbances in Alzheimer disease.pdf | 2024 Neuroinflammation in Alzheimer disease.pdf | 2025 Updates on mouse models of Alzheimer’s disease.pdf | Recent advances in Alzheimer’s disease mechanisms clinical trials and new drug development strategies.pdf | alzheimer disease  2021.pdf	"A: SUPPORTED — Reduced sharp-wave ripples in NREM sleep and quiet wakefulness are observed in familial Alzheimer disease mouse models, indicating reduced REM duration is associated with AD (Linking activity dyshomeostasis and sleep disturbances in Alzheimer disease, 2024).  
B: SUPPORTED — Abnormal slow-wave oscillations are indicated by reduced UP state durations and failed transitions in AD mouse models, suggesting this characteristic is associated with AD (Linking activity dyshomeostasis and sleep disturbances in Alzheimer disease, 2024).  
C: NOT SUPPORTED — There is no direct evidence in the provided excerpts linking increased CSF tau during wakefulness specifically to sleep characteristics associated with AD.  
D: NOT SUPPORTED — The evidence does not support the notion of stable sleep architecture in the context of AD, as alterations in sleep patterns are noted in the literature.  

ANSWER: A, B"	"A: SUPPORTED — Reduced sharp-wave ripples in NREM sleep and quiet wakefulness are observed in familial Alzheimer disease mouse models, indicating reduced REM duration is associated with AD (Linking activity dyshomeostasis and sleep disturbances in Alzheimer disease, 2024).  
B: SUPPORTED — Abnormal slow-wave oscillations are indicated by reduced UP state durations and failed transitions in AD mouse models, suggesting this characteristic is associated with AD (Linking activity dyshomeostasis and sleep disturbances in Alzheimer disease, 2024).  
C: NOT SUPPORTED — There is no direct evidence in the provided excerpts linking increased CSF tau during wakefulness specifically to sleep characteristics associated with AD.  
D: NOT SUPPORTED — The evidence does not support the notion of stable sleep architecture in the context of AD, as alterations in sleep patterns are noted in the literature.  

ANSWER: A, B"
1	2	ET-RAG	test.agent_etrag	A2	+ Temporal recency	cosine retrieval + evidence quality + temporal recency	0.5	0.3	0.2	10	Which interventions may improve cognition in MCI or early dementia?	A. Melatonin | B. Rivasti gmine | C. Suvorexant | D. Ketogenic diet	A, B, C	Melatonin | Rivasti gmine | Suvorexant	B	0.333333	strict_partial_credit	False	0.747427	5.425	3.105	0.0	23	23	0.564076	0.456478	0.549891	0.854348	0	0	0	0	0	False	False	False	False	False	2023-oxidative-damage-in-neurodegeneration-roles-in-the-pathogenesis-and-progression-of-alzheimer-disease.pdf | 2024 Advancements and Challenges in Antiamyloid Therapy for.pdf | 2024 Linking activity dyshomeostasis and sleep disturbances in Alzheimer disease.pdf | 2025 Updates on mouse models of Alzheimer’s disease.pdf | Recent advances in Alzheimer’s disease mechanisms clinical trials and new drug development strategies.pdf | alzheimer disease  2021.pdf	"A: NOT SUPPORTED — There is no evidence in the provided excerpts that melatonin improves cognition in MCI or early dementia.  
B: SUPPORTED — Rivastigmine is mentioned as a cholinesterase inhibitor that has shown modest benefits in delaying symptom progression in patients with Alzheimer's disease, which includes those with MCI (Alzheimer disease, 2021).  
C: NOT SUPPORTED — There is no evidence in the provided excerpts that suvorexant improves cognition in MCI or early dementia.  
D: NOT SUPPORTED — There is no evidence in the provided excerpts that a ketogenic diet improves cognition in MCI or early dementia.  

ANSWER: B"	"A: NOT SUPPORTED — There is no evidence in the provided excerpts that melatonin improves cognition in MCI or early dementia.  
B: SUPPORTED — Rivastigmine is mentioned as a cholinesterase inhibitor that has shown modest benefits in delaying symptom progression in patients with Alzheimer's disease, which includes those with MCI (Alzheimer disease, 2021).  
C: NOT SUPPORTED — There is no evidence in the provided excerpts that suvorexant improves cognition in MCI or early dementia.  
D: NOT SUPPORTED — There is no evidence in the provided excerpts that a ketogenic diet improves cognition in MCI or early dementia.  

ANSWER: B"
2	2	ET-RAG	test.agent_etrag	A2	+ Temporal recency	cosine retrieval + evidence quality + temporal recency	0.5	0.3	0.2	1	Which of the following are components of the A-T-N AD biomarker framework?	A. Amyloid beta | B. Tau | C. Neurodegeneration markers | D. Synaptic vesicle proteins	A, B, C	Amyloid beta | Tau | Neurodegeneration markers	A, B, C	1.0	strict_partial_credit	True	0.760395	4.333	2.143	0.0	29	25	0.601128	0.551536	0.5072	0.866	1	0	0	0	0	False	False	False	False	False	2023-oxidative-damage-in-neurodegeneration-roles-in-the-pathogenesis-and-progression-of-alzheimer-disease.pdf | 2024 Advancements and Challenges in Antiamyloid Therapy for.pdf | 2024 Cell type-specific roles of APOE4 in Alzheimer disease.pdf | 2024 Neuroinflammation in Alzheimer disease.pdf | alzheimer disease  2021.pdf	"A: SUPPORTED — The A-T-N framework includes amyloid beta (Aβ) as a key biomarker for Alzheimer's disease, as stated in ""Alzheimer disease"" (2021).  
B: SUPPORTED — Tau is explicitly mentioned as a component of the A-T-N framework in the same paper, ""Alzheimer disease"" (2021).  
C: SUPPORTED — Neurodegeneration markers are included in the A-T-N framework, as indicated in ""Alzheimer disease"" (2021).  
D: NOT SUPPORTED — Synaptic vesicle proteins are not mentioned as part of the A-T-N framework in the provided evidence.  

ANSWER: A, B, C"	"A: SUPPORTED — The A-T-N framework includes amyloid beta (Aβ) as a key biomarker for Alzheimer's disease, as stated in ""Alzheimer disease"" (2021).  
B: SUPPORTED — Tau is explicitly mentioned as a component of the A-T-N framework in the same paper, ""Alzheimer disease"" (2021).  
C: SUPPORTED — Neurodegeneration markers are included in the A-T-N framework, as indicated in ""Alzheimer disease"" (2021).  
D: NOT SUPPORTED — Synaptic vesicle proteins are not mentioned as part of the A-T-N framework in the provided evidence.  

ANSWER: A, B, C"
2	2	ET-RAG	test.agent_etrag	A2	+ Temporal recency	cosine retrieval + evidence quality + temporal recency	0.5	0.3	0.2	2	Which sleep-related conditions are discussed as contributing to AD progression?	A. Sleep apnea | B. Long sleep duration | C. Short sleep duration | D. Insomnia	A, B, C, D	Sleep apnea | Long sleep duration | Short sleep duration | Insomnia	A, C, D	0.75	strict_partial_credit	False	0.734406	9.075	2.431	0.0	16	16	0.526874	0.407498	0.5	0.865625	0	0	0	0	0	False	False	False	False	False	2023-oxidative-damage-in-neurodegeneration-roles-in-the-pathogenesis-and-progression-of-alzheimer-disease.pdf | 2024 Advancements and Challenges in Antiamyloid Therapy for.pdf | 2024 Linking activity dyshomeostasis and sleep disturbances in Alzheimer disease.pdf | 2025 Oligodendrocytes in Alzheimer’s disease pathophysiology.pdf | 2025 Updates on mouse models of Alzheimer’s disease.pdf | Recent advances in Alzheimer’s disease mechanisms clinical trials and new drug development strategies.pdf | alzheimer disease  2021.pdf	"A: SUPPORTED — Sleep apnea is discussed as a comorbid sleep disorder that should be treated in patients with dementia, as noted in the paper ""Alzheimer disease"" (2021).  
B: NOT SUPPORTED — There is no evidence provided in the excerpts that directly associates long sleep duration with the progression of Alzheimer's disease.  
C: SUPPORTED — Short sleep duration is implied to be associated with cognitive decline in Alzheimer's disease, as indicated in the paper ""Linking activity dyshomeostasis and sleep disturbances in Alzheimer disease"" (2024).  
D: SUPPORTED — Insomnia is mentioned as a comorbid condition that can affect the quality of life in patients with Alzheimer's disease, as discussed in the paper ""Alzheimer disease"" (2021).  
ANSWER: A, C, D"	"A: SUPPORTED — Sleep apnea is discussed as a comorbid sleep disorder that should be treated in patients with dementia, as noted in the paper ""Alzheimer disease"" (2021).  
B: NOT SUPPORTED — There is no evidence provided in the excerpts that directly associates long sleep duration with the progression of Alzheimer's disease.  
C: SUPPORTED — Short sleep duration is implied to be associated with cognitive decline in Alzheimer's disease, as indicated in the paper ""Linking activity dyshomeostasis and sleep disturbances in Alzheimer disease"" (2024).  
D: SUPPORTED — Insomnia is mentioned as a comorbid condition that can affect the quality of life in patients with Alzheimer's disease, as discussed in the paper ""Alzheimer disease"" (2021).  
ANSWER: A, C, D"
2	2	ET-RAG	test.agent_etrag	A2	+ Temporal recency	cosine retrieval + evidence quality + temporal recency	0.5	0.3	0.2	3	Which interventions were identified as promising for sleep-related AD therapy?	A. CBT-I | B. Suvorexant | C. Positive airway pressure treatment | D. Ketamine	A, B, C	CBT-I | Suvorexant | Positive airway pressure treatment	A, C	0.666667	strict_partial_credit	False	0.744566	6.742	4.567	0.0	18	18	0.555902	0.443332	0.54375	0.855556	0	0	0	0	0	False	False	False	False	False	2023-oxidative-damage-in-neurodegeneration-roles-in-the-pathogenesis-and-progression-of-alzheimer-disease.pdf | 2024 Advancements and Challenges in Antiamyloid Therapy for.pdf | 2024 Linking activity dyshomeostasis and sleep disturbances in Alzheimer disease.pdf | 2025 Updates on mouse models of Alzheimer’s disease.pdf | Recent advances in Alzheimer’s disease mechanisms clinical trials and new drug development strategies.pdf | alzheimer disease  2021.pdf	"A: SUPPORTED — Cognitive Behavioral Therapy for Insomnia (CBT-I) is discussed as a non-pharmacological intervention that may help improve sleep in patients with Alzheimer's disease (AD) (Linking activity dyshomeostasis and sleep disturbances in Alzheimer disease, 2024).  
B: NOT SUPPORTED — There is no evidence provided in the excerpts that directly supports the use of Suvorexant as a promising intervention for sleep-related AD therapy.  
C: SUPPORTED — Positive airway pressure treatment is mentioned as a method to treat comorbid sleep disorders, such as obstructive sleep apnea, in patients with dementia (Alzheimer disease, 2021).  
D: NOT SUPPORTED — There is no evidence in the excerpts that supports the use of Ketamine as a promising intervention for sleep-related AD therapy.  

ANSWER: A, C"	"A: SUPPORTED — Cognitive Behavioral Therapy for Insomnia (CBT-I) is discussed as a non-pharmacological intervention that may help improve sleep in patients with Alzheimer's disease (AD) (Linking activity dyshomeostasis and sleep disturbances in Alzheimer disease, 2024).  
B: NOT SUPPORTED — There is no evidence provided in the excerpts that directly supports the use of Suvorexant as a promising intervention for sleep-related AD therapy.  
C: SUPPORTED — Positive airway pressure treatment is mentioned as a method to treat comorbid sleep disorders, such as obstructive sleep apnea, in patients with dementia (Alzheimer disease, 2021).  
D: NOT SUPPORTED — There is no evidence in the excerpts that supports the use of Ketamine as a promising intervention for sleep-related AD therapy.  

ANSWER: A, C"
2	2	ET-RAG	test.agent_etrag	A2	+ Temporal recency	cosine retrieval + evidence quality + temporal recency	0.5	0.3	0.2	4	Hearing loss in older adults may lead to which of the following?	A. Decreased brain volume | B. Higher tau levels | C. Lower social engagement | D. Enhanced neurogenesis	A, B, C	Decreased brain volume | Higher tau levels | Lower social engagement	A, B, C	1.0	strict_partial_credit	True	0.751135	6.794	2.278	0.0	24	24	0.574671	0.480488	0.532813	0.872917	2	0	0	0	0	False	False	False	False	False	2023-oxidative-damage-in-neurodegeneration-roles-in-the-pathogenesis-and-progression-of-alzheimer-disease.pdf | 2024 Advancements and Challenges in Antiamyloid Therapy for.pdf | 2024 Cell type-specific roles of APOE4 in Alzheimer disease.pdf | 2024 Immune Activation in Alzheimer Disease.pdf | 2024 Linking activity dyshomeostasis and sleep disturbances in Alzheimer disease.pdf | 2024 Neuroinflammation in Alzheimer disease.pdf | 2025 Oligodendrocytes in Alzheimer’s disease pathophysiology.pdf | 2025 Updates on mouse models of Alzheimer’s disease.pdf | Recent advances in Alzheimer’s disease mechanisms clinical trials and new drug development strategies.pdf | alzheimer disease  2021.pdf	"A: SUPPORTED — Hearing loss in older adults is associated with decreased brain volume, as indicated by the evidence that structural imaging can assess macroscopic brain atrophy, which reflects tissue loss in individuals with cognitive impairment (Alzheimer disease, 2021).  
B: SUPPORTED — Higher tau levels are discussed in relation to cognitive decline and neurodegeneration, with evidence showing that elevated tau levels are associated with increased risk of cognitive impairment and dementia (Alzheimer disease, 2021).  
C: SUPPORTED — Lower social engagement is noted as a common outcome in individuals with cognitive decline, including those with hearing loss, as neuropsychiatric symptoms such as social withdrawal often co-occur with cognitive deficits (Alzheimer disease, 2021).  
D: NOT SUPPORTED — There is no evidence provided that supports the idea that hearing loss in older adults leads to enhanced neurogenesis; rather, the evidence focuses on neurodegeneration and cognitive decline (Alzheimer disease, 2021).  
ANSWER: A, B, C"	"A: SUPPORTED — Hearing loss in older adults is associated with decreased brain volume, as indicated by the evidence that structural imaging can assess macroscopic brain atrophy, which reflects tissue loss in individuals with cognitive impairment (Alzheimer disease, 2021).  
B: SUPPORTED — Higher tau levels are discussed in relation to cognitive decline and neurodegeneration, with evidence showing that elevated tau levels are associated with increased risk of cognitive impairment and dementia (Alzheimer disease, 2021).  
C: SUPPORTED — Lower social engagement is noted as a common outcome in individuals with cognitive decline, including those with hearing loss, as neuropsychiatric symptoms such as social withdrawal often co-occur with cognitive deficits (Alzheimer disease, 2021).  
D: NOT SUPPORTED — There is no evidence provided that supports the idea that hearing loss in older adults leads to enhanced neurogenesis; rather, the evidence focuses on neurodegeneration and cognitive decline (Alzheimer disease, 2021).  
ANSWER: A, B, C"
2	2	ET-RAG	test.agent_etrag	A2	+ Temporal recency	cosine retrieval + evidence quality + temporal recency	0.5	0.3	0.2	5	Which factors have been epidemiologically linked to AD?	A. Hypoxia | B. Gut microbiota imbalance | C. High education | D. Diet	A, B, D	Hypoxia | Gut microbiota imbalance | Diet	B, D	0.666667	strict_partial_credit	False	0.747743	4.787	3.133	0.0	20	20	0.56498	0.47656	0.509	0.87	0	0	0	0	0	False	False	False	False	False	2023-oxidative-damage-in-neurodegeneration-roles-in-the-pathogenesis-and-progression-of-alzheimer-disease.pdf | 2024 Advancements and Challenges in Antiamyloid Therapy for.pdf | 2024 Cell type-specific roles of APOE4 in Alzheimer disease.pdf | 2024 Immune Activation in Alzheimer Disease.pdf | 2024 Linking activity dyshomeostasis and sleep disturbances in Alzheimer disease.pdf | 2024 Neuroinflammation in Alzheimer disease.pdf | 2025 Updates on mouse models of Alzheimer’s disease.pdf | Recent advances in Alzheimer’s disease mechanisms clinical trials and new drug development strategies.pdf | alzheimer disease  2021.pdf	"A: NOT SUPPORTED — There is no direct evidence linking hypoxia to Alzheimer's disease in the provided excerpts.  
B: SUPPORTED — The microbiota-gut-brain axis hypothesis suggests that gut microbiota imbalance may influence brain function and is discussed in the context of Alzheimer's disease (Recent advances in Alzheimer’s disease: mechanisms, clinical trials and new drug development strategies, year unknown).  
C: NOT SUPPORTED — High education is not mentioned in the provided excerpts as a factor linked to Alzheimer's disease.  
D: SUPPORTED — Specific dietary patterns have been linked to Alzheimer's disease risk, indicating that diet plays a role in the disease (Oxidative damage in neurodegeneration: roles in the pathogenesis and progression of Alzheimer disease, 2023).  
ANSWER: B, D"	"A: NOT SUPPORTED — There is no direct evidence linking hypoxia to Alzheimer's disease in the provided excerpts.  
B: SUPPORTED — The microbiota-gut-brain axis hypothesis suggests that gut microbiota imbalance may influence brain function and is discussed in the context of Alzheimer's disease (Recent advances in Alzheimer’s disease: mechanisms, clinical trials and new drug development strategies, year unknown).  
C: NOT SUPPORTED — High education is not mentioned in the provided excerpts as a factor linked to Alzheimer's disease.  
D: SUPPORTED — Specific dietary patterns have been linked to Alzheimer's disease risk, indicating that diet plays a role in the disease (Oxidative damage in neurodegeneration: roles in the pathogenesis and progression of Alzheimer disease, 2023).  
ANSWER: B, D"
2	2	ET-RAG	test.agent_etrag	A2	+ Temporal recency	cosine retrieval + evidence quality + temporal recency	0.5	0.3	0.2	6	Which imaging biomarkers are used in AD diagnosis?	A. Tau-PET | B. MRI | C. CT | D. FDG-PET	A, B, D	Tau-PET | MRI | FDG-PET	A, B, D	1.0	strict_partial_credit	True	0.759333	4.439	2.503	0.0	28	25	0.598095	0.54003	0.5216	0.858	0	0	0	0	0	False	False	False	False	False	2023-oxidative-damage-in-neurodegeneration-roles-in-the-pathogenesis-and-progression-of-alzheimer-disease.pdf | 2024 Advancements and Challenges in Antiamyloid Therapy for.pdf | 2024 Immune Activation in Alzheimer Disease.pdf | 2024 Neuroinflammation in Alzheimer disease.pdf | 2025 Updates on mouse models of Alzheimer’s disease.pdf | Recent advances in Alzheimer’s disease mechanisms clinical trials and new drug development strategies.pdf | alzheimer disease  2021.pdf	"A: SUPPORTED — Tau-PET imaging allows the detection of tauopathy that is largely specific for Alzheimer's disease, as stated in ""Alzheimer disease"" (2021).  
B: SUPPORTED — Structural MRI is often used as a first step to exclude other causes of cognitive impairment and is associated with Alzheimer's disease, as mentioned in ""Alzheimer disease"" (2021).  
C: NOT SUPPORTED — The evidence does not support the use of CT as a specific imaging biomarker for Alzheimer's disease diagnosis; it is mentioned as less specific compared to MRI.  
D: SUPPORTED — FDG-PET has revealed a pattern of hypometabolism that is highly characteristic of Alzheimer's disease, as discussed in ""Alzheimer disease"" (2021).  
ANSWER: A, B, D"	"A: SUPPORTED — Tau-PET imaging allows the detection of tauopathy that is largely specific for Alzheimer's disease, as stated in ""Alzheimer disease"" (2021).  
B: SUPPORTED — Structural MRI is often used as a first step to exclude other causes of cognitive impairment and is associated with Alzheimer's disease, as mentioned in ""Alzheimer disease"" (2021).  
C: NOT SUPPORTED — The evidence does not support the use of CT as a specific imaging biomarker for Alzheimer's disease diagnosis; it is mentioned as less specific compared to MRI.  
D: SUPPORTED — FDG-PET has revealed a pattern of hypometabolism that is highly characteristic of Alzheimer's disease, as discussed in ""Alzheimer disease"" (2021).  
ANSWER: A, B, D"
2	2	ET-RAG	test.agent_etrag	A2	+ Temporal recency	cosine retrieval + evidence quality + temporal recency	0.5	0.3	0.2	7	What roles do CSF biomarkers play in AD diagnosis?	A. Stage disease progression | B. Diagnose mild cognitive impairment | C. Indicate tau pathology | D. Replace neuropsychological testing	A, B, C	Stage disease progression | Diagnose mild cognitive impairment | Indicate tau pathology	A, B, C	1.0	strict_partial_credit	True	0.762346	11.995	2.379	0.0	31	25	0.606704	0.554588	0.5207	0.866	0	0	0	0	0	False	False	False	False	False	2023-oxidative-damage-in-neurodegeneration-roles-in-the-pathogenesis-and-progression-of-alzheimer-disease.pdf | 2024 Advancements and Challenges in Antiamyloid Therapy for.pdf | 2024 Immune Activation in Alzheimer Disease.pdf | 2024 Neuroinflammation in Alzheimer disease.pdf | alzheimer disease  2021.pdf	"A: SUPPORTED — CSF biomarkers are recognized by research guidelines for their diagnostic utility in Alzheimer’s disease, including the ability to indicate disease progression (Alzheimer disease, 2021).  
B: SUPPORTED — CSF biomarkers can help diagnose mild cognitive impairment, as individuals with abnormal Aβ biomarkers are at increased risk for cognitive decline (Alzheimer disease, 2021).  
C: SUPPORTED — p-tau181 is considered a specific biomarker for tau pathology in Alzheimer’s disease (Alzheimer disease, 2021).  
D: NOT SUPPORTED — The evidence does not support the idea that CSF biomarkers can replace neuropsychological testing in the diagnosis of Alzheimer’s disease (Alzheimer disease, 2021).  
ANSWER: A, B, C"	"A: SUPPORTED — CSF biomarkers are recognized by research guidelines for their diagnostic utility in Alzheimer’s disease, including the ability to indicate disease progression (Alzheimer disease, 2021).  
B: SUPPORTED — CSF biomarkers can help diagnose mild cognitive impairment, as individuals with abnormal Aβ biomarkers are at increased risk for cognitive decline (Alzheimer disease, 2021).  
C: SUPPORTED — p-tau181 is considered a specific biomarker for tau pathology in Alzheimer’s disease (Alzheimer disease, 2021).  
D: NOT SUPPORTED — The evidence does not support the idea that CSF biomarkers can replace neuropsychological testing in the diagnosis of Alzheimer’s disease (Alzheimer disease, 2021).  
ANSWER: A, B, C"
2	2	ET-RAG	test.agent_etrag	A2	+ Temporal recency	cosine retrieval + evidence quality + temporal recency	0.5	0.3	0.2	8	What effects does gut microbiota have in AD animal models?	A. Promotes inflammation | B. Improves memory | C. Impairs spatial learning | D. Reduces tau levels	A, C	Promotes inflammation | Impairs spatial learning	A, B, C	0.0	strict_partial_credit	False	0.753462	4.036	2.158	0.0	10	10	0.581319	0.514637	0.5	0.87	0	0	0	0	0	False	False	False	False	False	2023-oxidative-damage-in-neurodegeneration-roles-in-the-pathogenesis-and-progression-of-alzheimer-disease.pdf | 2024 Advancements and Challenges in Antiamyloid Therapy for.pdf | 2024 Immune Activation in Alzheimer Disease.pdf | 2024 Neuroinflammation in Alzheimer disease.pdf | 2025 Updates on mouse models of Alzheimer’s disease.pdf | Recent advances in Alzheimer’s disease mechanisms clinical trials and new drug development strategies.pdf | alzheimer disease  2021.pdf	"A: SUPPORTED — The evidence indicates that microbiome-originated LPS and SCFAs may impair the permeability of the BBB and affect homeostasis, leading to increased neuroinflammation in Alzheimer disease models (Neuroinflammation in Alzheimer disease, 2024).  
B: SUPPORTED — Therapy with Bifidobacterium and Lactobacillus species-based probiotics after antibiotic administration improves memory deficits in mouse models of AD (Neuroinflammation in Alzheimer disease, 2024).  
C: SUPPORTED — Microglia in germ-free animals have enhanced Aβ uptake at early disease stages and protect against tau-related neurodegeneration, suggesting that alterations in the microbiome can impair spatial learning (Neuroinflammation in Alzheimer disease, 2024).  
D: NOT SUPPORTED — There is no evidence provided that directly states that gut microbiota reduces tau levels in AD animal models.  

ANSWER: A, B, C"	"A: SUPPORTED — The evidence indicates that microbiome-originated LPS and SCFAs may impair the permeability of the BBB and affect homeostasis, leading to increased neuroinflammation in Alzheimer disease models (Neuroinflammation in Alzheimer disease, 2024).  
B: SUPPORTED — Therapy with Bifidobacterium and Lactobacillus species-based probiotics after antibiotic administration improves memory deficits in mouse models of AD (Neuroinflammation in Alzheimer disease, 2024).  
C: SUPPORTED — Microglia in germ-free animals have enhanced Aβ uptake at early disease stages and protect against tau-related neurodegeneration, suggesting that alterations in the microbiome can impair spatial learning (Neuroinflammation in Alzheimer disease, 2024).  
D: NOT SUPPORTED — There is no evidence provided that directly states that gut microbiota reduces tau levels in AD animal models.  

ANSWER: A, B, C"
2	2	ET-RAG	test.agent_etrag	A2	+ Temporal recency	cosine retrieval + evidence quality + temporal recency	0.5	0.3	0.2	9	Which sleep characteristics are associated with AD?	A. Reduced REM duration | B. Abnormal slow-wave oscillations | C. Increased CSF tau during wakefulness | D. Stable sleep architecture	A, B, C	Reduced REM duration | Abnormal slow-wave oscillations | Increased CSF tau during wakefulness	A, B, C, D	0.0	strict_partial_credit	False	0.73628	4.654	2.346	0.0	12	12	0.532228	0.414457	0.5	0.875	0	0	0	0	0	False	False	False	False	False	2023-oxidative-damage-in-neurodegeneration-roles-in-the-pathogenesis-and-progression-of-alzheimer-disease.pdf | 2024 Advancements and Challenges in Antiamyloid Therapy for.pdf | 2024 Immune Activation in Alzheimer Disease.pdf | 2024 Linking activity dyshomeostasis and sleep disturbances in Alzheimer disease.pdf | 2024 Neuroinflammation in Alzheimer disease.pdf | 2025 Updates on mouse models of Alzheimer’s disease.pdf | Recent advances in Alzheimer’s disease mechanisms clinical trials and new drug development strategies.pdf | alzheimer disease  2021.pdf	"A: SUPPORTED — Reduced sharp-wave ripples in NREM sleep and quiet wakefulness are associated with Alzheimer disease, as indicated in the paper ""Linking activity dyshomeostasis and sleep disturbances in Alzheimer disease"" (2024).  
B: SUPPORTED — Abnormal slow-wave oscillations are discussed in the context of altered sleep patterns in Alzheimer disease, as noted in the paper ""Linking activity dyshomeostasis and sleep disturbances in Alzheimer disease"" (2024).  
C: NOT SUPPORTED — There is no direct evidence linking increased CSF tau during wakefulness to sleep characteristics in Alzheimer disease in the provided excerpts.  
D: NOT SUPPORTED — The evidence does not support the notion of stable sleep architecture in Alzheimer disease, as the excerpts indicate alterations in sleep patterns.  

ANSWER: A, B, C, D"	"A: SUPPORTED — Reduced sharp-wave ripples in NREM sleep and quiet wakefulness are associated with Alzheimer disease, as indicated in the paper ""Linking activity dyshomeostasis and sleep disturbances in Alzheimer disease"" (2024).  
B: SUPPORTED — Abnormal slow-wave oscillations are discussed in the context of altered sleep patterns in Alzheimer disease, as noted in the paper ""Linking activity dyshomeostasis and sleep disturbances in Alzheimer disease"" (2024).  
C: NOT SUPPORTED — There is no direct evidence linking increased CSF tau during wakefulness to sleep characteristics in Alzheimer disease in the provided excerpts.  
D: NOT SUPPORTED — The evidence does not support the notion of stable sleep architecture in Alzheimer disease, as the excerpts indicate alterations in sleep patterns.  

ANSWER: A, B, C, D"
2	2	ET-RAG	test.agent_etrag	A2	+ Temporal recency	cosine retrieval + evidence quality + temporal recency	0.5	0.3	0.2	10	Which interventions may improve cognition in MCI or early dementia?	A. Melatonin | B. Rivasti gmine | C. Suvorexant | D. Ketogenic diet	A, B, C	Melatonin | Rivasti gmine | Suvorexant	B	0.333333	strict_partial_credit	False	0.747423	4.682	2.622	0.0	23	23	0.564066	0.456458	0.549891	0.854348	0	0	0	0	0	False	False	False	False	False	2023-oxidative-damage-in-neurodegeneration-roles-in-the-pathogenesis-and-progression-of-alzheimer-disease.pdf | 2024 Advancements and Challenges in Antiamyloid Therapy for.pdf | 2024 Linking activity dyshomeostasis and sleep disturbances in Alzheimer disease.pdf | 2025 Updates on mouse models of Alzheimer’s disease.pdf | Recent advances in Alzheimer’s disease mechanisms clinical trials and new drug development strategies.pdf | alzheimer disease  2021.pdf	"A: NOT SUPPORTED — There is no evidence in the provided excerpts that melatonin improves cognition in MCI or early dementia.  
B: SUPPORTED — Rivastigmine is mentioned as a cholinesterase inhibitor that has shown modest benefits in delaying symptom progression in patients with Alzheimer's disease, which includes those with MCI (Alzheimer disease, 2021).  
C: NOT SUPPORTED — There is no evidence in the provided excerpts that suvorexant improves cognition in MCI or early dementia.  
D: NOT SUPPORTED — There is no evidence in the provided excerpts that a ketogenic diet improves cognition in MCI or early dementia.  

ANSWER: B"	"A: NOT SUPPORTED — There is no evidence in the provided excerpts that melatonin improves cognition in MCI or early dementia.  
B: SUPPORTED — Rivastigmine is mentioned as a cholinesterase inhibitor that has shown modest benefits in delaying symptom progression in patients with Alzheimer's disease, which includes those with MCI (Alzheimer disease, 2021).  
C: NOT SUPPORTED — There is no evidence in the provided excerpts that suvorexant improves cognition in MCI or early dementia.  
D: NOT SUPPORTED — There is no evidence in the provided excerpts that a ketogenic diet improves cognition in MCI or early dementia.  

ANSWER: B"
3	2	ET-RAG	test.agent_etrag	A2	+ Temporal recency	cosine retrieval + evidence quality + temporal recency	0.5	0.3	0.2	1	Which of the following are components of the A-T-N AD biomarker framework?	A. Amyloid beta | B. Tau | C. Neurodegeneration markers | D. Synaptic vesicle proteins	A, B, C	Amyloid beta | Tau | Neurodegeneration markers	A, B, C	1.0	strict_partial_credit	True	0.760394	4.402	2.514	0.0	29	25	0.601124	0.551529	0.5072	0.866	1	0	0	0	0	False	False	False	False	False	2023-oxidative-damage-in-neurodegeneration-roles-in-the-pathogenesis-and-progression-of-alzheimer-disease.pdf | 2024 Advancements and Challenges in Antiamyloid Therapy for.pdf | 2024 Cell type-specific roles of APOE4 in Alzheimer disease.pdf | 2024 Neuroinflammation in Alzheimer disease.pdf | alzheimer disease  2021.pdf	"A: SUPPORTED — The A-T-N framework includes amyloid beta (Aβ) as a key component, as stated in ""Alzheimer disease"" (2021).  
B: SUPPORTED — Tau is explicitly mentioned as a component of the A-T-N framework in ""Alzheimer disease"" (2021).  
C: SUPPORTED — Neurodegeneration markers are included in the A-T-N framework, as discussed in ""Alzheimer disease"" (2021).  
D: NOT SUPPORTED — Synaptic vesicle proteins are not mentioned as part of the A-T-N framework in the provided evidence.  

ANSWER: A, B, C"	"A: SUPPORTED — The A-T-N framework includes amyloid beta (Aβ) as a key component, as stated in ""Alzheimer disease"" (2021).  
B: SUPPORTED — Tau is explicitly mentioned as a component of the A-T-N framework in ""Alzheimer disease"" (2021).  
C: SUPPORTED — Neurodegeneration markers are included in the A-T-N framework, as discussed in ""Alzheimer disease"" (2021).  
D: NOT SUPPORTED — Synaptic vesicle proteins are not mentioned as part of the A-T-N framework in the provided evidence.  

ANSWER: A, B, C"
3	2	ET-RAG	test.agent_etrag	A2	+ Temporal recency	cosine retrieval + evidence quality + temporal recency	0.5	0.3	0.2	2	Which sleep-related conditions are discussed as contributing to AD progression?	A. Sleep apnea | B. Long sleep duration | C. Short sleep duration | D. Insomnia	A, B, C, D	Sleep apnea | Long sleep duration | Short sleep duration | Insomnia	A, B, C, D	1.0	strict_partial_credit	True	0.734405	3.95	2.358	0.0	16	16	0.526871	0.407492	0.5	0.865625	0	0	0	0	0	False	False	False	False	False	2023-oxidative-damage-in-neurodegeneration-roles-in-the-pathogenesis-and-progression-of-alzheimer-disease.pdf | 2024 Advancements and Challenges in Antiamyloid Therapy for.pdf | 2024 Linking activity dyshomeostasis and sleep disturbances in Alzheimer disease.pdf | 2025 Oligodendrocytes in Alzheimer’s disease pathophysiology.pdf | 2025 Updates on mouse models of Alzheimer’s disease.pdf | Recent advances in Alzheimer’s disease mechanisms clinical trials and new drug development strategies.pdf | alzheimer disease  2021.pdf	"A: SUPPORTED — Sleep disturbances, including obstructive sleep apnea, are discussed as contributing factors to the progression of Alzheimer's disease (AD) in the paper ""Alzheimer disease"" (2021).  
B: SUPPORTED — Long sleep duration is mentioned as a sleep-related condition that may contribute to the progression of Alzheimer's disease in the paper ""Alzheimer disease"" (2021).  
C: SUPPORTED — Short sleep duration is discussed as a factor that may contribute to the progression of Alzheimer's disease in the paper ""Alzheimer disease"" (2021).  
D: SUPPORTED — Insomnia is identified as a sleep-related condition that can contribute to the progression of Alzheimer's disease in the paper ""Alzheimer disease"" (2021).  
ANSWER: A, B, C, D"	"A: SUPPORTED — Sleep disturbances, including obstructive sleep apnea, are discussed as contributing factors to the progression of Alzheimer's disease (AD) in the paper ""Alzheimer disease"" (2021).  
B: SUPPORTED — Long sleep duration is mentioned as a sleep-related condition that may contribute to the progression of Alzheimer's disease in the paper ""Alzheimer disease"" (2021).  
C: SUPPORTED — Short sleep duration is discussed as a factor that may contribute to the progression of Alzheimer's disease in the paper ""Alzheimer disease"" (2021).  
D: SUPPORTED — Insomnia is identified as a sleep-related condition that can contribute to the progression of Alzheimer's disease in the paper ""Alzheimer disease"" (2021).  
ANSWER: A, B, C, D"
3	2	ET-RAG	test.agent_etrag	A2	+ Temporal recency	cosine retrieval + evidence quality + temporal recency	0.5	0.3	0.2	3	Which interventions were identified as promising for sleep-related AD therapy?	A. CBT-I | B. Suvorexant | C. Positive airway pressure treatment | D. Ketamine	A, B, C	CBT-I | Suvorexant | Positive airway pressure treatment	A, C	0.666667	strict_partial_credit	False	0.744563	5.234	3.191	0.0	18	18	0.555896	0.443319	0.54375	0.855556	0	0	0	0	0	False	False	False	False	False	2023-oxidative-damage-in-neurodegeneration-roles-in-the-pathogenesis-and-progression-of-alzheimer-disease.pdf | 2024 Advancements and Challenges in Antiamyloid Therapy for.pdf | 2024 Linking activity dyshomeostasis and sleep disturbances in Alzheimer disease.pdf | 2025 Updates on mouse models of Alzheimer’s disease.pdf | Recent advances in Alzheimer’s disease mechanisms clinical trials and new drug development strategies.pdf | alzheimer disease  2021.pdf	"A: SUPPORTED — Cognitive Behavioral Therapy for Insomnia (CBT-I) is discussed as a promising intervention for sleep-related issues in Alzheimer's disease (AD) in the paper ""Linking activity dyshomeostasis and sleep disturbances in Alzheimer disease"" (2024).

B: NOT SUPPORTED — There is no evidence provided in the excerpts that directly supports the use of Suvorexant as a promising intervention for sleep-related AD therapy.

C: SUPPORTED — Positive airway pressure treatment is mentioned as a necessary intervention for comorbid sleep disorders like obstructive sleep apnea in patients with dementia, as noted in the paper ""Alzheimer disease"" (2021).

D: NOT SUPPORTED — The excerpts do not provide evidence that supports the use of Ketamine as a promising intervention for sleep-related AD therapy.

ANSWER: A, C"	"A: SUPPORTED — Cognitive Behavioral Therapy for Insomnia (CBT-I) is discussed as a promising intervention for sleep-related issues in Alzheimer's disease (AD) in the paper ""Linking activity dyshomeostasis and sleep disturbances in Alzheimer disease"" (2024).

B: NOT SUPPORTED — There is no evidence provided in the excerpts that directly supports the use of Suvorexant as a promising intervention for sleep-related AD therapy.

C: SUPPORTED — Positive airway pressure treatment is mentioned as a necessary intervention for comorbid sleep disorders like obstructive sleep apnea in patients with dementia, as noted in the paper ""Alzheimer disease"" (2021).

D: NOT SUPPORTED — The excerpts do not provide evidence that supports the use of Ketamine as a promising intervention for sleep-related AD therapy.

ANSWER: A, C"
3	2	ET-RAG	test.agent_etrag	A2	+ Temporal recency	cosine retrieval + evidence quality + temporal recency	0.5	0.3	0.2	4	Hearing loss in older adults may lead to which of the following?	A. Decreased brain volume | B. Higher tau levels | C. Lower social engagement | D. Enhanced neurogenesis	A, B, C	Decreased brain volume | Higher tau levels | Lower social engagement	A, B, C	1.0	strict_partial_credit	True	0.751133	4.525	2.322	0.0	24	24	0.574665	0.480476	0.532813	0.872917	2	0	0	0	0	False	False	False	False	False	2023-oxidative-damage-in-neurodegeneration-roles-in-the-pathogenesis-and-progression-of-alzheimer-disease.pdf | 2024 Advancements and Challenges in Antiamyloid Therapy for.pdf | 2024 Cell type-specific roles of APOE4 in Alzheimer disease.pdf | 2024 Immune Activation in Alzheimer Disease.pdf | 2024 Linking activity dyshomeostasis and sleep disturbances in Alzheimer disease.pdf | 2024 Neuroinflammation in Alzheimer disease.pdf | 2025 Oligodendrocytes in Alzheimer’s disease pathophysiology.pdf | 2025 Updates on mouse models of Alzheimer’s disease.pdf | Recent advances in Alzheimer’s disease mechanisms clinical trials and new drug development strategies.pdf | alzheimer disease  2021.pdf	"A: SUPPORTED — Hearing loss in older adults is associated with decreased brain volume, as indicated by the evidence that structural imaging can assess macroscopic brain atrophy, which reflects tissue loss in individuals with cognitive impairment (Alzheimer disease, 2021).  
B: SUPPORTED — Higher tau levels are discussed in relation to cognitive decline and neurodegeneration, with evidence showing that elevated tau levels are associated with increased risk of cognitive impairment and dementia (Alzheimer disease, 2021).  
C: SUPPORTED — Lower social engagement is noted as a common consequence of cognitive decline in older adults, with neuropsychiatric symptoms such as social withdrawal being evident in mild dementia (Alzheimer disease, 2021).  
D: NOT SUPPORTED — There is no evidence provided that supports the idea that hearing loss in older adults leads to enhanced neurogenesis; rather, the evidence focuses on neurodegeneration and cognitive decline (Alzheimer disease, 2021).  
ANSWER: A, B, C"	"A: SUPPORTED — Hearing loss in older adults is associated with decreased brain volume, as indicated by the evidence that structural imaging can assess macroscopic brain atrophy, which reflects tissue loss in individuals with cognitive impairment (Alzheimer disease, 2021).  
B: SUPPORTED — Higher tau levels are discussed in relation to cognitive decline and neurodegeneration, with evidence showing that elevated tau levels are associated with increased risk of cognitive impairment and dementia (Alzheimer disease, 2021).  
C: SUPPORTED — Lower social engagement is noted as a common consequence of cognitive decline in older adults, with neuropsychiatric symptoms such as social withdrawal being evident in mild dementia (Alzheimer disease, 2021).  
D: NOT SUPPORTED — There is no evidence provided that supports the idea that hearing loss in older adults leads to enhanced neurogenesis; rather, the evidence focuses on neurodegeneration and cognitive decline (Alzheimer disease, 2021).  
ANSWER: A, B, C"
3	2	ET-RAG	test.agent_etrag	A2	+ Temporal recency	cosine retrieval + evidence quality + temporal recency	0.5	0.3	0.2	5	Which factors have been epidemiologically linked to AD?	A. Hypoxia | B. Gut microbiota imbalance | C. High education | D. Diet	A, B, D	Hypoxia | Gut microbiota imbalance | Diet	B, D	0.666667	strict_partial_credit	False	0.747742	4.765	2.67	0.0	20	20	0.564978	0.476557	0.509	0.87	0	0	0	0	0	False	False	False	False	False	2023-oxidative-damage-in-neurodegeneration-roles-in-the-pathogenesis-and-progression-of-alzheimer-disease.pdf | 2024 Advancements and Challenges in Antiamyloid Therapy for.pdf | 2024 Cell type-specific roles of APOE4 in Alzheimer disease.pdf | 2024 Immune Activation in Alzheimer Disease.pdf | 2024 Linking activity dyshomeostasis and sleep disturbances in Alzheimer disease.pdf | 2024 Neuroinflammation in Alzheimer disease.pdf | 2025 Updates on mouse models of Alzheimer’s disease.pdf | Recent advances in Alzheimer’s disease mechanisms clinical trials and new drug development strategies.pdf | alzheimer disease  2021.pdf	"A: NOT SUPPORTED — There is no direct evidence linking hypoxia to Alzheimer's disease in the provided excerpts.  
B: SUPPORTED — The microbiota-gut-brain axis hypothesis suggests that gut microbiota imbalance may influence brain function and is discussed in the context of Alzheimer's disease (Recent advances in Alzheimer’s disease: mechanisms, clinical trials and new drug development strategies, year unknown).  
C: NOT SUPPORTED — High education is not mentioned in the provided excerpts as a factor linked to Alzheimer's disease.  
D: SUPPORTED — Specific dietary patterns have been linked to Alzheimer's disease risk, indicating that diet plays a role in the disease (Oxidative damage in neurodegeneration: roles in the pathogenesis and progression of Alzheimer disease, 2023).  
ANSWER: B, D"	"A: NOT SUPPORTED — There is no direct evidence linking hypoxia to Alzheimer's disease in the provided excerpts.  
B: SUPPORTED — The microbiota-gut-brain axis hypothesis suggests that gut microbiota imbalance may influence brain function and is discussed in the context of Alzheimer's disease (Recent advances in Alzheimer’s disease: mechanisms, clinical trials and new drug development strategies, year unknown).  
C: NOT SUPPORTED — High education is not mentioned in the provided excerpts as a factor linked to Alzheimer's disease.  
D: SUPPORTED — Specific dietary patterns have been linked to Alzheimer's disease risk, indicating that diet plays a role in the disease (Oxidative damage in neurodegeneration: roles in the pathogenesis and progression of Alzheimer disease, 2023).  
ANSWER: B, D"
3	2	ET-RAG	test.agent_etrag	A2	+ Temporal recency	cosine retrieval + evidence quality + temporal recency	0.5	0.3	0.2	6	Which imaging biomarkers are used in AD diagnosis?	A. Tau-PET | B. MRI | C. CT | D. FDG-PET	A, B, D	Tau-PET | MRI | FDG-PET	A, B, D	1.0	strict_partial_credit	True	0.759333	4.13	2.293	0.0	28	25	0.598095	0.540031	0.5216	0.858	0	0	0	0	0	False	False	False	False	False	2023-oxidative-damage-in-neurodegeneration-roles-in-the-pathogenesis-and-progression-of-alzheimer-disease.pdf | 2024 Advancements and Challenges in Antiamyloid Therapy for.pdf | 2024 Immune Activation in Alzheimer Disease.pdf | 2024 Neuroinflammation in Alzheimer disease.pdf | 2025 Updates on mouse models of Alzheimer’s disease.pdf | Recent advances in Alzheimer’s disease mechanisms clinical trials and new drug development strategies.pdf | alzheimer disease  2021.pdf	"A: SUPPORTED — Tau-PET imaging allows the detection of tauopathy that is largely specific for Alzheimer's disease, as stated in ""Alzheimer disease"" (2021).  
B: SUPPORTED — Structural MRI is often used as a first step to exclude other causes of cognitive impairment and is associated with Alzheimer's disease, as mentioned in ""Alzheimer disease"" (2021).  
C: NOT SUPPORTED — The evidence does not support the use of CT as a specific imaging biomarker for Alzheimer's disease diagnosis; it is mentioned as less specific compared to MRI.  
D: SUPPORTED — FDG-PET has revealed a pattern of hypometabolism that is highly characteristic of Alzheimer's disease, as discussed in ""Alzheimer disease"" (2021).  
ANSWER: A, B, D"	"A: SUPPORTED — Tau-PET imaging allows the detection of tauopathy that is largely specific for Alzheimer's disease, as stated in ""Alzheimer disease"" (2021).  
B: SUPPORTED — Structural MRI is often used as a first step to exclude other causes of cognitive impairment and is associated with Alzheimer's disease, as mentioned in ""Alzheimer disease"" (2021).  
C: NOT SUPPORTED — The evidence does not support the use of CT as a specific imaging biomarker for Alzheimer's disease diagnosis; it is mentioned as less specific compared to MRI.  
D: SUPPORTED — FDG-PET has revealed a pattern of hypometabolism that is highly characteristic of Alzheimer's disease, as discussed in ""Alzheimer disease"" (2021).  
ANSWER: A, B, D"
3	2	ET-RAG	test.agent_etrag	A2	+ Temporal recency	cosine retrieval + evidence quality + temporal recency	0.5	0.3	0.2	7	What roles do CSF biomarkers play in AD diagnosis?	A. Stage disease progression | B. Diagnose mild cognitive impairment | C. Indicate tau pathology | D. Replace neuropsychological testing	A, B, C	Stage disease progression | Diagnose mild cognitive impairment | Indicate tau pathology	A, B, C	1.0	strict_partial_credit	True	0.762345	11.164	3.132	0.0	31	25	0.606699	0.554579	0.5207	0.866	0	0	0	0	0	False	False	False	False	False	2023-oxidative-damage-in-neurodegeneration-roles-in-the-pathogenesis-and-progression-of-alzheimer-disease.pdf | 2024 Advancements and Challenges in Antiamyloid Therapy for.pdf | 2024 Immune Activation in Alzheimer Disease.pdf | 2024 Neuroinflammation in Alzheimer disease.pdf | alzheimer disease  2021.pdf	"A: SUPPORTED — CSF biomarkers are recognized by research guidelines for their diagnostic utility in Alzheimer's disease, including their ability to indicate disease progression (Alzheimer disease, 2021).  
B: SUPPORTED — CSF biomarkers, particularly Aβ42 and tau levels, are used to diagnose mild cognitive impairment and predict progression to dementia (Alzheimer disease, 2021).  
C: SUPPORTED — p-tau181 is considered a specific biomarker for tau pathology in Alzheimer's disease (Alzheimer disease, 2021).  
D: NOT SUPPORTED — CSF biomarkers are not intended to replace neuropsychological testing but rather to complement it in the diagnostic process (Alzheimer disease, 2021).  
ANSWER: A, B, C"	"A: SUPPORTED — CSF biomarkers are recognized by research guidelines for their diagnostic utility in Alzheimer's disease, including their ability to indicate disease progression (Alzheimer disease, 2021).  
B: SUPPORTED — CSF biomarkers, particularly Aβ42 and tau levels, are used to diagnose mild cognitive impairment and predict progression to dementia (Alzheimer disease, 2021).  
C: SUPPORTED — p-tau181 is considered a specific biomarker for tau pathology in Alzheimer's disease (Alzheimer disease, 2021).  
D: NOT SUPPORTED — CSF biomarkers are not intended to replace neuropsychological testing but rather to complement it in the diagnostic process (Alzheimer disease, 2021).  
ANSWER: A, B, C"
3	2	ET-RAG	test.agent_etrag	A2	+ Temporal recency	cosine retrieval + evidence quality + temporal recency	0.5	0.3	0.2	8	What effects does gut microbiota have in AD animal models?	A. Promotes inflammation | B. Improves memory | C. Impairs spatial learning | D. Reduces tau levels	A, C	Promotes inflammation | Impairs spatial learning	A, B, C	0.0	strict_partial_credit	False	0.753463	4.444	2.302	0.0	10	10	0.581324	0.514647	0.5	0.87	0	0	0	0	0	False	False	False	False	False	2023-oxidative-damage-in-neurodegeneration-roles-in-the-pathogenesis-and-progression-of-alzheimer-disease.pdf | 2024 Advancements and Challenges in Antiamyloid Therapy for.pdf | 2024 Immune Activation in Alzheimer Disease.pdf | 2024 Neuroinflammation in Alzheimer disease.pdf | 2025 Updates on mouse models of Alzheimer’s disease.pdf | Recent advances in Alzheimer’s disease mechanisms clinical trials and new drug development strategies.pdf | alzheimer disease  2021.pdf	"A: SUPPORTED — The evidence indicates that microbiome-originated LPS and SCFAs may impair the permeability of the BBB and affect homeostasis, leading to increased neuroinflammation in Alzheimer disease models (Neuroinflammation in Alzheimer disease, 2024).  
B: SUPPORTED — Therapy with Bifidobacterium and Lactobacillus species-based probiotics after antibiotic administration improves memory deficits in mouse models of AD (Neuroinflammation in Alzheimer disease, 2024).  
C: SUPPORTED — Microglia in germ-free animals have enhanced Aβ uptake at early disease stages and protect against tau-related neurodegeneration, suggesting that alterations in the microbiome can impair spatial learning (Neuroinflammation in Alzheimer disease, 2024).  
D: NOT SUPPORTED — There is no evidence provided that directly states that gut microbiota reduces tau levels in AD animal models.  

ANSWER: A, B, C"	"A: SUPPORTED — The evidence indicates that microbiome-originated LPS and SCFAs may impair the permeability of the BBB and affect homeostasis, leading to increased neuroinflammation in Alzheimer disease models (Neuroinflammation in Alzheimer disease, 2024).  
B: SUPPORTED — Therapy with Bifidobacterium and Lactobacillus species-based probiotics after antibiotic administration improves memory deficits in mouse models of AD (Neuroinflammation in Alzheimer disease, 2024).  
C: SUPPORTED — Microglia in germ-free animals have enhanced Aβ uptake at early disease stages and protect against tau-related neurodegeneration, suggesting that alterations in the microbiome can impair spatial learning (Neuroinflammation in Alzheimer disease, 2024).  
D: NOT SUPPORTED — There is no evidence provided that directly states that gut microbiota reduces tau levels in AD animal models.  

ANSWER: A, B, C"
3	2	ET-RAG	test.agent_etrag	A2	+ Temporal recency	cosine retrieval + evidence quality + temporal recency	0.5	0.3	0.2	9	Which sleep characteristics are associated with AD?	A. Reduced REM duration | B. Abnormal slow-wave oscillations | C. Increased CSF tau during wakefulness | D. Stable sleep architecture	A, B, C	Reduced REM duration | Abnormal slow-wave oscillations | Increased CSF tau during wakefulness	A, B, C, D	0.0	strict_partial_credit	False	0.736278	4.183	2.277	0.0	12	12	0.532222	0.414443	0.5	0.875	0	0	0	0	0	False	False	False	False	False	2023-oxidative-damage-in-neurodegeneration-roles-in-the-pathogenesis-and-progression-of-alzheimer-disease.pdf | 2024 Advancements and Challenges in Antiamyloid Therapy for.pdf | 2024 Immune Activation in Alzheimer Disease.pdf | 2024 Linking activity dyshomeostasis and sleep disturbances in Alzheimer disease.pdf | 2024 Neuroinflammation in Alzheimer disease.pdf | 2025 Updates on mouse models of Alzheimer’s disease.pdf | Recent advances in Alzheimer’s disease mechanisms clinical trials and new drug development strategies.pdf | alzheimer disease  2021.pdf	"A: SUPPORTED — Reduced REM duration is associated with Alzheimer disease as indicated by the evidence in the paper ""Linking activity dyshomeostasis and sleep disturbances in Alzheimer disease"" (2024).  
B: SUPPORTED — Abnormal slow-wave oscillations are discussed in relation to Alzheimer disease in the same paper, highlighting their association with the disease.  
C: NOT SUPPORTED — There is no evidence in the provided excerpts that directly associates increased CSF tau during wakefulness with Alzheimer disease.  
D: NOT SUPPORTED — The evidence does not support the notion of stable sleep architecture being associated with Alzheimer disease; rather, alterations in sleep patterns are noted.  

ANSWER: A, B, C, D"	"A: SUPPORTED — Reduced REM duration is associated with Alzheimer disease as indicated by the evidence in the paper ""Linking activity dyshomeostasis and sleep disturbances in Alzheimer disease"" (2024).  
B: SUPPORTED — Abnormal slow-wave oscillations are discussed in relation to Alzheimer disease in the same paper, highlighting their association with the disease.  
C: NOT SUPPORTED — There is no evidence in the provided excerpts that directly associates increased CSF tau during wakefulness with Alzheimer disease.  
D: NOT SUPPORTED — The evidence does not support the notion of stable sleep architecture being associated with Alzheimer disease; rather, alterations in sleep patterns are noted.  

ANSWER: A, B, C, D"
3	2	ET-RAG	test.agent_etrag	A2	+ Temporal recency	cosine retrieval + evidence quality + temporal recency	0.5	0.3	0.2	10	Which interventions may improve cognition in MCI or early dementia?	A. Melatonin | B. Rivasti gmine | C. Suvorexant | D. Ketogenic diet	A, B, C	Melatonin | Rivasti gmine | Suvorexant	B	0.333333	strict_partial_credit	False	0.747424	4.437	2.536	0.0	23	23	0.56407	0.456466	0.549891	0.854348	0	0	0	0	0	False	False	False	False	False	2023-oxidative-damage-in-neurodegeneration-roles-in-the-pathogenesis-and-progression-of-alzheimer-disease.pdf | 2024 Advancements and Challenges in Antiamyloid Therapy for.pdf | 2024 Linking activity dyshomeostasis and sleep disturbances in Alzheimer disease.pdf | 2025 Updates on mouse models of Alzheimer’s disease.pdf | Recent advances in Alzheimer’s disease mechanisms clinical trials and new drug development strategies.pdf | alzheimer disease  2021.pdf	"A: NOT SUPPORTED — There is no evidence in the provided excerpts that melatonin improves cognition in MCI or early dementia.  
B: SUPPORTED — Rivastigmine is mentioned as a cholinesterase inhibitor that has shown modest benefits in delaying symptom progression in patients with Alzheimer's disease, which includes those with MCI (Alzheimer disease, 2021).  
C: NOT SUPPORTED — There is no evidence in the provided excerpts that suvorexant improves cognition in MCI or early dementia.  
D: NOT SUPPORTED — There is no evidence in the provided excerpts that a ketogenic diet improves cognition in MCI or early dementia.  

ANSWER: B"	"A: NOT SUPPORTED — There is no evidence in the provided excerpts that melatonin improves cognition in MCI or early dementia.  
B: SUPPORTED — Rivastigmine is mentioned as a cholinesterase inhibitor that has shown modest benefits in delaying symptom progression in patients with Alzheimer's disease, which includes those with MCI (Alzheimer disease, 2021).  
C: NOT SUPPORTED — There is no evidence in the provided excerpts that suvorexant improves cognition in MCI or early dementia.  
D: NOT SUPPORTED — There is no evidence in the provided excerpts that a ketogenic diet improves cognition in MCI or early dementia.  

ANSWER: B"
4	2	ET-RAG	test.agent_etrag	A2	+ Temporal recency	cosine retrieval + evidence quality + temporal recency	0.5	0.3	0.2	1	Which of the following are components of the A-T-N AD biomarker framework?	A. Amyloid beta | B. Tau | C. Neurodegeneration markers | D. Synaptic vesicle proteins	A, B, C	Amyloid beta | Tau | Neurodegeneration markers	A, B, C	1.0	strict_partial_credit	True	0.760394	5.629	2.781	0.0	29	25	0.601124	0.551529	0.5072	0.866	1	0	0	0	0	False	False	False	False	False	2023-oxidative-damage-in-neurodegeneration-roles-in-the-pathogenesis-and-progression-of-alzheimer-disease.pdf | 2024 Advancements and Challenges in Antiamyloid Therapy for.pdf | 2024 Cell type-specific roles of APOE4 in Alzheimer disease.pdf | 2024 Neuroinflammation in Alzheimer disease.pdf | alzheimer disease  2021.pdf	"A: SUPPORTED — The A-T-N framework includes amyloid beta (Aβ) as a key biomarker for Alzheimer's disease, as stated in ""Alzheimer disease"" (2021).  
B: SUPPORTED — Tau is explicitly mentioned as a component of the A-T-N framework in the same paper, ""Alzheimer disease"" (2021).  
C: SUPPORTED — Neurodegeneration markers are included in the A-T-N framework, as discussed in ""Alzheimer disease"" (2021).  
D: NOT SUPPORTED — Synaptic vesicle proteins are not mentioned as part of the A-T-N framework in the provided evidence.  

ANSWER: A, B, C"	"A: SUPPORTED — The A-T-N framework includes amyloid beta (Aβ) as a key biomarker for Alzheimer's disease, as stated in ""Alzheimer disease"" (2021).  
B: SUPPORTED — Tau is explicitly mentioned as a component of the A-T-N framework in the same paper, ""Alzheimer disease"" (2021).  
C: SUPPORTED — Neurodegeneration markers are included in the A-T-N framework, as discussed in ""Alzheimer disease"" (2021).  
D: NOT SUPPORTED — Synaptic vesicle proteins are not mentioned as part of the A-T-N framework in the provided evidence.  

ANSWER: A, B, C"
4	2	ET-RAG	test.agent_etrag	A2	+ Temporal recency	cosine retrieval + evidence quality + temporal recency	0.5	0.3	0.2	2	Which sleep-related conditions are discussed as contributing to AD progression?	A. Sleep apnea | B. Long sleep duration | C. Short sleep duration | D. Insomnia	A, B, C, D	Sleep apnea | Long sleep duration | Short sleep duration | Insomnia	A, B, C, D	1.0	strict_partial_credit	True	0.734405	4.061	2.138	0.0	16	16	0.526871	0.407492	0.5	0.865625	0	0	0	0	0	False	False	False	False	False	2023-oxidative-damage-in-neurodegeneration-roles-in-the-pathogenesis-and-progression-of-alzheimer-disease.pdf | 2024 Advancements and Challenges in Antiamyloid Therapy for.pdf | 2024 Linking activity dyshomeostasis and sleep disturbances in Alzheimer disease.pdf | 2025 Oligodendrocytes in Alzheimer’s disease pathophysiology.pdf | 2025 Updates on mouse models of Alzheimer’s disease.pdf | Recent advances in Alzheimer’s disease mechanisms clinical trials and new drug development strategies.pdf | alzheimer disease  2021.pdf	"A: SUPPORTED — Sleep disturbances, including obstructive sleep apnea, are discussed as contributing factors to the progression of Alzheimer's disease (AD) in the paper ""Alzheimer disease"" (2021).  
B: SUPPORTED — Long sleep duration is mentioned as a sleep-related condition that may contribute to the progression of Alzheimer's disease in the paper ""Alzheimer disease"" (2021).  
C: SUPPORTED — Short sleep duration is discussed as a contributing factor to the progression of Alzheimer's disease in the paper ""Alzheimer disease"" (2021).  
D: SUPPORTED — Insomnia is identified as a sleep-related condition that may contribute to the progression of Alzheimer's disease in the paper ""Alzheimer disease"" (2021).  
ANSWER: A, B, C, D"	"A: SUPPORTED — Sleep disturbances, including obstructive sleep apnea, are discussed as contributing factors to the progression of Alzheimer's disease (AD) in the paper ""Alzheimer disease"" (2021).  
B: SUPPORTED — Long sleep duration is mentioned as a sleep-related condition that may contribute to the progression of Alzheimer's disease in the paper ""Alzheimer disease"" (2021).  
C: SUPPORTED — Short sleep duration is discussed as a contributing factor to the progression of Alzheimer's disease in the paper ""Alzheimer disease"" (2021).  
D: SUPPORTED — Insomnia is identified as a sleep-related condition that may contribute to the progression of Alzheimer's disease in the paper ""Alzheimer disease"" (2021).  
ANSWER: A, B, C, D"
4	2	ET-RAG	test.agent_etrag	A2	+ Temporal recency	cosine retrieval + evidence quality + temporal recency	0.5	0.3	0.2	3	Which interventions were identified as promising for sleep-related AD therapy?	A. CBT-I | B. Suvorexant | C. Positive airway pressure treatment | D. Ketamine	A, B, C	CBT-I | Suvorexant | Positive airway pressure treatment	A, C	0.666667	strict_partial_credit	False	0.744564	4.283	2.282	0.0	18	18	0.555899	0.443325	0.54375	0.855556	0	0	0	0	0	False	False	False	False	False	2023-oxidative-damage-in-neurodegeneration-roles-in-the-pathogenesis-and-progression-of-alzheimer-disease.pdf | 2024 Advancements and Challenges in Antiamyloid Therapy for.pdf | 2024 Linking activity dyshomeostasis and sleep disturbances in Alzheimer disease.pdf | 2025 Updates on mouse models of Alzheimer’s disease.pdf | Recent advances in Alzheimer’s disease mechanisms clinical trials and new drug development strategies.pdf | alzheimer disease  2021.pdf	"A: SUPPORTED — Cognitive Behavioral Therapy for Insomnia (CBT-I) is discussed as a non-pharmacological intervention that may help improve sleep in patients with Alzheimer's disease (AD) (Linking activity dyshomeostasis and sleep disturbances in Alzheimer disease, 2024).  
B: NOT SUPPORTED — There is no evidence provided in the excerpts that directly supports the use of Suvorexant as a promising intervention for sleep-related AD therapy.  
C: SUPPORTED — Positive airway pressure treatment is mentioned as a method to treat comorbid sleep disorders, such as obstructive sleep apnea, in patients with dementia (Alzheimer disease, 2021).  
D: NOT SUPPORTED — There is no evidence in the excerpts that supports the use of Ketamine as a promising intervention for sleep-related AD therapy.  

ANSWER: A, C"	"A: SUPPORTED — Cognitive Behavioral Therapy for Insomnia (CBT-I) is discussed as a non-pharmacological intervention that may help improve sleep in patients with Alzheimer's disease (AD) (Linking activity dyshomeostasis and sleep disturbances in Alzheimer disease, 2024).  
B: NOT SUPPORTED — There is no evidence provided in the excerpts that directly supports the use of Suvorexant as a promising intervention for sleep-related AD therapy.  
C: SUPPORTED — Positive airway pressure treatment is mentioned as a method to treat comorbid sleep disorders, such as obstructive sleep apnea, in patients with dementia (Alzheimer disease, 2021).  
D: NOT SUPPORTED — There is no evidence in the excerpts that supports the use of Ketamine as a promising intervention for sleep-related AD therapy.  

ANSWER: A, C"
4	2	ET-RAG	test.agent_etrag	A2	+ Temporal recency	cosine retrieval + evidence quality + temporal recency	0.5	0.3	0.2	4	Hearing loss in older adults may lead to which of the following?	A. Decreased brain volume | B. Higher tau levels | C. Lower social engagement | D. Enhanced neurogenesis	A, B, C	Decreased brain volume | Higher tau levels | Lower social engagement	A, B, C	1.0	strict_partial_credit	True	0.751135	4.693	2.353	0.0	24	24	0.57467	0.480487	0.532813	0.872917	2	0	0	0	0	False	False	False	False	False	2023-oxidative-damage-in-neurodegeneration-roles-in-the-pathogenesis-and-progression-of-alzheimer-disease.pdf | 2024 Advancements and Challenges in Antiamyloid Therapy for.pdf | 2024 Cell type-specific roles of APOE4 in Alzheimer disease.pdf | 2024 Immune Activation in Alzheimer Disease.pdf | 2024 Linking activity dyshomeostasis and sleep disturbances in Alzheimer disease.pdf | 2024 Neuroinflammation in Alzheimer disease.pdf | 2025 Oligodendrocytes in Alzheimer’s disease pathophysiology.pdf | 2025 Updates on mouse models of Alzheimer’s disease.pdf | Recent advances in Alzheimer’s disease mechanisms clinical trials and new drug development strategies.pdf | alzheimer disease  2021.pdf	"A: SUPPORTED — Hearing loss in older adults is associated with decreased brain volume, as indicated by the evidence that structural imaging can assess macroscopic brain atrophy, which reflects tissue loss in individuals with cognitive impairment (Alzheimer disease, 2021).  
B: SUPPORTED — Higher tau levels are discussed in relation to cognitive decline and neurodegeneration, with evidence showing that elevated tau levels are associated with increased risk of cognitive impairment and dementia (Alzheimer disease, 2021).  
C: SUPPORTED — Lower social engagement is noted as a common consequence of cognitive decline in older adults, with neuropsychiatric symptoms such as social withdrawal being evident in mild dementia (Alzheimer disease, 2021).  
D: NOT SUPPORTED — There is no evidence provided that supports the idea that hearing loss in older adults leads to enhanced neurogenesis; rather, the focus is on neurodegeneration and cognitive decline (Alzheimer disease, 2021).  
ANSWER: A, B, C"	"A: SUPPORTED — Hearing loss in older adults is associated with decreased brain volume, as indicated by the evidence that structural imaging can assess macroscopic brain atrophy, which reflects tissue loss in individuals with cognitive impairment (Alzheimer disease, 2021).  
B: SUPPORTED — Higher tau levels are discussed in relation to cognitive decline and neurodegeneration, with evidence showing that elevated tau levels are associated with increased risk of cognitive impairment and dementia (Alzheimer disease, 2021).  
C: SUPPORTED — Lower social engagement is noted as a common consequence of cognitive decline in older adults, with neuropsychiatric symptoms such as social withdrawal being evident in mild dementia (Alzheimer disease, 2021).  
D: NOT SUPPORTED — There is no evidence provided that supports the idea that hearing loss in older adults leads to enhanced neurogenesis; rather, the focus is on neurodegeneration and cognitive decline (Alzheimer disease, 2021).  
ANSWER: A, B, C"
4	2	ET-RAG	test.agent_etrag	A2	+ Temporal recency	cosine retrieval + evidence quality + temporal recency	0.5	0.3	0.2	5	Which factors have been epidemiologically linked to AD?	A. Hypoxia | B. Gut microbiota imbalance | C. High education | D. Diet	A, B, D	Hypoxia | Gut microbiota imbalance | Diet	B, D	0.666667	strict_partial_credit	False	0.747742	5.192	2.814	0.0	20	20	0.564977	0.476555	0.509	0.87	0	0	0	0	0	False	False	False	False	False	2023-oxidative-damage-in-neurodegeneration-roles-in-the-pathogenesis-and-progression-of-alzheimer-disease.pdf | 2024 Advancements and Challenges in Antiamyloid Therapy for.pdf | 2024 Cell type-specific roles of APOE4 in Alzheimer disease.pdf | 2024 Immune Activation in Alzheimer Disease.pdf | 2024 Linking activity dyshomeostasis and sleep disturbances in Alzheimer disease.pdf | 2024 Neuroinflammation in Alzheimer disease.pdf | 2025 Updates on mouse models of Alzheimer’s disease.pdf | Recent advances in Alzheimer’s disease mechanisms clinical trials and new drug development strategies.pdf | alzheimer disease  2021.pdf	"A: NOT SUPPORTED — There is no direct evidence linking hypoxia to Alzheimer's disease in the provided excerpts.  
B: SUPPORTED — The microbiota-gut-brain axis hypothesis suggests that gut microbiota imbalance may influence brain function and is discussed in the context of Alzheimer's disease (Recent advances in Alzheimer’s disease: mechanisms, clinical trials and new drug development strategies, year unknown).  
C: NOT SUPPORTED — High education is not mentioned in the provided excerpts as a factor linked to Alzheimer's disease.  
D: SUPPORTED — Specific dietary patterns have been linked to Alzheimer's disease risk, indicating that diet plays a role in the disease (Oxidative damage in neurodegeneration: roles in the pathogenesis and progression of Alzheimer disease, 2023).  
ANSWER: B, D"	"A: NOT SUPPORTED — There is no direct evidence linking hypoxia to Alzheimer's disease in the provided excerpts.  
B: SUPPORTED — The microbiota-gut-brain axis hypothesis suggests that gut microbiota imbalance may influence brain function and is discussed in the context of Alzheimer's disease (Recent advances in Alzheimer’s disease: mechanisms, clinical trials and new drug development strategies, year unknown).  
C: NOT SUPPORTED — High education is not mentioned in the provided excerpts as a factor linked to Alzheimer's disease.  
D: SUPPORTED — Specific dietary patterns have been linked to Alzheimer's disease risk, indicating that diet plays a role in the disease (Oxidative damage in neurodegeneration: roles in the pathogenesis and progression of Alzheimer disease, 2023).  
ANSWER: B, D"
4	2	ET-RAG	test.agent_etrag	A2	+ Temporal recency	cosine retrieval + evidence quality + temporal recency	0.5	0.3	0.2	6	Which imaging biomarkers are used in AD diagnosis?	A. Tau-PET | B. MRI | C. CT | D. FDG-PET	A, B, D	Tau-PET | MRI | FDG-PET	A, B, D	1.0	strict_partial_credit	True	0.759333	4.202	2.319	0.0	28	25	0.598095	0.540031	0.5216	0.858	0	0	0	0	0	False	False	False	False	False	2023-oxidative-damage-in-neurodegeneration-roles-in-the-pathogenesis-and-progression-of-alzheimer-disease.pdf | 2024 Advancements and Challenges in Antiamyloid Therapy for.pdf | 2024 Immune Activation in Alzheimer Disease.pdf | 2024 Neuroinflammation in Alzheimer disease.pdf | 2025 Updates on mouse models of Alzheimer’s disease.pdf | Recent advances in Alzheimer’s disease mechanisms clinical trials and new drug development strategies.pdf | alzheimer disease  2021.pdf	"A: SUPPORTED — Tau-PET imaging allows the detection of tauopathy that is largely specific for Alzheimer's disease, as stated in ""Alzheimer disease"" (2021).  
B: SUPPORTED — Structural MRI is often used as a first step to exclude other causes of cognitive impairment and is associated with Alzheimer's disease, as mentioned in ""Alzheimer disease"" (2021).  
C: NOT SUPPORTED — The evidence does not support CT as a specific imaging biomarker for Alzheimer's disease diagnosis; it is mentioned as less specific compared to MRI.  
D: SUPPORTED — FDG-PET has revealed a pattern of hypometabolism that is highly characteristic of Alzheimer's disease, as discussed in ""Alzheimer disease"" (2021).  
ANSWER: A, B, D"	"A: SUPPORTED — Tau-PET imaging allows the detection of tauopathy that is largely specific for Alzheimer's disease, as stated in ""Alzheimer disease"" (2021).  
B: SUPPORTED — Structural MRI is often used as a first step to exclude other causes of cognitive impairment and is associated with Alzheimer's disease, as mentioned in ""Alzheimer disease"" (2021).  
C: NOT SUPPORTED — The evidence does not support CT as a specific imaging biomarker for Alzheimer's disease diagnosis; it is mentioned as less specific compared to MRI.  
D: SUPPORTED — FDG-PET has revealed a pattern of hypometabolism that is highly characteristic of Alzheimer's disease, as discussed in ""Alzheimer disease"" (2021).  
ANSWER: A, B, D"
4	2	ET-RAG	test.agent_etrag	A2	+ Temporal recency	cosine retrieval + evidence quality + temporal recency	0.5	0.3	0.2	7	What roles do CSF biomarkers play in AD diagnosis?	A. Stage disease progression | B. Diagnose mild cognitive impairment | C. Indicate tau pathology | D. Replace neuropsychological testing	A, B, C	Stage disease progression | Diagnose mild cognitive impairment | Indicate tau pathology	A, B, C	1.0	strict_partial_credit	True	0.762349	4.221	2.279	0.0	31	25	0.606712	0.554604	0.5207	0.866	0	0	0	0	0	False	False	False	False	False	2023-oxidative-damage-in-neurodegeneration-roles-in-the-pathogenesis-and-progression-of-alzheimer-disease.pdf | 2024 Advancements and Challenges in Antiamyloid Therapy for.pdf | 2024 Immune Activation in Alzheimer Disease.pdf | 2024 Neuroinflammation in Alzheimer disease.pdf | alzheimer disease  2021.pdf	"A: SUPPORTED — CSF biomarkers are recognized by research guidelines for their diagnostic utility in Alzheimer's disease (AD) and are used clinically to indicate the presence of AD pathology (Alzheimer disease, 2021).  
B: SUPPORTED — CSF biomarkers can help diagnose mild cognitive impairment (MCI) and are associated with an increased risk of progression to dementia (Alzheimer disease, 2021).  
C: SUPPORTED — p-tau181 is considered a specific biomarker for tau pathology in Alzheimer's disease (Alzheimer disease, 2021).  
D: NOT SUPPORTED — CSF biomarkers are not intended to replace neuropsychological testing but rather to complement it in the diagnostic process (Alzheimer disease, 2021).  
ANSWER: A, B, C"	"A: SUPPORTED — CSF biomarkers are recognized by research guidelines for their diagnostic utility in Alzheimer's disease (AD) and are used clinically to indicate the presence of AD pathology (Alzheimer disease, 2021).  
B: SUPPORTED — CSF biomarkers can help diagnose mild cognitive impairment (MCI) and are associated with an increased risk of progression to dementia (Alzheimer disease, 2021).  
C: SUPPORTED — p-tau181 is considered a specific biomarker for tau pathology in Alzheimer's disease (Alzheimer disease, 2021).  
D: NOT SUPPORTED — CSF biomarkers are not intended to replace neuropsychological testing but rather to complement it in the diagnostic process (Alzheimer disease, 2021).  
ANSWER: A, B, C"
4	2	ET-RAG	test.agent_etrag	A2	+ Temporal recency	cosine retrieval + evidence quality + temporal recency	0.5	0.3	0.2	8	What effects does gut microbiota have in AD animal models?	A. Promotes inflammation | B. Improves memory | C. Impairs spatial learning | D. Reduces tau levels	A, C	Promotes inflammation | Impairs spatial learning	A, B, C	0.0	strict_partial_credit	False	0.753466	4.109	2.254	0.0	10	10	0.581331	0.514662	0.5	0.87	0	0	0	0	0	False	False	False	False	False	2023-oxidative-damage-in-neurodegeneration-roles-in-the-pathogenesis-and-progression-of-alzheimer-disease.pdf | 2024 Advancements and Challenges in Antiamyloid Therapy for.pdf | 2024 Immune Activation in Alzheimer Disease.pdf | 2024 Neuroinflammation in Alzheimer disease.pdf | 2025 Updates on mouse models of Alzheimer’s disease.pdf | Recent advances in Alzheimer’s disease mechanisms clinical trials and new drug development strategies.pdf | alzheimer disease  2021.pdf	"A: SUPPORTED — The evidence indicates that microbiome-originated LPS and SCFAs may impair the permeability of the BBB and affect homeostasis, leading to increased neuroinflammation in Alzheimer disease models (Neuroinflammation in Alzheimer disease, 2024).  
B: SUPPORTED — Therapy with Bifidobacterium and Lactobacillus species-based probiotics after antibiotic administration improves memory deficits in mouse models of AD (Neuroinflammation in Alzheimer disease, 2024).  
C: SUPPORTED — Microglia in germ-free animals have enhanced Aβ uptake at early disease stages and protect against tau-related neurodegeneration, suggesting that alterations in the microbiome can impair spatial learning (Neuroinflammation in Alzheimer disease, 2024).  
D: NOT SUPPORTED — There is no evidence provided that directly states that gut microbiota reduces tau levels in AD animal models.  

ANSWER: A, B, C"	"A: SUPPORTED — The evidence indicates that microbiome-originated LPS and SCFAs may impair the permeability of the BBB and affect homeostasis, leading to increased neuroinflammation in Alzheimer disease models (Neuroinflammation in Alzheimer disease, 2024).  
B: SUPPORTED — Therapy with Bifidobacterium and Lactobacillus species-based probiotics after antibiotic administration improves memory deficits in mouse models of AD (Neuroinflammation in Alzheimer disease, 2024).  
C: SUPPORTED — Microglia in germ-free animals have enhanced Aβ uptake at early disease stages and protect against tau-related neurodegeneration, suggesting that alterations in the microbiome can impair spatial learning (Neuroinflammation in Alzheimer disease, 2024).  
D: NOT SUPPORTED — There is no evidence provided that directly states that gut microbiota reduces tau levels in AD animal models.  

ANSWER: A, B, C"
4	2	ET-RAG	test.agent_etrag	A2	+ Temporal recency	cosine retrieval + evidence quality + temporal recency	0.5	0.3	0.2	9	Which sleep characteristics are associated with AD?	A. Reduced REM duration | B. Abnormal slow-wave oscillations | C. Increased CSF tau during wakefulness | D. Stable sleep architecture	A, B, C	Reduced REM duration | Abnormal slow-wave oscillations | Increased CSF tau during wakefulness	A, B	0.666667	strict_partial_credit	False	0.736278	5.318	2.782	0.0	12	12	0.532222	0.414444	0.5	0.875	0	0	0	0	0	False	False	False	False	False	2023-oxidative-damage-in-neurodegeneration-roles-in-the-pathogenesis-and-progression-of-alzheimer-disease.pdf | 2024 Advancements and Challenges in Antiamyloid Therapy for.pdf | 2024 Immune Activation in Alzheimer Disease.pdf | 2024 Linking activity dyshomeostasis and sleep disturbances in Alzheimer disease.pdf | 2024 Neuroinflammation in Alzheimer disease.pdf | 2025 Updates on mouse models of Alzheimer’s disease.pdf | Recent advances in Alzheimer’s disease mechanisms clinical trials and new drug development strategies.pdf | alzheimer disease  2021.pdf	"A: SUPPORTED — Reduced sharp-wave ripples in NREM sleep and quiet wakefulness are observed in familial Alzheimer disease mouse models, indicating reduced REM duration is associated with AD (Linking activity dyshomeostasis and sleep disturbances in Alzheimer disease, 2024).  
B: SUPPORTED — Abnormal slow-wave oscillations are indicated by reduced UP state durations and failed transitions in AD mouse models, suggesting this characteristic is associated with AD (Linking activity dyshomeostasis and sleep disturbances in Alzheimer disease, 2024).  
C: NOT SUPPORTED — There is no evidence in the provided excerpts that directly associates increased CSF tau during wakefulness with sleep characteristics in AD.  
D: NOT SUPPORTED — The evidence does not support the notion of stable sleep architecture in AD, as alterations in sleep patterns are noted in the context of the disease (Linking activity dyshomeostasis and sleep disturbances in Alzheimer disease, 2024).  
ANSWER: A, B"	"A: SUPPORTED — Reduced sharp-wave ripples in NREM sleep and quiet wakefulness are observed in familial Alzheimer disease mouse models, indicating reduced REM duration is associated with AD (Linking activity dyshomeostasis and sleep disturbances in Alzheimer disease, 2024).  
B: SUPPORTED — Abnormal slow-wave oscillations are indicated by reduced UP state durations and failed transitions in AD mouse models, suggesting this characteristic is associated with AD (Linking activity dyshomeostasis and sleep disturbances in Alzheimer disease, 2024).  
C: NOT SUPPORTED — There is no evidence in the provided excerpts that directly associates increased CSF tau during wakefulness with sleep characteristics in AD.  
D: NOT SUPPORTED — The evidence does not support the notion of stable sleep architecture in AD, as alterations in sleep patterns are noted in the context of the disease (Linking activity dyshomeostasis and sleep disturbances in Alzheimer disease, 2024).  
ANSWER: A, B"
4	2	ET-RAG	test.agent_etrag	A2	+ Temporal recency	cosine retrieval + evidence quality + temporal recency	0.5	0.3	0.2	10	Which interventions may improve cognition in MCI or early dementia?	A. Melatonin | B. Rivasti gmine | C. Suvorexant | D. Ketogenic diet	A, B, C	Melatonin | Rivasti gmine | Suvorexant	B	0.333333	strict_partial_credit	False	0.747425	4.412	2.269	0.0	23	23	0.564072	0.45647	0.549891	0.854348	0	0	0	0	0	False	False	False	False	False	2023-oxidative-damage-in-neurodegeneration-roles-in-the-pathogenesis-and-progression-of-alzheimer-disease.pdf | 2024 Advancements and Challenges in Antiamyloid Therapy for.pdf | 2024 Linking activity dyshomeostasis and sleep disturbances in Alzheimer disease.pdf | 2025 Updates on mouse models of Alzheimer’s disease.pdf | Recent advances in Alzheimer’s disease mechanisms clinical trials and new drug development strategies.pdf | alzheimer disease  2021.pdf	"A: NOT SUPPORTED — There is no evidence in the provided excerpts that melatonin improves cognition in MCI or early dementia.  
B: SUPPORTED — Rivastigmine is mentioned as a cholinesterase inhibitor that has shown modest benefits in delaying symptom progression in patients with Alzheimer's disease, which includes those with MCI (Alzheimer disease, 2021).  
C: NOT SUPPORTED — There is no evidence in the provided excerpts that suvorexant improves cognition in MCI or early dementia.  
D: NOT SUPPORTED — There is no evidence in the provided excerpts that a ketogenic diet improves cognition in MCI or early dementia.  

ANSWER: B"	"A: NOT SUPPORTED — There is no evidence in the provided excerpts that melatonin improves cognition in MCI or early dementia.  
B: SUPPORTED — Rivastigmine is mentioned as a cholinesterase inhibitor that has shown modest benefits in delaying symptom progression in patients with Alzheimer's disease, which includes those with MCI (Alzheimer disease, 2021).  
C: NOT SUPPORTED — There is no evidence in the provided excerpts that suvorexant improves cognition in MCI or early dementia.  
D: NOT SUPPORTED — There is no evidence in the provided excerpts that a ketogenic diet improves cognition in MCI or early dementia.  

ANSWER: B"
5	2	ET-RAG	test.agent_etrag	A2	+ Temporal recency	cosine retrieval + evidence quality + temporal recency	0.5	0.3	0.2	1	Which of the following are components of the A-T-N AD biomarker framework?	A. Amyloid beta | B. Tau | C. Neurodegeneration markers | D. Synaptic vesicle proteins	A, B, C	Amyloid beta | Tau | Neurodegeneration markers	A, B, C	1.0	strict_partial_credit	True	0.760394	6.52	4.085	0.0	29	25	0.601124	0.551529	0.5072	0.866	1	0	0	0	0	False	False	False	False	False	2023-oxidative-damage-in-neurodegeneration-roles-in-the-pathogenesis-and-progression-of-alzheimer-disease.pdf | 2024 Advancements and Challenges in Antiamyloid Therapy for.pdf | 2024 Cell type-specific roles of APOE4 in Alzheimer disease.pdf | 2024 Neuroinflammation in Alzheimer disease.pdf | alzheimer disease  2021.pdf	"A: SUPPORTED — The A-T-N framework includes amyloid beta (Aβ) as a key biomarker for Alzheimer's disease, as stated in ""Alzheimer disease"" (2021).  
B: SUPPORTED — The framework also incorporates tau (T) as a significant biomarker, as discussed in ""Alzheimer disease"" (2021).  
C: SUPPORTED — Neurodegeneration markers (N) are part of the A-T-N framework, as indicated in ""Alzheimer disease"" (2021).  
D: NOT SUPPORTED — Synaptic vesicle proteins are not mentioned as components of the A-T-N framework in the provided evidence.  

ANSWER: A, B, C"	"A: SUPPORTED — The A-T-N framework includes amyloid beta (Aβ) as a key biomarker for Alzheimer's disease, as stated in ""Alzheimer disease"" (2021).  
B: SUPPORTED — The framework also incorporates tau (T) as a significant biomarker, as discussed in ""Alzheimer disease"" (2021).  
C: SUPPORTED — Neurodegeneration markers (N) are part of the A-T-N framework, as indicated in ""Alzheimer disease"" (2021).  
D: NOT SUPPORTED — Synaptic vesicle proteins are not mentioned as components of the A-T-N framework in the provided evidence.  

ANSWER: A, B, C"
5	2	ET-RAG	test.agent_etrag	A2	+ Temporal recency	cosine retrieval + evidence quality + temporal recency	0.5	0.3	0.2	2	Which sleep-related conditions are discussed as contributing to AD progression?	A. Sleep apnea | B. Long sleep duration | C. Short sleep duration | D. Insomnia	A, B, C, D	Sleep apnea | Long sleep duration | Short sleep duration | Insomnia	A, B, C, D	1.0	strict_partial_credit	True	0.734406	3.64	2.043	0.0	16	16	0.526874	0.407498	0.5	0.865625	0	0	0	0	0	False	False	False	False	False	2023-oxidative-damage-in-neurodegeneration-roles-in-the-pathogenesis-and-progression-of-alzheimer-disease.pdf | 2024 Advancements and Challenges in Antiamyloid Therapy for.pdf | 2024 Linking activity dyshomeostasis and sleep disturbances in Alzheimer disease.pdf | 2025 Oligodendrocytes in Alzheimer’s disease pathophysiology.pdf | 2025 Updates on mouse models of Alzheimer’s disease.pdf | Recent advances in Alzheimer’s disease mechanisms clinical trials and new drug development strategies.pdf | alzheimer disease  2021.pdf	"A: SUPPORTED — Sleep disturbances, including obstructive sleep apnea, are discussed as contributing factors to the progression of Alzheimer's disease (AD) in the paper ""Alzheimer disease"" (2021).  
B: SUPPORTED — Long sleep duration is mentioned as a sleep-related condition that may contribute to the progression of Alzheimer's disease in the paper ""Alzheimer disease"" (2021).  
C: SUPPORTED — Short sleep duration is discussed as a factor associated with the progression of Alzheimer's disease in the paper ""Alzheimer disease"" (2021).  
D: SUPPORTED — Insomnia is identified as a sleep-related condition that contributes to the progression of Alzheimer's disease in the paper ""Alzheimer disease"" (2021).  
ANSWER: A, B, C, D"	"A: SUPPORTED — Sleep disturbances, including obstructive sleep apnea, are discussed as contributing factors to the progression of Alzheimer's disease (AD) in the paper ""Alzheimer disease"" (2021).  
B: SUPPORTED — Long sleep duration is mentioned as a sleep-related condition that may contribute to the progression of Alzheimer's disease in the paper ""Alzheimer disease"" (2021).  
C: SUPPORTED — Short sleep duration is discussed as a factor associated with the progression of Alzheimer's disease in the paper ""Alzheimer disease"" (2021).  
D: SUPPORTED — Insomnia is identified as a sleep-related condition that contributes to the progression of Alzheimer's disease in the paper ""Alzheimer disease"" (2021).  
ANSWER: A, B, C, D"
5	2	ET-RAG	test.agent_etrag	A2	+ Temporal recency	cosine retrieval + evidence quality + temporal recency	0.5	0.3	0.2	3	Which interventions were identified as promising for sleep-related AD therapy?	A. CBT-I | B. Suvorexant | C. Positive airway pressure treatment | D. Ketamine	A, B, C	CBT-I | Suvorexant | Positive airway pressure treatment	A, C	0.666667	strict_partial_credit	False	0.744566	4.589	2.345	0.0	18	18	0.555903	0.443335	0.54375	0.855556	0	0	0	0	0	False	False	False	False	False	2023-oxidative-damage-in-neurodegeneration-roles-in-the-pathogenesis-and-progression-of-alzheimer-disease.pdf | 2024 Advancements and Challenges in Antiamyloid Therapy for.pdf | 2024 Linking activity dyshomeostasis and sleep disturbances in Alzheimer disease.pdf | 2025 Updates on mouse models of Alzheimer’s disease.pdf | Recent advances in Alzheimer’s disease mechanisms clinical trials and new drug development strategies.pdf | alzheimer disease  2021.pdf	"A: SUPPORTED — Cognitive Behavioral Therapy for Insomnia (CBT-I) is discussed as a non-pharmacological intervention that may help improve sleep in patients with Alzheimer's disease (AD) (Linking activity dyshomeostasis and sleep disturbances in Alzheimer disease, 2024).  
B: NOT SUPPORTED — There is no evidence provided in the excerpts that directly supports the use of Suvorexant as a promising intervention for sleep-related therapy in Alzheimer's disease.  
C: SUPPORTED — Positive airway pressure treatment is mentioned as a method to treat comorbid sleep disorders, such as obstructive sleep apnea, in patients with dementia (Alzheimer disease, 2021).  
D: NOT SUPPORTED — The excerpts do not provide evidence that supports the use of Ketamine as a promising intervention for sleep-related therapy in Alzheimer's disease.  

ANSWER: A, C"	"A: SUPPORTED — Cognitive Behavioral Therapy for Insomnia (CBT-I) is discussed as a non-pharmacological intervention that may help improve sleep in patients with Alzheimer's disease (AD) (Linking activity dyshomeostasis and sleep disturbances in Alzheimer disease, 2024).  
B: NOT SUPPORTED — There is no evidence provided in the excerpts that directly supports the use of Suvorexant as a promising intervention for sleep-related therapy in Alzheimer's disease.  
C: SUPPORTED — Positive airway pressure treatment is mentioned as a method to treat comorbid sleep disorders, such as obstructive sleep apnea, in patients with dementia (Alzheimer disease, 2021).  
D: NOT SUPPORTED — The excerpts do not provide evidence that supports the use of Ketamine as a promising intervention for sleep-related therapy in Alzheimer's disease.  

ANSWER: A, C"
5	2	ET-RAG	test.agent_etrag	A2	+ Temporal recency	cosine retrieval + evidence quality + temporal recency	0.5	0.3	0.2	4	Hearing loss in older adults may lead to which of the following?	A. Decreased brain volume | B. Higher tau levels | C. Lower social engagement | D. Enhanced neurogenesis	A, B, C	Decreased brain volume | Higher tau levels | Lower social engagement	A, B, C	1.0	strict_partial_credit	True	0.751134	4.866	2.248	0.0	24	24	0.57467	0.480485	0.532813	0.872917	2	0	0	0	0	False	False	False	False	False	2023-oxidative-damage-in-neurodegeneration-roles-in-the-pathogenesis-and-progression-of-alzheimer-disease.pdf | 2024 Advancements and Challenges in Antiamyloid Therapy for.pdf | 2024 Cell type-specific roles of APOE4 in Alzheimer disease.pdf | 2024 Immune Activation in Alzheimer Disease.pdf | 2024 Linking activity dyshomeostasis and sleep disturbances in Alzheimer disease.pdf | 2024 Neuroinflammation in Alzheimer disease.pdf | 2025 Oligodendrocytes in Alzheimer’s disease pathophysiology.pdf | 2025 Updates on mouse models of Alzheimer’s disease.pdf | Recent advances in Alzheimer’s disease mechanisms clinical trials and new drug development strategies.pdf | alzheimer disease  2021.pdf	"A: SUPPORTED — Hearing loss in older adults is associated with decreased brain volume, as indicated by the evidence that structural imaging can assess macroscopic brain atrophy, which reflects tissue loss in individuals with cognitive impairment (Alzheimer disease, 2021).  
B: SUPPORTED — Higher tau levels are discussed in relation to cognitive decline and neurodegeneration, with evidence showing that elevated tau levels are associated with increased risk of cognitive impairment and dementia (Alzheimer disease, 2021).  
C: SUPPORTED — Lower social engagement is noted as a common consequence of cognitive decline in older adults, with neuropsychiatric symptoms such as social withdrawal being evident in mild dementia (Alzheimer disease, 2021).  
D: NOT SUPPORTED — There is no evidence provided that supports the idea that hearing loss in older adults leads to enhanced neurogenesis; rather, the evidence focuses on cognitive decline and neurodegeneration (Alzheimer disease, 2021).  
ANSWER: A, B, C"	"A: SUPPORTED — Hearing loss in older adults is associated with decreased brain volume, as indicated by the evidence that structural imaging can assess macroscopic brain atrophy, which reflects tissue loss in individuals with cognitive impairment (Alzheimer disease, 2021).  
B: SUPPORTED — Higher tau levels are discussed in relation to cognitive decline and neurodegeneration, with evidence showing that elevated tau levels are associated with increased risk of cognitive impairment and dementia (Alzheimer disease, 2021).  
C: SUPPORTED — Lower social engagement is noted as a common consequence of cognitive decline in older adults, with neuropsychiatric symptoms such as social withdrawal being evident in mild dementia (Alzheimer disease, 2021).  
D: NOT SUPPORTED — There is no evidence provided that supports the idea that hearing loss in older adults leads to enhanced neurogenesis; rather, the evidence focuses on cognitive decline and neurodegeneration (Alzheimer disease, 2021).  
ANSWER: A, B, C"
5	2	ET-RAG	test.agent_etrag	A2	+ Temporal recency	cosine retrieval + evidence quality + temporal recency	0.5	0.3	0.2	5	Which factors have been epidemiologically linked to AD?	A. Hypoxia | B. Gut microbiota imbalance | C. High education | D. Diet	A, B, D	Hypoxia | Gut microbiota imbalance | Diet	B, D	0.666667	strict_partial_credit	False	0.747742	5.227	3.369	0.0	20	20	0.564978	0.476555	0.509	0.87	0	0	0	0	0	False	False	False	False	False	2023-oxidative-damage-in-neurodegeneration-roles-in-the-pathogenesis-and-progression-of-alzheimer-disease.pdf | 2024 Advancements and Challenges in Antiamyloid Therapy for.pdf | 2024 Cell type-specific roles of APOE4 in Alzheimer disease.pdf | 2024 Immune Activation in Alzheimer Disease.pdf | 2024 Linking activity dyshomeostasis and sleep disturbances in Alzheimer disease.pdf | 2024 Neuroinflammation in Alzheimer disease.pdf | 2025 Updates on mouse models of Alzheimer’s disease.pdf | Recent advances in Alzheimer’s disease mechanisms clinical trials and new drug development strategies.pdf | alzheimer disease  2021.pdf	"A: NOT SUPPORTED — There is no direct evidence linking hypoxia to Alzheimer's disease in the provided excerpts.  
B: SUPPORTED — The microbiota-gut-brain axis hypothesis suggests that gut microbiota imbalance may influence brain function and is discussed in the context of Alzheimer's disease (Recent advances in Alzheimer’s disease: mechanisms, clinical trials and new drug development strategies, year unknown).  
C: NOT SUPPORTED — High education is not mentioned in the provided excerpts as a factor linked to Alzheimer's disease.  
D: SUPPORTED — Specific dietary patterns have been linked to Alzheimer's disease risk, indicating that diet plays a role in the disease (Oxidative damage in neurodegeneration: roles in the pathogenesis and progression of Alzheimer disease, 2023).  
ANSWER: B, D"	"A: NOT SUPPORTED — There is no direct evidence linking hypoxia to Alzheimer's disease in the provided excerpts.  
B: SUPPORTED — The microbiota-gut-brain axis hypothesis suggests that gut microbiota imbalance may influence brain function and is discussed in the context of Alzheimer's disease (Recent advances in Alzheimer’s disease: mechanisms, clinical trials and new drug development strategies, year unknown).  
C: NOT SUPPORTED — High education is not mentioned in the provided excerpts as a factor linked to Alzheimer's disease.  
D: SUPPORTED — Specific dietary patterns have been linked to Alzheimer's disease risk, indicating that diet plays a role in the disease (Oxidative damage in neurodegeneration: roles in the pathogenesis and progression of Alzheimer disease, 2023).  
ANSWER: B, D"
5	2	ET-RAG	test.agent_etrag	A2	+ Temporal recency	cosine retrieval + evidence quality + temporal recency	0.5	0.3	0.2	6	Which imaging biomarkers are used in AD diagnosis?	A. Tau-PET | B. MRI | C. CT | D. FDG-PET	A, B, D	Tau-PET | MRI | FDG-PET	A, B, D	1.0	strict_partial_credit	True	0.759332	4.691	2.714	0.0	28	25	0.598092	0.540025	0.5216	0.858	0	0	0	0	0	False	False	False	False	False	2023-oxidative-damage-in-neurodegeneration-roles-in-the-pathogenesis-and-progression-of-alzheimer-disease.pdf | 2024 Advancements and Challenges in Antiamyloid Therapy for.pdf | 2024 Immune Activation in Alzheimer Disease.pdf | 2024 Neuroinflammation in Alzheimer disease.pdf | 2025 Updates on mouse models of Alzheimer’s disease.pdf | Recent advances in Alzheimer’s disease mechanisms clinical trials and new drug development strategies.pdf | alzheimer disease  2021.pdf	"A: SUPPORTED — Tau-PET imaging allows the detection of tauopathy that is largely specific for Alzheimer's disease, as stated in ""Alzheimer disease"" (2021).  
B: SUPPORTED — Structural MRI is often used as a first step to exclude other causes of cognitive impairment and is associated with Alzheimer's disease, as mentioned in ""Alzheimer disease"" (2021).  
C: NOT SUPPORTED — The evidence does not support the use of CT as a specific imaging biomarker for Alzheimer's disease diagnosis; it is mentioned as less specific compared to MRI and PET in ""Alzheimer disease"" (2021).  
D: SUPPORTED — FDG-PET has revealed a pattern of hypometabolism that is highly characteristic of Alzheimer's disease, as discussed in ""Alzheimer disease"" (2021).  
ANSWER: A, B, D"	"A: SUPPORTED — Tau-PET imaging allows the detection of tauopathy that is largely specific for Alzheimer's disease, as stated in ""Alzheimer disease"" (2021).  
B: SUPPORTED — Structural MRI is often used as a first step to exclude other causes of cognitive impairment and is associated with Alzheimer's disease, as mentioned in ""Alzheimer disease"" (2021).  
C: NOT SUPPORTED — The evidence does not support the use of CT as a specific imaging biomarker for Alzheimer's disease diagnosis; it is mentioned as less specific compared to MRI and PET in ""Alzheimer disease"" (2021).  
D: SUPPORTED — FDG-PET has revealed a pattern of hypometabolism that is highly characteristic of Alzheimer's disease, as discussed in ""Alzheimer disease"" (2021).  
ANSWER: A, B, D"
5	2	ET-RAG	test.agent_etrag	A2	+ Temporal recency	cosine retrieval + evidence quality + temporal recency	0.5	0.3	0.2	7	What roles do CSF biomarkers play in AD diagnosis?	A. Stage disease progression | B. Diagnose mild cognitive impairment | C. Indicate tau pathology | D. Replace neuropsychological testing	A, B, C	Stage disease progression | Diagnose mild cognitive impairment | Indicate tau pathology	A, B, C	1.0	strict_partial_credit	True	0.76235	5.471	2.475	0.0	31	25	0.606713	0.554606	0.5207	0.866	0	0	0	0	0	False	False	False	False	False	2023-oxidative-damage-in-neurodegeneration-roles-in-the-pathogenesis-and-progression-of-alzheimer-disease.pdf | 2024 Advancements and Challenges in Antiamyloid Therapy for.pdf | 2024 Immune Activation in Alzheimer Disease.pdf | 2024 Neuroinflammation in Alzheimer disease.pdf | alzheimer disease  2021.pdf	"A: SUPPORTED — CSF biomarkers are recognized by research guidelines for their diagnostic utility in Alzheimer's disease, including their ability to indicate disease progression (Alzheimer disease, 2021).  
B: SUPPORTED — CSF biomarkers, particularly Aβ42 and tau levels, are used to diagnose mild cognitive impairment and predict progression to Alzheimer's disease (Alzheimer disease, 2021).  
C: SUPPORTED — p-tau181 is considered a specific biomarker for tau pathology in Alzheimer's disease (Alzheimer disease, 2021).  
D: NOT SUPPORTED — CSF biomarkers are not intended to replace neuropsychological testing but rather to complement it in the diagnostic process (Alzheimer disease, 2021).  
ANSWER: A, B, C"	"A: SUPPORTED — CSF biomarkers are recognized by research guidelines for their diagnostic utility in Alzheimer's disease, including their ability to indicate disease progression (Alzheimer disease, 2021).  
B: SUPPORTED — CSF biomarkers, particularly Aβ42 and tau levels, are used to diagnose mild cognitive impairment and predict progression to Alzheimer's disease (Alzheimer disease, 2021).  
C: SUPPORTED — p-tau181 is considered a specific biomarker for tau pathology in Alzheimer's disease (Alzheimer disease, 2021).  
D: NOT SUPPORTED — CSF biomarkers are not intended to replace neuropsychological testing but rather to complement it in the diagnostic process (Alzheimer disease, 2021).  
ANSWER: A, B, C"
5	2	ET-RAG	test.agent_etrag	A2	+ Temporal recency	cosine retrieval + evidence quality + temporal recency	0.5	0.3	0.2	8	What effects does gut microbiota have in AD animal models?	A. Promotes inflammation | B. Improves memory | C. Impairs spatial learning | D. Reduces tau levels	A, C	Promotes inflammation | Impairs spatial learning	A, B, C	0.0	strict_partial_credit	False	0.753465	4.604	2.202	0.0	10	10	0.581328	0.514657	0.5	0.87	0	0	0	0	0	False	False	False	False	False	2023-oxidative-damage-in-neurodegeneration-roles-in-the-pathogenesis-and-progression-of-alzheimer-disease.pdf | 2024 Advancements and Challenges in Antiamyloid Therapy for.pdf | 2024 Immune Activation in Alzheimer Disease.pdf | 2024 Neuroinflammation in Alzheimer disease.pdf | 2025 Updates on mouse models of Alzheimer’s disease.pdf | Recent advances in Alzheimer’s disease mechanisms clinical trials and new drug development strategies.pdf | alzheimer disease  2021.pdf	"A: SUPPORTED — The evidence indicates that microbiome-originated LPS and SCFAs may impair the permeability of the BBB and affect homeostasis, leading to increased inflammation in the brain (Neuroinflammation in Alzheimer disease, 2024).  
B: SUPPORTED — Therapy with Bifidobacterium and Lactobacillus species-based probiotics after antibiotic administration improves memory deficits in mouse models of AD (Neuroinflammation in Alzheimer disease, 2024).  
C: SUPPORTED — Microglia in germ-free animals have enhanced Aβ uptake at early disease stages and protect against tau-related neurodegeneration, suggesting that alterations in the microbiome can impair spatial learning (Neuroinflammation in Alzheimer disease, 2024).  
D: NOT SUPPORTED — There is no evidence provided that directly states that gut microbiota reduces tau levels in AD animal models.  

ANSWER: A, B, C"	"A: SUPPORTED — The evidence indicates that microbiome-originated LPS and SCFAs may impair the permeability of the BBB and affect homeostasis, leading to increased inflammation in the brain (Neuroinflammation in Alzheimer disease, 2024).  
B: SUPPORTED — Therapy with Bifidobacterium and Lactobacillus species-based probiotics after antibiotic administration improves memory deficits in mouse models of AD (Neuroinflammation in Alzheimer disease, 2024).  
C: SUPPORTED — Microglia in germ-free animals have enhanced Aβ uptake at early disease stages and protect against tau-related neurodegeneration, suggesting that alterations in the microbiome can impair spatial learning (Neuroinflammation in Alzheimer disease, 2024).  
D: NOT SUPPORTED — There is no evidence provided that directly states that gut microbiota reduces tau levels in AD animal models.  

ANSWER: A, B, C"
5	2	ET-RAG	test.agent_etrag	A2	+ Temporal recency	cosine retrieval + evidence quality + temporal recency	0.5	0.3	0.2	9	Which sleep characteristics are associated with AD?	A. Reduced REM duration | B. Abnormal slow-wave oscillations | C. Increased CSF tau during wakefulness | D. Stable sleep architecture	A, B, C	Reduced REM duration | Abnormal slow-wave oscillations | Increased CSF tau during wakefulness	A, B, C, D	0.0	strict_partial_credit	False	0.736279	5.825	2.365	0.0	12	12	0.532225	0.414451	0.5	0.875	0	0	0	0	0	False	False	False	False	False	2023-oxidative-damage-in-neurodegeneration-roles-in-the-pathogenesis-and-progression-of-alzheimer-disease.pdf | 2024 Advancements and Challenges in Antiamyloid Therapy for.pdf | 2024 Immune Activation in Alzheimer Disease.pdf | 2024 Linking activity dyshomeostasis and sleep disturbances in Alzheimer disease.pdf | 2024 Neuroinflammation in Alzheimer disease.pdf | 2025 Updates on mouse models of Alzheimer’s disease.pdf | Recent advances in Alzheimer’s disease mechanisms clinical trials and new drug development strategies.pdf | alzheimer disease  2021.pdf	"A: SUPPORTED — Reduced REM duration is associated with Alzheimer disease as indicated by the evidence in the paper ""Linking activity dyshomeostasis and sleep disturbances in Alzheimer disease"" (2024).  
B: SUPPORTED — Abnormal slow-wave oscillations are discussed in relation to Alzheimer disease in the same paper, highlighting their association with the disease.  
C: NOT SUPPORTED — There is no direct evidence in the provided excerpts linking increased CSF tau during wakefulness specifically to sleep characteristics associated with Alzheimer disease.  
D: NOT SUPPORTED — The evidence does not support the notion of stable sleep architecture being associated with Alzheimer disease; rather, it suggests alterations in sleep patterns.  

ANSWER: A, B, C, D"	"A: SUPPORTED — Reduced REM duration is associated with Alzheimer disease as indicated by the evidence in the paper ""Linking activity dyshomeostasis and sleep disturbances in Alzheimer disease"" (2024).  
B: SUPPORTED — Abnormal slow-wave oscillations are discussed in relation to Alzheimer disease in the same paper, highlighting their association with the disease.  
C: NOT SUPPORTED — There is no direct evidence in the provided excerpts linking increased CSF tau during wakefulness specifically to sleep characteristics associated with Alzheimer disease.  
D: NOT SUPPORTED — The evidence does not support the notion of stable sleep architecture being associated with Alzheimer disease; rather, it suggests alterations in sleep patterns.  

ANSWER: A, B, C, D"
5	2	ET-RAG	test.agent_etrag	A2	+ Temporal recency	cosine retrieval + evidence quality + temporal recency	0.5	0.3	0.2	10	Which interventions may improve cognition in MCI or early dementia?	A. Melatonin | B. Rivasti gmine | C. Suvorexant | D. Ketogenic diet	A, B, C	Melatonin | Rivasti gmine | Suvorexant	B	0.333333	strict_partial_credit	False	0.747422	3.955	2.175	0.0	23	23	0.564064	0.456454	0.549891	0.854348	0	0	0	0	0	False	False	False	False	False	2023-oxidative-damage-in-neurodegeneration-roles-in-the-pathogenesis-and-progression-of-alzheimer-disease.pdf | 2024 Advancements and Challenges in Antiamyloid Therapy for.pdf | 2024 Linking activity dyshomeostasis and sleep disturbances in Alzheimer disease.pdf | 2025 Updates on mouse models of Alzheimer’s disease.pdf | Recent advances in Alzheimer’s disease mechanisms clinical trials and new drug development strategies.pdf | alzheimer disease  2021.pdf	"A: NOT SUPPORTED — There is no evidence in the provided excerpts that melatonin improves cognition in MCI or early dementia.  
B: SUPPORTED — Rivastigmine is mentioned as a cholinesterase inhibitor that has shown modest benefits in delaying symptom progression in patients with Alzheimer's disease, which includes those with MCI (Alzheimer disease, 2021).  
C: NOT SUPPORTED — There is no evidence in the provided excerpts that suvorexant improves cognition in MCI or early dementia.  
D: NOT SUPPORTED — There is no evidence in the provided excerpts that a ketogenic diet improves cognition in MCI or early dementia.  

ANSWER: B"	"A: NOT SUPPORTED — There is no evidence in the provided excerpts that melatonin improves cognition in MCI or early dementia.  
B: SUPPORTED — Rivastigmine is mentioned as a cholinesterase inhibitor that has shown modest benefits in delaying symptom progression in patients with Alzheimer's disease, which includes those with MCI (Alzheimer disease, 2021).  
C: NOT SUPPORTED — There is no evidence in the provided excerpts that suvorexant improves cognition in MCI or early dementia.  
D: NOT SUPPORTED — There is no evidence in the provided excerpts that a ketogenic diet improves cognition in MCI or early dementia.  

ANSWER: B"
1	3	ET-RAG	test.agent_etrag	A3	+ Hybrid context	cosine retrieval + evidence quality + temporal recency + hybrid paper context	0.5	0.3	0.2	1	Which of the following are components of the A-T-N AD biomarker framework?	A. Amyloid beta | B. Tau | C. Neurodegeneration markers | D. Synaptic vesicle proteins	A, B, C	Amyloid beta | Tau | Neurodegeneration markers	A, B, C	1.0	strict_partial_credit	True	0.760394	5.958	2.125	0.0	29	25	0.601127	0.551533	0.5072	0.866	1	0	5	4	7459	True	True	False	False	False	2023-oxidative-damage-in-neurodegeneration-roles-in-the-pathogenesis-and-progression-of-alzheimer-disease.pdf | 2024 Advancements and Challenges in Antiamyloid Therapy for.pdf | 2024 Cell type-specific roles of APOE4 in Alzheimer disease.pdf | 2024 Neuroinflammation in Alzheimer disease.pdf | alzheimer disease  2021.pdf	"A: SUPPORTED — The A-T-N framework includes amyloid beta (Aβ) as a key biomarker for Alzheimer's disease, as stated in ""Alzheimer disease"" (2021).  
B: SUPPORTED — Tau is explicitly mentioned as a component of the A-T-N framework in the same paper, ""Alzheimer disease"" (2021).  
C: SUPPORTED — Neurodegeneration markers are included in the A-T-N framework, as discussed in ""Alzheimer disease"" (2021).  
D: NOT SUPPORTED — Synaptic vesicle proteins are not mentioned as part of the A-T-N framework in the provided evidence.  

ANSWER: A, B, C"	"A: SUPPORTED — The A-T-N framework includes amyloid beta (Aβ) as a key biomarker for Alzheimer's disease, as stated in ""Alzheimer disease"" (2021).  
B: SUPPORTED — Tau is explicitly mentioned as a component of the A-T-N framework in the same paper, ""Alzheimer disease"" (2021).  
C: SUPPORTED — Neurodegeneration markers are included in the A-T-N framework, as discussed in ""Alzheimer disease"" (2021).  
D: NOT SUPPORTED — Synaptic vesicle proteins are not mentioned as part of the A-T-N framework in the provided evidence.  

ANSWER: A, B, C"
1	3	ET-RAG	test.agent_etrag	A3	+ Hybrid context	cosine retrieval + evidence quality + temporal recency + hybrid paper context	0.5	0.3	0.2	2	Which sleep-related conditions are discussed as contributing to AD progression?	A. Sleep apnea | B. Long sleep duration | C. Short sleep duration | D. Insomnia	A, B, C, D	Sleep apnea | Long sleep duration | Short sleep duration | Insomnia	A, C, D	0.75	strict_partial_credit	False	0.734406	7.522	3.613	0.0	16	16	0.526874	0.407498	0.5	0.865625	0	0	3	4	7796	True	True	False	False	False	2023-oxidative-damage-in-neurodegeneration-roles-in-the-pathogenesis-and-progression-of-alzheimer-disease.pdf | 2024 Advancements and Challenges in Antiamyloid Therapy for.pdf | 2024 Linking activity dyshomeostasis and sleep disturbances in Alzheimer disease.pdf | 2025 Oligodendrocytes in Alzheimer’s disease pathophysiology.pdf | 2025 Updates on mouse models of Alzheimer’s disease.pdf | Recent advances in Alzheimer’s disease mechanisms clinical trials and new drug development strategies.pdf | alzheimer disease  2021.pdf	"A: SUPPORTED — Sleep apnea is discussed as a comorbidity that may affect cognition in individuals with Alzheimer's disease, as noted in ""Oxidative damage in neurodegeneration: roles in the pathogenesis and progression of Alzheimer disease"" (2023).  
B: NOT SUPPORTED — There is no evidence provided that specifically discusses long sleep duration as contributing to Alzheimer's disease progression.  
C: SUPPORTED — Short sleep duration is associated with cognitive impairments in Alzheimer's disease, as indicated in ""Linking activity dyshomeostasis and sleep disturbances in Alzheimer disease"" (2024).  
D: SUPPORTED — Insomnia is mentioned as a sleep disorder that can impact cognitive function in Alzheimer's disease, as discussed in ""Linking activity dyshomeostasis and sleep disturbances in Alzheimer disease"" (2024).  
ANSWER: A, C, D"	"A: SUPPORTED — Sleep apnea is discussed as a comorbidity that may affect cognition in individuals with Alzheimer's disease, as noted in ""Oxidative damage in neurodegeneration: roles in the pathogenesis and progression of Alzheimer disease"" (2023).  
B: NOT SUPPORTED — There is no evidence provided that specifically discusses long sleep duration as contributing to Alzheimer's disease progression.  
C: SUPPORTED — Short sleep duration is associated with cognitive impairments in Alzheimer's disease, as indicated in ""Linking activity dyshomeostasis and sleep disturbances in Alzheimer disease"" (2024).  
D: SUPPORTED — Insomnia is mentioned as a sleep disorder that can impact cognitive function in Alzheimer's disease, as discussed in ""Linking activity dyshomeostasis and sleep disturbances in Alzheimer disease"" (2024).  
ANSWER: A, C, D"
1	3	ET-RAG	test.agent_etrag	A3	+ Hybrid context	cosine retrieval + evidence quality + temporal recency + hybrid paper context	0.5	0.3	0.2	3	Which interventions were identified as promising for sleep-related AD therapy?	A. CBT-I | B. Suvorexant | C. Positive airway pressure treatment | D. Ketamine	A, B, C	CBT-I | Suvorexant | Positive airway pressure treatment	A, C	0.666667	strict_partial_credit	False	0.744565	5.589	2.548	0.0	18	18	0.5559	0.443328	0.54375	0.855556	0	0	5	3	8403	True	True	False	False	False	2023-oxidative-damage-in-neurodegeneration-roles-in-the-pathogenesis-and-progression-of-alzheimer-disease.pdf | 2024 Advancements and Challenges in Antiamyloid Therapy for.pdf | 2024 Linking activity dyshomeostasis and sleep disturbances in Alzheimer disease.pdf | 2025 Updates on mouse models of Alzheimer’s disease.pdf | Recent advances in Alzheimer’s disease mechanisms clinical trials and new drug development strategies.pdf | alzheimer disease  2021.pdf	"A: SUPPORTED — Cognitive Behavioral Therapy for Insomnia (CBT-I) is discussed as a non-pharmacological intervention that may benefit patients with Alzheimer's disease by improving sleep quality (Linking activity dyshomeostasis and sleep disturbances in Alzheimer disease, 2024).  
B: NOT SUPPORTED — There is no evidence provided that directly supports the use of Suvorexant as a promising intervention for sleep-related Alzheimer's disease therapy.  
C: SUPPORTED — Positive airway pressure treatment is mentioned as a method to treat comorbid sleep disorders, such as obstructive sleep apnea, in patients with dementia (Alzheimer disease, 2021).  
D: NOT SUPPORTED — There is no evidence provided that supports the use of Ketamine as a promising intervention for sleep-related Alzheimer's disease therapy.  

ANSWER: A, C"	"A: SUPPORTED — Cognitive Behavioral Therapy for Insomnia (CBT-I) is discussed as a non-pharmacological intervention that may benefit patients with Alzheimer's disease by improving sleep quality (Linking activity dyshomeostasis and sleep disturbances in Alzheimer disease, 2024).  
B: NOT SUPPORTED — There is no evidence provided that directly supports the use of Suvorexant as a promising intervention for sleep-related Alzheimer's disease therapy.  
C: SUPPORTED — Positive airway pressure treatment is mentioned as a method to treat comorbid sleep disorders, such as obstructive sleep apnea, in patients with dementia (Alzheimer disease, 2021).  
D: NOT SUPPORTED — There is no evidence provided that supports the use of Ketamine as a promising intervention for sleep-related Alzheimer's disease therapy.  

ANSWER: A, C"
1	3	ET-RAG	test.agent_etrag	A3	+ Hybrid context	cosine retrieval + evidence quality + temporal recency + hybrid paper context	0.5	0.3	0.2	4	Hearing loss in older adults may lead to which of the following?	A. Decreased brain volume | B. Higher tau levels | C. Lower social engagement | D. Enhanced neurogenesis	A, B, C	Decreased brain volume | Higher tau levels | Lower social engagement	A, B, C	1.0	strict_partial_credit	True	0.751135	9.689	2.507	0.0	24	24	0.57467	0.480486	0.532813	0.872917	2	0	4	4	9473	True	True	False	False	False	2023-oxidative-damage-in-neurodegeneration-roles-in-the-pathogenesis-and-progression-of-alzheimer-disease.pdf | 2024 Advancements and Challenges in Antiamyloid Therapy for.pdf | 2024 Cell type-specific roles of APOE4 in Alzheimer disease.pdf | 2024 Immune Activation in Alzheimer Disease.pdf | 2024 Linking activity dyshomeostasis and sleep disturbances in Alzheimer disease.pdf | 2024 Neuroinflammation in Alzheimer disease.pdf | 2025 Oligodendrocytes in Alzheimer’s disease pathophysiology.pdf | 2025 Updates on mouse models of Alzheimer’s disease.pdf | Recent advances in Alzheimer’s disease mechanisms clinical trials and new drug development strategies.pdf | alzheimer disease  2021.pdf	"A: SUPPORTED — Hearing loss in older adults is associated with decreased brain volume, as indicated by the evidence that cognitive impairment and increased amyloid burden correlate with accelerated regional atrophy in the temporal and parietal isocortex (Alzheimer disease, 2021).  
B: SUPPORTED — Higher tau levels are associated with cognitive decline and neurodegeneration in Alzheimer's disease, as evidenced by the relationship between tau pathology and cognitive impairment (Cell type-specific roles of APOE4 in Alzheimer disease, 2024).  
C: SUPPORTED — Hearing loss in older adults can lead to lower social engagement, as it is noted that cognitive impairment and sensory deficits can affect the quality of life and social interactions (Alzheimer disease, 2021).  
D: NOT SUPPORTED — There is no evidence supporting the claim that hearing loss in older adults leads to enhanced neurogenesis; rather, neurodegeneration is typically associated with cognitive decline (Oxidative damage in neurodegeneration: roles in the pathogenesis and progression of Alzheimer disease, 2023).  
ANSWER: A, B, C"	"A: SUPPORTED — Hearing loss in older adults is associated with decreased brain volume, as indicated by the evidence that cognitive impairment and increased amyloid burden correlate with accelerated regional atrophy in the temporal and parietal isocortex (Alzheimer disease, 2021).  
B: SUPPORTED — Higher tau levels are associated with cognitive decline and neurodegeneration in Alzheimer's disease, as evidenced by the relationship between tau pathology and cognitive impairment (Cell type-specific roles of APOE4 in Alzheimer disease, 2024).  
C: SUPPORTED — Hearing loss in older adults can lead to lower social engagement, as it is noted that cognitive impairment and sensory deficits can affect the quality of life and social interactions (Alzheimer disease, 2021).  
D: NOT SUPPORTED — There is no evidence supporting the claim that hearing loss in older adults leads to enhanced neurogenesis; rather, neurodegeneration is typically associated with cognitive decline (Oxidative damage in neurodegeneration: roles in the pathogenesis and progression of Alzheimer disease, 2023).  
ANSWER: A, B, C"
1	3	ET-RAG	test.agent_etrag	A3	+ Hybrid context	cosine retrieval + evidence quality + temporal recency + hybrid paper context	0.5	0.3	0.2	5	Which factors have been epidemiologically linked to AD?	A. Hypoxia | B. Gut microbiota imbalance | C. High education | D. Diet	A, B, D	Hypoxia | Gut microbiota imbalance | Diet	B, C, D	0.0	strict_partial_credit	False	0.747742	6.422	3.243	0.0	20	20	0.564978	0.476556	0.509	0.87	0	0	5	4	8743	True	True	False	False	False	2023-oxidative-damage-in-neurodegeneration-roles-in-the-pathogenesis-and-progression-of-alzheimer-disease.pdf | 2024 Advancements and Challenges in Antiamyloid Therapy for.pdf | 2024 Cell type-specific roles of APOE4 in Alzheimer disease.pdf | 2024 Immune Activation in Alzheimer Disease.pdf | 2024 Linking activity dyshomeostasis and sleep disturbances in Alzheimer disease.pdf | 2024 Neuroinflammation in Alzheimer disease.pdf | 2025 Updates on mouse models of Alzheimer’s disease.pdf | Recent advances in Alzheimer’s disease mechanisms clinical trials and new drug development strategies.pdf | alzheimer disease  2021.pdf	"A: NOT SUPPORTED — There is no direct evidence linking hypoxia to an increased risk of Alzheimer's disease in the provided excerpts.  
B: SUPPORTED — The gut microbiota imbalance is discussed as a factor that may lead to systemic inflammation, which can impact neuroinflammation and contribute to Alzheimer's disease (Recent advances in Alzheimer’s disease: mechanisms, clinical trials and new drug development strategies, Unknown).  
C: SUPPORTED — High education is associated with a lower incidence of dementia, suggesting it may be a protective factor against Alzheimer's disease (Alzheimer disease, 2021).  
D: SUPPORTED — A balanced diet is linked to a reduced risk of dementia, while unbalanced diets are associated with increased risk factors for Alzheimer's disease (Neuroinflammation in Alzheimer disease, 2024).  
ANSWER: B, C, D"	"A: NOT SUPPORTED — There is no direct evidence linking hypoxia to an increased risk of Alzheimer's disease in the provided excerpts.  
B: SUPPORTED — The gut microbiota imbalance is discussed as a factor that may lead to systemic inflammation, which can impact neuroinflammation and contribute to Alzheimer's disease (Recent advances in Alzheimer’s disease: mechanisms, clinical trials and new drug development strategies, Unknown).  
C: SUPPORTED — High education is associated with a lower incidence of dementia, suggesting it may be a protective factor against Alzheimer's disease (Alzheimer disease, 2021).  
D: SUPPORTED — A balanced diet is linked to a reduced risk of dementia, while unbalanced diets are associated with increased risk factors for Alzheimer's disease (Neuroinflammation in Alzheimer disease, 2024).  
ANSWER: B, C, D"
1	3	ET-RAG	test.agent_etrag	A3	+ Hybrid context	cosine retrieval + evidence quality + temporal recency + hybrid paper context	0.5	0.3	0.2	6	Which imaging biomarkers are used in AD diagnosis?	A. Tau-PET | B. MRI | C. CT | D. FDG-PET	A, B, D	Tau-PET | MRI | FDG-PET	A, B, D	1.0	strict_partial_credit	True	0.759332	5.584	2.489	0.0	28	25	0.598092	0.540025	0.5216	0.858	0	0	6	4	9221	True	True	False	False	False	2023-oxidative-damage-in-neurodegeneration-roles-in-the-pathogenesis-and-progression-of-alzheimer-disease.pdf | 2024 Advancements and Challenges in Antiamyloid Therapy for.pdf | 2024 Immune Activation in Alzheimer Disease.pdf | 2024 Neuroinflammation in Alzheimer disease.pdf | 2025 Updates on mouse models of Alzheimer’s disease.pdf | Recent advances in Alzheimer’s disease mechanisms clinical trials and new drug development strategies.pdf | alzheimer disease  2021.pdf	"A: SUPPORTED — Tau-PET imaging allows the detection of tauopathy that is largely specific for Alzheimer's disease and is highly predictive of subsequent cognitive decline in both asymptomatic and symptomatic individuals (Alzheimer disease, 2021).  
B: SUPPORTED — Structural MRI is often used as a first step to exclude other causes of cognitive impairment and allows the assessment of macroscopic brain atrophy as a reflection of tissue loss, which is associated with Alzheimer's disease (Alzheimer disease, 2021).  
C: NOT SUPPORTED — There is no specific evidence provided that supports CT as a biomarker used in the diagnosis of Alzheimer's disease (Alzheimer disease, 2021).  
D: SUPPORTED — FDG-PET has revealed a pattern of temporal-parietal and hippocampal hypometabolism that is highly characteristic of Alzheimer's disease and correlates with the overall severity of cognitive impairment (Alzheimer disease, 2021).  
ANSWER: A, B, D"	"A: SUPPORTED — Tau-PET imaging allows the detection of tauopathy that is largely specific for Alzheimer's disease and is highly predictive of subsequent cognitive decline in both asymptomatic and symptomatic individuals (Alzheimer disease, 2021).  
B: SUPPORTED — Structural MRI is often used as a first step to exclude other causes of cognitive impairment and allows the assessment of macroscopic brain atrophy as a reflection of tissue loss, which is associated with Alzheimer's disease (Alzheimer disease, 2021).  
C: NOT SUPPORTED — There is no specific evidence provided that supports CT as a biomarker used in the diagnosis of Alzheimer's disease (Alzheimer disease, 2021).  
D: SUPPORTED — FDG-PET has revealed a pattern of temporal-parietal and hippocampal hypometabolism that is highly characteristic of Alzheimer's disease and correlates with the overall severity of cognitive impairment (Alzheimer disease, 2021).  
ANSWER: A, B, D"
1	3	ET-RAG	test.agent_etrag	A3	+ Hybrid context	cosine retrieval + evidence quality + temporal recency + hybrid paper context	0.5	0.3	0.2	7	What roles do CSF biomarkers play in AD diagnosis?	A. Stage disease progression | B. Diagnose mild cognitive impairment | C. Indicate tau pathology | D. Replace neuropsychological testing	A, B, C	Stage disease progression | Diagnose mild cognitive impairment | Indicate tau pathology	A, B, C	1.0	strict_partial_credit	True	0.76235	5.98	2.724	0.0	31	25	0.606713	0.554606	0.5207	0.866	0	0	5	4	7498	True	True	False	False	False	2023-oxidative-damage-in-neurodegeneration-roles-in-the-pathogenesis-and-progression-of-alzheimer-disease.pdf | 2024 Advancements and Challenges in Antiamyloid Therapy for.pdf | 2024 Immune Activation in Alzheimer Disease.pdf | 2024 Neuroinflammation in Alzheimer disease.pdf | alzheimer disease  2021.pdf	"A: SUPPORTED — CSF biomarkers are recognized by research guidelines for their diagnostic utility in Alzheimer's disease, including the staging of disease progression (Alzheimer disease, 2021).  
B: SUPPORTED — CSF biomarkers can help diagnose mild cognitive impairment, as individuals with abnormal Aβ biomarkers are at increased risk for cognitive decline (Alzheimer disease, 2021).  
C: SUPPORTED — p-tau181 is considered a specific biomarker for tau pathology in Alzheimer's disease (Alzheimer disease, 2021).  
D: NOT SUPPORTED — Neuropsychological testing is still considered beneficial for determining the severity of cognitive impairment and is not replaced by CSF biomarkers (Alzheimer disease, 2021).  
ANSWER: A, B, C"	"A: SUPPORTED — CSF biomarkers are recognized by research guidelines for their diagnostic utility in Alzheimer's disease, including the staging of disease progression (Alzheimer disease, 2021).  
B: SUPPORTED — CSF biomarkers can help diagnose mild cognitive impairment, as individuals with abnormal Aβ biomarkers are at increased risk for cognitive decline (Alzheimer disease, 2021).  
C: SUPPORTED — p-tau181 is considered a specific biomarker for tau pathology in Alzheimer's disease (Alzheimer disease, 2021).  
D: NOT SUPPORTED — Neuropsychological testing is still considered beneficial for determining the severity of cognitive impairment and is not replaced by CSF biomarkers (Alzheimer disease, 2021).  
ANSWER: A, B, C"
1	3	ET-RAG	test.agent_etrag	A3	+ Hybrid context	cosine retrieval + evidence quality + temporal recency + hybrid paper context	0.5	0.3	0.2	8	What effects does gut microbiota have in AD animal models?	A. Promotes inflammation | B. Improves memory | C. Impairs spatial learning | D. Reduces tau levels	A, C	Promotes inflammation | Impairs spatial learning	A, C	1.0	strict_partial_credit	True	0.753459	5.669	2.203	0.0	10	10	0.581312	0.514623	0.5	0.87	0	0	4	4	8827	True	True	False	False	False	2023-oxidative-damage-in-neurodegeneration-roles-in-the-pathogenesis-and-progression-of-alzheimer-disease.pdf | 2024 Advancements and Challenges in Antiamyloid Therapy for.pdf | 2024 Immune Activation in Alzheimer Disease.pdf | 2024 Neuroinflammation in Alzheimer disease.pdf | 2025 Updates on mouse models of Alzheimer’s disease.pdf | Recent advances in Alzheimer’s disease mechanisms clinical trials and new drug development strategies.pdf | alzheimer disease  2021.pdf	"A: SUPPORTED — The evidence indicates that the neuronal ε4 variant promotes tau phosphorylation and leads to increased neuroinflammation and cell death, as discussed in ""Neuroinflammation in Alzheimer disease"" (2024).  
B: NOT SUPPORTED — There is no evidence provided that directly supports the claim that gut microbiota improves memory in AD animal models.  
C: SUPPORTED — The evidence shows that sodium selenate-treated transgenic TAU441 mice demonstrated significantly lower levels of phosphorylated and total Tau and exhibited significantly improved spatial learning and memory, as mentioned in ""Oxidative damage in neurodegeneration: roles in the pathogenesis and progression of Alzheimer disease"" (2023).  
D: NOT SUPPORTED — The evidence does not support the claim that gut microbiota reduces tau levels; rather, it discusses the role of microglia in tau hyperphosphorylation and NFT formation in ""2024 Immune Activation in Alzheimer Disease"" (2024).  

ANSWER: A, C"	"A: SUPPORTED — The evidence indicates that the neuronal ε4 variant promotes tau phosphorylation and leads to increased neuroinflammation and cell death, as discussed in ""Neuroinflammation in Alzheimer disease"" (2024).  
B: NOT SUPPORTED — There is no evidence provided that directly supports the claim that gut microbiota improves memory in AD animal models.  
C: SUPPORTED — The evidence shows that sodium selenate-treated transgenic TAU441 mice demonstrated significantly lower levels of phosphorylated and total Tau and exhibited significantly improved spatial learning and memory, as mentioned in ""Oxidative damage in neurodegeneration: roles in the pathogenesis and progression of Alzheimer disease"" (2023).  
D: NOT SUPPORTED — The evidence does not support the claim that gut microbiota reduces tau levels; rather, it discusses the role of microglia in tau hyperphosphorylation and NFT formation in ""2024 Immune Activation in Alzheimer Disease"" (2024).  

ANSWER: A, C"
1	3	ET-RAG	test.agent_etrag	A3	+ Hybrid context	cosine retrieval + evidence quality + temporal recency + hybrid paper context	0.5	0.3	0.2	9	Which sleep characteristics are associated with AD?	A. Reduced REM duration | B. Abnormal slow-wave oscillations | C. Increased CSF tau during wakefulness | D. Stable sleep architecture	A, B, C	Reduced REM duration | Abnormal slow-wave oscillations | Increased CSF tau during wakefulness	A, B	0.666667	strict_partial_credit	False	0.736279	6.457	2.45	0.0	12	12	0.532225	0.414451	0.5	0.875	0	0	4	4	8963	True	True	False	False	False	2023-oxidative-damage-in-neurodegeneration-roles-in-the-pathogenesis-and-progression-of-alzheimer-disease.pdf | 2024 Advancements and Challenges in Antiamyloid Therapy for.pdf | 2024 Immune Activation in Alzheimer Disease.pdf | 2024 Linking activity dyshomeostasis and sleep disturbances in Alzheimer disease.pdf | 2024 Neuroinflammation in Alzheimer disease.pdf | 2025 Updates on mouse models of Alzheimer’s disease.pdf | Recent advances in Alzheimer’s disease mechanisms clinical trials and new drug development strategies.pdf | alzheimer disease  2021.pdf	"A: SUPPORTED — The evidence states that ""the duration of NREM3 and REM sleep stages is significantly reduced"" in Alzheimer's disease (Linking activity dyshomeostasis and sleep disturbances in Alzheimer disease, 2024).  
B: SUPPORTED — The evidence indicates that ""slow-wave deficits that are specific to lower frequencies (<1 Hz) during NREM sleep"" are observed in Alzheimer's disease (Linking activity dyshomeostasis and sleep disturbances in Alzheimer disease, 2024).  
C: NOT SUPPORTED — There is no evidence provided that directly associates increased CSF tau during wakefulness with Alzheimer's disease in the excerpts.  
D: NOT SUPPORTED — The evidence suggests that sleep architecture is disrupted in Alzheimer's disease, rather than being stable (Linking activity dyshomeostasis and sleep disturbances in Alzheimer disease, 2024).  

ANSWER: A, B"	"A: SUPPORTED — The evidence states that ""the duration of NREM3 and REM sleep stages is significantly reduced"" in Alzheimer's disease (Linking activity dyshomeostasis and sleep disturbances in Alzheimer disease, 2024).  
B: SUPPORTED — The evidence indicates that ""slow-wave deficits that are specific to lower frequencies (<1 Hz) during NREM sleep"" are observed in Alzheimer's disease (Linking activity dyshomeostasis and sleep disturbances in Alzheimer disease, 2024).  
C: NOT SUPPORTED — There is no evidence provided that directly associates increased CSF tau during wakefulness with Alzheimer's disease in the excerpts.  
D: NOT SUPPORTED — The evidence suggests that sleep architecture is disrupted in Alzheimer's disease, rather than being stable (Linking activity dyshomeostasis and sleep disturbances in Alzheimer disease, 2024).  

ANSWER: A, B"
1	3	ET-RAG	test.agent_etrag	A3	+ Hybrid context	cosine retrieval + evidence quality + temporal recency + hybrid paper context	0.5	0.3	0.2	10	Which interventions may improve cognition in MCI or early dementia?	A. Melatonin | B. Rivasti gmine | C. Suvorexant | D. Ketogenic diet	A, B, C	Melatonin | Rivasti gmine | Suvorexant	B	0.333333	strict_partial_credit	False	0.747423	5.279	2.396	0.0	23	23	0.564066	0.456458	0.549891	0.854348	0	0	3	4	9483	True	True	False	False	False	2023-oxidative-damage-in-neurodegeneration-roles-in-the-pathogenesis-and-progression-of-alzheimer-disease.pdf | 2024 Advancements and Challenges in Antiamyloid Therapy for.pdf | 2024 Linking activity dyshomeostasis and sleep disturbances in Alzheimer disease.pdf | 2025 Updates on mouse models of Alzheimer’s disease.pdf | Recent advances in Alzheimer’s disease mechanisms clinical trials and new drug development strategies.pdf | alzheimer disease  2021.pdf	"A: NOT SUPPORTED — There is no evidence indicating that melatonin improves cognition in MCI or early dementia.  
B: SUPPORTED — Rivastigmine is a cholinesterase inhibitor approved for mild to moderate dementia due to Alzheimer's disease and has shown modest benefits in delaying symptom progression (Alzheimer disease, 2021).  
C: NOT SUPPORTED — There is no evidence indicating that suvorexant improves cognition in MCI or early dementia.  
D: NOT SUPPORTED — There is no evidence indicating that a ketogenic diet improves cognition in MCI or early dementia.  

ANSWER: B"	"A: NOT SUPPORTED — There is no evidence indicating that melatonin improves cognition in MCI or early dementia.  
B: SUPPORTED — Rivastigmine is a cholinesterase inhibitor approved for mild to moderate dementia due to Alzheimer's disease and has shown modest benefits in delaying symptom progression (Alzheimer disease, 2021).  
C: NOT SUPPORTED — There is no evidence indicating that suvorexant improves cognition in MCI or early dementia.  
D: NOT SUPPORTED — There is no evidence indicating that a ketogenic diet improves cognition in MCI or early dementia.  

ANSWER: B"
2	3	ET-RAG	test.agent_etrag	A3	+ Hybrid context	cosine retrieval + evidence quality + temporal recency + hybrid paper context	0.5	0.3	0.2	1	Which of the following are components of the A-T-N AD biomarker framework?	A. Amyloid beta | B. Tau | C. Neurodegeneration markers | D. Synaptic vesicle proteins	A, B, C	Amyloid beta | Tau | Neurodegeneration markers	A, B, C	1.0	strict_partial_credit	True	0.760394	6.336	3.01	0.0	29	25	0.601124	0.551529	0.5072	0.866	1	0	5	4	7459	True	True	False	False	False	2023-oxidative-damage-in-neurodegeneration-roles-in-the-pathogenesis-and-progression-of-alzheimer-disease.pdf | 2024 Advancements and Challenges in Antiamyloid Therapy for.pdf | 2024 Cell type-specific roles of APOE4 in Alzheimer disease.pdf | 2024 Neuroinflammation in Alzheimer disease.pdf | alzheimer disease  2021.pdf	"A: SUPPORTED — The A-T-N framework includes amyloid beta (A), tau (T), and neurodegeneration markers (N) as core components, as stated in ""Alzheimer disease"" (2021).  
B: SUPPORTED — Tau is explicitly mentioned as a component of the A-T-N framework in ""Alzheimer disease"" (2021).  
C: SUPPORTED — Neurodegeneration markers are included in the A-T-N framework as indicated in ""Alzheimer disease"" (2021).  
D: NOT SUPPORTED — Synaptic vesicle proteins are not mentioned as part of the A-T-N framework in the provided evidence.  

ANSWER: A, B, C"	"A: SUPPORTED — The A-T-N framework includes amyloid beta (A), tau (T), and neurodegeneration markers (N) as core components, as stated in ""Alzheimer disease"" (2021).  
B: SUPPORTED — Tau is explicitly mentioned as a component of the A-T-N framework in ""Alzheimer disease"" (2021).  
C: SUPPORTED — Neurodegeneration markers are included in the A-T-N framework as indicated in ""Alzheimer disease"" (2021).  
D: NOT SUPPORTED — Synaptic vesicle proteins are not mentioned as part of the A-T-N framework in the provided evidence.  

ANSWER: A, B, C"
2	3	ET-RAG	test.agent_etrag	A3	+ Hybrid context	cosine retrieval + evidence quality + temporal recency + hybrid paper context	0.5	0.3	0.2	2	Which sleep-related conditions are discussed as contributing to AD progression?	A. Sleep apnea | B. Long sleep duration | C. Short sleep duration | D. Insomnia	A, B, C, D	Sleep apnea | Long sleep duration | Short sleep duration | Insomnia	A, C, D	0.75	strict_partial_credit	False	0.734405	5.263	2.346	0.0	16	16	0.526871	0.407492	0.5	0.865625	0	0	3	4	7796	True	True	False	False	False	2023-oxidative-damage-in-neurodegeneration-roles-in-the-pathogenesis-and-progression-of-alzheimer-disease.pdf | 2024 Advancements and Challenges in Antiamyloid Therapy for.pdf | 2024 Linking activity dyshomeostasis and sleep disturbances in Alzheimer disease.pdf | 2025 Oligodendrocytes in Alzheimer’s disease pathophysiology.pdf | 2025 Updates on mouse models of Alzheimer’s disease.pdf | Recent advances in Alzheimer’s disease mechanisms clinical trials and new drug development strategies.pdf | alzheimer disease  2021.pdf	"A: SUPPORTED — Sleep apnea is discussed as a comorbidity that may affect cognition in individuals with Alzheimer's disease, as noted in ""Oxidative damage in neurodegeneration: roles in the pathogenesis and progression of Alzheimer disease"" (2023).  
B: NOT SUPPORTED — There is no direct evidence linking long sleep duration to the progression of Alzheimer's disease in the provided excerpts.  
C: SUPPORTED — Short sleep duration is associated with cognitive impairments in Alzheimer's disease, as indicated in ""Linking activity dyshomeostasis and sleep disturbances in Alzheimer disease"" (2024).  
D: SUPPORTED — Insomnia is mentioned as a sleep disorder that may impact cognitive function in Alzheimer's disease, as discussed in ""Linking activity dyshomeostasis and sleep disturbances in Alzheimer disease"" (2024).  
ANSWER: A, C, D"	"A: SUPPORTED — Sleep apnea is discussed as a comorbidity that may affect cognition in individuals with Alzheimer's disease, as noted in ""Oxidative damage in neurodegeneration: roles in the pathogenesis and progression of Alzheimer disease"" (2023).  
B: NOT SUPPORTED — There is no direct evidence linking long sleep duration to the progression of Alzheimer's disease in the provided excerpts.  
C: SUPPORTED — Short sleep duration is associated with cognitive impairments in Alzheimer's disease, as indicated in ""Linking activity dyshomeostasis and sleep disturbances in Alzheimer disease"" (2024).  
D: SUPPORTED — Insomnia is mentioned as a sleep disorder that may impact cognitive function in Alzheimer's disease, as discussed in ""Linking activity dyshomeostasis and sleep disturbances in Alzheimer disease"" (2024).  
ANSWER: A, C, D"
2	3	ET-RAG	test.agent_etrag	A3	+ Hybrid context	cosine retrieval + evidence quality + temporal recency + hybrid paper context	0.5	0.3	0.2	3	Which interventions were identified as promising for sleep-related AD therapy?	A. CBT-I | B. Suvorexant | C. Positive airway pressure treatment | D. Ketamine	A, B, C	CBT-I | Suvorexant | Positive airway pressure treatment	A, C	0.666667	strict_partial_credit	False	0.744564	10.948	6.855	0.0	18	18	0.555898	0.443323	0.54375	0.855556	0	0	5	3	8403	True	True	False	False	False	2023-oxidative-damage-in-neurodegeneration-roles-in-the-pathogenesis-and-progression-of-alzheimer-disease.pdf | 2024 Advancements and Challenges in Antiamyloid Therapy for.pdf | 2024 Linking activity dyshomeostasis and sleep disturbances in Alzheimer disease.pdf | 2025 Updates on mouse models of Alzheimer’s disease.pdf | Recent advances in Alzheimer’s disease mechanisms clinical trials and new drug development strategies.pdf | alzheimer disease  2021.pdf	"A: SUPPORTED — Cognitive Behavioral Therapy for Insomnia (CBT-I) is discussed as a potential intervention for sleep-related issues in Alzheimer's disease (AD) in the paper ""Linking activity dyshomeostasis and sleep disturbances in Alzheimer disease"" (2024).  
B: NOT SUPPORTED — There is no direct evidence in the provided excerpts linking suvorexant to sleep-related therapy for Alzheimer's disease.  
C: SUPPORTED — Positive airway pressure treatment is mentioned as a method to treat comorbid sleep disorders, such as obstructive sleep apnea, in patients with dementia in the paper ""Alzheimer disease"" (2021).  
D: NOT SUPPORTED — There is no evidence in the provided excerpts supporting the use of ketamine for sleep-related therapy in Alzheimer's disease.  
ANSWER: A, C"	"A: SUPPORTED — Cognitive Behavioral Therapy for Insomnia (CBT-I) is discussed as a potential intervention for sleep-related issues in Alzheimer's disease (AD) in the paper ""Linking activity dyshomeostasis and sleep disturbances in Alzheimer disease"" (2024).  
B: NOT SUPPORTED — There is no direct evidence in the provided excerpts linking suvorexant to sleep-related therapy for Alzheimer's disease.  
C: SUPPORTED — Positive airway pressure treatment is mentioned as a method to treat comorbid sleep disorders, such as obstructive sleep apnea, in patients with dementia in the paper ""Alzheimer disease"" (2021).  
D: NOT SUPPORTED — There is no evidence in the provided excerpts supporting the use of ketamine for sleep-related therapy in Alzheimer's disease.  
ANSWER: A, C"
2	3	ET-RAG	test.agent_etrag	A3	+ Hybrid context	cosine retrieval + evidence quality + temporal recency + hybrid paper context	0.5	0.3	0.2	4	Hearing loss in older adults may lead to which of the following?	A. Decreased brain volume | B. Higher tau levels | C. Lower social engagement | D. Enhanced neurogenesis	A, B, C	Decreased brain volume | Higher tau levels | Lower social engagement	A, B, C	1.0	strict_partial_credit	True	0.751134	6.641	2.988	0.0	24	24	0.574669	0.480485	0.532813	0.872917	2	0	4	4	9473	True	True	False	False	False	2023-oxidative-damage-in-neurodegeneration-roles-in-the-pathogenesis-and-progression-of-alzheimer-disease.pdf | 2024 Advancements and Challenges in Antiamyloid Therapy for.pdf | 2024 Cell type-specific roles of APOE4 in Alzheimer disease.pdf | 2024 Immune Activation in Alzheimer Disease.pdf | 2024 Linking activity dyshomeostasis and sleep disturbances in Alzheimer disease.pdf | 2024 Neuroinflammation in Alzheimer disease.pdf | 2025 Oligodendrocytes in Alzheimer’s disease pathophysiology.pdf | 2025 Updates on mouse models of Alzheimer’s disease.pdf | Recent advances in Alzheimer’s disease mechanisms clinical trials and new drug development strategies.pdf | alzheimer disease  2021.pdf	"A: SUPPORTED — Hearing loss in older adults is associated with decreased brain volume, as indicated by the evidence that cognitive impairment and increased amyloid burden correlate with accelerated regional atrophy in the temporal and parietal isocortex (Alzheimer disease, 2021).  
B: SUPPORTED — Higher tau levels are associated with cognitive decline and neurodegeneration in Alzheimer's disease, as evidenced by the relationship between tau pathology and cognitive impairment (Cell type-specific roles of APOE4 in Alzheimer disease, 2024).  
C: SUPPORTED — Hearing loss in older adults can lead to lower social engagement, as cognitive decline and mood disorders, including social withdrawal, are common in individuals with dementia (Alzheimer disease, 2021).  
D: NOT SUPPORTED — There is no evidence supporting the claim that hearing loss in older adults leads to enhanced neurogenesis; rather, neurodegeneration is typically associated with cognitive decline (Oxidative damage in neurodegeneration: roles in the pathogenesis and progression of Alzheimer disease, 2023).  
ANSWER: A, B, C"	"A: SUPPORTED — Hearing loss in older adults is associated with decreased brain volume, as indicated by the evidence that cognitive impairment and increased amyloid burden correlate with accelerated regional atrophy in the temporal and parietal isocortex (Alzheimer disease, 2021).  
B: SUPPORTED — Higher tau levels are associated with cognitive decline and neurodegeneration in Alzheimer's disease, as evidenced by the relationship between tau pathology and cognitive impairment (Cell type-specific roles of APOE4 in Alzheimer disease, 2024).  
C: SUPPORTED — Hearing loss in older adults can lead to lower social engagement, as cognitive decline and mood disorders, including social withdrawal, are common in individuals with dementia (Alzheimer disease, 2021).  
D: NOT SUPPORTED — There is no evidence supporting the claim that hearing loss in older adults leads to enhanced neurogenesis; rather, neurodegeneration is typically associated with cognitive decline (Oxidative damage in neurodegeneration: roles in the pathogenesis and progression of Alzheimer disease, 2023).  
ANSWER: A, B, C"
2	3	ET-RAG	test.agent_etrag	A3	+ Hybrid context	cosine retrieval + evidence quality + temporal recency + hybrid paper context	0.5	0.3	0.2	5	Which factors have been epidemiologically linked to AD?	A. Hypoxia | B. Gut microbiota imbalance | C. High education | D. Diet	A, B, D	Hypoxia | Gut microbiota imbalance | Diet	B, C, D	0.0	strict_partial_credit	False	0.747749	5.679	2.773	0.0	20	20	0.564997	0.476594	0.509	0.87	0	0	5	4	8743	True	True	False	False	False	2023-oxidative-damage-in-neurodegeneration-roles-in-the-pathogenesis-and-progression-of-alzheimer-disease.pdf | 2024 Advancements and Challenges in Antiamyloid Therapy for.pdf | 2024 Cell type-specific roles of APOE4 in Alzheimer disease.pdf | 2024 Immune Activation in Alzheimer Disease.pdf | 2024 Linking activity dyshomeostasis and sleep disturbances in Alzheimer disease.pdf | 2024 Neuroinflammation in Alzheimer disease.pdf | 2025 Updates on mouse models of Alzheimer’s disease.pdf | Recent advances in Alzheimer’s disease mechanisms clinical trials and new drug development strategies.pdf | alzheimer disease  2021.pdf	"A: NOT SUPPORTED — There is no direct evidence linking hypoxia to an increased risk of Alzheimer's disease in the provided excerpts.  
B: SUPPORTED — The microbiota-gut-brain axis hypothesis suggests that gut microbiota imbalance may lead to systemic inflammation, which can impact neuroinflammation and contribute to Alzheimer's disease (Recent advances in Alzheimer’s disease: mechanisms, clinical trials and new drug development strategies, Unknown).  
C: SUPPORTED — Higher education levels are associated with a lower incidence of dementia, potentially due to educational, socio-economic, and lifestyle changes (Alzheimer disease, 2021).  
D: SUPPORTED — A balanced diet, particularly the Mediterranean diet, is linked to a reduced risk of dementia and cognitive decline, while unbalanced diets are associated with increased risk (Neuroinflammation in Alzheimer disease, 2024).  
ANSWER: B, C, D"	"A: NOT SUPPORTED — There is no direct evidence linking hypoxia to an increased risk of Alzheimer's disease in the provided excerpts.  
B: SUPPORTED — The microbiota-gut-brain axis hypothesis suggests that gut microbiota imbalance may lead to systemic inflammation, which can impact neuroinflammation and contribute to Alzheimer's disease (Recent advances in Alzheimer’s disease: mechanisms, clinical trials and new drug development strategies, Unknown).  
C: SUPPORTED — Higher education levels are associated with a lower incidence of dementia, potentially due to educational, socio-economic, and lifestyle changes (Alzheimer disease, 2021).  
D: SUPPORTED — A balanced diet, particularly the Mediterranean diet, is linked to a reduced risk of dementia and cognitive decline, while unbalanced diets are associated with increased risk (Neuroinflammation in Alzheimer disease, 2024).  
ANSWER: B, C, D"
2	3	ET-RAG	test.agent_etrag	A3	+ Hybrid context	cosine retrieval + evidence quality + temporal recency + hybrid paper context	0.5	0.3	0.2	6	Which imaging biomarkers are used in AD diagnosis?	A. Tau-PET | B. MRI | C. CT | D. FDG-PET	A, B, D	Tau-PET | MRI | FDG-PET	A, B, D	1.0	strict_partial_credit	True	0.759333	5.122	2.448	0.0	28	25	0.598095	0.540031	0.5216	0.858	0	0	6	4	9221	True	True	False	False	False	2023-oxidative-damage-in-neurodegeneration-roles-in-the-pathogenesis-and-progression-of-alzheimer-disease.pdf | 2024 Advancements and Challenges in Antiamyloid Therapy for.pdf | 2024 Immune Activation in Alzheimer Disease.pdf | 2024 Neuroinflammation in Alzheimer disease.pdf | 2025 Updates on mouse models of Alzheimer’s disease.pdf | Recent advances in Alzheimer’s disease mechanisms clinical trials and new drug development strategies.pdf | alzheimer disease  2021.pdf	"A: SUPPORTED — Tau-PET imaging allows the detection of tauopathy that is largely specific for Alzheimer's disease and is highly predictive of subsequent cognitive decline in both asymptomatic and symptomatic individuals (Alzheimer disease, 2021).  
B: SUPPORTED — Structural MRI is often used as a first step to exclude other causes of cognitive impairment and allows the assessment of macroscopic brain atrophy, which is associated with Alzheimer's disease (Alzheimer disease, 2021).  
C: NOT SUPPORTED — There is no specific evidence provided in the excerpts that supports CT as a biomarker used in the diagnosis of Alzheimer's disease.  
D: SUPPORTED — FDG-PET has revealed a pattern of temporal-parietal and hippocampal hypometabolism that is highly characteristic of Alzheimer's disease and correlates with the overall severity of cognitive impairment (Alzheimer disease, 2021).  
ANSWER: A, B, D"	"A: SUPPORTED — Tau-PET imaging allows the detection of tauopathy that is largely specific for Alzheimer's disease and is highly predictive of subsequent cognitive decline in both asymptomatic and symptomatic individuals (Alzheimer disease, 2021).  
B: SUPPORTED — Structural MRI is often used as a first step to exclude other causes of cognitive impairment and allows the assessment of macroscopic brain atrophy, which is associated with Alzheimer's disease (Alzheimer disease, 2021).  
C: NOT SUPPORTED — There is no specific evidence provided in the excerpts that supports CT as a biomarker used in the diagnosis of Alzheimer's disease.  
D: SUPPORTED — FDG-PET has revealed a pattern of temporal-parietal and hippocampal hypometabolism that is highly characteristic of Alzheimer's disease and correlates with the overall severity of cognitive impairment (Alzheimer disease, 2021).  
ANSWER: A, B, D"
2	3	ET-RAG	test.agent_etrag	A3	+ Hybrid context	cosine retrieval + evidence quality + temporal recency + hybrid paper context	0.5	0.3	0.2	7	What roles do CSF biomarkers play in AD diagnosis?	A. Stage disease progression | B. Diagnose mild cognitive impairment | C. Indicate tau pathology | D. Replace neuropsychological testing	A, B, C	Stage disease progression | Diagnose mild cognitive impairment | Indicate tau pathology	A, B, C	1.0	strict_partial_credit	True	0.762345	5.977	2.443	0.0	31	25	0.606699	0.554579	0.5207	0.866	0	0	5	4	7498	True	True	False	False	False	2023-oxidative-damage-in-neurodegeneration-roles-in-the-pathogenesis-and-progression-of-alzheimer-disease.pdf | 2024 Advancements and Challenges in Antiamyloid Therapy for.pdf | 2024 Immune Activation in Alzheimer Disease.pdf | 2024 Neuroinflammation in Alzheimer disease.pdf | alzheimer disease  2021.pdf	"A: SUPPORTED — CSF biomarkers are recognized by research guidelines for their diagnostic utility in Alzheimer’s disease, including decreases in Aβ42 and increases in phosphorylated tau (p-tau181) (Alzheimer disease, 2021).  
B: SUPPORTED — CSF biomarkers can help diagnose mild cognitive impairment (MCI) and are associated with an increased risk of progression to dementia (Alzheimer disease, 2021).  
C: SUPPORTED — p-tau181 is considered a specific biomarker for tau pathology in Alzheimer’s disease (Alzheimer disease, 2021).  
D: NOT SUPPORTED — Neuropsychological testing is still considered beneficial for determining the severity of cognitive impairment and is not replaced by CSF biomarkers (Alzheimer disease, 2021).  
ANSWER: A, B, C"	"A: SUPPORTED — CSF biomarkers are recognized by research guidelines for their diagnostic utility in Alzheimer’s disease, including decreases in Aβ42 and increases in phosphorylated tau (p-tau181) (Alzheimer disease, 2021).  
B: SUPPORTED — CSF biomarkers can help diagnose mild cognitive impairment (MCI) and are associated with an increased risk of progression to dementia (Alzheimer disease, 2021).  
C: SUPPORTED — p-tau181 is considered a specific biomarker for tau pathology in Alzheimer’s disease (Alzheimer disease, 2021).  
D: NOT SUPPORTED — Neuropsychological testing is still considered beneficial for determining the severity of cognitive impairment and is not replaced by CSF biomarkers (Alzheimer disease, 2021).  
ANSWER: A, B, C"
2	3	ET-RAG	test.agent_etrag	A3	+ Hybrid context	cosine retrieval + evidence quality + temporal recency + hybrid paper context	0.5	0.3	0.2	8	What effects does gut microbiota have in AD animal models?	A. Promotes inflammation | B. Improves memory | C. Impairs spatial learning | D. Reduces tau levels	A, C	Promotes inflammation | Impairs spatial learning	A, C	1.0	strict_partial_credit	True	0.753462	5.348	2.378	0.0	10	10	0.581321	0.514643	0.5	0.87	0	0	4	4	8827	True	True	False	False	False	2023-oxidative-damage-in-neurodegeneration-roles-in-the-pathogenesis-and-progression-of-alzheimer-disease.pdf | 2024 Advancements and Challenges in Antiamyloid Therapy for.pdf | 2024 Immune Activation in Alzheimer Disease.pdf | 2024 Neuroinflammation in Alzheimer disease.pdf | 2025 Updates on mouse models of Alzheimer’s disease.pdf | Recent advances in Alzheimer’s disease mechanisms clinical trials and new drug development strategies.pdf | alzheimer disease  2021.pdf	"A: SUPPORTED — The evidence indicates that the neuronal ε4 variant promotes tau phosphorylation and leads to increased neuroinflammation and cell death, as discussed in ""Neuroinflammation in Alzheimer disease"" (2024).  
B: NOT SUPPORTED — There is no evidence provided that directly supports the claim that gut microbiota improves memory in AD animal models.  
C: SUPPORTED — The evidence suggests that tauopathy mouse models exhibit increased microglial activation and neuroinflammation, which can impair spatial learning, as indicated in ""Oxidative damage in neurodegeneration: roles in the pathogenesis and progression of Alzheimer disease"" (2023).  
D: NOT SUPPORTED — The evidence does not support the claim that gut microbiota reduces tau levels; rather, it discusses the role of microglia in tau hyperphosphorylation and neurofibrillary tangle formation in ""2024 Immune Activation in Alzheimer Disease"" (2024).  

ANSWER: A, C"	"A: SUPPORTED — The evidence indicates that the neuronal ε4 variant promotes tau phosphorylation and leads to increased neuroinflammation and cell death, as discussed in ""Neuroinflammation in Alzheimer disease"" (2024).  
B: NOT SUPPORTED — There is no evidence provided that directly supports the claim that gut microbiota improves memory in AD animal models.  
C: SUPPORTED — The evidence suggests that tauopathy mouse models exhibit increased microglial activation and neuroinflammation, which can impair spatial learning, as indicated in ""Oxidative damage in neurodegeneration: roles in the pathogenesis and progression of Alzheimer disease"" (2023).  
D: NOT SUPPORTED — The evidence does not support the claim that gut microbiota reduces tau levels; rather, it discusses the role of microglia in tau hyperphosphorylation and neurofibrillary tangle formation in ""2024 Immune Activation in Alzheimer Disease"" (2024).  

ANSWER: A, C"
2	3	ET-RAG	test.agent_etrag	A3	+ Hybrid context	cosine retrieval + evidence quality + temporal recency + hybrid paper context	0.5	0.3	0.2	9	Which sleep characteristics are associated with AD?	A. Reduced REM duration | B. Abnormal slow-wave oscillations | C. Increased CSF tau during wakefulness | D. Stable sleep architecture	A, B, C	Reduced REM duration | Abnormal slow-wave oscillations | Increased CSF tau during wakefulness	A, B	0.666667	strict_partial_credit	False	0.736278	5.928	2.335	0.0	12	12	0.532222	0.414443	0.5	0.875	0	0	4	4	8963	True	True	False	False	False	2023-oxidative-damage-in-neurodegeneration-roles-in-the-pathogenesis-and-progression-of-alzheimer-disease.pdf | 2024 Advancements and Challenges in Antiamyloid Therapy for.pdf | 2024 Immune Activation in Alzheimer Disease.pdf | 2024 Linking activity dyshomeostasis and sleep disturbances in Alzheimer disease.pdf | 2024 Neuroinflammation in Alzheimer disease.pdf | 2025 Updates on mouse models of Alzheimer’s disease.pdf | Recent advances in Alzheimer’s disease mechanisms clinical trials and new drug development strategies.pdf | alzheimer disease  2021.pdf	"A: SUPPORTED — The evidence states that ""the duration of NREM3 and REM sleep stages is significantly reduced"" in Alzheimer's disease, indicating reduced REM duration (Linking activity dyshomeostasis and sleep disturbances in Alzheimer disease, 2024).  
B: SUPPORTED — The evidence discusses ""slow-wave deficits that are specific to lower frequencies (<1 Hz) during NREM sleep"" in Alzheimer's disease, indicating abnormal slow-wave oscillations (Linking activity dyshomeostasis and sleep disturbances in Alzheimer disease, 2024).  
C: NOT SUPPORTED — There is no evidence provided that directly associates increased CSF tau during wakefulness with Alzheimer's disease in the excerpts.  
D: NOT SUPPORTED — The evidence indicates that sleep architecture is disrupted in Alzheimer's disease, contradicting the notion of stable sleep architecture (Linking activity dyshomeostasis and sleep disturbances in Alzheimer disease, 2024).  
ANSWER: A, B"	"A: SUPPORTED — The evidence states that ""the duration of NREM3 and REM sleep stages is significantly reduced"" in Alzheimer's disease, indicating reduced REM duration (Linking activity dyshomeostasis and sleep disturbances in Alzheimer disease, 2024).  
B: SUPPORTED — The evidence discusses ""slow-wave deficits that are specific to lower frequencies (<1 Hz) during NREM sleep"" in Alzheimer's disease, indicating abnormal slow-wave oscillations (Linking activity dyshomeostasis and sleep disturbances in Alzheimer disease, 2024).  
C: NOT SUPPORTED — There is no evidence provided that directly associates increased CSF tau during wakefulness with Alzheimer's disease in the excerpts.  
D: NOT SUPPORTED — The evidence indicates that sleep architecture is disrupted in Alzheimer's disease, contradicting the notion of stable sleep architecture (Linking activity dyshomeostasis and sleep disturbances in Alzheimer disease, 2024).  
ANSWER: A, B"
2	3	ET-RAG	test.agent_etrag	A3	+ Hybrid context	cosine retrieval + evidence quality + temporal recency + hybrid paper context	0.5	0.3	0.2	10	Which interventions may improve cognition in MCI or early dementia?	A. Melatonin | B. Rivasti gmine | C. Suvorexant | D. Ketogenic diet	A, B, C	Melatonin | Rivasti gmine | Suvorexant	B	0.333333	strict_partial_credit	False	0.747425	7.749	4.957	0.0	23	23	0.564072	0.456471	0.549891	0.854348	0	0	3	4	9483	True	True	False	False	False	2023-oxidative-damage-in-neurodegeneration-roles-in-the-pathogenesis-and-progression-of-alzheimer-disease.pdf | 2024 Advancements and Challenges in Antiamyloid Therapy for.pdf | 2024 Linking activity dyshomeostasis and sleep disturbances in Alzheimer disease.pdf | 2025 Updates on mouse models of Alzheimer’s disease.pdf | Recent advances in Alzheimer’s disease mechanisms clinical trials and new drug development strategies.pdf | alzheimer disease  2021.pdf	"A: NOT SUPPORTED — There is no evidence indicating that melatonin improves cognition in MCI or early dementia. 

B: SUPPORTED — Rivastigmine is a cholinesterase inhibitor approved for mild to moderate dementia due to Alzheimer's disease and has shown modest benefits in delaying symptom progression (Alzheimer disease, 2021).

C: NOT SUPPORTED — There is no evidence indicating that suvorexant improves cognition in MCI or early dementia.

D: NOT SUPPORTED — There is no evidence indicating that a ketogenic diet improves cognition in MCI or early dementia.

ANSWER: B"	"A: NOT SUPPORTED — There is no evidence indicating that melatonin improves cognition in MCI or early dementia. 

B: SUPPORTED — Rivastigmine is a cholinesterase inhibitor approved for mild to moderate dementia due to Alzheimer's disease and has shown modest benefits in delaying symptom progression (Alzheimer disease, 2021).

C: NOT SUPPORTED — There is no evidence indicating that suvorexant improves cognition in MCI or early dementia.

D: NOT SUPPORTED — There is no evidence indicating that a ketogenic diet improves cognition in MCI or early dementia.

ANSWER: B"
3	3	ET-RAG	test.agent_etrag	A3	+ Hybrid context	cosine retrieval + evidence quality + temporal recency + hybrid paper context	0.5	0.3	0.2	1	Which of the following are components of the A-T-N AD biomarker framework?	A. Amyloid beta | B. Tau | C. Neurodegeneration markers | D. Synaptic vesicle proteins	A, B, C	Amyloid beta | Tau | Neurodegeneration markers	A, B, C	1.0	strict_partial_credit	True	0.760394	5.4	2.42	0.0	29	25	0.601124	0.551529	0.5072	0.866	1	0	5	4	7459	True	True	False	False	False	2023-oxidative-damage-in-neurodegeneration-roles-in-the-pathogenesis-and-progression-of-alzheimer-disease.pdf | 2024 Advancements and Challenges in Antiamyloid Therapy for.pdf | 2024 Cell type-specific roles of APOE4 in Alzheimer disease.pdf | 2024 Neuroinflammation in Alzheimer disease.pdf | alzheimer disease  2021.pdf	"A: SUPPORTED — The A-T-N framework includes amyloid beta (Aβ) as a key biomarker for Alzheimer's disease, as stated in ""Alzheimer disease"" (2021).  
B: SUPPORTED — Tau is also a component of the A-T-N framework, specifically as phosphorylated tau (p-tau), as mentioned in ""Alzheimer disease"" (2021).  
C: SUPPORTED — Neurodegeneration markers, such as neurofilament light chain (NfL), are included in the A-T-N framework, as discussed in ""Alzheimer disease"" (2021).  
D: NOT SUPPORTED — Synaptic vesicle proteins are not mentioned as part of the A-T-N framework in the provided evidence.  

ANSWER: A, B, C"	"A: SUPPORTED — The A-T-N framework includes amyloid beta (Aβ) as a key biomarker for Alzheimer's disease, as stated in ""Alzheimer disease"" (2021).  
B: SUPPORTED — Tau is also a component of the A-T-N framework, specifically as phosphorylated tau (p-tau), as mentioned in ""Alzheimer disease"" (2021).  
C: SUPPORTED — Neurodegeneration markers, such as neurofilament light chain (NfL), are included in the A-T-N framework, as discussed in ""Alzheimer disease"" (2021).  
D: NOT SUPPORTED — Synaptic vesicle proteins are not mentioned as part of the A-T-N framework in the provided evidence.  

ANSWER: A, B, C"
3	3	ET-RAG	test.agent_etrag	A3	+ Hybrid context	cosine retrieval + evidence quality + temporal recency + hybrid paper context	0.5	0.3	0.2	2	Which sleep-related conditions are discussed as contributing to AD progression?	A. Sleep apnea | B. Long sleep duration | C. Short sleep duration | D. Insomnia	A, B, C, D	Sleep apnea | Long sleep duration | Short sleep duration | Insomnia	A, C, D	0.75	strict_partial_credit	False	0.734408	5.12	2.362	0.0	16	16	0.526879	0.407509	0.5	0.865625	0	0	3	4	7796	True	True	False	False	False	2023-oxidative-damage-in-neurodegeneration-roles-in-the-pathogenesis-and-progression-of-alzheimer-disease.pdf | 2024 Advancements and Challenges in Antiamyloid Therapy for.pdf | 2024 Linking activity dyshomeostasis and sleep disturbances in Alzheimer disease.pdf | 2025 Oligodendrocytes in Alzheimer’s disease pathophysiology.pdf | 2025 Updates on mouse models of Alzheimer’s disease.pdf | Recent advances in Alzheimer’s disease mechanisms clinical trials and new drug development strategies.pdf | alzheimer disease  2021.pdf	"A: SUPPORTED — Sleep apnea is discussed as a comorbidity that may affect cognition in individuals with Alzheimer's disease, as noted in ""Oxidative damage in neurodegeneration: roles in the pathogenesis and progression of Alzheimer disease"" (2023).  
B: NOT SUPPORTED — There is no direct evidence linking long sleep duration to the progression of Alzheimer's disease in the provided excerpts.  
C: SUPPORTED — Short sleep duration is associated with cognitive impairments in Alzheimer's disease, as indicated in ""Linking activity dyshomeostasis and sleep disturbances in Alzheimer disease"" (2024).  
D: SUPPORTED — Insomnia is discussed in relation to sleep disturbances that may impact Alzheimer's disease progression, as mentioned in ""Linking activity dyshomeostasis and sleep disturbances in Alzheimer disease"" (2024).  
ANSWER: A, C, D"	"A: SUPPORTED — Sleep apnea is discussed as a comorbidity that may affect cognition in individuals with Alzheimer's disease, as noted in ""Oxidative damage in neurodegeneration: roles in the pathogenesis and progression of Alzheimer disease"" (2023).  
B: NOT SUPPORTED — There is no direct evidence linking long sleep duration to the progression of Alzheimer's disease in the provided excerpts.  
C: SUPPORTED — Short sleep duration is associated with cognitive impairments in Alzheimer's disease, as indicated in ""Linking activity dyshomeostasis and sleep disturbances in Alzheimer disease"" (2024).  
D: SUPPORTED — Insomnia is discussed in relation to sleep disturbances that may impact Alzheimer's disease progression, as mentioned in ""Linking activity dyshomeostasis and sleep disturbances in Alzheimer disease"" (2024).  
ANSWER: A, C, D"
3	3	ET-RAG	test.agent_etrag	A3	+ Hybrid context	cosine retrieval + evidence quality + temporal recency + hybrid paper context	0.5	0.3	0.2	3	Which interventions were identified as promising for sleep-related AD therapy?	A. CBT-I | B. Suvorexant | C. Positive airway pressure treatment | D. Ketamine	A, B, C	CBT-I | Suvorexant | Positive airway pressure treatment	A, C	0.666667	strict_partial_credit	False	0.744565	5.783	2.421	0.0	18	18	0.555899	0.443327	0.54375	0.855556	0	0	5	3	8403	True	True	False	False	False	2023-oxidative-damage-in-neurodegeneration-roles-in-the-pathogenesis-and-progression-of-alzheimer-disease.pdf | 2024 Advancements and Challenges in Antiamyloid Therapy for.pdf | 2024 Linking activity dyshomeostasis and sleep disturbances in Alzheimer disease.pdf | 2025 Updates on mouse models of Alzheimer’s disease.pdf | Recent advances in Alzheimer’s disease mechanisms clinical trials and new drug development strategies.pdf | alzheimer disease  2021.pdf	"A: SUPPORTED — Cognitive Behavioral Therapy for Insomnia (CBT-I) is discussed as a potential intervention for sleep-related issues in Alzheimer's disease (AD) in the paper ""Linking activity dyshomeostasis and sleep disturbances in Alzheimer disease"" (2024).

B: NOT SUPPORTED — There is no direct evidence in the provided excerpts that supports the use of Suvorexant as a promising intervention for sleep-related therapy in Alzheimer's disease.

C: SUPPORTED — Positive airway pressure treatment is mentioned as a necessary intervention for comorbid sleep disorders, such as obstructive sleep apnea, in patients with dementia, as noted in the paper ""Alzheimer disease"" (2021).

D: NOT SUPPORTED — There is no evidence in the provided excerpts that supports the use of Ketamine as a promising intervention for sleep-related therapy in Alzheimer's disease.

ANSWER: A, C"	"A: SUPPORTED — Cognitive Behavioral Therapy for Insomnia (CBT-I) is discussed as a potential intervention for sleep-related issues in Alzheimer's disease (AD) in the paper ""Linking activity dyshomeostasis and sleep disturbances in Alzheimer disease"" (2024).

B: NOT SUPPORTED — There is no direct evidence in the provided excerpts that supports the use of Suvorexant as a promising intervention for sleep-related therapy in Alzheimer's disease.

C: SUPPORTED — Positive airway pressure treatment is mentioned as a necessary intervention for comorbid sleep disorders, such as obstructive sleep apnea, in patients with dementia, as noted in the paper ""Alzheimer disease"" (2021).

D: NOT SUPPORTED — There is no evidence in the provided excerpts that supports the use of Ketamine as a promising intervention for sleep-related therapy in Alzheimer's disease.

ANSWER: A, C"
3	3	ET-RAG	test.agent_etrag	A3	+ Hybrid context	cosine retrieval + evidence quality + temporal recency + hybrid paper context	0.5	0.3	0.2	4	Hearing loss in older adults may lead to which of the following?	A. Decreased brain volume | B. Higher tau levels | C. Lower social engagement | D. Enhanced neurogenesis	A, B, C	Decreased brain volume | Higher tau levels | Lower social engagement	A, B, C	1.0	strict_partial_credit	True	0.751135	9.558	5.999	0.0	24	24	0.57467	0.480487	0.532813	0.872917	2	0	4	4	9473	True	True	False	False	False	2023-oxidative-damage-in-neurodegeneration-roles-in-the-pathogenesis-and-progression-of-alzheimer-disease.pdf | 2024 Advancements and Challenges in Antiamyloid Therapy for.pdf | 2024 Cell type-specific roles of APOE4 in Alzheimer disease.pdf | 2024 Immune Activation in Alzheimer Disease.pdf | 2024 Linking activity dyshomeostasis and sleep disturbances in Alzheimer disease.pdf | 2024 Neuroinflammation in Alzheimer disease.pdf | 2025 Oligodendrocytes in Alzheimer’s disease pathophysiology.pdf | 2025 Updates on mouse models of Alzheimer’s disease.pdf | Recent advances in Alzheimer’s disease mechanisms clinical trials and new drug development strategies.pdf | alzheimer disease  2021.pdf	"A: SUPPORTED — Hearing loss in older adults is associated with decreased brain volume, as indicated by the evidence that cognitive impairment and increased amyloid burden correlate with brain atrophy (Alzheimer disease, 2021).  
B: SUPPORTED — Higher tau levels are linked to cognitive decline and neurodegeneration in Alzheimer's disease, as tau pathology is a significant factor in the progression of the disease (Cell type-specific roles of APOE4 in Alzheimer disease, 2024).  
C: SUPPORTED — Hearing loss in older adults is associated with lower social engagement, as cognitive impairment and sensory deficits can lead to social withdrawal (Alzheimer disease, 2021).  
D: NOT SUPPORTED — There is no evidence supporting the claim that hearing loss in older adults leads to enhanced neurogenesis; rather, neurodegeneration is typically associated with cognitive decline (Oxidative damage in neurodegeneration: roles in the pathogenesis and progression of Alzheimer disease, 2023).  
ANSWER: A, B, C"	"A: SUPPORTED — Hearing loss in older adults is associated with decreased brain volume, as indicated by the evidence that cognitive impairment and increased amyloid burden correlate with brain atrophy (Alzheimer disease, 2021).  
B: SUPPORTED — Higher tau levels are linked to cognitive decline and neurodegeneration in Alzheimer's disease, as tau pathology is a significant factor in the progression of the disease (Cell type-specific roles of APOE4 in Alzheimer disease, 2024).  
C: SUPPORTED — Hearing loss in older adults is associated with lower social engagement, as cognitive impairment and sensory deficits can lead to social withdrawal (Alzheimer disease, 2021).  
D: NOT SUPPORTED — There is no evidence supporting the claim that hearing loss in older adults leads to enhanced neurogenesis; rather, neurodegeneration is typically associated with cognitive decline (Oxidative damage in neurodegeneration: roles in the pathogenesis and progression of Alzheimer disease, 2023).  
ANSWER: A, B, C"
3	3	ET-RAG	test.agent_etrag	A3	+ Hybrid context	cosine retrieval + evidence quality + temporal recency + hybrid paper context	0.5	0.3	0.2	5	Which factors have been epidemiologically linked to AD?	A. Hypoxia | B. Gut microbiota imbalance | C. High education | D. Diet	A, B, D	Hypoxia | Gut microbiota imbalance | Diet	B, C, D	0.0	strict_partial_credit	False	0.747742	5.592	2.373	0.0	20	20	0.564977	0.476555	0.509	0.87	0	0	5	4	8743	True	True	False	False	False	2023-oxidative-damage-in-neurodegeneration-roles-in-the-pathogenesis-and-progression-of-alzheimer-disease.pdf | 2024 Advancements and Challenges in Antiamyloid Therapy for.pdf | 2024 Cell type-specific roles of APOE4 in Alzheimer disease.pdf | 2024 Immune Activation in Alzheimer Disease.pdf | 2024 Linking activity dyshomeostasis and sleep disturbances in Alzheimer disease.pdf | 2024 Neuroinflammation in Alzheimer disease.pdf | 2025 Updates on mouse models of Alzheimer’s disease.pdf | Recent advances in Alzheimer’s disease mechanisms clinical trials and new drug development strategies.pdf | alzheimer disease  2021.pdf	"A: NOT SUPPORTED — There is no direct evidence linking hypoxia to an increased risk of Alzheimer's disease in the provided excerpts.  
B: SUPPORTED — The microbiota-gut-brain axis hypothesis suggests that gut microbiota imbalance may lead to systemic inflammation, which can impact neuroinflammation and contribute to Alzheimer's disease (Recent advances in Alzheimer’s disease: mechanisms, clinical trials and new drug development strategies, Unknown).  
C: SUPPORTED — Higher education is associated with a lower incidence of dementia, potentially due to educational, socio-economic, and lifestyle changes (Alzheimer disease, 2021).  
D: SUPPORTED — A balanced diet, particularly the Mediterranean diet, is linked to a reduced risk of dementia and cognitive decline (Neuroinflammation in Alzheimer disease, 2024).  
ANSWER: B, C, D"	"A: NOT SUPPORTED — There is no direct evidence linking hypoxia to an increased risk of Alzheimer's disease in the provided excerpts.  
B: SUPPORTED — The microbiota-gut-brain axis hypothesis suggests that gut microbiota imbalance may lead to systemic inflammation, which can impact neuroinflammation and contribute to Alzheimer's disease (Recent advances in Alzheimer’s disease: mechanisms, clinical trials and new drug development strategies, Unknown).  
C: SUPPORTED — Higher education is associated with a lower incidence of dementia, potentially due to educational, socio-economic, and lifestyle changes (Alzheimer disease, 2021).  
D: SUPPORTED — A balanced diet, particularly the Mediterranean diet, is linked to a reduced risk of dementia and cognitive decline (Neuroinflammation in Alzheimer disease, 2024).  
ANSWER: B, C, D"
3	3	ET-RAG	test.agent_etrag	A3	+ Hybrid context	cosine retrieval + evidence quality + temporal recency + hybrid paper context	0.5	0.3	0.2	6	Which imaging biomarkers are used in AD diagnosis?	A. Tau-PET | B. MRI | C. CT | D. FDG-PET	A, B, D	Tau-PET | MRI | FDG-PET	A, B, D	1.0	strict_partial_credit	True	0.759332	5.725	2.411	0.0	28	25	0.598092	0.540025	0.5216	0.858	0	0	6	4	9221	True	True	False	False	False	2023-oxidative-damage-in-neurodegeneration-roles-in-the-pathogenesis-and-progression-of-alzheimer-disease.pdf | 2024 Advancements and Challenges in Antiamyloid Therapy for.pdf | 2024 Immune Activation in Alzheimer Disease.pdf | 2024 Neuroinflammation in Alzheimer disease.pdf | 2025 Updates on mouse models of Alzheimer’s disease.pdf | Recent advances in Alzheimer’s disease mechanisms clinical trials and new drug development strategies.pdf | alzheimer disease  2021.pdf	"A: SUPPORTED — Tau-PET imaging allows the detection of tauopathy that is largely specific for Alzheimer's disease and is highly predictive of subsequent cognitive decline in both asymptomatic and symptomatic individuals (Alzheimer disease, 2021).  
B: SUPPORTED — Structural MRI is often used as a first step to exclude other causes of cognitive impairment and allows the assessment of macroscopic brain atrophy as a reflection of tissue loss, which is associated with Alzheimer's disease (Alzheimer disease, 2021).  
C: NOT SUPPORTED — There is no specific evidence provided that supports CT as an imaging biomarker used in the diagnosis of Alzheimer's disease (Alzheimer disease, 2021).  
D: SUPPORTED — FDG-PET has revealed a pattern of temporal-parietal and hippocampal hypometabolism that is highly characteristic of Alzheimer's disease and correlates with the overall severity of cognitive impairment (Alzheimer disease, 2021).  
ANSWER: A, B, D"	"A: SUPPORTED — Tau-PET imaging allows the detection of tauopathy that is largely specific for Alzheimer's disease and is highly predictive of subsequent cognitive decline in both asymptomatic and symptomatic individuals (Alzheimer disease, 2021).  
B: SUPPORTED — Structural MRI is often used as a first step to exclude other causes of cognitive impairment and allows the assessment of macroscopic brain atrophy as a reflection of tissue loss, which is associated with Alzheimer's disease (Alzheimer disease, 2021).  
C: NOT SUPPORTED — There is no specific evidence provided that supports CT as an imaging biomarker used in the diagnosis of Alzheimer's disease (Alzheimer disease, 2021).  
D: SUPPORTED — FDG-PET has revealed a pattern of temporal-parietal and hippocampal hypometabolism that is highly characteristic of Alzheimer's disease and correlates with the overall severity of cognitive impairment (Alzheimer disease, 2021).  
ANSWER: A, B, D"
3	3	ET-RAG	test.agent_etrag	A3	+ Hybrid context	cosine retrieval + evidence quality + temporal recency + hybrid paper context	0.5	0.3	0.2	7	What roles do CSF biomarkers play in AD diagnosis?	A. Stage disease progression | B. Diagnose mild cognitive impairment | C. Indicate tau pathology | D. Replace neuropsychological testing	A, B, C	Stage disease progression | Diagnose mild cognitive impairment | Indicate tau pathology	A, B, C	1.0	strict_partial_credit	True	0.762345	5.645	2.553	0.0	31	25	0.606699	0.554579	0.5207	0.866	0	0	5	4	7498	True	True	False	False	False	2023-oxidative-damage-in-neurodegeneration-roles-in-the-pathogenesis-and-progression-of-alzheimer-disease.pdf | 2024 Advancements and Challenges in Antiamyloid Therapy for.pdf | 2024 Immune Activation in Alzheimer Disease.pdf | 2024 Neuroinflammation in Alzheimer disease.pdf | alzheimer disease  2021.pdf	"A: SUPPORTED — CSF biomarkers such as Aβ42 and p-tau181 are recognized for their diagnostic utility in Alzheimer's disease, helping to indicate disease progression (Alzheimer disease, 2021).  
B: SUPPORTED — CSF biomarkers can help diagnose mild cognitive impairment (MCI) and predict progression to dementia (Alzheimer disease, 2021).  
C: SUPPORTED — p-tau181 is considered a specific biomarker for tau pathology in Alzheimer's disease (Alzheimer disease, 2021).  
D: NOT SUPPORTED — Neuropsychological testing is still essential for determining the severity of cognitive impairment and cannot be replaced by biomarkers alone (Alzheimer disease, 2021).  
ANSWER: A, B, C"	"A: SUPPORTED — CSF biomarkers such as Aβ42 and p-tau181 are recognized for their diagnostic utility in Alzheimer's disease, helping to indicate disease progression (Alzheimer disease, 2021).  
B: SUPPORTED — CSF biomarkers can help diagnose mild cognitive impairment (MCI) and predict progression to dementia (Alzheimer disease, 2021).  
C: SUPPORTED — p-tau181 is considered a specific biomarker for tau pathology in Alzheimer's disease (Alzheimer disease, 2021).  
D: NOT SUPPORTED — Neuropsychological testing is still essential for determining the severity of cognitive impairment and cannot be replaced by biomarkers alone (Alzheimer disease, 2021).  
ANSWER: A, B, C"
3	3	ET-RAG	test.agent_etrag	A3	+ Hybrid context	cosine retrieval + evidence quality + temporal recency + hybrid paper context	0.5	0.3	0.2	8	What effects does gut microbiota have in AD animal models?	A. Promotes inflammation | B. Improves memory | C. Impairs spatial learning | D. Reduces tau levels	A, C	Promotes inflammation | Impairs spatial learning	A, C	1.0	strict_partial_credit	True	0.753462	7.056	2.299	0.0	10	10	0.581319	0.514637	0.5	0.87	0	0	4	4	8827	True	True	False	False	False	2023-oxidative-damage-in-neurodegeneration-roles-in-the-pathogenesis-and-progression-of-alzheimer-disease.pdf | 2024 Advancements and Challenges in Antiamyloid Therapy for.pdf | 2024 Immune Activation in Alzheimer Disease.pdf | 2024 Neuroinflammation in Alzheimer disease.pdf | 2025 Updates on mouse models of Alzheimer’s disease.pdf | Recent advances in Alzheimer’s disease mechanisms clinical trials and new drug development strategies.pdf | alzheimer disease  2021.pdf	"A: SUPPORTED — The evidence indicates that the neuronal ε4 variant promotes tau phosphorylation and leads to increased neuroinflammation and cell death, as discussed in ""Neuroinflammation in Alzheimer disease"" (2024).  
B: NOT SUPPORTED — There is no evidence provided that directly supports the claim that gut microbiota improves memory in AD animal models.  
C: SUPPORTED — The evidence suggests that tauopathy mouse models exhibit increased microglial activation and neuroinflammation, which can impair spatial learning, as discussed in ""Oxidative damage in neurodegeneration: roles in the pathogenesis and progression of Alzheimer disease"" (2023).  
D: NOT SUPPORTED — The evidence indicates that microglia-secreted IL-1β participates in the hyperphosphorylation of tau, which does not support the claim that gut microbiota reduces tau levels, as discussed in ""2024 Immune Activation in Alzheimer Disease"" (2024).  

ANSWER: A, C"	"A: SUPPORTED — The evidence indicates that the neuronal ε4 variant promotes tau phosphorylation and leads to increased neuroinflammation and cell death, as discussed in ""Neuroinflammation in Alzheimer disease"" (2024).  
B: NOT SUPPORTED — There is no evidence provided that directly supports the claim that gut microbiota improves memory in AD animal models.  
C: SUPPORTED — The evidence suggests that tauopathy mouse models exhibit increased microglial activation and neuroinflammation, which can impair spatial learning, as discussed in ""Oxidative damage in neurodegeneration: roles in the pathogenesis and progression of Alzheimer disease"" (2023).  
D: NOT SUPPORTED — The evidence indicates that microglia-secreted IL-1β participates in the hyperphosphorylation of tau, which does not support the claim that gut microbiota reduces tau levels, as discussed in ""2024 Immune Activation in Alzheimer Disease"" (2024).  

ANSWER: A, C"
3	3	ET-RAG	test.agent_etrag	A3	+ Hybrid context	cosine retrieval + evidence quality + temporal recency + hybrid paper context	0.5	0.3	0.2	9	Which sleep characteristics are associated with AD?	A. Reduced REM duration | B. Abnormal slow-wave oscillations | C. Increased CSF tau during wakefulness | D. Stable sleep architecture	A, B, C	Reduced REM duration | Abnormal slow-wave oscillations | Increased CSF tau during wakefulness	A, B	0.666667	strict_partial_credit	False	0.736275	6.652	2.976	0.0	12	12	0.532214	0.414427	0.5	0.875	0	0	4	4	8963	True	True	False	False	False	2023-oxidative-damage-in-neurodegeneration-roles-in-the-pathogenesis-and-progression-of-alzheimer-disease.pdf | 2024 Advancements and Challenges in Antiamyloid Therapy for.pdf | 2024 Immune Activation in Alzheimer Disease.pdf | 2024 Linking activity dyshomeostasis and sleep disturbances in Alzheimer disease.pdf | 2024 Neuroinflammation in Alzheimer disease.pdf | 2025 Updates on mouse models of Alzheimer’s disease.pdf | Recent advances in Alzheimer’s disease mechanisms clinical trials and new drug development strategies.pdf | alzheimer disease  2021.pdf	"A: SUPPORTED — The evidence states that ""the duration of NREM3 and REM sleep stages is significantly reduced"" in Alzheimer's disease (Linking activity dyshomeostasis and sleep disturbances in Alzheimer disease, 2024).  
B: SUPPORTED — The evidence indicates that ""slow-wave deficits that are specific to lower frequencies (<1 Hz) during NREM sleep"" are observed in Alzheimer's disease (Linking activity dyshomeostasis and sleep disturbances in Alzheimer disease, 2024).  
C: NOT SUPPORTED — There is no evidence provided that directly associates increased CSF tau during wakefulness with Alzheimer's disease in the excerpts.  
D: NOT SUPPORTED — The evidence suggests that sleep architecture is disrupted in Alzheimer's disease, rather than being stable (Linking activity dyshomeostasis and sleep disturbances in Alzheimer disease, 2024).  

ANSWER: A, B"	"A: SUPPORTED — The evidence states that ""the duration of NREM3 and REM sleep stages is significantly reduced"" in Alzheimer's disease (Linking activity dyshomeostasis and sleep disturbances in Alzheimer disease, 2024).  
B: SUPPORTED — The evidence indicates that ""slow-wave deficits that are specific to lower frequencies (<1 Hz) during NREM sleep"" are observed in Alzheimer's disease (Linking activity dyshomeostasis and sleep disturbances in Alzheimer disease, 2024).  
C: NOT SUPPORTED — There is no evidence provided that directly associates increased CSF tau during wakefulness with Alzheimer's disease in the excerpts.  
D: NOT SUPPORTED — The evidence suggests that sleep architecture is disrupted in Alzheimer's disease, rather than being stable (Linking activity dyshomeostasis and sleep disturbances in Alzheimer disease, 2024).  

ANSWER: A, B"
3	3	ET-RAG	test.agent_etrag	A3	+ Hybrid context	cosine retrieval + evidence quality + temporal recency + hybrid paper context	0.5	0.3	0.2	10	Which interventions may improve cognition in MCI or early dementia?	A. Melatonin | B. Rivasti gmine | C. Suvorexant | D. Ketogenic diet	A, B, C	Melatonin | Rivasti gmine | Suvorexant	B	0.333333	strict_partial_credit	False	0.747425	6.415	3.51	0.0	23	23	0.564071	0.456469	0.549891	0.854348	0	0	3	4	9483	True	True	False	False	False	2023-oxidative-damage-in-neurodegeneration-roles-in-the-pathogenesis-and-progression-of-alzheimer-disease.pdf | 2024 Advancements and Challenges in Antiamyloid Therapy for.pdf | 2024 Linking activity dyshomeostasis and sleep disturbances in Alzheimer disease.pdf | 2025 Updates on mouse models of Alzheimer’s disease.pdf | Recent advances in Alzheimer’s disease mechanisms clinical trials and new drug development strategies.pdf | alzheimer disease  2021.pdf	"A: NOT SUPPORTED — There is no evidence indicating that melatonin improves cognition in MCI or early dementia. 

B: SUPPORTED — Rivastigmine is a cholinesterase inhibitor approved for mild to moderate dementia due to Alzheimer's disease and has shown modest benefits in delaying symptom progression (Alzheimer disease, 2021).

C: NOT SUPPORTED — There is no evidence indicating that suvorexant improves cognition in MCI or early dementia.

D: NOT SUPPORTED — There is no evidence indicating that a ketogenic diet improves cognition in MCI or early dementia.

ANSWER: B"	"A: NOT SUPPORTED — There is no evidence indicating that melatonin improves cognition in MCI or early dementia. 

B: SUPPORTED — Rivastigmine is a cholinesterase inhibitor approved for mild to moderate dementia due to Alzheimer's disease and has shown modest benefits in delaying symptom progression (Alzheimer disease, 2021).

C: NOT SUPPORTED — There is no evidence indicating that suvorexant improves cognition in MCI or early dementia.

D: NOT SUPPORTED — There is no evidence indicating that a ketogenic diet improves cognition in MCI or early dementia.

ANSWER: B"
4	3	ET-RAG	test.agent_etrag	A3	+ Hybrid context	cosine retrieval + evidence quality + temporal recency + hybrid paper context	0.5	0.3	0.2	1	Which of the following are components of the A-T-N AD biomarker framework?	A. Amyloid beta | B. Tau | C. Neurodegeneration markers | D. Synaptic vesicle proteins	A, B, C	Amyloid beta | Tau | Neurodegeneration markers	A, B, C	1.0	strict_partial_credit	True	0.760395	6.253	2.922	0.0	29	25	0.601128	0.551536	0.5072	0.866	1	0	5	4	7459	True	True	False	False	False	2023-oxidative-damage-in-neurodegeneration-roles-in-the-pathogenesis-and-progression-of-alzheimer-disease.pdf | 2024 Advancements and Challenges in Antiamyloid Therapy for.pdf | 2024 Cell type-specific roles of APOE4 in Alzheimer disease.pdf | 2024 Neuroinflammation in Alzheimer disease.pdf | alzheimer disease  2021.pdf	"A: SUPPORTED — The A-T-N framework includes amyloid beta (A), tau (T), and neurodegeneration markers (N) as core components, as stated in ""Alzheimer disease"" (2021).  
B: SUPPORTED — Tau is explicitly mentioned as a component of the A-T-N framework in ""Alzheimer disease"" (2021).  
C: SUPPORTED — Neurodegeneration markers are included in the A-T-N framework as indicated in ""Alzheimer disease"" (2021).  
D: NOT SUPPORTED — Synaptic vesicle proteins are not mentioned as a component of the A-T-N framework in the provided evidence.  
ANSWER: A, B, C"	"A: SUPPORTED — The A-T-N framework includes amyloid beta (A), tau (T), and neurodegeneration markers (N) as core components, as stated in ""Alzheimer disease"" (2021).  
B: SUPPORTED — Tau is explicitly mentioned as a component of the A-T-N framework in ""Alzheimer disease"" (2021).  
C: SUPPORTED — Neurodegeneration markers are included in the A-T-N framework as indicated in ""Alzheimer disease"" (2021).  
D: NOT SUPPORTED — Synaptic vesicle proteins are not mentioned as a component of the A-T-N framework in the provided evidence.  
ANSWER: A, B, C"
4	3	ET-RAG	test.agent_etrag	A3	+ Hybrid context	cosine retrieval + evidence quality + temporal recency + hybrid paper context	0.5	0.3	0.2	2	Which sleep-related conditions are discussed as contributing to AD progression?	A. Sleep apnea | B. Long sleep duration | C. Short sleep duration | D. Insomnia	A, B, C, D	Sleep apnea | Long sleep duration | Short sleep duration | Insomnia	A, C, D	0.75	strict_partial_credit	False	0.734406	4.921	2.169	0.0	16	16	0.526874	0.407498	0.5	0.865625	0	0	3	4	7796	True	True	False	False	False	2023-oxidative-damage-in-neurodegeneration-roles-in-the-pathogenesis-and-progression-of-alzheimer-disease.pdf | 2024 Advancements and Challenges in Antiamyloid Therapy for.pdf | 2024 Linking activity dyshomeostasis and sleep disturbances in Alzheimer disease.pdf | 2025 Oligodendrocytes in Alzheimer’s disease pathophysiology.pdf | 2025 Updates on mouse models of Alzheimer’s disease.pdf | Recent advances in Alzheimer’s disease mechanisms clinical trials and new drug development strategies.pdf | alzheimer disease  2021.pdf	"A: SUPPORTED — Sleep apnea is discussed as a comorbidity that may affect cognition in individuals with Alzheimer's disease, as noted in ""Oxidative damage in neurodegeneration: roles in the pathogenesis and progression of Alzheimer disease"" (2023).  
B: NOT SUPPORTED — There is no evidence provided that specifically discusses long sleep duration as contributing to Alzheimer's disease progression.  
C: SUPPORTED — Short sleep duration is associated with cognitive impairments in Alzheimer's disease, as indicated in ""Linking activity dyshomeostasis and sleep disturbances in Alzheimer disease"" (2024).  
D: SUPPORTED — Insomnia is mentioned as a comorbid condition that can affect cognitive function in Alzheimer's disease, as discussed in ""Linking activity dyshomeostasis and sleep disturbances in Alzheimer disease"" (2024).  
ANSWER: A, C, D"	"A: SUPPORTED — Sleep apnea is discussed as a comorbidity that may affect cognition in individuals with Alzheimer's disease, as noted in ""Oxidative damage in neurodegeneration: roles in the pathogenesis and progression of Alzheimer disease"" (2023).  
B: NOT SUPPORTED — There is no evidence provided that specifically discusses long sleep duration as contributing to Alzheimer's disease progression.  
C: SUPPORTED — Short sleep duration is associated with cognitive impairments in Alzheimer's disease, as indicated in ""Linking activity dyshomeostasis and sleep disturbances in Alzheimer disease"" (2024).  
D: SUPPORTED — Insomnia is mentioned as a comorbid condition that can affect cognitive function in Alzheimer's disease, as discussed in ""Linking activity dyshomeostasis and sleep disturbances in Alzheimer disease"" (2024).  
ANSWER: A, C, D"
4	3	ET-RAG	test.agent_etrag	A3	+ Hybrid context	cosine retrieval + evidence quality + temporal recency + hybrid paper context	0.5	0.3	0.2	3	Which interventions were identified as promising for sleep-related AD therapy?	A. CBT-I | B. Suvorexant | C. Positive airway pressure treatment | D. Ketamine	A, B, C	CBT-I | Suvorexant | Positive airway pressure treatment	A, C	0.666667	strict_partial_credit	False	0.744564	5.319	2.288	0.0	18	18	0.555898	0.443323	0.54375	0.855556	0	0	5	3	8403	True	True	False	False	False	2023-oxidative-damage-in-neurodegeneration-roles-in-the-pathogenesis-and-progression-of-alzheimer-disease.pdf | 2024 Advancements and Challenges in Antiamyloid Therapy for.pdf | 2024 Linking activity dyshomeostasis and sleep disturbances in Alzheimer disease.pdf | 2025 Updates on mouse models of Alzheimer’s disease.pdf | Recent advances in Alzheimer’s disease mechanisms clinical trials and new drug development strategies.pdf | alzheimer disease  2021.pdf	"A: SUPPORTED — Cognitive Behavioral Therapy for Insomnia (CBT-I) is discussed as a potential intervention for sleep-related issues in Alzheimer's disease (AD) in the paper ""Linking activity dyshomeostasis and sleep disturbances in Alzheimer disease"" (2024).  
B: NOT SUPPORTED — There is no direct evidence in the provided excerpts linking suvorexant to sleep-related therapy for Alzheimer's disease.  
C: SUPPORTED — Positive airway pressure treatment is mentioned as a method to treat comorbid sleep disorders, such as obstructive sleep apnea, in patients with dementia in the paper ""Alzheimer disease"" (2021).  
D: NOT SUPPORTED — There is no evidence in the provided excerpts supporting the use of ketamine for sleep-related therapy in Alzheimer's disease.  
ANSWER: A, C"	"A: SUPPORTED — Cognitive Behavioral Therapy for Insomnia (CBT-I) is discussed as a potential intervention for sleep-related issues in Alzheimer's disease (AD) in the paper ""Linking activity dyshomeostasis and sleep disturbances in Alzheimer disease"" (2024).  
B: NOT SUPPORTED — There is no direct evidence in the provided excerpts linking suvorexant to sleep-related therapy for Alzheimer's disease.  
C: SUPPORTED — Positive airway pressure treatment is mentioned as a method to treat comorbid sleep disorders, such as obstructive sleep apnea, in patients with dementia in the paper ""Alzheimer disease"" (2021).  
D: NOT SUPPORTED — There is no evidence in the provided excerpts supporting the use of ketamine for sleep-related therapy in Alzheimer's disease.  
ANSWER: A, C"
4	3	ET-RAG	test.agent_etrag	A3	+ Hybrid context	cosine retrieval + evidence quality + temporal recency + hybrid paper context	0.5	0.3	0.2	4	Hearing loss in older adults may lead to which of the following?	A. Decreased brain volume | B. Higher tau levels | C. Lower social engagement | D. Enhanced neurogenesis	A, B, C	Decreased brain volume | Higher tau levels | Lower social engagement	A, B, C	1.0	strict_partial_credit	True	0.751135	5.945	2.444	0.0	24	24	0.574671	0.480488	0.532813	0.872917	2	0	4	4	9473	True	True	False	False	False	2023-oxidative-damage-in-neurodegeneration-roles-in-the-pathogenesis-and-progression-of-alzheimer-disease.pdf | 2024 Advancements and Challenges in Antiamyloid Therapy for.pdf | 2024 Cell type-specific roles of APOE4 in Alzheimer disease.pdf | 2024 Immune Activation in Alzheimer Disease.pdf | 2024 Linking activity dyshomeostasis and sleep disturbances in Alzheimer disease.pdf | 2024 Neuroinflammation in Alzheimer disease.pdf | 2025 Oligodendrocytes in Alzheimer’s disease pathophysiology.pdf | 2025 Updates on mouse models of Alzheimer’s disease.pdf | Recent advances in Alzheimer’s disease mechanisms clinical trials and new drug development strategies.pdf | alzheimer disease  2021.pdf	"A: SUPPORTED — Hearing loss in older adults is associated with decreased brain volume, as indicated by the evidence in ""Alzheimer disease"" (2021) which discusses the relationship between cognitive impairment and brain atrophy.  
B: SUPPORTED — Higher tau levels are linked to cognitive decline in older adults, as noted in ""Cell type-specific roles of APOE4 in Alzheimer disease"" (2024), which describes the accumulation of hyperphosphorylated tau in Alzheimer's disease.  
C: SUPPORTED — Lower social engagement is a common consequence of cognitive decline in older adults, as mentioned in ""Alzheimer disease"" (2021), which highlights the impact of cognitive impairment on social interactions.  
D: NOT SUPPORTED — There is no evidence in the provided excerpts that supports the claim that hearing loss in older adults leads to enhanced neurogenesis.  

ANSWER: A, B, C"	"A: SUPPORTED — Hearing loss in older adults is associated with decreased brain volume, as indicated by the evidence in ""Alzheimer disease"" (2021) which discusses the relationship between cognitive impairment and brain atrophy.  
B: SUPPORTED — Higher tau levels are linked to cognitive decline in older adults, as noted in ""Cell type-specific roles of APOE4 in Alzheimer disease"" (2024), which describes the accumulation of hyperphosphorylated tau in Alzheimer's disease.  
C: SUPPORTED — Lower social engagement is a common consequence of cognitive decline in older adults, as mentioned in ""Alzheimer disease"" (2021), which highlights the impact of cognitive impairment on social interactions.  
D: NOT SUPPORTED — There is no evidence in the provided excerpts that supports the claim that hearing loss in older adults leads to enhanced neurogenesis.  

ANSWER: A, B, C"
4	3	ET-RAG	test.agent_etrag	A3	+ Hybrid context	cosine retrieval + evidence quality + temporal recency + hybrid paper context	0.5	0.3	0.2	5	Which factors have been epidemiologically linked to AD?	A. Hypoxia | B. Gut microbiota imbalance | C. High education | D. Diet	A, B, D	Hypoxia | Gut microbiota imbalance | Diet	B, C, D	0.0	strict_partial_credit	False	0.747742	5.009	2.156	0.0	20	20	0.564978	0.476555	0.509	0.87	0	0	5	4	8743	True	True	False	False	False	2023-oxidative-damage-in-neurodegeneration-roles-in-the-pathogenesis-and-progression-of-alzheimer-disease.pdf | 2024 Advancements and Challenges in Antiamyloid Therapy for.pdf | 2024 Cell type-specific roles of APOE4 in Alzheimer disease.pdf | 2024 Immune Activation in Alzheimer Disease.pdf | 2024 Linking activity dyshomeostasis and sleep disturbances in Alzheimer disease.pdf | 2024 Neuroinflammation in Alzheimer disease.pdf | 2025 Updates on mouse models of Alzheimer’s disease.pdf | Recent advances in Alzheimer’s disease mechanisms clinical trials and new drug development strategies.pdf | alzheimer disease  2021.pdf	"A: NOT SUPPORTED — There is no direct evidence linking hypoxia to an increased risk of Alzheimer's disease in the provided excerpts.  
B: SUPPORTED — The microbiota-gut-brain axis hypothesis suggests that gut microbiota imbalance may lead to systemic inflammation, which can impact neuroinflammation and contribute to Alzheimer's disease (Recent advances in Alzheimer’s disease: mechanisms, clinical trials and new drug development strategies, Unknown).  
C: SUPPORTED — Higher education is associated with a lower incidence of dementia, potentially due to educational, socio-economic, and lifestyle changes (Alzheimer disease, 2021).  
D: SUPPORTED — A balanced diet, particularly the Mediterranean diet, is linked to a reduced risk of dementia and cognitive decline (Neuroinflammation in Alzheimer disease, 2024).  
ANSWER: B, C, D"	"A: NOT SUPPORTED — There is no direct evidence linking hypoxia to an increased risk of Alzheimer's disease in the provided excerpts.  
B: SUPPORTED — The microbiota-gut-brain axis hypothesis suggests that gut microbiota imbalance may lead to systemic inflammation, which can impact neuroinflammation and contribute to Alzheimer's disease (Recent advances in Alzheimer’s disease: mechanisms, clinical trials and new drug development strategies, Unknown).  
C: SUPPORTED — Higher education is associated with a lower incidence of dementia, potentially due to educational, socio-economic, and lifestyle changes (Alzheimer disease, 2021).  
D: SUPPORTED — A balanced diet, particularly the Mediterranean diet, is linked to a reduced risk of dementia and cognitive decline (Neuroinflammation in Alzheimer disease, 2024).  
ANSWER: B, C, D"
4	3	ET-RAG	test.agent_etrag	A3	+ Hybrid context	cosine retrieval + evidence quality + temporal recency + hybrid paper context	0.5	0.3	0.2	6	Which imaging biomarkers are used in AD diagnosis?	A. Tau-PET | B. MRI | C. CT | D. FDG-PET	A, B, D	Tau-PET | MRI | FDG-PET	A, B, D	1.0	strict_partial_credit	True	0.759332	5.483	2.429	0.0	28	25	0.598092	0.540025	0.5216	0.858	0	0	6	4	9221	True	True	False	False	False	2023-oxidative-damage-in-neurodegeneration-roles-in-the-pathogenesis-and-progression-of-alzheimer-disease.pdf | 2024 Advancements and Challenges in Antiamyloid Therapy for.pdf | 2024 Immune Activation in Alzheimer Disease.pdf | 2024 Neuroinflammation in Alzheimer disease.pdf | 2025 Updates on mouse models of Alzheimer’s disease.pdf | Recent advances in Alzheimer’s disease mechanisms clinical trials and new drug development strategies.pdf | alzheimer disease  2021.pdf	"A: SUPPORTED — Tau-PET imaging allows the detection of tauopathy that is largely specific for Alzheimer's disease and is highly predictive of subsequent cognitive decline in both asymptomatic and symptomatic individuals (Alzheimer disease, 2021).  
B: SUPPORTED — Structural MRI is often used as a first step to exclude other causes of cognitive impairment and allows the assessment of macroscopic brain atrophy as a reflection of tissue loss, which is associated with Alzheimer's disease (Alzheimer disease, 2021).  
C: NOT SUPPORTED — There is no specific evidence provided that supports CT as a biomarker used in the diagnosis of Alzheimer's disease (Alzheimer disease, 2021).  
D: SUPPORTED — FDG-PET has revealed a pattern of temporal-parietal and hippocampal hypometabolism that is highly characteristic of Alzheimer's disease and correlates with the overall severity of cognitive impairment (Alzheimer disease, 2021).  
ANSWER: A, B, D"	"A: SUPPORTED — Tau-PET imaging allows the detection of tauopathy that is largely specific for Alzheimer's disease and is highly predictive of subsequent cognitive decline in both asymptomatic and symptomatic individuals (Alzheimer disease, 2021).  
B: SUPPORTED — Structural MRI is often used as a first step to exclude other causes of cognitive impairment and allows the assessment of macroscopic brain atrophy as a reflection of tissue loss, which is associated with Alzheimer's disease (Alzheimer disease, 2021).  
C: NOT SUPPORTED — There is no specific evidence provided that supports CT as a biomarker used in the diagnosis of Alzheimer's disease (Alzheimer disease, 2021).  
D: SUPPORTED — FDG-PET has revealed a pattern of temporal-parietal and hippocampal hypometabolism that is highly characteristic of Alzheimer's disease and correlates with the overall severity of cognitive impairment (Alzheimer disease, 2021).  
ANSWER: A, B, D"
4	3	ET-RAG	test.agent_etrag	A3	+ Hybrid context	cosine retrieval + evidence quality + temporal recency + hybrid paper context	0.5	0.3	0.2	7	What roles do CSF biomarkers play in AD diagnosis?	A. Stage disease progression | B. Diagnose mild cognitive impairment | C. Indicate tau pathology | D. Replace neuropsychological testing	A, B, C	Stage disease progression | Diagnose mild cognitive impairment | Indicate tau pathology	A, B, C	1.0	strict_partial_credit	True	0.762334	39.519	2.193	0.0	31	25	0.606668	0.554516	0.5207	0.866	0	0	5	4	7498	True	True	False	False	False	2023-oxidative-damage-in-neurodegeneration-roles-in-the-pathogenesis-and-progression-of-alzheimer-disease.pdf | 2024 Advancements and Challenges in Antiamyloid Therapy for.pdf | 2024 Immune Activation in Alzheimer Disease.pdf | 2024 Neuroinflammation in Alzheimer disease.pdf | alzheimer disease  2021.pdf	"A: SUPPORTED — CSF biomarkers are recognized by research guidelines for their diagnostic utility in Alzheimer's disease, including the staging of disease progression (Alzheimer disease, 2021).  
B: SUPPORTED — CSF biomarkers can help diagnose mild cognitive impairment, as individuals with abnormal Aβ biomarkers are at increased risk for cognitive decline (Alzheimer disease, 2021).  
C: SUPPORTED — p-tau181 is considered a specific biomarker for tau pathology in Alzheimer's disease (Alzheimer disease, 2021).  
D: NOT SUPPORTED — Neuropsychological testing is still considered beneficial for determining the severity of cognitive impairment and cannot be replaced by biomarkers alone (Alzheimer disease, 2021).  
ANSWER: A, B, C"	"A: SUPPORTED — CSF biomarkers are recognized by research guidelines for their diagnostic utility in Alzheimer's disease, including the staging of disease progression (Alzheimer disease, 2021).  
B: SUPPORTED — CSF biomarkers can help diagnose mild cognitive impairment, as individuals with abnormal Aβ biomarkers are at increased risk for cognitive decline (Alzheimer disease, 2021).  
C: SUPPORTED — p-tau181 is considered a specific biomarker for tau pathology in Alzheimer's disease (Alzheimer disease, 2021).  
D: NOT SUPPORTED — Neuropsychological testing is still considered beneficial for determining the severity of cognitive impairment and cannot be replaced by biomarkers alone (Alzheimer disease, 2021).  
ANSWER: A, B, C"
4	3	ET-RAG	test.agent_etrag	A3	+ Hybrid context	cosine retrieval + evidence quality + temporal recency + hybrid paper context	0.5	0.3	0.2	8	What effects does gut microbiota have in AD animal models?	A. Promotes inflammation | B. Improves memory | C. Impairs spatial learning | D. Reduces tau levels	A, C	Promotes inflammation | Impairs spatial learning	A, C	1.0	strict_partial_credit	True	0.753462	6.506	2.575	0.0	10	10	0.581319	0.514637	0.5	0.87	0	0	4	4	8827	True	True	False	False	False	2023-oxidative-damage-in-neurodegeneration-roles-in-the-pathogenesis-and-progression-of-alzheimer-disease.pdf | 2024 Advancements and Challenges in Antiamyloid Therapy for.pdf | 2024 Immune Activation in Alzheimer Disease.pdf | 2024 Neuroinflammation in Alzheimer disease.pdf | 2025 Updates on mouse models of Alzheimer’s disease.pdf | Recent advances in Alzheimer’s disease mechanisms clinical trials and new drug development strategies.pdf | alzheimer disease  2021.pdf	"A: SUPPORTED — The evidence indicates that the neuronal ε4 variant promotes tau phosphorylation and leads to increased neuroinflammation and cell death, as discussed in ""Neuroinflammation in Alzheimer disease"" (2024).  
B: NOT SUPPORTED — There is no evidence provided that directly supports the claim that gut microbiota improves memory in AD animal models.  
C: SUPPORTED — The evidence suggests that tauopathy mouse models exhibit increased microglial activation and neuroinflammation, which can impair spatial learning, as indicated in ""Oxidative damage in neurodegeneration: roles in the pathogenesis and progression of Alzheimer disease"" (2023).  
D: NOT SUPPORTED — The evidence does not support the claim that gut microbiota reduces tau levels; rather, it discusses the role of microglia in tau hyperphosphorylation and neurofibrillary tangle formation in ""2024 Immune Activation in Alzheimer Disease"" (2024).  

ANSWER: A, C"	"A: SUPPORTED — The evidence indicates that the neuronal ε4 variant promotes tau phosphorylation and leads to increased neuroinflammation and cell death, as discussed in ""Neuroinflammation in Alzheimer disease"" (2024).  
B: NOT SUPPORTED — There is no evidence provided that directly supports the claim that gut microbiota improves memory in AD animal models.  
C: SUPPORTED — The evidence suggests that tauopathy mouse models exhibit increased microglial activation and neuroinflammation, which can impair spatial learning, as indicated in ""Oxidative damage in neurodegeneration: roles in the pathogenesis and progression of Alzheimer disease"" (2023).  
D: NOT SUPPORTED — The evidence does not support the claim that gut microbiota reduces tau levels; rather, it discusses the role of microglia in tau hyperphosphorylation and neurofibrillary tangle formation in ""2024 Immune Activation in Alzheimer Disease"" (2024).  

ANSWER: A, C"
4	3	ET-RAG	test.agent_etrag	A3	+ Hybrid context	cosine retrieval + evidence quality + temporal recency + hybrid paper context	0.5	0.3	0.2	9	Which sleep characteristics are associated with AD?	A. Reduced REM duration | B. Abnormal slow-wave oscillations | C. Increased CSF tau during wakefulness | D. Stable sleep architecture	A, B, C	Reduced REM duration | Abnormal slow-wave oscillations | Increased CSF tau during wakefulness	A, B	0.666667	strict_partial_credit	False	0.73628	5.746	2.235	0.0	12	12	0.532228	0.414457	0.5	0.875	0	0	4	4	8963	True	True	False	False	False	2023-oxidative-damage-in-neurodegeneration-roles-in-the-pathogenesis-and-progression-of-alzheimer-disease.pdf | 2024 Advancements and Challenges in Antiamyloid Therapy for.pdf | 2024 Immune Activation in Alzheimer Disease.pdf | 2024 Linking activity dyshomeostasis and sleep disturbances in Alzheimer disease.pdf | 2024 Neuroinflammation in Alzheimer disease.pdf | 2025 Updates on mouse models of Alzheimer’s disease.pdf | Recent advances in Alzheimer’s disease mechanisms clinical trials and new drug development strategies.pdf | alzheimer disease  2021.pdf	"A: SUPPORTED — The evidence states that ""the duration of NREM3 and REM sleep stages is significantly reduced"" in Alzheimer's disease (Linking activity dyshomeostasis and sleep disturbances in Alzheimer disease, 2024).  
B: SUPPORTED — The evidence indicates that ""slow-wave deficits that are specific to lower frequencies (<1 Hz) during NREM sleep"" are observed in Alzheimer's disease (Linking activity dyshomeostasis and sleep disturbances in Alzheimer disease, 2024).  
C: NOT SUPPORTED — There is no evidence provided that directly associates increased CSF tau during wakefulness with Alzheimer's disease in the excerpts.  
D: NOT SUPPORTED — The evidence suggests that sleep architecture is disrupted in Alzheimer's disease, rather than being stable (Linking activity dyshomeostasis and sleep disturbances in Alzheimer disease, 2024).  

ANSWER: A, B"	"A: SUPPORTED — The evidence states that ""the duration of NREM3 and REM sleep stages is significantly reduced"" in Alzheimer's disease (Linking activity dyshomeostasis and sleep disturbances in Alzheimer disease, 2024).  
B: SUPPORTED — The evidence indicates that ""slow-wave deficits that are specific to lower frequencies (<1 Hz) during NREM sleep"" are observed in Alzheimer's disease (Linking activity dyshomeostasis and sleep disturbances in Alzheimer disease, 2024).  
C: NOT SUPPORTED — There is no evidence provided that directly associates increased CSF tau during wakefulness with Alzheimer's disease in the excerpts.  
D: NOT SUPPORTED — The evidence suggests that sleep architecture is disrupted in Alzheimer's disease, rather than being stable (Linking activity dyshomeostasis and sleep disturbances in Alzheimer disease, 2024).  

ANSWER: A, B"
4	3	ET-RAG	test.agent_etrag	A3	+ Hybrid context	cosine retrieval + evidence quality + temporal recency + hybrid paper context	0.5	0.3	0.2	10	Which interventions may improve cognition in MCI or early dementia?	A. Melatonin | B. Rivasti gmine | C. Suvorexant | D. Ketogenic diet	A, B, C	Melatonin | Rivasti gmine | Suvorexant	B	0.333333	strict_partial_credit	False	0.747425	5.917	2.244	0.0	23	23	0.564071	0.456468	0.549891	0.854348	0	0	3	4	9483	True	True	False	False	False	2023-oxidative-damage-in-neurodegeneration-roles-in-the-pathogenesis-and-progression-of-alzheimer-disease.pdf | 2024 Advancements and Challenges in Antiamyloid Therapy for.pdf | 2024 Linking activity dyshomeostasis and sleep disturbances in Alzheimer disease.pdf | 2025 Updates on mouse models of Alzheimer’s disease.pdf | Recent advances in Alzheimer’s disease mechanisms clinical trials and new drug development strategies.pdf | alzheimer disease  2021.pdf	"A: NOT SUPPORTED — There is no evidence indicating that melatonin improves cognition in MCI or early dementia. 

B: SUPPORTED — Rivastigmine is a cholinesterase inhibitor approved for mild to moderate dementia due to Alzheimer's disease and has shown modest benefits in delaying symptom progression (Alzheimer disease, 2021).

C: NOT SUPPORTED — There is no evidence indicating that suvorexant improves cognition in MCI or early dementia.

D: NOT SUPPORTED — There is no evidence indicating that a ketogenic diet improves cognition in MCI or early dementia.

ANSWER: B"	"A: NOT SUPPORTED — There is no evidence indicating that melatonin improves cognition in MCI or early dementia. 

B: SUPPORTED — Rivastigmine is a cholinesterase inhibitor approved for mild to moderate dementia due to Alzheimer's disease and has shown modest benefits in delaying symptom progression (Alzheimer disease, 2021).

C: NOT SUPPORTED — There is no evidence indicating that suvorexant improves cognition in MCI or early dementia.

D: NOT SUPPORTED — There is no evidence indicating that a ketogenic diet improves cognition in MCI or early dementia.

ANSWER: B"
5	3	ET-RAG	test.agent_etrag	A3	+ Hybrid context	cosine retrieval + evidence quality + temporal recency + hybrid paper context	0.5	0.3	0.2	1	Which of the following are components of the A-T-N AD biomarker framework?	A. Amyloid beta | B. Tau | C. Neurodegeneration markers | D. Synaptic vesicle proteins	A, B, C	Amyloid beta | Tau | Neurodegeneration markers	A, B, C	1.0	strict_partial_credit	True	0.760394	5.72	2.739	0.0	29	25	0.601124	0.551529	0.5072	0.866	1	0	5	4	7459	True	True	False	False	False	2023-oxidative-damage-in-neurodegeneration-roles-in-the-pathogenesis-and-progression-of-alzheimer-disease.pdf | 2024 Advancements and Challenges in Antiamyloid Therapy for.pdf | 2024 Cell type-specific roles of APOE4 in Alzheimer disease.pdf | 2024 Neuroinflammation in Alzheimer disease.pdf | alzheimer disease  2021.pdf	"A: SUPPORTED — The A-T-N framework includes amyloid beta (A), tau (T), and neurodegeneration markers (N) as core components, as stated in ""Alzheimer disease"" (2021).  
B: SUPPORTED — Tau is explicitly mentioned as a component of the A-T-N framework in ""Alzheimer disease"" (2021).  
C: SUPPORTED — Neurodegeneration markers are identified as part of the A-T-N framework in ""Alzheimer disease"" (2021).  
D: NOT SUPPORTED — Synaptic vesicle proteins are not mentioned as a component of the A-T-N framework in the provided evidence.  
ANSWER: A, B, C"	"A: SUPPORTED — The A-T-N framework includes amyloid beta (A), tau (T), and neurodegeneration markers (N) as core components, as stated in ""Alzheimer disease"" (2021).  
B: SUPPORTED — Tau is explicitly mentioned as a component of the A-T-N framework in ""Alzheimer disease"" (2021).  
C: SUPPORTED — Neurodegeneration markers are identified as part of the A-T-N framework in ""Alzheimer disease"" (2021).  
D: NOT SUPPORTED — Synaptic vesicle proteins are not mentioned as a component of the A-T-N framework in the provided evidence.  
ANSWER: A, B, C"
5	3	ET-RAG	test.agent_etrag	A3	+ Hybrid context	cosine retrieval + evidence quality + temporal recency + hybrid paper context	0.5	0.3	0.2	2	Which sleep-related conditions are discussed as contributing to AD progression?	A. Sleep apnea | B. Long sleep duration | C. Short sleep duration | D. Insomnia	A, B, C, D	Sleep apnea | Long sleep duration | Short sleep duration | Insomnia	A, C, D	0.75	strict_partial_credit	False	0.734406	5.411	2.239	0.0	16	16	0.526874	0.407498	0.5	0.865625	0	0	3	4	7796	True	True	False	False	False	2023-oxidative-damage-in-neurodegeneration-roles-in-the-pathogenesis-and-progression-of-alzheimer-disease.pdf | 2024 Advancements and Challenges in Antiamyloid Therapy for.pdf | 2024 Linking activity dyshomeostasis and sleep disturbances in Alzheimer disease.pdf | 2025 Oligodendrocytes in Alzheimer’s disease pathophysiology.pdf | 2025 Updates on mouse models of Alzheimer’s disease.pdf | Recent advances in Alzheimer’s disease mechanisms clinical trials and new drug development strategies.pdf | alzheimer disease  2021.pdf	"A: SUPPORTED — Sleep apnea is discussed as a comorbidity that may affect cognition in individuals with Alzheimer's disease, as noted in ""Oxidative damage in neurodegeneration: roles in the pathogenesis and progression of Alzheimer disease"" (2023).  
B: NOT SUPPORTED — There is no direct evidence linking long sleep duration to the progression of Alzheimer's disease in the provided excerpts.  
C: SUPPORTED — Short sleep duration is associated with cognitive impairments in Alzheimer's disease, as indicated in ""Linking activity dyshomeostasis and sleep disturbances in Alzheimer disease"" (2024).  
D: SUPPORTED — Insomnia is mentioned as a sleep disorder that can affect cognitive function in Alzheimer's disease, as discussed in ""Linking activity dyshomeostasis and sleep disturbances in Alzheimer disease"" (2024).  
ANSWER: A, C, D"	"A: SUPPORTED — Sleep apnea is discussed as a comorbidity that may affect cognition in individuals with Alzheimer's disease, as noted in ""Oxidative damage in neurodegeneration: roles in the pathogenesis and progression of Alzheimer disease"" (2023).  
B: NOT SUPPORTED — There is no direct evidence linking long sleep duration to the progression of Alzheimer's disease in the provided excerpts.  
C: SUPPORTED — Short sleep duration is associated with cognitive impairments in Alzheimer's disease, as indicated in ""Linking activity dyshomeostasis and sleep disturbances in Alzheimer disease"" (2024).  
D: SUPPORTED — Insomnia is mentioned as a sleep disorder that can affect cognitive function in Alzheimer's disease, as discussed in ""Linking activity dyshomeostasis and sleep disturbances in Alzheimer disease"" (2024).  
ANSWER: A, C, D"
5	3	ET-RAG	test.agent_etrag	A3	+ Hybrid context	cosine retrieval + evidence quality + temporal recency + hybrid paper context	0.5	0.3	0.2	3	Which interventions were identified as promising for sleep-related AD therapy?	A. CBT-I | B. Suvorexant | C. Positive airway pressure treatment | D. Ketamine	A, B, C	CBT-I | Suvorexant | Positive airway pressure treatment	A, C	0.666667	strict_partial_credit	False	0.744564	5.931	2.287	0.0	18	18	0.555899	0.443325	0.54375	0.855556	0	0	5	3	8403	True	True	False	False	False	2023-oxidative-damage-in-neurodegeneration-roles-in-the-pathogenesis-and-progression-of-alzheimer-disease.pdf | 2024 Advancements and Challenges in Antiamyloid Therapy for.pdf | 2024 Linking activity dyshomeostasis and sleep disturbances in Alzheimer disease.pdf | 2025 Updates on mouse models of Alzheimer’s disease.pdf | Recent advances in Alzheimer’s disease mechanisms clinical trials and new drug development strategies.pdf | alzheimer disease  2021.pdf	"A: SUPPORTED — Cognitive Behavioral Therapy for Insomnia (CBT-I) is discussed as a potential intervention for sleep-related issues in Alzheimer's disease (AD) in the paper ""Linking activity dyshomeostasis and sleep disturbances in Alzheimer disease"" (2024).  
B: NOT SUPPORTED — There is no direct evidence in the provided excerpts linking suvorexant as a promising intervention for sleep-related AD therapy.  
C: SUPPORTED — Positive airway pressure treatment is mentioned as a necessary intervention for comorbid sleep disorders like obstructive sleep apnea in patients with dementia, as noted in the paper ""Alzheimer disease"" (2021).  
D: NOT SUPPORTED — There is no evidence in the provided excerpts supporting ketamine as a promising intervention for sleep-related AD therapy.  
ANSWER: A, C"	"A: SUPPORTED — Cognitive Behavioral Therapy for Insomnia (CBT-I) is discussed as a potential intervention for sleep-related issues in Alzheimer's disease (AD) in the paper ""Linking activity dyshomeostasis and sleep disturbances in Alzheimer disease"" (2024).  
B: NOT SUPPORTED — There is no direct evidence in the provided excerpts linking suvorexant as a promising intervention for sleep-related AD therapy.  
C: SUPPORTED — Positive airway pressure treatment is mentioned as a necessary intervention for comorbid sleep disorders like obstructive sleep apnea in patients with dementia, as noted in the paper ""Alzheimer disease"" (2021).  
D: NOT SUPPORTED — There is no evidence in the provided excerpts supporting ketamine as a promising intervention for sleep-related AD therapy.  
ANSWER: A, C"
5	3	ET-RAG	test.agent_etrag	A3	+ Hybrid context	cosine retrieval + evidence quality + temporal recency + hybrid paper context	0.5	0.3	0.2	4	Hearing loss in older adults may lead to which of the following?	A. Decreased brain volume | B. Higher tau levels | C. Lower social engagement | D. Enhanced neurogenesis	A, B, C	Decreased brain volume | Higher tau levels | Lower social engagement	A, B, C	1.0	strict_partial_credit	True	0.751134	6.069	2.295	0.0	24	24	0.574669	0.480483	0.532813	0.872917	2	0	4	4	9473	True	True	False	False	False	2023-oxidative-damage-in-neurodegeneration-roles-in-the-pathogenesis-and-progression-of-alzheimer-disease.pdf | 2024 Advancements and Challenges in Antiamyloid Therapy for.pdf | 2024 Cell type-specific roles of APOE4 in Alzheimer disease.pdf | 2024 Immune Activation in Alzheimer Disease.pdf | 2024 Linking activity dyshomeostasis and sleep disturbances in Alzheimer disease.pdf | 2024 Neuroinflammation in Alzheimer disease.pdf | 2025 Oligodendrocytes in Alzheimer’s disease pathophysiology.pdf | 2025 Updates on mouse models of Alzheimer’s disease.pdf | Recent advances in Alzheimer’s disease mechanisms clinical trials and new drug development strategies.pdf | alzheimer disease  2021.pdf	"A: SUPPORTED — Hearing loss in older adults is associated with decreased brain volume, as indicated by the evidence that cognitive impairment and increased amyloid burden correlate with accelerated regional atrophy in the temporal and parietal isocortex (Alzheimer disease, 2021).  
B: SUPPORTED — Higher tau levels are associated with cognitive decline and neurodegeneration, as evidenced by the relationship between tau pathology and cognitive deficits in Alzheimer disease (Cell type-specific roles of APOE4 in Alzheimer disease, 2024).  
C: SUPPORTED — Hearing loss in older adults can lead to lower social engagement, as social withdrawal is a common symptom observed in individuals with cognitive impairment (Alzheimer disease, 2021).  
D: NOT SUPPORTED — There is no evidence supporting the claim that hearing loss in older adults leads to enhanced neurogenesis; rather, neurodegenerative processes are typically associated with reduced neurogenesis (Oxidative damage in neurodegeneration: roles in the pathogenesis and progression of Alzheimer disease, 2023).  
ANSWER: A, B, C"	"A: SUPPORTED — Hearing loss in older adults is associated with decreased brain volume, as indicated by the evidence that cognitive impairment and increased amyloid burden correlate with accelerated regional atrophy in the temporal and parietal isocortex (Alzheimer disease, 2021).  
B: SUPPORTED — Higher tau levels are associated with cognitive decline and neurodegeneration, as evidenced by the relationship between tau pathology and cognitive deficits in Alzheimer disease (Cell type-specific roles of APOE4 in Alzheimer disease, 2024).  
C: SUPPORTED — Hearing loss in older adults can lead to lower social engagement, as social withdrawal is a common symptom observed in individuals with cognitive impairment (Alzheimer disease, 2021).  
D: NOT SUPPORTED — There is no evidence supporting the claim that hearing loss in older adults leads to enhanced neurogenesis; rather, neurodegenerative processes are typically associated with reduced neurogenesis (Oxidative damage in neurodegeneration: roles in the pathogenesis and progression of Alzheimer disease, 2023).  
ANSWER: A, B, C"
5	3	ET-RAG	test.agent_etrag	A3	+ Hybrid context	cosine retrieval + evidence quality + temporal recency + hybrid paper context	0.5	0.3	0.2	5	Which factors have been epidemiologically linked to AD?	A. Hypoxia | B. Gut microbiota imbalance | C. High education | D. Diet	A, B, D	Hypoxia | Gut microbiota imbalance | Diet	B, C, D	0.0	strict_partial_credit	False	0.747742	6.345	2.46	0.0	20	20	0.564978	0.476555	0.509	0.87	0	0	5	4	8743	True	True	False	False	False	2023-oxidative-damage-in-neurodegeneration-roles-in-the-pathogenesis-and-progression-of-alzheimer-disease.pdf | 2024 Advancements and Challenges in Antiamyloid Therapy for.pdf | 2024 Cell type-specific roles of APOE4 in Alzheimer disease.pdf | 2024 Immune Activation in Alzheimer Disease.pdf | 2024 Linking activity dyshomeostasis and sleep disturbances in Alzheimer disease.pdf | 2024 Neuroinflammation in Alzheimer disease.pdf | 2025 Updates on mouse models of Alzheimer’s disease.pdf | Recent advances in Alzheimer’s disease mechanisms clinical trials and new drug development strategies.pdf | alzheimer disease  2021.pdf	"A: NOT SUPPORTED — There is no direct evidence linking hypoxia to an increased risk or burden of Alzheimer's disease (AD) in the provided excerpts. 

B: SUPPORTED — The microbiota-gut-brain axis hypothesis suggests that gut microbiota imbalance may lead to systemic inflammation, which can impact neuroinflammation and contribute to AD (Recent advances in Alzheimer’s disease: mechanisms, clinical trials and new drug development strategies, Unknown).

C: SUPPORTED — Higher education levels are associated with a lower incidence of dementia, which may suggest a protective effect against AD (Alzheimer disease, 2021).

D: SUPPORTED — A balanced diet, particularly the Mediterranean diet, is linked to a reduced risk of dementia and cognitive decline, indicating its relevance to AD (Neuroinflammation in Alzheimer disease, 2024).

ANSWER: B, C, D"	"A: NOT SUPPORTED — There is no direct evidence linking hypoxia to an increased risk or burden of Alzheimer's disease (AD) in the provided excerpts. 

B: SUPPORTED — The microbiota-gut-brain axis hypothesis suggests that gut microbiota imbalance may lead to systemic inflammation, which can impact neuroinflammation and contribute to AD (Recent advances in Alzheimer’s disease: mechanisms, clinical trials and new drug development strategies, Unknown).

C: SUPPORTED — Higher education levels are associated with a lower incidence of dementia, which may suggest a protective effect against AD (Alzheimer disease, 2021).

D: SUPPORTED — A balanced diet, particularly the Mediterranean diet, is linked to a reduced risk of dementia and cognitive decline, indicating its relevance to AD (Neuroinflammation in Alzheimer disease, 2024).

ANSWER: B, C, D"
5	3	ET-RAG	test.agent_etrag	A3	+ Hybrid context	cosine retrieval + evidence quality + temporal recency + hybrid paper context	0.5	0.3	0.2	6	Which imaging biomarkers are used in AD diagnosis?	A. Tau-PET | B. MRI | C. CT | D. FDG-PET	A, B, D	Tau-PET | MRI | FDG-PET	A, B, D	1.0	strict_partial_credit	True	0.75936	5.982	2.725	0.0	28	25	0.598172	0.540183	0.5216	0.858	0	0	6	4	9221	True	True	False	False	False	2023-oxidative-damage-in-neurodegeneration-roles-in-the-pathogenesis-and-progression-of-alzheimer-disease.pdf | 2024 Advancements and Challenges in Antiamyloid Therapy for.pdf | 2024 Immune Activation in Alzheimer Disease.pdf | 2024 Neuroinflammation in Alzheimer disease.pdf | 2025 Updates on mouse models of Alzheimer’s disease.pdf | Recent advances in Alzheimer’s disease mechanisms clinical trials and new drug development strategies.pdf | alzheimer disease  2021.pdf	"A: SUPPORTED — Tau-PET imaging allows the detection of tauopathy that is largely specific for Alzheimer's disease and is highly predictive of subsequent cognitive decline in both asymptomatic and symptomatic individuals (Alzheimer disease, 2021).  
B: SUPPORTED — Structural MRI is often used as a first step to exclude other causes of cognitive impairment and allows the assessment of macroscopic brain atrophy as a reflection of tissue loss, which is associated with Alzheimer's disease (Alzheimer disease, 2021).  
C: NOT SUPPORTED — There is no specific evidence provided that supports CT as an imaging biomarker used in the diagnosis of Alzheimer's disease (Alzheimer disease, 2021).  
D: SUPPORTED — FDG-PET has revealed a pattern of temporal-parietal and hippocampal hypometabolism that is highly characteristic of Alzheimer's disease and correlates with the overall severity of cognitive impairment (Alzheimer disease, 2021).  
ANSWER: A, B, D"	"A: SUPPORTED — Tau-PET imaging allows the detection of tauopathy that is largely specific for Alzheimer's disease and is highly predictive of subsequent cognitive decline in both asymptomatic and symptomatic individuals (Alzheimer disease, 2021).  
B: SUPPORTED — Structural MRI is often used as a first step to exclude other causes of cognitive impairment and allows the assessment of macroscopic brain atrophy as a reflection of tissue loss, which is associated with Alzheimer's disease (Alzheimer disease, 2021).  
C: NOT SUPPORTED — There is no specific evidence provided that supports CT as an imaging biomarker used in the diagnosis of Alzheimer's disease (Alzheimer disease, 2021).  
D: SUPPORTED — FDG-PET has revealed a pattern of temporal-parietal and hippocampal hypometabolism that is highly characteristic of Alzheimer's disease and correlates with the overall severity of cognitive impairment (Alzheimer disease, 2021).  
ANSWER: A, B, D"
5	3	ET-RAG	test.agent_etrag	A3	+ Hybrid context	cosine retrieval + evidence quality + temporal recency + hybrid paper context	0.5	0.3	0.2	7	What roles do CSF biomarkers play in AD diagnosis?	A. Stage disease progression | B. Diagnose mild cognitive impairment | C. Indicate tau pathology | D. Replace neuropsychological testing	A, B, C	Stage disease progression | Diagnose mild cognitive impairment | Indicate tau pathology	A, B, C	1.0	strict_partial_credit	True	0.762349	6.21	2.422	0.0	31	25	0.606712	0.554604	0.5207	0.866	0	0	5	4	7498	True	True	False	False	False	2023-oxidative-damage-in-neurodegeneration-roles-in-the-pathogenesis-and-progression-of-alzheimer-disease.pdf | 2024 Advancements and Challenges in Antiamyloid Therapy for.pdf | 2024 Immune Activation in Alzheimer Disease.pdf | 2024 Neuroinflammation in Alzheimer disease.pdf | alzheimer disease  2021.pdf	"A: SUPPORTED — CSF biomarkers are recognized by research guidelines for their diagnostic utility in Alzheimer's disease, including the staging of disease progression (Alzheimer disease, 2021).  
B: SUPPORTED — CSF biomarkers can help diagnose mild cognitive impairment, as individuals with abnormal Aβ biomarkers are at increased risk for cognitive decline (Alzheimer disease, 2021).  
C: SUPPORTED — p-tau181 is considered a specific biomarker for tau pathology in Alzheimer's disease (Alzheimer disease, 2021).  
D: NOT SUPPORTED — Neuropsychological testing is still considered beneficial for determining the severity of cognitive impairment and is not replaced by CSF biomarkers (Alzheimer disease, 2021).  
ANSWER: A, B, C"	"A: SUPPORTED — CSF biomarkers are recognized by research guidelines for their diagnostic utility in Alzheimer's disease, including the staging of disease progression (Alzheimer disease, 2021).  
B: SUPPORTED — CSF biomarkers can help diagnose mild cognitive impairment, as individuals with abnormal Aβ biomarkers are at increased risk for cognitive decline (Alzheimer disease, 2021).  
C: SUPPORTED — p-tau181 is considered a specific biomarker for tau pathology in Alzheimer's disease (Alzheimer disease, 2021).  
D: NOT SUPPORTED — Neuropsychological testing is still considered beneficial for determining the severity of cognitive impairment and is not replaced by CSF biomarkers (Alzheimer disease, 2021).  
ANSWER: A, B, C"
5	3	ET-RAG	test.agent_etrag	A3	+ Hybrid context	cosine retrieval + evidence quality + temporal recency + hybrid paper context	0.5	0.3	0.2	8	What effects does gut microbiota have in AD animal models?	A. Promotes inflammation | B. Improves memory | C. Impairs spatial learning | D. Reduces tau levels	A, C	Promotes inflammation | Impairs spatial learning	A, C	1.0	strict_partial_credit	True	0.753459	5.65	2.343	0.0	10	10	0.581312	0.514623	0.5	0.87	0	0	4	4	8827	True	True	False	False	False	2023-oxidative-damage-in-neurodegeneration-roles-in-the-pathogenesis-and-progression-of-alzheimer-disease.pdf | 2024 Advancements and Challenges in Antiamyloid Therapy for.pdf | 2024 Immune Activation in Alzheimer Disease.pdf | 2024 Neuroinflammation in Alzheimer disease.pdf | 2025 Updates on mouse models of Alzheimer’s disease.pdf | Recent advances in Alzheimer’s disease mechanisms clinical trials and new drug development strategies.pdf | alzheimer disease  2021.pdf	"A: SUPPORTED — The evidence indicates that the neuronal ε4 variant promotes tau phosphorylation and leads to increased neuroinflammation and cell death, as discussed in ""Neuroinflammation in Alzheimer disease"" (2024).  
B: NOT SUPPORTED — There is no evidence provided that directly supports the claim that gut microbiota improves memory in AD animal models.  
C: SUPPORTED — The evidence suggests that tauopathy mouse models exhibit increased microglial activation and neuroinflammation, which can impair spatial learning, as indicated in ""Oxidative damage in neurodegeneration: roles in the pathogenesis and progression of Alzheimer disease"" (2023).  
D: NOT SUPPORTED — The evidence does not support the claim that gut microbiota reduces tau levels; rather, it discusses the role of microglia in tau hyperphosphorylation and neurofibrillary tangle formation in ""2024 Immune Activation in Alzheimer Disease"" (2024).  

ANSWER: A, C"	"A: SUPPORTED — The evidence indicates that the neuronal ε4 variant promotes tau phosphorylation and leads to increased neuroinflammation and cell death, as discussed in ""Neuroinflammation in Alzheimer disease"" (2024).  
B: NOT SUPPORTED — There is no evidence provided that directly supports the claim that gut microbiota improves memory in AD animal models.  
C: SUPPORTED — The evidence suggests that tauopathy mouse models exhibit increased microglial activation and neuroinflammation, which can impair spatial learning, as indicated in ""Oxidative damage in neurodegeneration: roles in the pathogenesis and progression of Alzheimer disease"" (2023).  
D: NOT SUPPORTED — The evidence does not support the claim that gut microbiota reduces tau levels; rather, it discusses the role of microglia in tau hyperphosphorylation and neurofibrillary tangle formation in ""2024 Immune Activation in Alzheimer Disease"" (2024).  

ANSWER: A, C"
5	3	ET-RAG	test.agent_etrag	A3	+ Hybrid context	cosine retrieval + evidence quality + temporal recency + hybrid paper context	0.5	0.3	0.2	9	Which sleep characteristics are associated with AD?	A. Reduced REM duration | B. Abnormal slow-wave oscillations | C. Increased CSF tau during wakefulness | D. Stable sleep architecture	A, B, C	Reduced REM duration | Abnormal slow-wave oscillations | Increased CSF tau during wakefulness	A, B	0.666667	strict_partial_credit	False	0.736274	5.978	2.452	0.0	12	12	0.532211	0.414421	0.5	0.875	0	0	4	4	8963	True	True	False	False	False	2023-oxidative-damage-in-neurodegeneration-roles-in-the-pathogenesis-and-progression-of-alzheimer-disease.pdf | 2024 Advancements and Challenges in Antiamyloid Therapy for.pdf | 2024 Immune Activation in Alzheimer Disease.pdf | 2024 Linking activity dyshomeostasis and sleep disturbances in Alzheimer disease.pdf | 2024 Neuroinflammation in Alzheimer disease.pdf | 2025 Updates on mouse models of Alzheimer’s disease.pdf | Recent advances in Alzheimer’s disease mechanisms clinical trials and new drug development strategies.pdf | alzheimer disease  2021.pdf	"A: SUPPORTED — The evidence states that ""the duration of NREM3 and REM sleep stages is significantly reduced"" in Alzheimer's disease (Linking activity dyshomeostasis and sleep disturbances in Alzheimer disease, 2024).  
B: SUPPORTED — The evidence indicates that ""slow-wave deficits that are specific to lower frequencies (<1 Hz) during NREM sleep"" are observed in Alzheimer's disease (Linking activity dyshomeostasis and sleep disturbances in Alzheimer disease, 2024).  
C: NOT SUPPORTED — There is no evidence provided that directly associates increased CSF tau during wakefulness with Alzheimer's disease in the excerpts.  
D: NOT SUPPORTED — The evidence suggests that sleep architecture is disrupted in Alzheimer's disease, rather than being stable (Linking activity dyshomeostasis and sleep disturbances in Alzheimer disease, 2024).  

ANSWER: A, B"	"A: SUPPORTED — The evidence states that ""the duration of NREM3 and REM sleep stages is significantly reduced"" in Alzheimer's disease (Linking activity dyshomeostasis and sleep disturbances in Alzheimer disease, 2024).  
B: SUPPORTED — The evidence indicates that ""slow-wave deficits that are specific to lower frequencies (<1 Hz) during NREM sleep"" are observed in Alzheimer's disease (Linking activity dyshomeostasis and sleep disturbances in Alzheimer disease, 2024).  
C: NOT SUPPORTED — There is no evidence provided that directly associates increased CSF tau during wakefulness with Alzheimer's disease in the excerpts.  
D: NOT SUPPORTED — The evidence suggests that sleep architecture is disrupted in Alzheimer's disease, rather than being stable (Linking activity dyshomeostasis and sleep disturbances in Alzheimer disease, 2024).  

ANSWER: A, B"
5	3	ET-RAG	test.agent_etrag	A3	+ Hybrid context	cosine retrieval + evidence quality + temporal recency + hybrid paper context	0.5	0.3	0.2	10	Which interventions may improve cognition in MCI or early dementia?	A. Melatonin | B. Rivasti gmine | C. Suvorexant | D. Ketogenic diet	A, B, C	Melatonin | Rivasti gmine | Suvorexant	B	0.333333	strict_partial_credit	False	0.747423	4.922	2.345	0.0	23	23	0.564065	0.456457	0.549891	0.854348	0	0	3	4	9483	True	True	False	False	False	2023-oxidative-damage-in-neurodegeneration-roles-in-the-pathogenesis-and-progression-of-alzheimer-disease.pdf | 2024 Advancements and Challenges in Antiamyloid Therapy for.pdf | 2024 Linking activity dyshomeostasis and sleep disturbances in Alzheimer disease.pdf | 2025 Updates on mouse models of Alzheimer’s disease.pdf | Recent advances in Alzheimer’s disease mechanisms clinical trials and new drug development strategies.pdf | alzheimer disease  2021.pdf	"A: NOT SUPPORTED — There is no evidence indicating that melatonin improves cognition in MCI or early dementia.  
B: SUPPORTED — Rivastigmine is a cholinesterase inhibitor approved for mild to moderate dementia due to Alzheimer's disease and has shown modest benefits in delaying symptom progression (Alzheimer disease, 2021).  
C: NOT SUPPORTED — There is no evidence indicating that suvorexant improves cognition in MCI or early dementia.  
D: NOT SUPPORTED — There is no evidence indicating that a ketogenic diet improves cognition in MCI or early dementia.  

ANSWER: B"	"A: NOT SUPPORTED — There is no evidence indicating that melatonin improves cognition in MCI or early dementia.  
B: SUPPORTED — Rivastigmine is a cholinesterase inhibitor approved for mild to moderate dementia due to Alzheimer's disease and has shown modest benefits in delaying symptom progression (Alzheimer disease, 2021).  
C: NOT SUPPORTED — There is no evidence indicating that suvorexant improves cognition in MCI or early dementia.  
D: NOT SUPPORTED — There is no evidence indicating that a ketogenic diet improves cognition in MCI or early dementia.  

ANSWER: B"
